trade_date,ticker,setup,impulse_type,signal_time_ist,entry_time_ist,entry_price,sl_price,target_price,exit_time_ist,exit_price,outcome,pnl_pct,adx_signal,rsi_signal,stochk_signal,avwap_dist_atr_signal,ema20_gap_atr_signal,atr_pct_signal,quality_score,side,position_size_rs,pnl_rs
2025-08-26,BANKBARODA,A_MOD_BREAK_C1_LOW,MODERATE,2025-08-26 11:00:00+05:30,2025-08-26 11:15:00+05:30,237.89999999999998,240.27899999999997,235.521,2025-08-26 14:30:00+05:30,236.2,EOD,0.7145859604875952,49.84284791997237,25.331125821942933,27.139364303178567,1.1012907853182339,2.6090859623991776,0.003202684612105972,0.8003686062302764,SHORT,50000,357.29298024379756
2025-08-26,GODIGIT,A_MOD_BREAK_C1_LOW,MODERATE,2025-08-26 10:00:00+05:30,2025-08-26 10:15:00+05:30,362.12756,365.7488356,358.5062844,2025-08-26 10:45:00+05:30,362.163772756,BE,-0.009999999999999344,29.621336182573003,12.91666666515981,4.94720276170187,1.36381465623676,3.313014669985629,0.0052067954093584605,0.542987607580028,SHORT,50000,-4.999999999999672
2025-08-26,KPIL,A_MOD_BREAK_C1_LOW,MODERATE,2025-08-26 10:15:00+05:30,2025-08-26 10:30:00+05:30,1260.2479,1272.850379,1247.6454210000002,2025-08-26 11:15:00+05:30,1260.37392479,BE,-0.009999999999997938,55.02043400038531,22.14650766557068,14.470104285734534,1.3987682394695213,3.524687790524984,0.005526738997485819,0.8547844419071662,SHORT,50000,-4.999999999998969
2025-08-29,ALKYLAMINE,A_MOD_BREAK_C1_LOW,MODERATE,2025-08-29 10:00:00+05:30,2025-08-29 10:15:00+05:30,2005.0989,2025.149889,1985.0479109999999,2025-08-29 11:00:00+05:30,2025.149889,SL,-1.0000000000000036,50.367745490410016,17.977528089483727,25.87327730882755,0.6908970394070956,2.9424811900621246,0.005887420000142375,0.7309069818962417,SHORT,50000,-500.00000000000176
2025-08-29,CANFINHOME,A_MOD_BREAK_C1_LOW,MODERATE,2025-08-29 10:00:00+05:30,2025-08-29 10:15:00+05:30,715.8568,723.0153680000001,708.698232,2025-08-29 14:15:00+05:30,708.698232,TARGET,1.0000000000000082,46.61342284583688,16.320474776092155,3.4024003076232194,1.690295109204594,4.0312183411836084,0.004067674944916908,0.8550029867983571,SHORT,50000,500.0000000000041
2025-08-29,HDFCBANK,A_MOD_BREAK_C1_LOW,MODERATE,2025-08-29 13:00:00+05:30,2025-08-29 13:15:00+05:30,953.00936,962.5394536,943.4792664,2025-08-29 14:30:00+05:30,953.7,EOD,-0.07246938267217337,41.143251833617455,25.3164556939592,11.987650377940613,2.305056197675198,2.456810573385383,0.002351249756638152,0.8271487775042619,SHORT,50000,-36.234691336086684
2025-08-29,MUTHOOTFIN,A_MOD_BREAK_C1_LOW,MODERATE,2025-08-29 10:00:00+05:30,2025-08-29 10:15:00+05:30,2609.27804,2635.3708204,2583.1852596000003,2025-08-29 11:00:00+05:30,2635.3708204,SL,-0.9999999999999928,27.538377355904565,12.485549132745263,1.4065346642667016,1.7673019471549314,4.311679139648784,0.004496269984182317,0.5823535010906815,SHORT,50000,-499.99999999999636
2025-09-01,IPCALAB,A_MOD_BREAK_C1_LOW,MODERATE,2025-09-01 11:00:00+05:30,2025-09-01 11:15:00+05:30,1363.7272,1377.364472,1350.089928,2025-09-01 14:15:00+05:30,1363.86357272,BE,-0.010000000000003957,42.76726937053879,24.18699186923051,8.700339611216064,1.4303497122145197,2.851828540174378,0.004585331127907739,0.7518202401956229,SHORT,50000,-5.000000000001978
2025-09-01,UBL,A_MOD_BREAK_C1_LOW,MODERATE,2025-09-01 10:00:00+05:30,2025-09-01 10:15:00+05:30,1813.33726,1831.4706326,1795.2038874,2025-09-01 10:45:00+05:30,1813.518593726,BE,-0.010000000000002649,29.276032606472384,8.085106382817969,7.107796312286287,0.9443100115489869,2.943791482400234,0.005790868276420598,0.4643947411181584,SHORT,50000,-5.000000000001324
2025-09-04,NAZARA,A_PULLBACK_C2_THEN_BREAK_C2_LOW,MODERATE,2025-09-04 10:45:00+05:30,2025-09-04 11:15:00+05:30,278.9442,281.73364200000003,276.154758,2025-09-04 11:45:00+05:30,278.97209442,BE,-0.009999999999998399,57.600096778656315,22.65624999752187,21.96256626636351,1.3176051021724513,2.8255609086999423,0.006861239119303624,0.840580892880179,SHORT,50000,-4.999999999999199
2025-09-04,ZUARI,A_MOD_BREAK_C1_LOW,MODERATE,2025-09-04 10:15:00+05:30,2025-09-04 10:30:00+05:30,312.03758000000005,315.1579558,308.91720420000007,2025-09-04 10:45:00+05:30,308.91720420000007,TARGET,0.9999999999999923,42.80166082976173,34.595162985311575,19.519179177206166,1.1434403968064208,2.3939559381139106,0.015737338232944546,0.7021269818875495,SHORT,50000,499.9999999999962
2025-09-05,ACE,A_MOD_BREAK_C1_LOW,MODERATE,2025-09-05 11:00:00+05:30,2025-09-05 11:15:00+05:30,1050.18992,1060.6918192,1039.6880208,2025-09-05 12:15:00+05:30,1050.294938992,BE,-0.009999999999994395,29.016747663578663,23.49514563042932,4.649110167611911,1.9130059837700226,2.9993602575928153,0.006288923336324853,0.630027262113434,SHORT,50000,-4.999999999997198
2025-09-05,JLHL,A_MOD_BREAK_C1_LOW,MODERATE,2025-09-05 11:00:00+05:30,2025-09-05 11:15:00+05:30,1426.2147,1440.476847,1411.952553,2025-09-05 14:30:00+05:30,1430.3,EOD,-0.28644354878686645,34.43709079740051,25.414364639901507,15.829528158295181,1.1907924222994146,1.9055006700650907,0.004236142406489394,0.5802200693666597,SHORT,50000,-143.22177439343324
2025-09-05,UPL,A_MOD_BREAK_C1_LOW,MODERATE,2025-09-05 11:00:00+05:30,2025-09-05 11:15:00+05:30,692.41149,699.3356048999999,685.4873751,2025-09-05 12:15:00+05:30,685.4873751,TARGET,0.9999999999999928,39.748596043073896,28.1306715049228,21.244975476638608,1.1998350473504664,2.423704196458743,0.0049227311621769295,0.6662000739324401,SHORT,50000,499.99999999999636
2025-09-08,APOLLOHOSP,A_MOD_BREAK_C1_LOW,MODERATE,2025-09-08 10:45:00+05:30,2025-09-08 11:00:00+05:30,7765.9465,7843.605965,7688.287035,2025-09-08 14:30:00+05:30,7800.0,EOD,-0.4384977413892818,39.35455197720549,31.93069306908562,19.475655430711587,1.3198463915170862,2.346119237646709,0.0033010887156098277,0.6812913981735724,SHORT,50000,-219.2488706946409
2025-09-08,ELGIEQUIP,A_MOD_BREAK_C1_LOW,MODERATE,2025-09-08 10:15:00+05:30,2025-09-08 10:30:00+05:30,474.4051,479.149151,469.661049,2025-09-08 14:30:00+05:30,474.2,EOD,0.04323309340477491,31.364059050821684,46.36871508017224,45.9119496855346,0.8439115672667592,1.222591380724402,0.005283757338551837,0.4392749790702282,SHORT,50000,21.616546702387453
2025-09-08,ERIS,A_MOD_BREAK_C1_LOW,MODERATE,2025-09-08 11:00:00+05:30,2025-09-08 11:15:00+05:30,1707.95834,1725.0379234,1690.8787565999999,2025-09-08 11:30:00+05:30,1708.129135834,BE,-0.01000000000000269,52.99856896284895,27.32447817764239,36.88888888888908,1.1381237741626822,1.997722655616289,0.005702087841394252,0.809057793259284,SHORT,50000,-5.000000000001346
2025-09-08,FACT,A_MOD_BREAK_C1_LOW,MODERATE,2025-09-08 10:45:00+05:30,2025-09-08 11:00:00+05:30,987.55245,997.4279745,977.6769255,2025-09-08 13:45:00+05:30,977.6769255,TARGET,0.9999999999999983,27.231585016198736,30.255164032992468,43.75894353816585,0.3520351782363968,1.6866149182285755,0.006580612503163764,0.31441067734577927,SHORT,50000,499.99999999999915
2025-09-08,GRINFRA,A_MOD_BREAK_C1_LOW,MODERATE,2025-09-08 10:15:00+05:30,2025-09-08 10:30:00+05:30,1269.8459799999998,1282.5444397999997,1257.1475202,2025-09-08 11:00:00+05:30,1282.5444397999997,SL,-0.9999999999999931,26.003751029855596,8.943089430385484,9.699697256424162,1.6127196732212432,3.753625093449542,0.0031471282454760157,0.5322822082615515,SHORT,50000,-499.99999999999653
2025-09-08,PARADEEP,A_MOD_BREAK_C1_LOW,MODERATE,2025-09-08 10:30:00+05:30,2025-09-08 10:45:00+05:30,193.25,195.1825,191.3175,2025-09-08 11:00:00+05:30,191.3175,TARGET,1.0000000000000022,35.09057298588185,9.269162209182042,4.312768082730955,1.9154976467146465,3.800092284715077,0.008282910271546621,0.7215706829632909,SHORT,50000,500.00000000000114
2025-09-08,PUNJABCHEM,A_MOD_BREAK_C1_LOW,MODERATE,2025-09-08 10:45:00+05:30,2025-09-08 11:00:00+05:30,1096.7806,1107.7484060000002,1085.812794,2025-09-08 12:00:00+05:30,1096.8902780600001,BE,-0.010000000000007147,34.816934622332205,35.24590163853533,20.11735521419715,1.8446985942856031,3.0648108947886255,0.006947519208230271,0.7050762733349636,SHORT,50000,-5.000000000003573
2025-09-08,SHK,A_MOD_BREAK_C1_LOW,MODERATE,2025-09-08 11:00:00+05:30,2025-09-08 11:15:00+05:30,254.99899000000002,257.5489799,252.4490001,2025-09-08 13:45:00+05:30,255.02448989900003,BE,-0.010000000000004068,33.61727255193017,23.344103389929018,13.917931380707634,1.6249587139219905,3.4354528442269046,0.0075859291084855,0.6486268632153009,SHORT,50000,-5.000000000002034
2025-09-09,AGI,A_MOD_BREAK_C1_LOW,MODERATE,2025-09-09 11:00:00+05:30,2025-09-09 11:15:00+05:30,854.17913,862.7209213,845.6373387,2025-09-09 14:30:00+05:30,851.65,EOD,0.2960889479938487,32.93742831399578,30.80724876299412,14.800267973255151,1.2918283785469677,1.8745669442468678,0.00484077285154127,0.5738597381679995,SHORT,50000,148.04447399692438
2025-09-09,BAJAJCON,A_MOD_BREAK_C1_LOW,MODERATE,2025-09-09 10:15:00+05:30,2025-09-09 10:30:00+05:30,220.23,222.4323,218.02769999999998,2025-09-09 12:15:00+05:30,222.4323,SL,-1.0000000000000036,38.86562940523602,20.49306625135749,16.27461341108606,1.2148114929734264,3.1585421990114564,0.005090930301891161,0.6555764523488898,SHORT,50000,-500.00000000000176
2025-09-09,GSFC,A_MOD_BREAK_C1_LOW,MODERATE,2025-09-09 10:15:00+05:30,2025-09-09 10:30:00+05:30,204.06,206.10060000000001,202.0194,2025-09-09 14:30:00+05:30,204.39,EOD,-0.161717142017046,25.637423587467644,13.043478258979121,4.027268196074304,1.6834080542184646,4.132989851047269,0.005869595634531982,0.539157763300246,SHORT,50000,-80.85857100852301
2025-09-09,REPCOHOME,A_MOD_BREAK_C1_LOW,MODERATE,2025-09-09 10:15:00+05:30,2025-09-09 10:30:00+05:30,354.02918,357.5694718,350.4888882,2025-09-09 14:30:00+05:30,354.0,EOD,0.008242258448864767,26.106388090078404,26.388888883758028,20.312500000000536,1.902564683569611,2.6482852376076798,0.002914834388994205,0.5845446409758579,SHORT,50000,4.121129224432384
2025-09-09,VOLTAMP,A_MOD_BREAK_C1_LOW,MODERATE,2025-09-09 11:00:00+05:30,2025-09-09 11:15:00+05:30,7499.9997,7574.999697,7424.999703,2025-09-09 12:45:00+05:30,7574.999697,SL,-0.9999999999999984,55.15831090603982,15.307262569784513,5.741626794258383,1.7343548500287285,4.283789672651379,0.0054893827536342185,0.9135120987550274,SHORT,50000,-499.9999999999992
2025-09-10,PGHL,A_PULLBACK_C2_THEN_BREAK_C2_LOW,MODERATE,2025-09-10 10:45:00+05:30,2025-09-10 11:15:00+05:30,6368.726,6432.413259999999,6305.03874,2025-09-10 12:30:00+05:30,6369.3628726,BE,-0.010000000000000953,32.29064613437914,22.192513368817814,7.459389213775168,1.7087294150155135,2.433784172715871,0.005202143641949011,0.643387339643402,SHORT,50000,-5.000000000000477
2025-09-10,RALLIS,A_MOD_BREAK_C1_LOW,MODERATE,2025-09-10 11:15:00+05:30,2025-09-10 11:30:00+05:30,341.18175,344.5935675,337.76993250000004,2025-09-10 12:30:00+05:30,337.76993250000004,TARGET,0.9999999999999951,42.843362651535465,16.35220125642192,7.1621457169629865,1.187242298710968,2.8393569871407043,0.0076239280485254106,0.7104178420474514,SHORT,50000,499.99999999999756
2025-09-10,SRHHYPOLTD,A_MOD_BREAK_C1_LOW,MODERATE,2025-09-10 13:15:00+05:30,2025-09-10 13:30:00+05:30,615.3769,621.530669,609.223131,2025-09-10 14:30:00+05:30,615.0,EOD,0.061247017884483126,46.544236715742805,28.320312498451216,26.904761904762324,2.35204628775218,2.2825564324755203,0.004102355808285936,0.9081635507361421,SHORT,50000,30.623508942241564
2025-09-11,ANGELONE,B_HUGE_RED_FAILED_BOUNCE,HUGE,2025-09-11 10:15:00+05:30,2025-09-11 13:00:00+05:30,2308.5382,2331.623582,2285.4528179999998,2025-09-11 13:15:00+05:30,2285.4528179999998,TARGET,1.000000000000009,31.032473926204403,37.13826366475891,38.43494688778941,0.6895467305318853,1.254854302173587,0.005208011374173194,0.44890050184482533,SHORT,50000,500.00000000000455
2025-09-11,AURIONPRO,A_MOD_BREAK_C1_LOW,MODERATE,2025-09-11 11:00:00+05:30,2025-09-11 11:15:00+05:30,1254.5490399999999,1267.0945304,1242.0035495999998,2025-09-11 13:00:00+05:30,1242.0035495999998,TARGET,1.000000000000005,26.967476505728143,29.459459458344583,15.763491904299846,1.5622345107261473,1.9450910447521537,0.004058700305114087,0.5351577392006056,SHORT,50000,500.0000000000025
2025-09-11,CROMPTON,A_MOD_BREAK_C1_LOW,MODERATE,2025-09-11 13:00:00+05:30,2025-09-11 13:15:00+05:30,315.28693000000004,318.43979930000006,312.1340607,2025-09-11 14:30:00+05:30,315.0,EOD,0.09100599254147348,27.789655270637496,15.384615380933965,6.4917976760078995,2.2569912514781336,2.726546957123264,0.003090822634331902,0.6268448290595625,SHORT,50000,45.50299627073674
2025-09-11,ENDURANCE,A_MOD_BREAK_C1_LOW,MODERATE,2025-09-11 11:00:00+05:30,2025-09-11 11:15:00+05:30,2957.2084400000003,2986.7805244000006,2927.6363556,2025-09-11 13:00:00+05:30,2927.6363556,TARGET,1.0000000000000073,25.57075863357333,25.241016651749973,6.863748447262405,1.7711952186852546,2.1252616943005784,0.006155888030888028,0.5535205427735195,SHORT,50000,500.00000000000364
2025-09-11,MINDACORP,A_MOD_BREAK_C1_LOW,MODERATE,2025-09-11 13:00:00+05:30,2025-09-11 13:15:00+05:30,504.59906,509.6450506,499.5530694,2025-09-11 14:30:00+05:30,507.5,EOD,-0.5749000008045975,41.95351002893283,29.081632648906663,22.557399027987703,1.6154701867675998,2.0280338704664627,0.0031676895664224953,0.7720099331183223,SHORT,50000,-287.4500004022987
2025-09-11,PRECAM,A_MOD_BREAK_C1_LOW,MODERATE,2025-09-11 13:00:00+05:30,2025-09-11 13:15:00+05:30,217.56,219.7356,215.3844,2025-09-11 13:30:00+05:30,217.581756,BE,-0.010000000000004847,36.66722653346963,17.11822659950964,3.5963095603778883,2.362149095202339,2.7382139801956398,0.012407703183912842,0.7600083980020444,SHORT,50000,-5.000000000002424
2025-09-11,WHIRLPOOL,A_MOD_BREAK_C1_LOW,MODERATE,2025-09-11 13:00:00+05:30,2025-09-11 13:15:00+05:30,1343.93116,1357.3704716000002,1330.4918484,2025-09-11 14:30:00+05:30,1336.3,EOD,0.5678237269236421,27.252353702638533,28.925619834041385,9.423688394276743,2.9403908055188563,2.443518860016899,0.00469750209662523,0.618785305539578,SHORT,50000,283.91186346182104
2025-09-12,CAPITALSFB,A_PULLBACK_C2_THEN_BREAK_C2_LOW,MODERATE,2025-09-12 13:00:00+05:30,2025-09-12 13:30:00+05:30,292.04158,294.9619958,289.1211642,2025-09-12 14:30:00+05:30,292.2,EOD,-0.05424570021843405,36.58459040055274,40.727272723126184,34.10794602698662,0.8354926567896809,0.9911867935628107,0.0050129603364796925,0.5045394106246257,SHORT,50000,-27.122850109217023
2025-09-12,KOTHARIPET,A_MOD_BREAK_C1_LOW,MODERATE,2025-09-12 10:30:00+05:30,2025-09-12 10:45:00+05:30,158.2,159.78199999999998,156.618,2025-09-12 11:30:00+05:30,158.21581999999998,BE,-0.009999999999994211,29.980176105431667,31.325301197271216,22.116747181964694,1.3956338252823317,2.289859956108793,0.005170686807980729,0.5539385610058831,SHORT,50000,-4.999999999997105
2025-09-12,METROPOLIS,A_MOD_BREAK_C1_LOW,MODERATE,2025-09-12 10:30:00+05:30,2025-09-12 10:45:00+05:30,2091.5816,2112.497416,2070.665784,2025-09-12 12:15:00+05:30,2091.7907581599998,BE,-0.009999999999989866,33.61208451461906,10.434782608377574,19.214876033058207,0.9552244355167965,3.3024647336735735,0.00381043430756622,0.5313455439347252,SHORT,50000,-4.999999999994933
2025-09-12,ORIENTHOT,A_MOD_BREAK_C1_LOW,MODERATE,2025-09-12 11:00:00+05:30,2025-09-12 11:15:00+05:30,142.33999999999997,143.7634,140.91659999999996,2025-09-12 13:45:00+05:30,142.35423399999996,BE,-0.009999999999991323,41.2446199275729,28.809788649573576,17.55003450655622,1.7748516829970267,3.153659228161114,0.006797226932067883,0.7892683434380732,SHORT,50000,-4.999999999995661
2025-09-12,OSWALGREEN,A_MOD_BREAK_C1_LOW,MODERATE,2025-09-12 10:30:00+05:30,2025-09-12 10:45:00+05:30,40.050000000000004,40.450500000000005,39.6495,2025-09-12 11:30:00+05:30,40.054005000000004,BE,-0.009999999999998425,27.15595089353952,34.21052625277049,35.185185185184814,1.2894942871523316,1.910125107942507,0.0036862912704348763,0.48850701905187616,SHORT,50000,-4.999999999999213
2025-09-12,SRHHYPOLTD,A_MOD_BREAK_C1_LOW,MODERATE,2025-09-12 13:15:00+05:30,2025-09-12 13:30:00+05:30,607.07856,613.1493456000001,601.0077744,2025-09-12 14:00:00+05:30,607.1392678560001,BE,-0.010000000000003593,27.43515193973846,33.333333330628236,13.715913715913723,1.4962259244919516,1.8965206192736872,0.003786008230452694,0.5281928468458528,SHORT,50000,-5.000000000001797
2025-09-15,JBCHEPHARM,A_MOD_BREAK_C1_LOW,MODERATE,2025-09-15 11:15:00+05:30,2025-09-15 11:30:00+05:30,1673.2652799999998,1689.9979328,1656.5326271999998,2025-09-15 13:15:00+05:30,1689.9979328,SL,-1.000000000000006,35.000703777859556,12.760416666201138,8.390867099600053,1.5969069008923449,2.618698047927258,0.003814416274842806,0.6644692643240537,SHORT,50000,-500.00000000000296
2025-09-15,KRBL,A_MOD_BREAK_C1_LOW,MODERATE,2025-09-15 11:00:00+05:30,2025-09-15 11:15:00+05:30,395.62086,399.5770686,391.66465139999997,2025-09-15 11:30:00+05:30,395.660422086,BE,-0.009999999999997334,49.55704844117253,14.482200646921086,23.85398981324276,0.7796005909571381,3.4577225530497047,0.018860454234603877,0.739785830035087,SHORT,50000,-4.999999999998667
2025-09-16,SPIC,A_MOD_BREAK_C1_LOW,MODERATE,2025-09-16 10:30:00+05:30,2025-09-16 10:45:00+05:30,104.86,105.9086,103.81139999999999,2025-09-16 14:30:00+05:30,105.16,EOD,-0.2860957467098962,28.82404582663947,27.529411755637156,40.45803050077628,0.6552887942169212,1.9876988615689186,0.006415576993727289,0.40642116946599915,SHORT,50000,-143.04787335494808
2025-09-17,BRITANNIA,A_MOD_BREAK_C1_LOW,MODERATE,2025-09-17 10:00:00+05:30,2025-09-17 10:15:00+05:30,6079.2839,6140.076739,6018.491061000001,2025-09-17 13:30:00+05:30,6079.89182839,BE,-0.009999999999997861,31.147348452990578,21.689497716756335,9.73169048460672,1.487804728380651,3.9430451572901823,0.003966949908455002,0.5875760542614725,SHORT,50000,-4.999999999998931
2025-09-19,BAJAJHLDNG,A_PULLBACK_C2_THEN_BREAK_C2_LOW,MODERATE,2025-09-19 10:30:00+05:30,2025-09-19 11:00:00+05:30,13277.344,13410.11744,13144.570559999998,2025-09-19 14:30:00+05:30,13203.0,EOD,0.5599312633610996,41.383917723385565,20.63037249275392,9.116379494094723,1.810482845921999,3.1860609245044946,0.004066265060240964,0.7975932638871333,SHORT,50000,279.9656316805498
2025-09-19,GOODLUCK,A_MOD_BREAK_C1_LOW,MODERATE,2025-09-19 11:15:00+05:30,2025-09-19 11:30:00+05:30,1079.784,1090.58184,1068.9861600000002,2025-09-19 14:15:00+05:30,1068.9861600000002,TARGET,0.9999999999999953,28.41645361053751,35.89743589600411,45.76923076923083,0.31876889314564705,1.259513836927879,0.005077954536438333,0.30500705230494485,SHORT,50000,499.99999999999767
2025-09-22,GRANULES,A_MOD_BREAK_C1_LOW,MODERATE,2025-09-22 13:00:00+05:30,2025-09-22 13:15:00+05:30,529.894,535.19294,524.59506,2025-09-22 13:45:00+05:30,524.59506,TARGET,1.0000000000000029,37.052307584649476,15.012722645240984,7.364341085271402,2.3337363961880406,1.928351821051484,0.005704856199905708,0.7622022048223163,SHORT,50000,500.0000000000015
2025-09-22,GUJGASLTD,A_MOD_BREAK_C1_LOW,MODERATE,2025-09-22 10:15:00+05:30,2025-09-22 10:30:00+05:30,434.31311999999997,438.6562512,429.96998879999995,2025-09-22 14:30:00+05:30,430.1,EOD,0.9700650995760723,34.82906266369655,33.836858003179856,45.30938123752478,0.7132327604150513,1.9344675681353776,0.004948216340621398,0.5039750514348511,SHORT,50000,485.0325497880362
2025-09-22,HONDAPOWER,A_MOD_BREAK_C1_LOW,MODERATE,2025-09-22 10:45:00+05:30,2025-09-22 11:00:00+05:30,2859.52798,2888.1232597999997,2830.9327002,2025-09-22 14:30:00+05:30,2857.3,EOD,0.07791425772304075,28.2692758623192,23.89127324701778,17.64246682279469,1.1474754975140478,2.046836089306426,0.004092691087971636,0.4848473499997464,SHORT,50000,38.957128861520374
2025-09-22,KPITTECH,A_MOD_BREAK_C1_LOW,MODERATE,2025-09-22 10:45:00+05:30,2025-09-22 11:00:00+05:30,1256.94856,1269.5180456,1244.3790744,2025-09-22 11:30:00+05:30,1257.074254856,BE,-0.0099999999999906,34.572103137235246,22.06477732731031,26.108374384236672,0.6140474271044125,2.658476218678955,0.005914503886186999,0.48603984680180085,SHORT,50000,-4.9999999999953
2025-09-22,KSCL,A_MOD_BREAK_C1_LOW,MODERATE,2025-09-22 11:15:00+05:30,2025-09-22 11:30:00+05:30,1165.3668799999998,1177.0205488,1153.7132111999997,2025-09-22 14:30:00+05:30,1155.0,EOD,0.8895807987952954,33.56047642171828,37.151702784767465,5.629752388380054,1.7608214353033844,1.578271908351449,0.004328447758635512,0.6504644929214389,SHORT,50000,444.7903993976477
2025-09-22,LTIM,A_MOD_BREAK_C1_LOW,MODERATE,2025-09-22 11:00:00+05:30,2025-09-22 11:15:00+05:30,5274.9448,5327.694248000001,5222.195352,2025-09-22 12:30:00+05:30,5327.694248000001,SL,-1.0000000000000093,39.85596373506048,17.410071942375893,33.33333333333332,0.5000781419566261,3.0331578991825627,0.008038672165506052,0.5453531308683168,SHORT,50000,-500.0000000000047
2025-09-22,NUVAMA,A_MOD_BREAK_C1_LOW,MODERATE,2025-09-22 11:00:00+05:30,2025-09-22 11:15:00+05:30,1256.2487,1268.811187,1243.6862130000002,2025-09-22 14:30:00+05:30,1253.5,EOD,0.21880221647195328,36.68308919428798,4.687499999794923,2.4265644955300076,2.0984158941878883,3.5505669658348578,0.003581376840429765,0.7602463379143196,SHORT,50000,109.40110823597664
2025-09-22,RELAXO,A_MOD_BREAK_C1_LOW,MODERATE,2025-09-22 10:45:00+05:30,2025-09-22 11:00:00+05:30,463.9072,468.546272,459.268128,2025-09-22 11:45:00+05:30,463.95359071999997,BE,-0.009999999999994975,49.32950300898776,24.154025670155974,20.290135396518394,1.1766366878852192,3.6110246107259876,0.008701996927803367,0.8058539655147297,SHORT,50000,-4.999999999997487
2025-09-22,SBICARD,A_MOD_BREAK_C1_LOW,MODERATE,2025-09-22 10:45:00+05:30,2025-09-22 11:00:00+05:30,865.8767899999999,874.5355579,857.2180220999999,2025-09-22 14:30:00+05:30,867.1,EOD,-0.14126836683081762,37.46192686889674,37.959183672023336,40.931372549019656,1.083456410467082,2.151538407749734,0.004803097709672101,0.6115337748651903,SHORT,50000,-70.63418341540881
2025-09-22,THANGAMAYL,A_MOD_BREAK_C1_LOW,MODERATE,2025-09-22 10:45:00+05:30,2025-09-22 11:00:00+05:30,2114.27706,2135.4198306,2093.1342894,2025-09-22 12:30:00+05:30,2093.1342894,TARGET,0.9999999999999976,31.69816812865365,35.67567567528985,3.584266142584724,1.6573727248967816,1.962150519084326,0.006660856994237595,0.6236202747409578,SHORT,50000,499.9999999999988
2025-09-23,DBL,A_MOD_BREAK_C1_LOW,MODERATE,2025-09-23 11:00:00+05:30,2025-09-23 11:15:00+05:30,551.03977,556.5501677,545.5293723,2025-09-23 11:30:00+05:30,545.5293723,TARGET,0.9999999999999999,33.83121226777214,13.747645950310783,10.263157894736887,1.2450968551208605,2.625659966018072,0.007296432135405201,0.5853601336627325,SHORT,50000,499.99999999999994
2025-09-23,GOCOLORS,A_MOD_BREAK_C1_LOW,MODERATE,2025-09-23 10:45:00+05:30,2025-09-23 11:00:00+05:30,718.45628,725.6408428,711.2717172,2025-09-23 14:00:00+05:30,711.2717172,TARGET,0.9999999999999972,25.94950472486031,30.05617977409902,19.348397421779598,1.086852349213169,2.2519691575915397,0.005576319033040427,0.43944173198520925,SHORT,50000,499.99999999999864
2025-09-23,IFCI,A_MOD_BREAK_C1_LOW,MODERATE,2025-09-23 11:15:00+05:30,2025-09-23 11:30:00+05:30,57.150000000000006,57.721500000000006,56.578500000000005,2025-09-23 14:30:00+05:30,57.48,EOD,-0.5774278215222942,39.3144774156289,15.833333324097296,3.7900970051215648,1.8568599607949055,3.231034245056409,0.005506030414263237,0.774667654373542,SHORT,50000,-288.7139107611471
2025-09-23,INDHOTEL,A_MOD_BREAK_C1_LOW,MODERATE,2025-09-23 10:15:00+05:30,2025-09-23 10:30:00+05:30,753.8492,761.387692,746.310708,2025-09-23 11:45:00+05:30,746.310708,TARGET,1.0000000000000027,33.739117395591876,9.596928982209391,3.223733250926612,1.8327780054314624,4.720050809829635,0.00401794587841102,0.686822911884384,SHORT,50000,500.0000000000013
2025-09-23,IRCON,A_MOD_BREAK_C1_LOW,MODERATE,2025-09-23 11:15:00+05:30,2025-09-23 11:30:00+05:30,178.75,180.5375,176.9625,2025-09-23 12:15:00+05:30,178.767875,BE,-0.010000000000002035,45.30765651689166,27.526595739556186,6.202967999684294,1.9440176755812277,2.8306082199422375,0.004957099717193665,0.8798179409800897,SHORT,50000,-5.000000000001017
2025-09-23,KEI,A_MOD_BREAK_C1_LOW,MODERATE,2025-09-23 10:30:00+05:30,2025-09-23 10:45:00+05:30,4089.182,4130.07382,4048.29018,2025-09-23 11:00:00+05:30,4089.5909181999996,BE,-0.009999999999994843,35.40603275032004,6.352087114256875,21.161835543063884,0.9188378211120012,2.7095998574012023,0.005208296958480275,0.5518871099494007,SHORT,50000,-4.999999999997422
2025-09-23,KRN,A_MOD_BREAK_C1_LOW,MODERATE,2025-09-23 11:15:00+05:30,2025-09-23 11:30:00+05:30,862.4774699999999,871.1022446999999,853.8526952999999,2025-09-23 12:00:00+05:30,862.5637177469999,BE,-0.010000000000001834,26.112946673138776,26.086956520226806,5.842203365062248,2.1604880770340777,2.3802652848239,0.00479997351738749,0.6016942000970815,SHORT,50000,-5.0000000000009175
2025-09-23,LAURUSLABS,A_MOD_BREAK_C1_LOW,MODERATE,2025-09-23 11:15:00+05:30,2025-09-23 11:30:00+05:30,892.02156,900.9417756,883.1013444,2025-09-23 12:00:00+05:30,900.9417756,SL,-1.0000000000000007,53.891567349157235,28.542510119839392,12.616787537746136,1.5272386027989415,2.6413628844799106,0.005043193089105757,0.8772667554898148,SHORT,50000,-500.00000000000034
2025-09-23,SJVN,A_MOD_BREAK_C1_LOW,MODERATE,2025-09-23 11:00:00+05:30,2025-09-23 11:15:00+05:30,92.85000000000001,93.77850000000001,91.92150000000001,2025-09-23 11:30:00+05:30,92.85928500000001,BE,-0.010000000000005964,25.10824095897658,32.37410070312097,14.431239388794113,1.4612284153852975,2.2728767868965267,0.003913578348454551,0.49233858707707573,SHORT,50000,-5.000000000002982
2025-09-23,SOLARA,A_MOD_BREAK_C1_LOW,MODERATE,2025-09-23 10:45:00+05:30,2025-09-23 11:00:00+05:30,656.26872,662.8314072000001,649.7060328,2025-09-23 11:15:00+05:30,656.334346872,BE,-0.009999999999990686,42.62039667776076,21.247113162598353,29.118773946360268,0.7503352073671332,1.8472894490210872,0.007094976930443126,0.6229790839067142,SHORT,50000,-4.999999999995343
2025-09-24,ANUP,A_MOD_BREAK_C1_LOW,MODERATE,2025-09-24 11:15:00+05:30,2025-09-24 11:30:00+05:30,2412.5174,2436.6425740000004,2388.392226,2025-09-24 12:15:00+05:30,2388.392226,TARGET,1.00000000000001,32.5879276245605,39.84575835403844,5.80282337435569,1.236106738683147,1.1314483898624583,0.00739518070863581,0.5217100131310811,SHORT,50000,500.00000000000495
2025-09-24,APEX,A_MOD_BREAK_C1_LOW,MODERATE,2025-09-24 11:00:00+05:30,2025-09-24 11:15:00+05:30,233.45,235.78449999999998,231.1155,2025-09-24 12:30:00+05:30,231.1155,TARGET,0.9999999999999963,38.61852919796194,35.02170766294792,22.91149710504557,1.3105872812219614,1.847558010087458,0.005004374239096543,0.6610086126876453,SHORT,50000,499.9999999999982
2025-09-24,BAYERCROP,A_MOD_BREAK_C1_LOW,MODERATE,2025-09-24 10:30:00+05:30,2025-09-24 10:45:00+05:30,5010.9976,5061.107575999999,4960.887624,2025-09-24 14:30:00+05:30,5023.5,EOD,-0.2494992214723932,55.35565852295153,21.64948453587415,18.104384809190282,1.4770701091842147,3.6136371858774328,0.004309362356829449,0.8684872691072376,SHORT,50000,-124.7496107361966
2025-09-24,CERA,A_MOD_BREAK_C1_LOW,MODERATE,2025-09-24 11:00:00+05:30,2025-09-24 11:15:00+05:30,6063.787,6124.424870000001,6003.14913,2025-09-24 13:00:00+05:30,6064.3933787000005,BE,-0.010000000000004576,50.836556342267905,14.864864864752377,1.3615426250181182,1.9655768514875933,4.5277338208913696,0.003214638971315529,0.9539759490103288,SHORT,50000,-5.000000000002288
2025-09-24,DBREALTY,A_MOD_BREAK_C1_LOW,MODERATE,2025-09-24 11:15:00+05:30,2025-09-24 11:30:00+05:30,172.79999999999998,174.528,171.07199999999997,2025-09-24 14:30:00+05:30,172.15,EOD,0.3761574074073943,27.08497114414942,21.962616819556402,6.9841269841269495,1.2846543458764847,2.6880845013640378,0.006384561345510129,0.4910890776906261,SHORT,50000,188.07870370369716
2025-09-24,GODREJPROP,A_MOD_BREAK_C1_LOW,MODERATE,2025-09-24 10:30:00+05:30,2025-09-24 10:45:00+05:30,2075.18488,2095.9367288,2054.4330311999997,2025-09-24 11:45:00+05:30,2054.4330311999997,TARGET,1.000000000000003,25.86074105282063,26.20817843798008,8.575309958174055,1.3872821724839541,2.422301341022369,0.004147465437788031,0.49068549597700145,SHORT,50000,500.0000000000016
2025-09-24,MAXHEALTH,A_MOD_BREAK_C1_LOW,MODERATE,2025-09-24 10:15:00+05:30,2025-09-24 10:30:00+05:30,1137.97236,1149.3520836,1126.5926364,2025-09-24 11:00:00+05:30,1138.086157236,BE,-0.00999999999999843,25.24879543811487,23.624595468185248,2.7233054757158612,1.1862930302276182,2.7443215583145193,0.004458015650080265,0.4463332118615562,SHORT,50000,-4.999999999999215
2025-09-24,MGL,A_MOD_BREAK_C1_LOW,MODERATE,2025-09-24 10:45:00+05:30,2025-09-24 11:00:00+05:30,1296.44066,1309.4050666,1283.4762534,2025-09-24 13:00:00+05:30,1283.4762534,TARGET,1.0000000000000058,35.182973164496204,16.262135921777585,9.77328404966652,1.1082264629683027,2.5215114837300208,0.0047659405853411625,0.5816842284868959,SHORT,50000,500.0000000000029
2025-09-24,NAVKARCORP,B_HUGE_RED_FAILED_BOUNCE,HUGE,2025-09-24 10:00:00+05:30,2025-09-24 11:30:00+05:30,124.28,125.5228,123.0372,2025-09-24 12:45:00+05:30,124.292428,BE,-0.009999999999999905,27.4172140257209,5.555555553676939,9.331145647099548,0.9218542769550752,3.8770564688452263,0.005378813102030969,0.4725827088529516,SHORT,50000,-4.999999999999952
2025-09-24,NESCO,A_MOD_BREAK_C1_LOW,MODERATE,2025-09-24 11:15:00+05:30,2025-09-24 11:30:00+05:30,1444.81098,1459.2590898,1430.3628701999999,2025-09-24 11:45:00+05:30,1444.955461098,BE,-0.009999999999994097,32.31527104520424,33.83458646557183,34.754797441364616,0.736174781374944,1.7515144168258923,0.008231893779470074,0.4611353732599734,SHORT,50000,-4.999999999997049
2025-09-24,SRHHYPOLTD,A_MOD_BREAK_C1_LOW,MODERATE,2025-09-24 11:00:00+05:30,2025-09-24 11:15:00+05:30,603.8792,609.917992,597.8404079999999,2025-09-24 14:30:00+05:30,600.0,EOD,0.642380131655465,27.9920102571018,24.611398961945355,18.505324446487396,0.4376162407035289,1.6112114495699714,0.004464285714285728,0.33702356845814313,SHORT,50000,321.1900658277325
2025-09-24,WABAG,A_MOD_BREAK_C1_LOW,MODERATE,2025-09-24 10:45:00+05:30,2025-09-24 11:00:00+05:30,1534.39306,1549.7369906000001,1519.0491294,2025-09-24 12:45:00+05:30,1519.0491294,TARGET,1.0000000000000013,33.17798019064488,31.784386616273252,52.21058626564369,0.935867486127076,1.483459844330454,0.005908185861292533,0.4956195051484343,SHORT,50000,500.0000000000007
2025-09-25,ADSL,A_MOD_BREAK_C1_LOW,MODERATE,2025-09-25 10:30:00+05:30,2025-09-25 10:45:00+05:30,189.47,191.3647,187.5753,2025-09-25 11:00:00+05:30,187.5753,TARGET,1.0000000000000002,31.17991439976236,26.749435661687613,24.737167594310502,0.858806744072408,2.133816158556009,0.008296992481202994,0.47798989620910676,SHORT,50000,500.0000000000001
2025-09-25,CELLO,A_MOD_BREAK_C1_LOW,MODERATE,2025-09-25 10:15:00+05:30,2025-09-25 10:30:00+05:30,591.8816,597.800416,585.962784,2025-09-25 12:30:00+05:30,591.94078816,BE,-0.009999999999993648,41.19898342481579,21.183800621204654,16.64695463210511,0.8663188666656918,3.3156765770101706,0.004054949689702956,0.6295905530387329,SHORT,50000,-4.999999999996824
2025-09-25,DBL,A_PULLBACK_C2_THEN_BREAK_C2_LOW,MODERATE,2025-09-25 10:45:00+05:30,2025-09-25 11:15:00+05:30,526.74463,532.0120763,521.4771837000001,2025-09-25 11:30:00+05:30,526.797304463,BE,-0.010000000000003163,32.14187404950437,11.518324606766853,16.513527518682103,0.5967557627762043,2.7575553489017377,0.009475978394769291,0.4465603692284013,SHORT,50000,-5.000000000001581
2025-09-25,ENGINERSIN,A_MOD_BREAK_C1_LOW,MODERATE,2025-09-25 10:45:00+05:30,2025-09-25 11:00:00+05:30,201.63,203.6463,199.6137,2025-09-25 11:45:00+05:30,201.650163,BE,-0.009999999999998314,31.107554073428545,25.3303964679598,26.118373275235957,1.052291883156165,1.9618513750826416,0.0041504355832566045,0.5088569594078891,SHORT,50000,-4.999999999999157
2025-09-25,EVEREADY,A_MOD_BREAK_C1_LOW,MODERATE,2025-09-25 10:45:00+05:30,2025-09-25 11:00:00+05:30,405.26893,409.3216193,401.2162407,2025-09-25 12:15:00+05:30,401.2162407,TARGET,0.9999999999999993,26.281747212907064,27.07581227163128,40.33149171270708,0.7620506334023073,1.4941583727008465,0.005575127708296652,0.36229298767405205,SHORT,50000,499.99999999999966
2025-09-25,KROSS,A_MOD_BREAK_C1_LOW,MODERATE,2025-09-25 10:15:00+05:30,2025-09-25 10:30:00+05:30,215.95,218.1095,213.79049999999998,2025-09-25 10:45:00+05:30,213.79049999999998,TARGET,1.000000000000004,29.13171465427565,25.201072382906233,19.600593854444867,0.4167335969554079,1.7648758920786132,0.007443783068783038,0.35814789388526186,SHORT,50000,500.000000000002
2025-09-25,KSCL,A_MOD_BREAK_C1_LOW,MODERATE,2025-09-25 10:45:00+05:30,2025-09-25 11:00:00+05:30,1119.776,1130.97376,1108.57824,2025-09-25 11:15:00+05:30,1108.57824,TARGET,1.0000000000000013,26.371054555662052,21.882352940455647,11.900890848874381,1.0939698164038374,2.5142920682757395,0.0052954895938213285,0.4470105362056023,SHORT,50000,500.0000000000007
2025-09-25,PUNJABCHEM,A_MOD_BREAK_C1_LOW,MODERATE,2025-09-25 10:30:00+05:30,2025-09-25 10:45:00+05:30,1233.7532,1246.0907320000001,1221.415668,2025-09-25 11:15:00+05:30,1233.87657532,BE,-0.009999999999993741,26.849304655830213,31.29330253990973,30.472390390471386,1.5832830904203863,2.899120554710267,0.007113915258161617,0.5398141106610208,SHORT,50000,-4.999999999996871
2025-09-25,RELAXO,A_MOD_BREAK_C1_LOW,MODERATE,2025-09-25 10:15:00+05:30,2025-09-25 10:30:00+05:30,436.36271,440.7263371,431.99908289999996,2025-09-25 12:00:00+05:30,431.99908289999996,TARGET,1.0000000000000069,59.42222482576764,10.676156582565753,9.315759498820205,0.9778327355489792,3.788168804198297,0.005147046789846632,0.7811207287210713,SHORT,50000,500.00000000000347
2025-09-25,SIEMENS,A_MOD_BREAK_C1_LOW,MODERATE,2025-09-25 13:15:00+05:30,2025-09-25 13:30:00+05:30,3176.3646,3208.1282459999998,3144.600954,2025-09-25 14:30:00+05:30,3160.2,EOD,0.50890253593684,36.75825672805673,20.574162678966076,8.66751425897489,2.4206273862741408,2.190253541677125,0.003356715679661849,0.761373850920851,SHORT,50000,254.45126796842
2025-09-25,SJS,A_MOD_BREAK_C1_LOW,MODERATE,2025-09-25 10:30:00+05:30,2025-09-25 10:45:00+05:30,1493.30128,1508.2342927999998,1478.3682672,2025-09-25 11:45:00+05:30,1478.3682672,TARGET,0.9999999999999943,29.35059341058831,19.736842104744014,19.39102564102572,0.7871362127217146,3.0053625723585706,0.004992062429470376,0.4380077383851247,SHORT,50000,499.99999999999716
2025-09-25,SONACOMS,A_MOD_BREAK_C1_LOW,MODERATE,2025-09-25 10:45:00+05:30,2025-09-25 11:00:00+05:30,413.9172,418.056372,409.77802799999995,2025-09-25 12:15:00+05:30,409.77802799999995,TARGET,1.0000000000000075,30.572639259214267,15.765765763777253,17.63901138291881,1.3406321534871448,3.103777797623379,0.0040936982901268616,0.5532002157484643,SHORT,50000,500.00000000000375
2025-09-25,WABAG,A_MOD_BREAK_C1_LOW,MODERATE,2025-09-25 11:15:00+05:30,2025-09-25 11:30:00+05:30,1500.6998,1515.7067980000002,1485.692802,2025-09-25 13:15:00+05:30,1485.692802,TARGET,1.0000000000000044,45.04490145961058,21.257485029048894,8.450208278990859,1.7067705530050066,2.491530921885635,0.004165596735998192,0.8343583686700349,SHORT,50000,500.00000000000216
2025-09-26,AARTIIND,A_MOD_BREAK_C1_LOW,MODERATE,2025-09-26 11:15:00+05:30,2025-09-26 11:30:00+05:30,373.4253,377.159553,369.69104699999997,2025-09-26 14:30:00+05:30,372.0,EOD,0.38168276225526043,26.348140923600756,25.352112673556718,17.12204007285973,1.1027648958282852,2.3575252899090158,0.005130703966980044,0.4482059706239612,SHORT,50000,190.8413811276302
2025-09-26,BALMLAWRIE,A_MOD_BREAK_C1_LOW,MODERATE,2025-09-26 11:15:00+05:30,2025-09-26 11:30:00+05:30,205.6,207.656,203.54399999999998,2025-09-26 14:30:00+05:30,204.33,EOD,0.6177042801556332,35.37645999233019,17.77476254750549,17.701149425287365,1.4641669545476343,2.7831927915830965,0.004754958146643057,0.6468761169307888,SHORT,50000,308.85214007781656
2025-09-26,BOMDYEING,A_MOD_BREAK_C1_LOW,MODERATE,2025-09-26 11:15:00+05:30,2025-09-26 11:30:00+05:30,169.35,171.0435,167.6565,2025-09-26 14:15:00+05:30,167.6565,TARGET,1.0000000000000002,36.93345868740473,20.106382975728735,12.567198170973889,1.4411954480569478,3.194047791726257,0.006378529691992489,0.6662110837210367,SHORT,50000,500.0000000000001
2025-09-26,BPCL,A_MOD_BREAK_C1_LOW,MODERATE,2025-09-26 11:15:00+05:30,2025-09-26 11:30:00+05:30,317.18655,320.35841550000004,314.0146845,2025-09-26 14:30:00+05:30,317.05,EOD,0.043050375244473554,25.325343062543688,16.964285712164667,10.665497844984932,1.1011423628931003,2.103235121512236,0.004713903201854058,0.43258005944444783,SHORT,50000,21.525187622236775
2025-09-26,CIGNITITEC,A_MOD_BREAK_C1_LOW,MODERATE,2025-09-26 11:15:00+05:30,2025-09-26 11:30:00+05:30,1484.9029600000001,1499.7519896000001,1470.0539304000001,2025-09-26 13:30:00+05:30,1470.0539304000001,TARGET,0.9999999999999996,60.074513438861636,15.357142856758827,20.49578500897879,1.0778060078985177,3.0309673349587136,0.0053095302219999165,0.7986160513822405,SHORT,50000,499.9999999999998
2025-09-26,CONCORDBIO,A_MOD_BREAK_C1_LOW,MODERATE,2025-09-26 11:00:00+05:30,2025-09-26 11:15:00+05:30,1546.6906,1562.157506,1531.2236939999998,2025-09-26 11:30:00+05:30,1531.2236939999998,TARGET,1.000000000000007,34.813468448884606,18.906810035605048,23.4021048244243,0.49694638892456766,3.135169298291398,0.008052451749930734,0.4691676447950684,SHORT,50000,500.0000000000036
2025-09-26,DABUR,A_MOD_BREAK_C1_LOW,MODERATE,2025-09-26 11:15:00+05:30,2025-09-26 11:30:00+05:30,494.35111,499.29462110000003,489.4075989,2025-09-26 12:45:00+05:30,499.29462110000003,SL,-1.0000000000000047,59.10560722172982,5.977011493867963,1.6659228366088101,1.7958602598548787,4.206063432662334,0.0051283532929806645,0.9242755454746037,SHORT,50000,-500.00000000000233
2025-09-26,FORCEMOT,A_MOD_BREAK_C1_LOW,MODERATE,2025-09-26 11:00:00+05:30,2025-09-26 11:15:00+05:30,17706.458,17883.522579999997,17529.39342,2025-09-26 14:00:00+05:30,17529.39342,TARGET,0.999999999999991,27.71067395863572,35.61253561246458,39.77072310405644,0.6783372388656645,1.3380190705459662,0.006654084397986837,0.3612700797083254,SHORT,50000,499.9999999999955
2025-09-26,GALAXYSURF,A_MOD_BREAK_C1_LOW,MODERATE,2025-09-26 11:15:00+05:30,2025-09-26 11:30:00+05:30,2194.561,2216.5066100000004,2172.61539,2025-09-26 12:45:00+05:30,2194.7804561000003,BE,-0.010000000000005277,71.95329177086505,12.711864406528264,4.689073050951634,1.288623397845707,4.4005008830980525,0.003801156279874346,0.8355090946229986,SHORT,50000,-5.000000000002639
2025-09-26,HINDALCO,A_MOD_BREAK_C1_LOW,MODERATE,2025-09-26 11:15:00+05:30,2025-09-26 11:30:00+05:30,735.20293,742.5549593000001,727.8509007,2025-09-26 12:00:00+05:30,735.276450293,BE,-0.010000000000000191,28.886029776961614,15.056179774333572,4.959140635296943,1.9945769520387406,2.705312569448186,0.004150001941521376,0.6423414132612038,SHORT,50000,-5.000000000000096
2025-09-26,HLEGLAS,A_MOD_BREAK_C1_LOW,MODERATE,2025-09-26 10:45:00+05:30,2025-09-26 11:00:00+05:30,489.902,494.80102,485.00298,2025-09-26 11:45:00+05:30,485.00298,TARGET,1.0000000000000016,28.137425197839114,21.25550660727403,26.787408018351147,1.1798282976617898,3.138755534811419,0.01073829409539327,0.48853133005839994,SHORT,50000,500.0000000000008
2025-09-26,JINDALSAW,A_MOD_BREAK_C1_LOW,MODERATE,2025-09-26 11:15:00+05:30,2025-09-26 11:30:00+05:30,207.45,209.5245,205.3755,2025-09-26 13:45:00+05:30,205.3755,TARGET,1.0000000000000002,41.23753315611444,14.772727269789414,12.589448363736784,1.0686443600149618,2.910349544370357,0.004942963161844185,0.6655757603443349,SHORT,50000,500.0000000000001
2025-09-26,KOLTEPATIL,A_MOD_BREAK_C1_LOW,MODERATE,2025-09-26 11:00:00+05:30,2025-09-26 11:15:00+05:30,433.26333,437.5959633,428.9306967,2025-09-26 11:30:00+05:30,428.9306967,TARGET,0.9999999999999996,40.03637604282134,6.212121211857706,3.758307314630006,2.345208627389716,4.927970063505024,0.007982272599963772,0.8105456406423199,SHORT,50000,499.9999999999998
2025-09-26,LAURUSLABS,A_MOD_BREAK_C1_LOW,MODERATE,2025-09-26 11:15:00+05:30,2025-09-26 11:30:00+05:30,858.8282,867.4164820000001,850.239918,2025-09-26 11:45:00+05:30,850.239918,TARGET,1.0000000000000058,41.19957165207536,25.231103860409718,16.40295091622495,0.9913645588017312,3.119100835491697,0.009914978848599203,0.6514823725714334,SHORT,50000,500.0000000000029
2025-09-26,LEMONTREE,A_MOD_BREAK_C1_LOW,MODERATE,2025-09-26 11:15:00+05:30,2025-09-26 11:30:00+05:30,167.54,169.2154,165.8646,2025-09-26 12:30:00+05:30,165.8646,TARGET,0.9999999999999978,32.39433881211163,31.258457368909063,36.60534110420188,0.5198144744916596,1.7490226170149694,0.0056171155813160255,0.4243337460684633,SHORT,50000,499.99999999999886
2025-09-26,LINDEINDIA,A_MOD_BREAK_C1_LOW,MODERATE,2025-09-26 11:15:00+05:30,2025-09-26 11:30:00+05:30,6318.736,6381.92336,6255.54864,2025-09-26 13:30:00+05:30,6319.3678736,BE,-0.01000000000000459,38.161283898124765,38.674033148872134,19.074074074074087,1.2226481723029823,1.4361883252279048,0.0038848108413325807,0.6181921048862886,SHORT,50000,-5.000000000002295
2025-09-26,LTF,A_MOD_BREAK_C1_LOW,MODERATE,2025-09-26 11:00:00+05:30,2025-09-26 11:15:00+05:30,240.28,242.68280000000001,237.8772,2025-09-26 12:45:00+05:30,237.8772,TARGET,1.0000000000000056,35.81086437996217,12.298850572733457,9.343784193992425,0.9973353740623013,2.50853620094953,0.006063485464857309,0.5716966561603352,SHORT,50000,500.0000000000028
2025-09-26,NAVA,A_MOD_BREAK_C1_LOW,MODERATE,2025-09-26 11:15:00+05:30,2025-09-26 11:30:00+05:30,691.3117100000001,698.2248271000001,684.3985929,2025-09-26 13:30:00+05:30,684.3985929,TARGET,1.000000000000003,25.528841426777824,32.48407643196235,43.912022207986475,1.131980327114787,1.5065777261629711,0.008904053021700081,0.4163580649549036,SHORT,50000,500.0000000000016
2025-09-26,NEULANDLAB,A_MOD_BREAK_C1_LOW,MODERATE,2025-09-26 11:00:00+05:30,2025-09-26 11:15:00+05:30,14181.1632,14322.974832000002,14039.351568,2025-09-26 12:00:00+05:30,14039.351568,TARGET,1.0000000000000058,34.430576193190255,13.238289205683785,5.306568706403186,1.622146482715519,3.543620070161771,0.008656178599108213,0.6603342773730696,SHORT,50000,500.0000000000029
2025-09-26,PGHH,A_MOD_BREAK_C1_LOW,MODERATE,2025-09-26 11:15:00+05:30,2025-09-26 11:30:00+05:30,13498.2998,13633.282798,13363.316802000001,2025-09-26 14:30:00+05:30,13425.0,EOD,0.5430298710656929,42.46859745474471,16.47597253999298,0.0,2.169824154250243,2.688640200332451,0.003645232628270922,0.8470289618211706,SHORT,50000,271.51493553284644
2025-09-26,PNCINFRA,A_MOD_BREAK_C1_LOW,MODERATE,2025-09-26 11:15:00+05:30,2025-09-26 11:30:00+05:30,294.4411,297.385511,291.496689,2025-09-26 12:15:00+05:30,294.47054411,BE,-0.009999999999995181,42.75466710874351,9.43396226248963,3.878320427616267,2.0344832633524352,3.296702598856449,0.004243761670344565,0.8513200066311526,SHORT,50000,-4.99999999999759
2025-09-26,PPLPHARMA,A_MOD_BREAK_C1_LOW,MODERATE,2025-09-26 11:15:00+05:30,2025-09-26 11:30:00+05:30,189.25,191.1425,187.3575,2025-09-26 12:00:00+05:30,187.3575,TARGET,1.0000000000000067,41.31961077426079,26.002673794357975,38.14363001745196,0.872771147431062,2.5862488267008046,0.00881354653793937,0.6325291124143477,SHORT,50000,500.0000000000033
2025-09-26,SAIL,A_MOD_BREAK_C1_LOW,MODERATE,2025-09-26 11:15:00+05:30,2025-09-26 11:30:00+05:30,133.04999999999998,134.38049999999998,131.71949999999998,2025-09-26 12:00:00+05:30,133.06330499999999,BE,-0.01000000000000193,29.86299428380609,13.095238092120297,5.3855554470025515,2.1101572424382034,3.231491665632258,0.005658292750949282,0.6579449142570912,SHORT,50000,-5.000000000000965
2025-09-26,SUPRIYA,A_MOD_BREAK_C1_LOW,MODERATE,2025-09-26 11:15:00+05:30,2025-09-26 11:30:00+05:30,712.8574,719.9859739999999,705.728826,2025-09-26 14:30:00+05:30,705.728826,TARGET,0.9999999999999941,43.328376948470414,24.795081966738962,28.7768594331275,0.49656406121967706,2.54120036483109,0.009630200308166421,0.5968243649404996,SHORT,50000,499.99999999999704
2025-09-26,TECHM,A_MOD_BREAK_C1_LOW,MODERATE,2025-09-26 11:15:00+05:30,2025-09-26 11:30:00+05:30,1421.11572,1435.3268772000001,1406.9045628,2025-09-26 14:30:00+05:30,1412.5,EOD,0.606264491958474,48.16500513283593,30.55062166886725,20.00227161237084,0.8238028489167442,2.298905460474134,0.00452015991321293,0.726640575552969,SHORT,50000,303.132245979237
2025-09-26,TECHNOE,A_MOD_BREAK_C1_LOW,MODERATE,2025-09-26 11:00:00+05:30,2025-09-26 11:15:00+05:30,1328.7342,1342.0215420000002,1315.446858,2025-09-26 11:30:00+05:30,1328.86707342,BE,-0.009999999999992189,40.1587925357458,19.656992084069913,5.948773379142625,1.2228087426936751,3.174909882919247,0.006611170784103097,0.6763734180075802,SHORT,50000,-4.999999999996095
2025-09-26,THANGAMAYL,A_MOD_BREAK_C1_LOW,MODERATE,2025-09-26 10:45:00+05:30,2025-09-26 11:00:00+05:30,2019.7959600000002,2039.9939196000003,1999.5980004,2025-09-26 12:00:00+05:30,2019.9979395960002,BE,-0.01000000000000005,26.28192211512315,27.656675748791272,19.190140845070363,1.1538535678357575,2.1208105127296175,0.004794172095586686,0.4561532060981049,SHORT,50000,-5.000000000000025
2025-09-26,THYROCARE,A_MOD_BREAK_C1_LOW,MODERATE,2025-09-26 10:45:00+05:30,2025-09-26 11:00:00+05:30,386.62266,390.4888866,382.7564334,2025-09-26 12:45:00+05:30,382.7564334,TARGET,1.0000000000000013,38.35355982544506,27.272727271570247,34.25499231950848,0.5009702742463816,2.7908753163821363,0.008326256323154773,0.5229731953747927,SHORT,50000,500.0000000000007
2025-09-26,TI,A_MOD_BREAK_C1_LOW,MODERATE,2025-09-26 11:15:00+05:30,2025-09-26 11:30:00+05:30,448.9102,453.399302,444.421098,2025-09-26 13:45:00+05:30,444.421098,TARGET,1.0000000000000007,35.34096632394994,14.473684209459833,34.04115784712795,0.622237261489426,1.9537549084850259,0.007858733693923009,0.49669376104415003,SHORT,50000,500.00000000000034
2025-09-26,VASCONEQ,A_MOD_BREAK_C1_LOW,MODERATE,2025-09-26 11:15:00+05:30,2025-09-26 11:30:00+05:30,58.95,59.539500000000004,58.3605,2025-09-26 11:45:00+05:30,58.3605,TARGET,1.0000000000000018,25.623527513975358,26.692456472462368,32.78236914600548,0.2295074256995658,1.9832823450587258,0.010811138014527853,0.2836808294599907,SHORT,50000,500.00000000000085
2025-09-29,BIGBLOC,A_MOD_BREAK_C1_LOW,MODERATE,2025-09-29 10:45:00+05:30,2025-09-29 11:00:00+05:30,54.050000000000004,54.590500000000006,53.5095,2025-09-29 14:30:00+05:30,54.45,EOD,-0.7400555041628095,50.39601565740091,31.818181797933974,44.87678339818435,0.7759646740064281,1.544255716897305,0.008661209400580938,0.7230066037959901,SHORT,50000,-370.0277520814048
2025-09-29,COROMANDEL,A_MOD_BREAK_C1_LOW,MODERATE,2025-09-29 13:00:00+05:30,2025-09-29 13:15:00+05:30,2151.3696400000003,2172.8833364,2129.8559436000005,2025-09-29 14:00:00+05:30,2172.8833364,SL,-0.9999999999999926,53.97804801086393,26.61934338919899,11.379804420333349,1.9115990343808502,3.1176256025680025,0.006457307442162978,0.9445298310166488,SHORT,50000,-499.9999999999963
2025-09-29,GRSE,A_MOD_BREAK_C1_LOW,MODERATE,2025-09-29 11:15:00+05:30,2025-09-29 11:30:00+05:30,2533.4932,2558.828132,2508.1582679999997,2025-09-29 12:15:00+05:30,2508.1582679999997,TARGET,1.0000000000000082,36.79987162145878,25.17985611489641,4.666145182085758,2.938276493375026,3.576748031754263,0.009030712876866735,0.7619980743218815,SHORT,50000,500.0000000000041
2025-09-29,IXIGO,A_MOD_BREAK_C1_LOW,MODERATE,2025-09-29 10:30:00+05:30,2025-09-29 10:45:00+05:30,271.9456,274.665056,269.22614400000003,2025-09-29 11:00:00+05:30,271.97279456,BE,-0.009999999999999298,27.21802763146137,10.256410255358489,3.3297746227764784,1.685541271868127,2.877132547386952,0.008763197191585189,0.5632401370488429,SHORT,50000,-4.999999999999648
2025-09-29,SUDARSCHEM,A_MOD_BREAK_C1_LOW,MODERATE,2025-09-29 10:45:00+05:30,2025-09-29 11:00:00+05:30,1354.82898,1368.3772698,1341.2806902,2025-09-29 14:30:00+05:30,1360.4,EOD,-0.4111972863172804,46.00386934093676,6.521739130254275,8.029302274254889,2.326403462077313,4.2313139620337115,0.00600505689001269,0.9000580401140512,SHORT,50000,-205.59864315864021
2025-09-29,TANLA,A_MOD_BREAK_C1_LOW,MODERATE,2025-09-29 10:30:00+05:30,2025-09-29 10:45:00+05:30,670.8658,677.574458,664.157142,2025-09-29 11:00:00+05:30,670.9328865800001,BE,-0.010000000000003409,69.8571338181868,6.451612902972357,2.8998455312424967,2.387511598261024,4.599604882150615,0.008001488649050951,0.96,SHORT,50000,-5.000000000001704
2025-09-29,ZUARI,A_MOD_BREAK_C1_LOW,MODERATE,2025-09-29 11:00:00+05:30,2025-09-29 11:15:00+05:30,284.34312,287.1865512,281.4996888,2025-09-29 11:30:00+05:30,281.4996888,TARGET,0.9999999999999991,43.33323947037227,30.597014922176527,36.26943005181337,1.6050202204468231,2.241555572752709,0.006810485388185133,0.7908771306337781,SHORT,50000,499.9999999999996
2025-09-30,ASAHIINDIA,A_MOD_BREAK_C1_LOW,MODERATE,2025-09-30 10:45:00+05:30,2025-09-30 11:00:00+05:30,852.1295399999999,860.6508353999999,843.6082445999999,2025-09-30 11:45:00+05:30,843.6082445999999,TARGET,0.9999999999999984,27.83679961617571,8.177905308136346,6.9172653666324635,1.5754983613338664,3.05783060762275,0.007234544952146498,0.5532642074760623,SHORT,50000,499.9999999999992
2025-09-30,BAYERCROP,A_MOD_BREAK_C1_LOW,MODERATE,2025-09-30 10:30:00+05:30,2025-09-30 10:45:00+05:30,4844.031,4892.47131,4795.59069,2025-09-30 14:30:00+05:30,4826.0,EOD,0.3722313090068984,26.36274127256986,7.349081364775387,3.6810443607791594,1.17941343487025,4.047780597835666,0.005115202618040302,0.4618384701908416,SHORT,50000,186.11565450344918
2025-09-30,BHAGCHEM,A_MOD_BREAK_C1_LOW,MODERATE,2025-09-30 11:00:00+05:30,2025-09-30 11:15:00+05:30,242.5,244.925,240.075,2025-09-30 14:15:00+05:30,240.075,TARGET,1.0000000000000047,49.30230236562989,38.31168830472246,39.24050632911387,0.9171058390440445,2.317571435605505,0.004681427393710956,0.7600280573171561,SHORT,50000,500.00000000000233
2025-09-30,CRISIL,A_MOD_BREAK_C1_LOW,MODERATE,2025-09-30 13:15:00+05:30,2025-09-30 13:30:00+05:30,4478.1042,4522.885241999999,4433.323158,2025-09-30 14:15:00+05:30,4433.323158,TARGET,0.9999999999999916,61.24236349741109,14.235807860088102,6.915911933803305,2.353012718535099,4.293323814137189,0.0037698899970338372,0.96,SHORT,50000,499.99999999999574
2025-09-30,DMART,A_MOD_BREAK_C1_LOW,MODERATE,2025-09-30 13:00:00+05:30,2025-09-30 13:15:00+05:30,4443.511119999999,4487.9462312,4399.076008799999,2025-09-30 13:30:00+05:30,4443.955471111999,BE,-0.009999999999995996,25.504548973363175,7.770270270178898,4.5381212631052135,2.607671083692301,2.513481565913841,0.00414162428725537,0.5925682346004475,SHORT,50000,-4.999999999997999
2025-09-30,FACT,A_MOD_BREAK_C1_LOW,MODERATE,2025-09-30 10:30:00+05:30,2025-09-30 10:45:00+05:30,899.6200399999999,908.6162403999999,890.6238395999999,2025-09-30 12:00:00+05:30,890.6238395999999,TARGET,1.0000000000000024,31.548378470821696,27.526881720015695,20.72612921669528,0.8657123620053381,2.868128546937346,0.01108839008306384,0.4847253404132596,SHORT,50000,500.00000000000125
2025-09-30,GARFIBRES,A_MOD_BREAK_C1_LOW,MODERATE,2025-09-30 10:30:00+05:30,2025-09-30 10:45:00+05:30,757.1485399999999,764.7200253999999,749.5770545999999,2025-09-30 11:30:00+05:30,764.7200253999999,SL,-1.0000000000000038,33.797514433242796,15.006640105683843,22.66201974939841,0.9805441432895399,2.9249824094692047,0.007399407670106187,0.5385579415743114,SHORT,50000,-500.00000000000193
2025-09-30,INNOVACAP,A_MOD_BREAK_C1_LOW,MODERATE,2025-09-30 10:30:00+05:30,2025-09-30 10:45:00+05:30,823.0353600000001,831.2657136000001,814.8050064,2025-09-30 11:15:00+05:30,831.2657136000001,SL,-1.0000000000000069,29.847129464442798,27.513227511189598,27.793974732750403,1.2458692144827404,1.2951025757565438,0.0059610578925447764,0.4904891832889487,SHORT,50000,-500.00000000000347
2025-09-30,WEL,A_MOD_BREAK_C1_LOW,MODERATE,2025-09-30 10:30:00+05:30,2025-09-30 10:45:00+05:30,140.42999999999998,141.83429999999998,139.02569999999997,2025-09-30 11:00:00+05:30,139.02569999999997,TARGET,1.0000000000000047,31.22798874856967,16.788321164451773,13.611353042969212,2.068320778998771,4.194334118907209,0.006480107341072148,0.678419831228545,SHORT,50000,500.00000000000233
2025-10-01,LT,A_MOD_BREAK_C1_LOW,MODERATE,2025-10-01 10:45:00+05:30,2025-10-01 11:00:00+05:30,3631.07364,3667.3843764000003,3594.7629036,2025-10-01 11:45:00+05:30,3631.436747364,BE,-0.009999999999997681,25.92481730417151,37.62486126467614,15.41744302201154,1.494321053768712,2.207109529666231,0.0033127946617803944,0.5103784439720971,SHORT,50000,-4.99999999999884
2025-10-01,NAVA,A_MOD_BREAK_C1_LOW,MODERATE,2025-10-01 10:45:00+05:30,2025-10-01 11:00:00+05:30,642.3715,648.795215,635.947785,2025-10-01 11:45:00+05:30,642.4357371499999,BE,-0.009999999999990645,32.78922245841123,37.74834436852741,29.470672389126957,1.173278359654623,1.8395451649438301,0.005686298464033044,0.549139308062919,SHORT,50000,-4.999999999995323
2025-10-01,SANGHIIND,A_MOD_BREAK_C1_LOW,MODERATE,2025-10-01 10:30:00+05:30,2025-10-01 10:45:00+05:30,64.06,64.70060000000001,63.4194,2025-10-01 11:45:00+05:30,64.066406,BE,-0.009999999999997435,27.40085763696267,53.92156859044588,33.12883435582808,2.07656642268658,0.2800476674436702,0.004657174053524092,0.5350152479266235,SHORT,50000,-4.9999999999987175
2025-10-03,BAJAJHLDNG,A_MOD_BREAK_C1_LOW,MODERATE,2025-10-03 10:30:00+05:30,2025-10-03 10:45:00+05:30,11806.6382,11924.704582,11688.571817999999,2025-10-03 14:30:00+05:30,11812.0,EOD,-0.04541343529947912,39.52051614483391,18.99999999991134,13.540903540903544,1.3672071149039846,3.310908862225593,0.004783271249576702,0.692068987280706,SHORT,50000,-22.70671764973956
2025-10-03,PHOENIXLTD,A_MOD_BREAK_C1_LOW,MODERATE,2025-10-03 11:00:00+05:30,2025-10-03 11:15:00+05:30,1542.89136,1558.3202736,1527.4624464,2025-10-03 13:00:00+05:30,1558.3202736,SL,-0.9999999999999991,26.713645930768866,18.52551984828095,20.432933173525758,0.8449001709715782,1.8351563569243583,0.004896928668534788,0.4003200367277771,SHORT,50000,-499.9999999999996
2025-10-06,DMART,A_MOD_BREAK_C1_LOW,MODERATE,2025-10-06 11:00:00+05:30,2025-10-06 11:15:00+05:30,4279.144,4321.93544,4236.35256,2025-10-06 14:30:00+05:30,4290.5,EOD,-0.26538017883950077,37.423769579863475,25.8857857439087,7.573919807497539,1.3550458967132708,2.6442986556501626,0.0068099414814913675,0.6584895756227744,SHORT,50000,-132.6900894197504
2025-10-07,CMSINFO,A_MOD_BREAK_C1_LOW,MODERATE,2025-10-07 10:30:00+05:30,2025-10-07 10:45:00+05:30,365.27693000000005,368.92969930000004,361.62416070000006,2025-10-07 14:30:00+05:30,363.45,EOD,0.5001492976849267,32.560061655926994,14.847161570236949,6.787740121073555,1.2962529198636543,4.237840619953552,0.0045052088423274544,0.5752451858150445,SHORT,50000,250.07464884246335
2025-10-07,DIAMINESQ,A_MOD_BREAK_C1_LOW,MODERATE,2025-10-07 10:45:00+05:30,2025-10-07 11:00:00+05:30,305.83882,308.8972082,302.7804318,2025-10-07 11:15:00+05:30,302.7804318,TARGET,1.000000000000008,34.57331930830877,32.31578947273171,34.73210587748026,0.6176861631576394,2.141901179640529,0.014909167328258527,0.48669486817721835,SHORT,50000,500.000000000004
2025-10-07,JAMNAAUTO,A_MOD_BREAK_C1_LOW,MODERATE,2025-10-07 11:15:00+05:30,2025-10-07 11:30:00+05:30,98.45,99.4345,97.4655,2025-10-07 14:30:00+05:30,98.59,EOD,-0.14220416455053383,50.868459938335214,23.671497568531706,4.584375868780124,1.6002792266694814,2.603588524630483,0.0032846556549734,0.8900488646671592,SHORT,50000,-71.10208227526692
2025-10-08,ADANIENT,A_MOD_BREAK_C1_LOW,MODERATE,2025-10-08 10:15:00+05:30,2025-10-08 10:30:00+05:30,2454.9089200000003,2479.4580092,2430.3598308000005,2025-10-08 11:15:00+05:30,2430.3598308000005,TARGET,0.9999999999999917,33.42058551314092,29.88966900660145,29.285514775710535,0.9448205726121165,2.230910049594587,0.005616541047529947,0.5266523829042342,SHORT,50000,499.99999999999585
2025-10-08,AXISBANK,A_MOD_BREAK_C1_LOW,MODERATE,2025-10-08 11:00:00+05:30,2025-10-08 11:15:00+05:30,1176.9645600000001,1188.7342056000002,1165.1949144,2025-10-08 14:30:00+05:30,1180.6,EOD,-0.30888270756426084,29.777429349836595,21.333333332337915,16.666666666667084,1.4030164284142854,2.094604629645247,0.004119595685042065,0.5521893152200488,SHORT,50000,-154.44135378213042
2025-10-08,BRITANNIA,A_MOD_BREAK_C1_LOW,MODERATE,2025-10-08 10:15:00+05:30,2025-10-08 10:30:00+05:30,5839.8318,5898.230118,5781.4334819999995,2025-10-08 12:00:00+05:30,5840.41578318,BE,-0.010000000000006155,38.92364599915056,21.10091743101198,25.602981029810284,0.8669639840876102,3.323228016243249,0.003856213943482937,0.5955733872025901,SHORT,50000,-5.0000000000030775
2025-10-08,DLINKINDIA,A_MOD_BREAK_C1_LOW,MODERATE,2025-10-08 11:15:00+05:30,2025-10-08 11:30:00+05:30,474.4051,479.149151,469.661049,2025-10-08 14:30:00+05:30,476.8,EOD,-0.5048217230379705,37.208644714886276,28.31050227948529,21.99074074074078,0.9485721730279623,1.4869277370867462,0.0049268865086051095,0.5584761878575248,SHORT,50000,-252.41086151898523
2025-10-08,FORCEMOT,A_MOD_BREAK_C1_LOW,MODERATE,2025-10-08 11:15:00+05:30,2025-10-08 11:30:00+05:30,15687.8618,15844.740418000001,15530.983182,2025-10-08 13:15:00+05:30,15689.43058618,BE,-0.0099999999999983,29.666679386378,26.123128119739476,10.757547481455736,2.050473961173026,2.455043845143547,0.006727294244021447,0.65500019079567,SHORT,50000,-4.99999999999915
2025-10-08,GUJALKALI,A_MOD_BREAK_C1_LOW,MODERATE,2025-10-08 11:00:00+05:30,2025-10-08 11:15:00+05:30,551.0897600000001,556.6006576000001,545.5788624,2025-10-08 13:30:00+05:30,556.6006576000001,SL,-1.0000000000000036,31.473942389893573,31.48936169837546,12.63218390804633,1.3980426781790574,1.9090153232953022,0.0031984875168341357,0.5722173706945037,SHORT,50000,-500.00000000000176
2025-10-08,HONASA,A_MOD_BREAK_C1_LOW,MODERATE,2025-10-08 11:00:00+05:30,2025-10-08 11:15:00+05:30,286.99259,289.8625159,284.1226641,2025-10-08 12:45:00+05:30,287.021289259,BE,-0.010000000000002372,32.79515858163907,15.021459225663307,7.674998479596188,1.7978728226248126,2.739713540147318,0.005678993935778925,0.6665551226839281,SHORT,50000,-5.000000000001186
2025-10-08,INDGN,A_MOD_BREAK_C1_LOW,MODERATE,2025-10-08 11:15:00+05:30,2025-10-08 11:30:00+05:30,541.34171,546.7551271000001,535.9282929,2025-10-08 12:30:00+05:30,546.7551271000001,SL,-1.000000000000011,62.067842199167885,27.66355140042127,4.021663104662581,1.8472294104688929,3.1204051366111725,0.00600400706508844,0.9332651468320563,SHORT,50000,-500.00000000000557
2025-10-08,J&KBANK,A_MOD_BREAK_C1_LOW,MODERATE,2025-10-08 11:00:00+05:30,2025-10-08 11:15:00+05:30,102.45,103.4745,101.4255,2025-10-08 13:45:00+05:30,102.460245,BE,-0.009999999999997674,26.964424284330764,4.368932035865896,5.651570220073185,2.307746251564028,3.1293064226144707,0.0036508555821860803,0.6144663642649615,SHORT,50000,-4.9999999999988365
2025-10-08,JAGSNPHARM,A_MOD_BREAK_C1_LOW,MODERATE,2025-10-08 11:15:00+05:30,2025-10-08 11:30:00+05:30,213.14999999999998,215.28149999999997,211.0185,2025-10-08 12:45:00+05:30,213.17131499999996,BE,-0.009999999999993946,25.51605714429734,36.476043268768755,14.63974390267859,1.671130325890252,2.125145146462368,0.004741826456513743,0.5351886641952541,SHORT,50000,-4.999999999996973
2025-10-08,MAITHANALL,A_MOD_BREAK_C1_LOW,MODERATE,2025-10-08 11:00:00+05:30,2025-10-08 11:15:00+05:30,1125.57484,1136.8305884,1114.3190916,2025-10-08 13:00:00+05:30,1125.687397484,BE,-0.010000000000003145,30.647814376748986,23.192019949315238,7.207207207207446,1.6716062437352852,2.7849574615376524,0.005247062406415758,0.6122483083049097,SHORT,50000,-5.000000000001572
2025-10-08,MOIL,A_MOD_BREAK_C1_LOW,MODERATE,2025-10-08 11:15:00+05:30,2025-10-08 11:30:00+05:30,372.4255,376.149755,368.701245,2025-10-08 14:30:00+05:30,371.4,EOD,0.2753570848397927,32.02462458644705,23.383084573856863,2.1212121212119146,2.198961853195935,3.0073273028255554,0.004765100671140933,0.6903693687967056,SHORT,50000,137.67854241989633
2025-10-08,MONARCH,A_MOD_BREAK_C1_LOW,MODERATE,2025-10-08 11:00:00+05:30,2025-10-08 11:15:00+05:30,312.53748,315.6628548,309.41210520000004,2025-10-08 11:45:00+05:30,312.568733748,BE,-0.009999999999994643,31.690471415703353,36.871508374120836,38.21138211382176,1.7098377296901828,1.9523902721676636,0.004364317704048982,0.6321981875397154,SHORT,50000,-4.999999999997321
2025-10-08,PNB,A_MOD_BREAK_C1_LOW,MODERATE,2025-10-08 11:00:00+05:30,2025-10-08 11:15:00+05:30,112.66,113.78659999999999,111.5334,2025-10-08 13:00:00+05:30,112.67126599999999,BE,-0.009999999999992903,33.4118323819691,22.580645149959707,22.335025380710302,1.398031724338788,2.1917794506987844,0.004059017223910839,0.6058330374888243,SHORT,50000,-4.999999999996452
2025-10-08,RKSWAMY,A_MOD_BREAK_C1_LOW,MODERATE,2025-10-08 10:15:00+05:30,2025-10-08 10:30:00+05:30,143.66,145.0966,142.2234,2025-10-08 12:45:00+05:30,142.2234,TARGET,0.999999999999999,37.11683797156377,40.36281177856956,72.93729372937285,0.3664249435778832,1.6192610524550495,0.005108778758601497,0.4618399873223386,SHORT,50000,499.9999999999995
2025-10-08,TARC,A_MOD_BREAK_C1_LOW,MODERATE,2025-10-08 10:45:00+05:30,2025-10-08 11:00:00+05:30,151.81,153.3281,150.2919,2025-10-08 11:15:00+05:30,150.2919,TARGET,1.0000000000000027,37.32263305807569,18.674698789930872,3.3382833223035355,2.0327579832960314,3.596044137267306,0.004859981763317936,0.7698394958711352,SHORT,50000,500.0000000000013
2025-10-08,WENDT,A_MOD_BREAK_C1_LOW,MODERATE,2025-10-08 11:00:00+05:30,2025-10-08 11:15:00+05:30,8898.22,8987.2022,8809.237799999999,2025-10-08 14:30:00+05:30,8903.5,EOD,-0.05933771023868431,25.93139931254993,34.389140271275366,8.859840232389253,2.135338698528693,2.0137106332809136,0.0030497592295345103,0.5989709896882489,SHORT,50000,-29.668855119342155
2025-10-09,GAEL,A_PULLBACK_C2_THEN_BREAK_C2_LOW,MODERATE,2025-10-09 10:15:00+05:30,2025-10-09 10:45:00+05:30,104.75,105.7975,103.7025,2025-10-09 11:00:00+05:30,103.7025,TARGET,0.9999999999999996,29.71999606855287,47.40259738105081,30.03773584905646,0.3346780124210623,0.321606709302545,0.004355234460196293,0.28044892866710625,SHORT,50000,499.9999999999998
2025-10-09,GREENPLY,A_MOD_BREAK_C1_LOW,MODERATE,2025-10-09 10:30:00+05:30,2025-10-09 10:45:00+05:30,292.09157,295.0124857,289.17065429999997,2025-10-09 11:45:00+05:30,292.12077915699996,BE,-0.00999999999998918,26.19773175959859,45.333333327691875,20.634920634920963,1.7535935930861914,0.9635537181111903,0.0050121023935845235,0.5080225410896217,SHORT,50000,-4.99999999999459
2025-10-09,LUXIND,A_MOD_BREAK_C1_LOW,MODERATE,2025-10-09 10:45:00+05:30,2025-10-09 11:00:00+05:30,1284.2431,1297.085531,1271.4006689999999,2025-10-09 13:30:00+05:30,1284.3715243099998,BE,-0.009999999999992236,26.420047182505343,42.11618257139088,23.9530132788561,1.1613761034470684,1.5236197646884737,0.004552529182879395,0.4357225140752408,SHORT,50000,-4.999999999996118
2025-10-09,SHALBY,A_MOD_BREAK_C1_LOW,MODERATE,2025-10-09 11:00:00+05:30,2025-10-09 11:15:00+05:30,250.89981,253.40880810000002,248.3908119,2025-10-09 11:30:00+05:30,250.924899981,BE,-0.010000000000003114,32.736583082680745,27.542372878088344,11.857051981097692,1.2282986614616473,2.3084811741494873,0.006081445906391195,0.5660010119959995,SHORT,50000,-5.000000000001557
2025-10-09,SJVN,A_MOD_BREAK_C1_LOW,MODERATE,2025-10-09 13:00:00+05:30,2025-10-09 13:15:00+05:30,89.85000000000001,90.7485,88.95150000000001,2025-10-09 14:30:00+05:30,89.82,EOD,0.033388981636077175,33.102697501316676,40.259740223140625,35.12626262626326,0.6329724791074298,0.49527479264895863,0.0025822342285078542,0.3920743859959983,SHORT,50000,16.694490818038588
2025-10-09,VINCOFE,A_MOD_BREAK_C1_LOW,MODERATE,2025-10-09 11:15:00+05:30,2025-10-09 11:30:00+05:30,137.61999999999998,138.9962,136.24379999999996,2025-10-09 11:45:00+05:30,138.9962,SL,-1.0000000000000084,51.01897084579872,17.20243266515341,10.848119890025151,1.6889083934742437,3.48668364298636,0.0093025667617319,0.9055589688579926,SHORT,50000,-500.00000000000426
2025-10-10,DEEPAKFERT,A_MOD_BREAK_C1_LOW,MODERATE,2025-10-10 10:30:00+05:30,2025-10-10 10:45:00+05:30,1497.80038,1512.7783838,1482.8223761999998,2025-10-10 11:00:00+05:30,1497.950160038,BE,-0.010000000000001145,47.8693364724365,26.60550458601648,10.978043912175577,1.4453265575757275,2.85782775621818,0.003595029895009885,0.8309721946622997,SHORT,50000,-5.000000000000573
2025-10-10,MUTHOOTFIN,A_MOD_BREAK_C1_LOW,MODERATE,2025-10-10 10:45:00+05:30,2025-10-10 11:00:00+05:30,3177.3644,3209.138044,3145.590756,2025-10-10 14:30:00+05:30,3170.0,EOD,0.23177700360713843,27.005071503561485,26.629570746921402,7.557740077162788,1.2916310994452462,2.7041274742429824,0.004803091231775001,0.49111151495634037,SHORT,50000,115.88850180356923
2025-10-13,JUBLFOOD,A_MOD_BREAK_C1_LOW,MODERATE,2025-10-13 11:15:00+05:30,2025-10-13 11:30:00+05:30,594.98098,600.9307898000001,589.0311702,2025-10-13 14:30:00+05:30,596.85,EOD,-0.31413105003793185,31.024616667735007,31.746031742504684,13.508469710019893,1.1922588814884654,1.5308828960454717,0.0036050194347137525,0.51055869907878,SHORT,50000,-157.06552501896593
2025-10-13,KIRIINDUS,A_MOD_BREAK_C1_LOW,MODERATE,2025-10-13 11:15:00+05:30,2025-10-13 11:30:00+05:30,572.33551,578.0588651,566.6121549,2025-10-13 12:15:00+05:30,566.6121549,TARGET,1.0000000000000084,45.303941196910884,17.675544792990166,12.30985915492982,1.2411613517813622,2.9893518760810025,0.00470409143655716,0.7567623545154016,SHORT,50000,500.00000000000426
2025-10-13,KNRCON,A_MOD_BREAK_C1_LOW,MODERATE,2025-10-13 10:45:00+05:30,2025-10-13 11:00:00+05:30,190.45,192.3545,188.54549999999998,2025-10-13 14:30:00+05:30,190.49,EOD,-0.021002887897096596,38.47444494287326,14.669926645345114,15.566676401975615,1.2306152303296807,2.882528260309125,0.0033972582215896514,0.652474339450793,SHORT,50000,-10.501443948548298
2025-10-13,LTTS,A_MOD_BREAK_C1_LOW,MODERATE,2025-10-13 11:00:00+05:30,2025-10-13 11:15:00+05:30,4221.1556,4263.367156,4178.944044,2025-10-13 14:30:00+05:30,4232.9,EOD,-0.27822712813523354,40.46505383214594,15.603382013667215,4.346182917611532,1.8428273880591657,3.327893542720738,0.00349294307094817,0.7894706003925431,SHORT,50000,-139.11356406761678
2025-10-13,MINDACORP,A_MOD_BREAK_C1_LOW,MODERATE,2025-10-13 11:15:00+05:30,2025-10-13 11:30:00+05:30,564.5870600000001,570.2329306,558.9411894000001,2025-10-13 11:45:00+05:30,558.9411894000001,TARGET,0.999999999999994,27.6462775335948,21.22699386430152,13.317967994240071,2.1217485080323444,3.3380506132816548,0.008249051833122658,0.624694163003922,SHORT,50000,499.999999999997
2025-10-13,NDRAUTO,A_MOD_BREAK_C1_LOW,MODERATE,2025-10-13 10:45:00+05:30,2025-10-13 11:00:00+05:30,990.3019,1000.204919,980.3988810000001,2025-10-13 12:45:00+05:30,1000.204919,SL,-0.9999999999999971,25.056468631505822,37.592137590844374,20.512820512820536,0.6560629020851848,1.4392857352640156,0.00544458065911878,0.32262232410069547,SHORT,50000,-499.9999999999985
2025-10-13,PITTIENG,A_MOD_BREAK_C1_LOW,MODERATE,2025-10-13 11:00:00+05:30,2025-10-13 11:15:00+05:30,957.95837,967.5379537,948.3787862999999,2025-10-13 13:30:00+05:30,948.3787862999999,TARGET,1.000000000000006,38.10691687620647,24.1666666655387,16.615698267074364,0.9953828530183714,2.147228644586415,0.004759916803960014,0.605795752421312,SHORT,50000,500.00000000000296
2025-10-13,POLYMED,A_MOD_BREAK_C1_LOW,MODERATE,2025-10-13 11:15:00+05:30,2025-10-13 11:30:00+05:30,1875.1249,1893.876149,1856.373651,2025-10-13 14:30:00+05:30,1868.1,EOD,0.3746363775554426,27.301084581000662,29.9999999992759,27.13414634146353,0.9553313560838962,1.6980278269347455,0.004284496666768158,0.42160064737642905,SHORT,50000,187.3181887777213
2025-10-13,SHYAMMETL,A_MOD_BREAK_C1_LOW,MODERATE,2025-10-13 11:15:00+05:30,2025-10-13 11:30:00+05:30,916.8166,925.984766,907.648434,2025-10-13 12:15:00+05:30,916.90828166,BE,-0.009999999999994466,25.43970448261873,29.252782192656568,23.316062176165868,1.1159115615161994,1.9484642556516338,0.005172145193955435,0.4343033032871975,SHORT,50000,-4.999999999997233
2025-10-13,SIEMENS,A_MOD_BREAK_C1_LOW,MODERATE,2025-10-13 10:45:00+05:30,2025-10-13 11:00:00+05:30,3041.3916,3071.805516,3010.977684,2025-10-13 11:15:00+05:30,3041.69573916,BE,-0.009999999999999242,40.94980244259559,7.025411061211756,2.4819415971286936,2.0232687783320595,5.3619058657358964,0.004754867464227076,0.8242470366389338,SHORT,50000,-4.999999999999621
2025-10-13,TATATECH,A_MOD_BREAK_C1_LOW,MODERATE,2025-10-13 10:45:00+05:30,2025-10-13 11:00:00+05:30,702.45948,709.4840748,695.4348851999999,2025-10-13 14:30:00+05:30,701.6,EOD,0.12235296475747787,33.67072363409345,14.153846152626969,6.856125149585967,1.9516073178265727,3.7967692853165937,0.003054110090251247,0.706592135131052,SHORT,50000,61.17648237873893
2025-10-13,TCS,A_MOD_BREAK_C1_LOW,MODERATE,2025-10-13 10:15:00+05:30,2025-10-13 10:30:00+05:30,3014.8969,3045.045869,2984.7479310000003,2025-10-13 13:30:00+05:30,3015.19838969,BE,-0.009999999999997537,28.879222953695585,32.40997229791209,54.427860696517236,0.5301627446850475,0.9488612678832606,0.0032154340836012692,0.3334098880194801,SHORT,50000,-4.999999999998768
2025-10-14,ASHIANA,A_MOD_BREAK_C1_LOW,MODERATE,2025-10-14 13:00:00+05:30,2025-10-14 13:15:00+05:30,291.4417,294.35611700000004,288.527283,2025-10-14 14:15:00+05:30,291.47084417,BE,-0.009999999999998293,30.65877680243095,14.843749996753417,12.397281921617713,2.1198072773492056,1.8940703492993187,0.003602058319039462,0.6645851695014302,SHORT,50000,-4.9999999999991465
2025-10-14,BRIGADE,A_MOD_BREAK_C1_LOW,MODERATE,2025-10-14 11:00:00+05:30,2025-10-14 11:15:00+05:30,922.71542,931.9425742,913.4882658,2025-10-14 11:30:00+05:30,913.4882658,TARGET,0.9999999999999971,29.040119801055884,36.542239683648006,33.20105820105804,1.3187481773159582,1.7111479714052091,0.004130920793074895,0.5119401266163914,SHORT,50000,499.9999999999985
2025-10-14,CANBK,A_MOD_BREAK_C1_LOW,MODERATE,2025-10-14 11:15:00+05:30,2025-10-14 11:30:00+05:30,125.5,126.755,124.245,2025-10-14 12:15:00+05:30,125.51255,BE,-0.010000000000003588,30.20302890709229,32.99232735391573,11.620795107033663,1.6087997325969472,1.9547928895836029,0.004380724810832348,0.5923250312900303,SHORT,50000,-5.000000000001794
2025-10-14,CENTURYPLY,A_MOD_BREAK_C1_LOW,MODERATE,2025-10-14 10:15:00+05:30,2025-10-14 10:30:00+05:30,738.8522,746.240722,731.4636780000001,2025-10-14 11:15:00+05:30,738.92608522,BE,-0.009999999999995339,58.15477922969211,21.86878727512463,14.237381183925939,1.2581543235342592,3.03773161599677,0.005291362912180785,0.8301770066184953,SHORT,50000,-4.999999999997669
2025-10-14,CHALET,A_MOD_BREAK_C1_LOW,MODERATE,2025-10-14 10:00:00+05:30,2025-10-14 10:15:00+05:30,916.51666,925.6818266,907.3514934,2025-10-14 13:30:00+05:30,907.3514934,TARGET,1.0000000000000022,30.527783498176234,27.682119204271388,10.125408912817415,1.0616209160620858,2.8265843254509795,0.005886798921597661,0.5037004127835085,SHORT,50000,500.00000000000114
2025-10-14,CONTROLPR,A_MOD_BREAK_C1_LOW,MODERATE,2025-10-14 11:00:00+05:30,2025-10-14 11:15:00+05:30,767.29651,774.9694751000001,759.6235449,2025-10-14 12:30:00+05:30,759.6235449,TARGET,1.0000000000000073,34.873250712871354,25.357142855874883,5.431280493418107,1.9514488415958604,2.8378133636963625,0.00536563573243487,0.7246023079723458,SHORT,50000,500.00000000000364
2025-10-14,DEEPINDS,A_MOD_BREAK_C1_LOW,MODERATE,2025-10-14 10:45:00+05:30,2025-10-14 11:00:00+05:30,467.70644,472.3835044,463.0293756,2025-10-14 11:15:00+05:30,463.0293756,TARGET,1.0000000000000013,51.24342719047216,18.74999999857333,11.288604898828815,1.5442849891463668,3.0601983160184045,0.005977829353203441,0.8802498731006141,SHORT,50000,500.0000000000007
2025-10-14,EMCURE,A_MOD_BREAK_C1_LOW,MODERATE,2025-10-14 11:00:00+05:30,2025-10-14 11:15:00+05:30,1352.42946,1365.9537546000001,1338.9051654,2025-10-14 12:15:00+05:30,1338.9051654,TARGET,1.0000000000000056,25.329875435584228,31.416549789004378,9.98718459357107,1.4773101352247626,2.39723314629606,0.007214101007968761,0.49847740519809686,SHORT,50000,500.0000000000028
2025-10-14,GATEWAY,A_MOD_BREAK_C1_LOW,MODERATE,2025-10-14 10:15:00+05:30,2025-10-14 10:30:00+05:30,61.1,61.711,60.489000000000004,2025-10-14 14:30:00+05:30,60.64,EOD,0.7528641571194776,45.54452761749105,22.499999973749752,17.26809276289504,1.8725062263935999,2.686997619410203,0.003280181168725035,0.8708565038812457,SHORT,50000,376.43207855973884
2025-10-14,IFCI,A_MOD_BREAK_C1_LOW,MODERATE,2025-10-14 11:15:00+05:30,2025-10-14 11:30:00+05:30,55.300000000000004,55.853,54.74700000000001,2025-10-14 12:15:00+05:30,54.74700000000001,TARGET,0.999999999999995,30.5383908934714,21.03004290581889,2.293861117266081,3.1860745776394426,3.426784473846678,0.005456797130988937,0.6680758634020709,SHORT,50000,499.9999999999975
2025-10-14,INDUSINDBK,A_MOD_BREAK_C1_LOW,MODERATE,2025-10-14 11:15:00+05:30,2025-10-14 11:30:00+05:30,746.9505800000001,754.4200858,739.4810742000001,2025-10-14 12:30:00+05:30,747.025275058,BE,-0.009999999999996623,28.27407827559179,14.027149320378456,6.85867531616024,1.8555478694011218,2.5027062598541883,0.004736756658676575,0.6088320512790732,SHORT,50000,-4.999999999998312
2025-10-14,KIRIINDUS,A_MOD_BREAK_C1_LOW,MODERATE,2025-10-14 10:15:00+05:30,2025-10-14 10:30:00+05:30,558.73823,564.3256123000001,553.1508477,2025-10-14 10:45:00+05:30,558.794103823,BE,-0.009999999999992168,51.50454126862476,23.227383861490623,3.477218225419769,1.9573373228306041,3.5480707760198804,0.005387338795229983,0.9525340314953556,SHORT,50000,-4.999999999996084
2025-10-14,NIITMTS,A_MOD_BREAK_C1_LOW,MODERATE,2025-10-14 10:00:00+05:30,2025-10-14 10:15:00+05:30,328.68425,331.9710925,325.39740750000004,2025-10-14 11:15:00+05:30,325.39740750000004,TARGET,0.9999999999999931,25.78290648463927,51.37614677579307,49.98592342342337,0.7089781405453651,0.35318736228206354,0.0033548303042146947,0.28847413997913113,SHORT,50000,499.99999999999653
2025-10-14,PNBHOUSING,A_MOD_BREAK_C1_LOW,MODERATE,2025-10-14 11:15:00+05:30,2025-10-14 11:30:00+05:30,841.98157,850.4013857,833.5617543000001,2025-10-14 14:30:00+05:30,839.5,EOD,0.2947297290604631,28.569552597260156,40.17857142606011,9.53549462684911,1.738358267051728,1.9069037563703255,0.003971786328916491,0.588101173511471,SHORT,50000,147.36486453023153
2025-10-14,RGL,A_PULLBACK_C2_THEN_BREAK_C2_LOW,MODERATE,2025-10-14 10:30:00+05:30,2025-10-14 11:00:00+05:30,129.95,131.24949999999998,128.6505,2025-10-14 11:15:00+05:30,128.6505,TARGET,0.999999999999996,25.629378410553155,20.86330934951627,4.393071213996343,1.5698444899857773,3.237741457669499,0.009006091872015804,0.5191634619058083,SHORT,50000,499.999999999998
2025-10-14,SATIN,A_MOD_BREAK_C1_LOW,MODERATE,2025-10-14 10:00:00+05:30,2025-10-14 10:15:00+05:30,145.57999999999998,147.0358,144.12419999999997,2025-10-14 11:00:00+05:30,145.59455799999998,BE,-0.00999999999999578,28.18086516023753,45.83333331848008,68.62745098039211,0.7843277511675952,0.7587517786698945,0.005269762836161862,0.3579079227913869,SHORT,50000,-4.99999999999789
2025-10-14,SCHAEFFLER,A_MOD_BREAK_C1_LOW,MODERATE,2025-10-14 11:00:00+05:30,2025-10-14 11:15:00+05:30,3945.2108,3984.662908,3905.758692,2025-10-14 11:45:00+05:30,3905.758692,TARGET,0.9999999999999988,57.33466013133585,9.497816593741547,7.540091099438787,2.0550139486265393,3.7550128142621375,0.004180523423944472,0.96,SHORT,50000,499.99999999999943
2025-10-14,SURYODAY,A_PULLBACK_C2_THEN_BREAK_C2_LOW,MODERATE,2025-10-14 11:00:00+05:30,2025-10-14 11:30:00+05:30,143.95,145.3895,142.51049999999998,2025-10-14 13:45:00+05:30,142.51049999999998,TARGET,1.0000000000000069,43.706196093493276,27.796610165094194,32.86549707602329,0.4158377674480724,1.9183095085050077,0.008509541000515729,0.5842800261310621,SHORT,50000,500.00000000000347
2025-10-14,SYNGENE,A_MOD_BREAK_C1_LOW,MODERATE,2025-10-14 11:15:00+05:30,2025-10-14 11:30:00+05:30,621.47568,627.6904368,615.2609232,2025-10-14 12:00:00+05:30,621.537827568,BE,-0.01000000000000005,43.257824277721916,19.656019654668057,6.773804843090306,2.463303973602434,3.2946714605820366,0.0043563106238879955,0.8588673641658287,SHORT,50000,-5.000000000000025
2025-10-15,CYIENTDLM,A_MOD_BREAK_C1_LOW,MODERATE,2025-10-15 10:15:00+05:30,2025-10-15 10:30:00+05:30,447.9104,452.389504,443.431296,2025-10-15 10:45:00+05:30,447.95519104,BE,-0.010000000000001539,35.016307978296126,6.382978723111719,12.674094707520958,1.7925595988250707,3.3668667843809374,0.012746861025796093,0.6989425494688293,SHORT,50000,-5.000000000000769
2025-10-15,LAOPALA,A_MOD_BREAK_C1_LOW,MODERATE,2025-10-15 10:00:00+05:30,2025-10-15 10:15:00+05:30,228.44,230.7244,226.1556,2025-10-15 13:30:00+05:30,228.462844,BE,-0.00999999999999654,40.90529116259717,30.215827332042664,9.77058010856925,1.1387649209023765,2.9357157037874195,0.0043018344496650865,0.6728632285968734,SHORT,50000,-4.99999999999827
2025-10-15,SINDHUTRAD,A_MOD_BREAK_C1_LOW,MODERATE,2025-10-15 10:30:00+05:30,2025-10-15 10:45:00+05:30,25.14,25.3914,24.8886,2025-10-15 13:30:00+05:30,24.8886,TARGET,1.000000000000001,47.20580932456663,45.217391249300555,26.234567901234616,1.1768332280123057,1.6091892238152845,0.007140023800079312,0.754492415961417,SHORT,50000,500.0000000000005
2025-10-16,RALLIS,A_MOD_BREAK_C1_LOW,MODERATE,2025-10-16 10:00:00+05:30,2025-10-16 10:15:00+05:30,290.79183,293.6997483,287.8839117,2025-10-16 10:45:00+05:30,290.820909183,BE,-0.010000000000007447,34.697536639480305,47.2222222130403,32.312925170067786,1.211702953180393,0.22817192680064577,0.004565537555228226,0.5039196627388056,SHORT,50000,-5.000000000003724
2025-10-17,DCW,A_MOD_BREAK_C1_LOW,MODERATE,2025-10-17 10:15:00+05:30,2025-10-17 10:30:00+05:30,64.74000000000001,65.38740000000001,64.0926,2025-10-17 13:00:00+05:30,64.0926,TARGET,1.0000000000000069,34.35552901747652,30.041152246066673,18.692625276272807,1.0293093659385142,2.412116994775003,0.0046399365177331,0.5554620743013878,SHORT,50000,500.00000000000347
2025-10-17,IRCON,A_MOD_BREAK_C1_LOW,MODERATE,2025-10-17 10:15:00+05:30,2025-10-17 10:30:00+05:30,169.7,171.397,168.003,2025-10-17 14:30:00+05:30,168.75,EOD,0.5598114319387087,30.075403767099306,11.59090908722142,12.731412731412581,1.5931613694445814,4.144651627487426,0.003700744354262169,0.5899342961592913,SHORT,50000,279.9057159693544
2025-10-17,KCP,A_MOD_BREAK_C1_LOW,MODERATE,2025-10-17 13:00:00+05:30,2025-10-17 13:15:00+05:30,193.23,195.1623,191.2977,2025-10-17 14:30:00+05:30,193.76,EOD,-0.27428453138746633,28.090663258773752,36.57957243439176,42.58056969058933,0.8111296669231913,0.8223786083896714,0.0025742354853006346,0.3644265710126483,SHORT,50000,-137.14226569373318
2025-10-17,PGHH,A_MOD_BREAK_C1_LOW,MODERATE,2025-10-17 13:00:00+05:30,2025-10-17 13:15:00+05:30,13911.2172,14050.329372,13772.105027999998,2025-10-17 14:30:00+05:30,13869.0,EOD,0.30347596039258984,44.62024503959537,13.27433628313102,3.5011558824841083,3.476848767428599,3.187642026500506,0.00270519993840152,0.8793036755939305,SHORT,50000,151.73798019629493
2025-10-17,SCHAEFFLER,A_MOD_BREAK_C1_LOW,MODERATE,2025-10-17 13:00:00+05:30,2025-10-17 13:15:00+05:30,3903.5191400000003,3942.5543314000006,3864.4839486,2025-10-17 14:30:00+05:30,3864.4839486,TARGET,1.0000000000000064,29.171398415654544,29.665492957380692,4.22854798908742,1.6062823332264635,1.6070504121130567,0.003654706142612148,0.5590229051551021,SHORT,50000,500.00000000000324
2025-10-17,VEDL,A_MOD_BREAK_C1_LOW,MODERATE,2025-10-17 13:00:00+05:30,2025-10-17 13:15:00+05:30,472.00558,476.7256358,467.2855242,2025-10-17 14:00:00+05:30,472.052780558,BE,-0.009999999999997013,40.38838238273406,10.243902437625323,8.341482365092931,2.554673024772462,2.5313238922684898,0.003212396069538918,0.8158257357410108,SHORT,50000,-4.999999999998507
2025-10-20,AVANTEL,A_MOD_BREAK_C1_LOW,MODERATE,2025-10-20 10:00:00+05:30,2025-10-20 10:15:00+05:30,163.07,164.70069999999998,161.4393,2025-10-20 10:30:00+05:30,163.086307,BE,-0.01000000000000726,42.80385502552257,5.1305683561541,4.787879219023358,1.372047907118314,6.836675216451677,0.019581393324920596,0.7421662091285435,SHORT,50000,-5.00000000000363
2025-10-20,GOODLUCK,A_MOD_BREAK_C1_LOW,MODERATE,2025-10-20 11:00:00+05:30,2025-10-20 11:15:00+05:30,1212.45746,1224.5820346,1200.3328854000001,2025-10-20 12:45:00+05:30,1224.5820346,SL,-0.9999999999999966,50.11519050265728,23.488773747273058,15.956558061821084,0.976231184432897,2.602303925428704,0.007857436922895969,0.780840457275757,SHORT,50000,-499.9999999999983
2025-10-20,GULPOLY,A_MOD_BREAK_C1_LOW,MODERATE,2025-10-20 10:15:00+05:30,2025-10-20 10:30:00+05:30,138.67999999999998,140.06679999999997,137.29319999999998,2025-10-20 13:45:00+05:30,138.69386799999998,BE,-0.010000000000001596,40.87222581917145,36.705882340849634,62.30620155038716,0.5927384961960709,1.1588299996713654,0.0063587029275777324,0.5347541241054524,SHORT,50000,-5.000000000000798
2025-10-20,JSFB,A_MOD_BREAK_C1_LOW,MODERATE,2025-10-20 10:00:00+05:30,2025-10-20 10:15:00+05:30,421.71564,425.93279640000003,417.4984836,2025-10-20 10:45:00+05:30,421.757811564,BE,-0.01000000000000005,30.02570391133468,8.142857142531355,6.45688513737175,1.3490910736526673,5.269367180913087,0.010172647257955308,0.546476496559237,SHORT,50000,-5.000000000000025
2025-10-20,POONAWALLA,A_MOD_BREAK_C1_LOW,MODERATE,2025-10-20 10:45:00+05:30,2025-10-20 11:00:00+05:30,511.3977,516.511677,506.283723,2025-10-20 11:30:00+05:30,511.44883977,BE,-0.010000000000003957,50.3530706382706,25.447042640010196,20.3059651633199,1.30779568392508,3.0048364537856593,0.008453870211102449,0.838864244686889,SHORT,50000,-5.000000000001978
2025-10-20,POWERMECH,A_MOD_BREAK_C1_LOW,MODERATE,2025-10-20 10:15:00+05:30,2025-10-20 10:30:00+05:30,2632.87332,2659.2020532,2606.5445868,2025-10-20 13:45:00+05:30,2633.136607332,BE,-0.009999999999995849,43.50841281370108,15.300546447795114,7.551566540381341,1.1257529611523138,3.007103852831363,0.005085397836877134,0.7096329604071709,SHORT,50000,-4.999999999997924
2025-10-20,RICOAUTO,A_MOD_BREAK_C1_LOW,MODERATE,2025-10-20 10:00:00+05:30,2025-10-20 10:15:00+05:30,84.31,85.15310000000001,83.4669,2025-10-20 13:15:00+05:30,85.15310000000001,SL,-1.0000000000000082,37.99912155253131,15.019762837538764,6.642242131999349,1.2235049245349157,3.580516572927553,0.004314136834269505,0.6441001850815797,SHORT,50000,-500.0000000000041
2025-10-20,UTTAMSUGAR,A_MOD_BREAK_C1_LOW,MODERATE,2025-10-20 10:15:00+05:30,2025-10-20 10:30:00+05:30,244.97,247.4197,242.5203,2025-10-20 12:45:00+05:30,247.4197,SL,-1.0000000000000029,43.93832513080706,5.113636362958118,5.309157000499566,1.2841884814887603,4.4401462498350694,0.006328929416840593,0.7438078612226389,SHORT,50000,-500.0000000000015
2025-10-23,FORTIS,A_MOD_BREAK_C1_LOW,MODERATE,2025-10-23 10:45:00+05:30,2025-10-23 11:00:00+05:30,1082.88338,1093.7122138,1072.0545462,2025-10-23 11:45:00+05:30,1072.0545462,TARGET,0.9999999999999984,26.39656209332993,38.05031446373385,22.72727272727271,1.161325689900659,1.3326593308524457,0.0054341736694678055,0.42581339367518656,SHORT,50000,499.9999999999992
2025-10-24,AEGISLOG,A_MOD_BREAK_C1_LOW,MODERATE,2025-10-24 10:30:00+05:30,2025-10-24 10:45:00+05:30,794.44108,802.3854908000001,786.4966692,2025-10-24 14:00:00+05:30,786.4966692,TARGET,1.0000000000000018,38.012075960963315,35.17915309125431,43.494805108861584,0.7810702016928386,1.431160899724224,0.0037220620852527566,0.5384264696969077,SHORT,50000,500.00000000000085
2025-10-24,DALBHARAT,A_MOD_BREAK_C1_LOW,MODERATE,2025-10-24 10:30:00+05:30,2025-10-24 10:45:00+05:30,2104.6789799999997,2125.7257698,2083.6321901999995,2025-10-24 14:30:00+05:30,2099.2,EOD,0.2603237858155387,35.94739089496643,22.286541244121565,3.206653119281324,1.2250872635329297,3.6475340083895214,0.004076787410120784,0.6136011345427592,SHORT,50000,130.16189290776936
2025-10-24,EICHERMOT,A_MOD_BREAK_C1_LOW,MODERATE,2025-10-24 10:15:00+05:30,2025-10-24 10:30:00+05:30,6839.1319,6907.523219000001,6770.740581,2025-10-24 14:30:00+05:30,6825.0,EOD,0.20663295000934714,43.508678759381986,25.135135134944917,11.854508237580978,1.8576728541351777,4.025459376447353,0.0030953772915187703,0.8377229308643859,SHORT,50000,103.31647500467356
2025-10-24,PNBGILTS,A_MOD_BREAK_C1_LOW,MODERATE,2025-10-24 10:30:00+05:30,2025-10-24 10:45:00+05:30,90.07000000000001,90.97070000000001,89.1693,2025-10-24 14:30:00+05:30,90.079007,BE,-0.009999999999996534,30.988397023796818,10.232558132871802,11.736631363311533,1.5622755866804747,3.366194405776855,0.0041271249544511,0.5982241830260353,SHORT,50000,-4.999999999998267
2025-10-24,UNIPARTS,A_MOD_BREAK_C1_LOW,MODERATE,2025-10-24 10:15:00+05:30,2025-10-24 10:30:00+05:30,465.50688,470.1619488,460.85181120000004,2025-10-24 11:45:00+05:30,460.85181120000004,TARGET,0.9999999999999959,36.94715714348036,11.16838487918794,6.490548975495677,1.6586882414832032,4.553810155927691,0.008126466213833373,0.7044777994117659,SHORT,50000,499.99999999999795
2025-10-27,ABSLAMC,A_MOD_BREAK_C1_LOW,MODERATE,2025-10-27 10:30:00+05:30,2025-10-27 10:45:00+05:30,826.3347,834.598047,818.071353,2025-10-27 11:15:00+05:30,818.071353,TARGET,0.9999999999999943,45.59220441002758,19.732937684639936,20.907776183323065,0.7934504684224277,2.0951689017953092,0.008054619306887922,0.6827368981243385,SHORT,50000,499.99999999999716
2025-10-27,BLS,A_MOD_BREAK_C1_LOW,MODERATE,2025-10-27 10:00:00+05:30,2025-10-27 10:15:00+05:30,314.03718000000003,317.17755180000006,310.8968082,2025-10-27 14:30:00+05:30,314.55,EOD,-0.163299135471786,36.03233431541911,11.475409834309843,4.6788892761704775,1.234288309640796,3.510318468859372,0.004793711377680823,0.6164854689184258,SHORT,50000,-81.64956773589302
2025-10-27,GHCLTEXTIL,A_MOD_BREAK_C1_LOW,MODERATE,2025-10-27 10:45:00+05:30,2025-10-27 11:00:00+05:30,77.55,78.32549999999999,76.7745,2025-10-27 14:30:00+05:30,77.4,EOD,0.19342359767890582,46.89138107386807,19.047619040564342,29.308176100628874,1.162209150015482,2.1939412811535304,0.009697225949960513,0.7667573173607303,SHORT,50000,96.71179883945291
2025-10-27,INDIGOPNTS,A_MOD_BREAK_C1_LOW,MODERATE,2025-10-27 10:15:00+05:30,2025-10-27 10:30:00+05:30,1020.99576,1031.2057176,1010.7858024,2025-10-27 14:00:00+05:30,1010.7858024,TARGET,1.000000000000005,26.32584186368419,28.464419474162767,4.545214312139666,1.0951549882827012,2.702979476508443,0.003560237255889412,0.4465397509047356,SHORT,50000,500.0000000000025
2025-10-27,KPIL,A_PULLBACK_C2_THEN_BREAK_C2_LOW,MODERATE,2025-10-27 11:00:00+05:30,2025-10-27 11:30:00+05:30,1235.7528,1248.110328,1223.395272,2025-10-27 12:15:00+05:30,1223.395272,TARGET,1.0000000000000002,34.16343796120475,35.665914220091935,13.644710110954975,1.5830934890347725,1.796376663037043,0.0055957867017774904,0.6393117631510086,SHORT,50000,500.0000000000001
2025-10-27,NLCINDIA,A_MOD_BREAK_C1_LOW,MODERATE,2025-10-27 11:15:00+05:30,2025-10-27 11:30:00+05:30,262.59747,265.2234447,259.97149529999996,2025-10-27 14:15:00+05:30,262.62372974699997,BE,-0.009999999999993616,27.98919931909672,25.714285703998982,26.282051282051928,1.2236757019727988,1.5549337748737224,0.0030181086519114595,0.4717279263753767,SHORT,50000,-4.999999999996808
2025-10-28,ADANIENSOL,A_MOD_BREAK_C1_LOW,MODERATE,2025-10-28 11:15:00+05:30,2025-10-28 11:30:00+05:30,924.3151,933.558251,915.071949,2025-10-28 13:45:00+05:30,924.40753151,BE,-0.009999999999998167,29.81382755464615,25.343320848052883,9.2399805460259,1.7623042336595585,2.4817827633971437,0.005400376752516825,0.615610654210115,SHORT,50000,-4.999999999999083
2025-10-28,BSE,A_MOD_BREAK_C1_LOW,MODERATE,2025-10-28 11:00:00+05:30,2025-10-28 11:15:00+05:30,2429.514,2453.8091400000003,2405.21886,2025-10-28 13:00:00+05:30,2429.7569514,BE,-0.010000000000001568,28.062148992881223,17.295308187449862,2.259187826198158,2.7380677665567594,3.4855443961245833,0.0051263962375073515,0.6309322348932183,SHORT,50000,-5.000000000000784
2025-10-28,HINDZINC,A_MOD_BREAK_C1_LOW,MODERATE,2025-10-28 11:15:00+05:30,2025-10-28 11:30:00+05:30,471.15575,475.86730750000004,466.4441925,2025-10-28 14:30:00+05:30,468.5,EOD,0.5636671100798434,32.46674902510163,16.66666666547009,6.723239044049305,2.3580383073713156,3.583880128043972,0.004718981972428391,0.6970012353765243,SHORT,50000,281.8335550399217
2025-10-28,KSB,A_MOD_BREAK_C1_LOW,MODERATE,2025-10-28 10:00:00+05:30,2025-10-28 10:15:00+05:30,789.842,797.74042,781.94358,2025-10-28 11:30:00+05:30,781.94358,TARGET,0.9999999999999984,26.453653803032616,37.83102143624306,28.205007313918255,1.07262591071848,1.9685351151572839,0.005363915477695511,0.4429410971790874,SHORT,50000,499.9999999999992
2025-10-29,ANGELONE,A_MOD_BREAK_C1_LOW,MODERATE,2025-10-29 10:00:00+05:30,2025-10-29 10:15:00+05:30,2484.10308,2508.9441108,2459.2620491999996,2025-10-29 11:30:00+05:30,2484.351490308,BE,-0.01000000000000302,29.772794534816697,27.51615881774218,45.83333333333332,0.23822097796834638,2.2522225053116394,0.006709904439921334,0.34828058916671106,SHORT,50000,-5.00000000000151
2025-10-29,CREDITACC,A_MOD_BREAK_C1_LOW,MODERATE,2025-10-29 11:15:00+05:30,2025-10-29 11:30:00+05:30,1390.82178,1404.7299978,1376.9135622,2025-10-29 14:15:00+05:30,1390.960862178,BE,-0.010000000000005796,38.852160090368116,7.321772639593078,26.694444444444443,1.7468385697654918,2.7743249690089424,0.01346469622331693,0.7484791510644828,SHORT,50000,-5.000000000002898
2025-10-29,KFINTECH,A_MOD_BREAK_C1_LOW,MODERATE,2025-10-29 11:00:00+05:30,2025-10-29 11:15:00+05:30,1119.97596,1131.1757196,1108.7762003999999,2025-10-29 14:30:00+05:30,1122.9,EOD,-0.2610806039086861,31.030917001232734,19.788918205439458,18.051282051282218,1.5704248686264304,2.78263084095245,0.00914377534623921,0.6002881070281163,SHORT,50000,-130.54030195434305
2025-10-29,MOTILALOFS,A_MOD_BREAK_C1_LOW,MODERATE,2025-10-29 10:30:00+05:30,2025-10-29 10:45:00+05:30,1004.2991,1014.342091,994.2561089999999,2025-10-29 11:00:00+05:30,1004.39952991,BE,-0.010000000000000255,45.30942857588738,5.982490272292125,6.246312049962774,1.525221120304254,4.478962698542706,0.011612293614481826,0.806555124691555,SHORT,50000,-5.000000000000128
2025-10-30,AIIL,A_MOD_BREAK_C1_LOW,MODERATE,2025-10-30 10:15:00+05:30,2025-10-30 10:30:00+05:30,589.48208,595.3769008,583.5872592,2025-10-30 13:00:00+05:30,583.5872592,TARGET,1.0000000000000082,26.743264299152845,10.294117645999691,4.135874877810319,1.0075297297685355,2.8130681426412645,0.004188861985472172,0.43746666719678634,SHORT,50000,500.0000000000041
2025-10-30,DCMSRIND,B_HUGE_RED_FAILED_BOUNCE,HUGE,2025-10-30 11:30:00+05:30,2025-10-30 13:00:00+05:30,171.04999999999998,172.76049999999998,169.3395,2025-10-30 14:30:00+05:30,171.37,EOD,-0.18707980122772383,31.578388903522338,28.16091953456541,40.46743196775764,0.2812338326316921,1.700649927034188,0.008372747560203836,0.40792425061509063,SHORT,50000,-93.53990061386192
2025-10-30,NAVINFLUOR,A_MOD_BREAK_C1_LOW,MODERATE,2025-10-30 13:00:00+05:30,2025-10-30 13:15:00+05:30,4929.014,4978.30414,4879.72386,2025-10-30 14:30:00+05:30,4929.5069014,BE,-0.009999999999998722,28.963216121994257,26.58402203831099,11.775930352455601,1.6118472939477553,1.508338756149432,0.003635178209214715,0.5519384560782427,SHORT,50000,-4.9999999999993605
2025-10-30,UBL,A_MOD_BREAK_C1_LOW,MODERATE,2025-10-30 10:45:00+05:30,2025-10-30 11:00:00+05:30,1785.84276,1803.7011876,1767.9843324,2025-10-30 11:15:00+05:30,1786.021344276,BE,-0.010000000000002117,34.06937764139029,9.63302752272952,47.61363636363649,0.7106748108809775,2.690682731437903,0.007110084409771064,0.4954087565250254,SHORT,50000,-5.000000000001058
2025-10-31,BANDHANBNK,A_MOD_BREAK_C1_LOW,MODERATE,2025-10-31 11:00:00+05:30,2025-10-31 11:15:00+05:30,159.97,161.5697,158.3703,2025-10-31 12:30:00+05:30,158.3703,TARGET,1.000000000000008,45.217607047955994,8.150470218541429,6.389910733659274,1.159175773173785,3.9608930208138324,0.01000597504748825,0.7411198660247522,SHORT,50000,500.000000000004
2025-10-31,BATAINDIA,A_MOD_BREAK_C1_LOW,MODERATE,2025-10-31 10:15:00+05:30,2025-10-31 10:30:00+05:30,1069.786,1080.48386,1059.08814,2025-10-31 14:30:00+05:30,1069.9,EOD,-0.010656336874854667,25.23953100831058,20.24539877126705,27.583838383838227,0.7238194054486743,2.15555661717662,0.0025300400534045303,0.3652613610781767,SHORT,50000,-5.328168437427334
2025-10-31,CHAMBLFERT,A_MOD_BREAK_C1_LOW,MODERATE,2025-10-31 10:30:00+05:30,2025-10-31 10:45:00+05:30,477.4045,482.178545,472.630455,2025-10-31 13:00:00+05:30,482.178545,SL,-1.0000000000000002,42.91816983391446,23.175965662450906,7.500375857243607,1.3390436870776277,3.6040473335974847,0.0032593257083052846,0.7381051927473017,SHORT,50000,-500.0000000000001
2025-10-31,COHANCE,A_MOD_BREAK_C1_LOW,MODERATE,2025-10-31 10:15:00+05:30,2025-10-31 10:30:00+05:30,762.8474,770.475874,755.218926,2025-10-31 10:45:00+05:30,755.218926,TARGET,0.9999999999999978,42.086709169400926,19.327731091527426,5.589862530501647,1.2759394819931862,3.671872836061143,0.004713536790863136,0.7145900468898214,SHORT,50000,499.99999999999886
2025-10-31,EVEREADY,A_MOD_BREAK_C1_LOW,MODERATE,2025-10-31 10:45:00+05:30,2025-10-31 11:00:00+05:30,381.72364,385.5408764,377.9064036,2025-10-31 14:30:00+05:30,382.3,EOD,-0.15098881483997753,36.37990978540852,39.436619710533655,37.543859649122936,1.1414321977112372,1.5557240031054236,0.0033207363615954393,0.5832354815358656,SHORT,50000,-75.49440741998876
2025-10-31,HDFCBANK,A_MOD_BREAK_C1_LOW,MODERATE,2025-10-31 10:45:00+05:30,2025-10-31 11:00:00+05:30,988.3023,998.1853229999999,978.419277,2025-10-31 11:30:00+05:30,988.4011302299999,BE,-0.009999999999997565,30.707830688884954,21.76591375644894,7.780980051899149,2.3429986221227512,2.8888092291978276,0.0037261429365761383,0.6706174603332742,SHORT,50000,-4.999999999998782
2025-10-31,ICICIBANK,A_MOD_BREAK_C1_LOW,MODERATE,2025-10-31 10:45:00+05:30,2025-10-31 11:00:00+05:30,1349.4300600000001,1362.9243606000002,1335.9357594,2025-10-31 14:30:00+05:30,1349.9,EOD,-0.03482507274218802,27.69265945881078,18.41004183992608,5.229934520417779,1.9664773102675943,3.175957425121735,0.0024537541380660172,0.6195234211789906,SHORT,50000,-17.41253637109401
2025-10-31,JUBLINGREA,A_MOD_BREAK_C1_LOW,MODERATE,2025-10-31 13:00:00+05:30,2025-10-31 13:15:00+05:30,685.61285,692.4689784999999,678.7567215,2025-10-31 14:00:00+05:30,685.681411285,BE,-0.00999999999999811,31.646363214049966,11.387900354737354,1.3477734631096219,3.318808906850614,2.5937886730886768,0.0033778157138693353,0.6846954482107495,SHORT,50000,-4.999999999999055
2025-10-31,NH,A_MOD_BREAK_C1_LOW,MODERATE,2025-10-31 11:15:00+05:30,2025-10-31 11:30:00+05:30,1745.6508,1763.1073079999999,1728.194292,2025-10-31 12:15:00+05:30,1745.82536508,BE,-0.010000000000005333,29.661424394998733,24.03718459450674,3.416152130124754,2.239982737506749,2.5037229139701465,0.0059039986916346425,0.6549213659249808,SHORT,50000,-5.000000000002666
2025-10-31,ROUTE,A_MOD_BREAK_C1_LOW,MODERATE,2025-10-31 10:30:00+05:30,2025-10-31 10:45:00+05:30,716.3567,723.5202670000001,709.193133,2025-10-31 11:15:00+05:30,716.42833567,BE,-0.009999999999996905,37.01891393129514,25.213675210657755,11.836734693877476,1.717389201734804,1.5263344922732724,0.004720037481184635,0.6921435438866814,SHORT,50000,-4.999999999998453
2025-10-31,TECHM,A_MOD_BREAK_C1_LOW,MODERATE,2025-10-31 10:45:00+05:30,2025-10-31 11:00:00+05:30,1430.41386,1444.7179986,1416.1097214000001,2025-10-31 14:15:00+05:30,1430.5569013860002,BE,-0.010000000000003487,44.04501335511484,36.36363636106541,65.6703419786581,0.5296154558437038,1.4518051773731206,0.0027203753618847844,0.5859481639680268,SHORT,50000,-5.0000000000017435
2025-10-31,VRAJ,A_MOD_BREAK_C1_LOW,MODERATE,2025-10-31 10:45:00+05:30,2025-10-31 11:00:00+05:30,146.35,147.8135,144.88649999999998,2025-10-31 11:45:00+05:30,147.8135,SL,-1.000000000000007,26.674237823226306,37.587822007889585,33.78839590443712,1.3153619320135959,1.7192415795296685,0.006703747072599522,0.4762639844272573,SHORT,50000,-500.0000000000036
2025-11-03,ACE,A_MOD_BREAK_C1_LOW,MODERATE,2025-11-03 11:00:00+05:30,2025-11-03 11:15:00+05:30,1097.7804,1108.7582040000002,1086.802596,2025-11-03 14:30:00+05:30,1095.8,EOD,0.18040037880072782,31.957779314190276,36.249999998413784,20.531216931217077,1.877036617531461,1.924892903580204,0.003948378367830166,0.66409274295987,SHORT,50000,90.20018940036391
2025-11-03,EMIL,A_MOD_BREAK_C1_LOW,MODERATE,2025-11-03 10:30:00+05:30,2025-11-03 10:45:00+05:30,147.32,148.79319999999998,145.8468,2025-11-03 13:45:00+05:30,148.79319999999998,SL,-0.9999999999999943,25.659603198022896,10.373443980389467,6.956244310333093,2.726451358054613,4.839455924045608,0.0038433204737995386,0.5948940479703435,SHORT,50000,-499.99999999999716
2025-11-03,GREENPANEL,A_MOD_BREAK_C1_LOW,MODERATE,2025-11-03 10:00:00+05:30,2025-11-03 10:15:00+05:30,281.84362,284.6620562,279.0251838,2025-11-03 12:45:00+05:30,281.871804362,BE,-0.0099999999999966,34.5545504404322,17.543859647398932,5.520381252477098,1.205352600736351,4.720186862676296,0.005435058024628778,0.5892549617353444,SHORT,50000,-4.9999999999983
2025-11-03,HGS,A_MOD_BREAK_C1_LOW,MODERATE,2025-11-03 10:00:00+05:30,2025-11-03 10:15:00+05:30,511.09776,516.2087376,505.9867824,2025-11-03 12:30:00+05:30,511.14886977599997,BE,-0.009999999999995242,66.90579568439018,39.71291865851359,23.888888888888903,0.9226414827990421,1.7865012270046154,0.006466209516361096,0.7607873208400631,SHORT,50000,-4.9999999999976215
2025-11-03,JSL,A_MOD_BREAK_C1_LOW,MODERATE,2025-11-03 13:15:00+05:30,2025-11-03 13:30:00+05:30,751.19973,758.7117273,743.6877327000001,2025-11-03 14:30:00+05:30,747.3,EOD,0.5191335731710247,35.24054430553367,26.89938398202601,8.469704262260068,2.826766944131947,2.4720275139257377,0.0040289629221383775,0.7386081645830049,SHORT,50000,259.5667865855124
2025-11-03,OLAELEC,A_MOD_BREAK_C1_LOW,MODERATE,2025-11-03 10:45:00+05:30,2025-11-03 11:00:00+05:30,49.400000000000006,49.894000000000005,48.906000000000006,2025-11-03 12:00:00+05:30,49.40494,BE,-0.009999999999995391,46.70817195873914,27.12933752745073,47.6303143685118,0.1714070991213744,1.7785046036404712,0.009841269841269831,0.5795440519093513,SHORT,50000,-4.999999999997696
2025-11-03,SHARDACROP,A_MOD_BREAK_C1_LOW,MODERATE,2025-11-03 11:15:00+05:30,2025-11-03 11:30:00+05:30,835.8328,844.191128,827.474472,2025-11-03 11:45:00+05:30,827.474472,TARGET,1.0000000000000033,28.974410158224423,14.744645798671527,4.790201393531951,1.6450834816606414,3.7091981377356626,0.008969107356204133,0.5825057616639786,SHORT,50000,500.00000000000165
2025-11-04,AFFLE,A_MOD_BREAK_C1_LOW,MODERATE,2025-11-04 10:15:00+05:30,2025-11-04 10:30:00+05:30,1825.6348,1843.8911480000002,1807.378452,2025-11-04 10:45:00+05:30,1807.378452,TARGET,1.0000000000000062,25.695803223367868,16.85214626372347,9.902840059790812,1.3789822148248756,4.278155002934825,0.007600697512570096,0.48675893594487124,SHORT,50000,500.0000000000031
2025-11-04,AHLUCONT,A_MOD_BREAK_C1_LOW,MODERATE,2025-11-04 11:00:00+05:30,2025-11-04 11:15:00+05:30,929.56405,938.8596904999999,920.2684095,2025-11-04 12:00:00+05:30,920.2684095,TARGET,0.999999999999999,31.8932199378799,35.23985239670344,11.41025641025623,1.538600415453843,1.906492440195405,0.004640264279952375,0.6029779937823914,SHORT,50000,499.9999999999995
2025-11-04,KALAMANDIR,A_MOD_BREAK_C1_LOW,MODERATE,2025-11-04 11:15:00+05:30,2025-11-04 11:30:00+05:30,175.45,177.2045,173.69549999999998,2025-11-04 13:15:00+05:30,175.46754499999997,BE,-0.009999999999990971,26.79306176693909,18.236173389307822,6.71909683845323,1.6709767830175888,2.4891196306027816,0.005665445665445613,0.5543168635321645,SHORT,50000,-4.999999999995485
2025-11-04,MANORAMA,A_MOD_BREAK_C1_LOW,MODERATE,2025-11-04 13:00:00+05:30,2025-11-04 13:15:00+05:30,1348.7302,1362.217502,1335.242898,2025-11-04 14:00:00+05:30,1348.86507302,BE,-0.009999999999998989,29.551629582416354,7.328605200702896,3.412598204264873,2.6010494746117576,2.7866793600809903,0.004267711532351989,0.6532744437362452,SHORT,50000,-4.999999999999495
2025-11-04,NTPC,A_MOD_BREAK_C1_LOW,MODERATE,2025-11-04 10:30:00+05:30,2025-11-04 10:45:00+05:30,330.68385,333.99068850000003,327.3770115,2025-11-04 14:30:00+05:30,330.2,EOD,0.14631800131757813,42.636431046516876,15.671641787770156,8.562691131498363,1.195905167287392,3.486538593584763,0.0030103582218385695,0.7088298699730466,SHORT,50000,73.15900065878907
2025-11-04,RUPA,A_MOD_BREAK_C1_LOW,MODERATE,2025-11-04 10:00:00+05:30,2025-11-04 10:15:00+05:30,191.67,193.58669999999998,189.7533,2025-11-04 11:45:00+05:30,193.58669999999998,SL,-0.9999999999999957,31.73341269866448,45.657568222352225,34.342849794238994,0.8078728277645375,1.9978386771208243,0.002983018024728136,0.4772708691948025,SHORT,50000,-499.99999999999784
2025-11-04,SPLPETRO,A_MOD_BREAK_C1_LOW,MODERATE,2025-11-04 10:00:00+05:30,2025-11-04 10:15:00+05:30,709.858,716.9565799999999,702.75942,2025-11-04 11:00:00+05:30,709.9289858,BE,-0.010000000000002361,44.514146811473324,12.13114754042688,25.347472055680484,0.731363475036288,3.3834260080204968,0.006644869215291792,0.6557008103034503,SHORT,50000,-5.00000000000118
2025-11-04,SUBROS,A_MOD_BREAK_C1_LOW,MODERATE,2025-11-04 10:45:00+05:30,2025-11-04 11:00:00+05:30,1049.2901,1059.783001,1038.7971989999999,2025-11-04 14:30:00+05:30,1043.0,EOD,0.5994624365559095,26.746286325943803,17.67955801036662,13.267845971595639,1.2560458385384718,2.463408577664096,0.005939341161743308,0.4810023166333896,SHORT,50000,299.7312182779547
2025-11-04,TATAPOWER,A_MOD_BREAK_C1_LOW,MODERATE,2025-11-04 10:15:00+05:30,2025-11-04 10:30:00+05:30,400.56987,404.57556869999996,396.5641713,2025-11-04 13:15:00+05:30,400.609926987,BE,-0.010000000000003504,27.389568590192237,22.891566262485938,7.3210922787192745,1.2439167142567509,2.9460625123132,0.0038855716959272915,0.488528953847815,SHORT,50000,-5.0000000000017515
2025-11-04,VRAJ,A_MOD_BREAK_C1_LOW,MODERATE,2025-11-04 10:15:00+05:30,2025-11-04 10:30:00+05:30,146.07999999999998,147.5408,144.61919999999998,2025-11-04 14:30:00+05:30,145.19,EOD,0.6092552026286873,26.42387473469754,44.837758093577435,72.89562289562245,0.6296351451972959,0.8220756118444582,0.003861003861003891,0.3076480520222128,SHORT,50000,304.6276013143437
2025-11-04,WIPRO,A_MOD_BREAK_C1_LOW,MODERATE,2025-11-04 11:15:00+05:30,2025-11-04 11:30:00+05:30,232.85,235.17849999999999,230.5215,2025-11-04 14:30:00+05:30,231.75,EOD,0.472407129053036,35.32544529450096,33.720930221579536,15.93095642331631,1.4375360803676127,1.9804497488684085,0.00228436513046945,0.6404729809252672,SHORT,50000,236.203564526518
2025-11-06,ADANIENT,A_MOD_BREAK_C1_LOW,MODERATE,2025-11-06 10:45:00+05:30,2025-11-06 11:00:00+05:30,2270.0459,2292.746359,2247.345441,2025-11-06 11:30:00+05:30,2270.27290459,BE,-0.009999999999999058,37.30000539352861,11.769005847832474,1.9956408620474548,1.663496498919246,3.154530513423681,0.009804969108062044,0.710611968213797,SHORT,50000,-4.999999999999529
2025-11-06,ASAHIINDIA,A_MOD_BREAK_C1_LOW,MODERATE,2025-11-06 10:15:00+05:30,2025-11-06 10:30:00+05:30,897.07055,906.0412555,888.0998445,2025-11-06 10:45:00+05:30,888.0998445,TARGET,1.0000000000000009,45.80402164505938,16.03325415650302,21.08595081568062,0.752936372159757,3.3053658921157796,0.011786984691608982,0.6788241898038481,SHORT,50000,500.00000000000045
2025-11-06,ATL,A_MOD_BREAK_C1_LOW,MODERATE,2025-11-06 10:15:00+05:30,2025-11-06 10:30:00+05:30,30.189999999999998,30.491899999999998,29.888099999999998,2025-11-06 10:45:00+05:30,30.193018999999996,BE,-0.009999999999994465,44.8528839001416,14.83050846577845,8.54595817727841,1.2312139757749152,3.22035022347149,0.012521812950997496,0.7482557042627342,SHORT,50000,-4.999999999997232
2025-11-06,AWHCL,A_MOD_BREAK_C1_LOW,MODERATE,2025-11-06 10:15:00+05:30,2025-11-06 10:30:00+05:30,507.3985,512.472485,502.324515,2025-11-06 14:30:00+05:30,506.95,EOD,0.08839206264898775,39.37517126969381,19.660194173421345,10.842015516528184,1.800204993140075,4.029102978182073,0.004847265410645722,0.7656634428449203,SHORT,50000,44.19603132449387
2025-11-06,BAJAJHIND,A_MOD_BREAK_C1_LOW,MODERATE,2025-11-06 10:00:00+05:30,2025-11-06 10:15:00+05:30,21.46,21.6746,21.2454,2025-11-06 13:15:00+05:30,21.462146,BE,-0.009999999999998878,49.87323432924086,12.857142831428561,5.528360528360522,1.2344481440747241,4.562855580010801,0.004711034436998203,0.8241269401516895,SHORT,50000,-4.99999999999944
2025-11-06,BDL,A_MOD_BREAK_C1_LOW,MODERATE,2025-11-06 10:15:00+05:30,2025-11-06 10:30:00+05:30,1438.01234,1452.3924634,1423.6322166,2025-11-06 13:00:00+05:30,1438.156141234,BE,-0.00999999999999763,52.13066383161018,1.5128593040526823,2.2650397038289394,2.204224202136561,5.685031640835075,0.005457832162970178,0.96,SHORT,50000,-4.999999999998815
2025-11-06,CAMS,A_MOD_BREAK_C1_LOW,MODERATE,2025-11-06 10:15:00+05:30,2025-11-06 10:30:00+05:30,748.0503600000001,755.5308636000001,740.5698564,2025-11-06 12:45:00+05:30,748.1251650360001,BE,-0.010000000000005801,68.95655746192256,14.999999999045684,7.2677796123034675,1.5780718257048552,4.334218001291784,0.0038473288272806963,0.8861625694983495,SHORT,50000,-5.000000000002901
2025-11-06,CONCOR,A_MOD_BREAK_C1_LOW,MODERATE,2025-11-06 10:30:00+05:30,2025-11-06 10:45:00+05:30,525.19494,530.4468894,519.9429905999999,2025-11-06 14:30:00+05:30,519.9429905999999,TARGET,1.000000000000011,46.62628455623707,11.607142856417525,3.278870949348726,2.349467185353003,4.725160119898667,0.004915090619858866,0.9093942683435559,SHORT,50000,500.00000000000557
2025-11-06,EMSLIMITED,A_MOD_BREAK_C1_LOW,MODERATE,2025-11-06 11:00:00+05:30,2025-11-06 11:15:00+05:30,476.10476,480.8658076,471.3437124,2025-11-06 11:30:00+05:30,471.3437124,TARGET,0.9999999999999966,68.61288255985156,7.642487046354788,4.400790278214512,1.527886749574196,4.11164160747242,0.011052907281299111,0.8773801811754842,SHORT,50000,499.9999999999983
2025-11-06,GRASIM,A_MOD_BREAK_C1_LOW,MODERATE,2025-11-06 10:15:00+05:30,2025-11-06 10:30:00+05:30,2729.454,2756.74854,2702.1594600000003,2025-11-06 10:45:00+05:30,2729.7269454,BE,-0.010000000000000953,39.70856490037681,5.438879913798488,5.826176646646448,1.7034561457365651,5.638641551709424,0.007276051188299827,0.7537332990095509,SHORT,50000,-5.000000000000477
2025-11-06,HINDALCO,A_MOD_BREAK_C1_LOW,MODERATE,2025-11-06 10:00:00+05:30,2025-11-06 10:15:00+05:30,778.9441800000001,786.7336218,771.1547382000001,2025-11-06 10:45:00+05:30,771.1547382000001,TARGET,0.9999999999999951,48.68125179825639,5.533596837822188,11.55977830562157,1.1086903437430176,6.7734964880597435,0.008705213964995897,0.7842395871288739,SHORT,50000,499.99999999999756
2025-11-06,HINDCOPPER,A_MOD_BREAK_C1_LOW,MODERATE,2025-11-06 10:15:00+05:30,2025-11-06 10:30:00+05:30,324.98499000000004,328.23483990000005,321.7351401,2025-11-06 11:15:00+05:30,325.017488499,BE,-0.009999999999995323,42.015457345764005,19.634703193836472,18.483221966626346,1.9072665361921857,3.4867747367709607,0.005903913262954585,0.8240035040200926,SHORT,50000,-4.999999999997661
2025-11-06,HINDZINC,A_MOD_BREAK_C1_LOW,MODERATE,2025-11-06 10:15:00+05:30,2025-11-06 10:30:00+05:30,467.9064,472.585464,463.22733600000004,2025-11-06 11:15:00+05:30,467.95319064,BE,-0.009999999999996439,34.65197940817504,30.434782604578743,15.615850087838824,1.55225620462291,2.361618017486292,0.003754578754578741,0.6514245269316348,SHORT,50000,-4.999999999998219
2025-11-06,HITECH,B_HUGE_RED_FAILED_BOUNCE,HUGE,2025-11-06 10:00:00+05:30,2025-11-06 13:00:00+05:30,106.37,107.4337,105.30630000000001,2025-11-06 13:15:00+05:30,105.30630000000001,TARGET,0.9999999999999972,34.24146271728535,24.3523316026847,4.676914778856649,1.6495981673907307,4.189672127428858,0.009520687255794049,0.7023016200526581,SHORT,50000,499.99999999999864
2025-11-06,HUDCO,A_MOD_BREAK_C1_LOW,MODERATE,2025-11-06 10:15:00+05:30,2025-11-06 10:30:00+05:30,228.64999999999998,230.93649999999997,226.3635,2025-11-06 11:00:00+05:30,228.67286499999997,BE,-0.009999999999998215,41.94340830292482,21.238938049338273,3.41672996969614,1.9204990322406579,3.8228444408845115,0.004563058279717681,0.8252384551859875,SHORT,50000,-4.999999999999107
2025-11-06,IGARASHI,B_HUGE_RED_FAILED_BOUNCE,HUGE,2025-11-06 10:30:00+05:30,2025-11-06 13:00:00+05:30,480.9038,485.712838,476.094762,2025-11-06 13:15:00+05:30,485.712838,SL,-0.9999999999999972,37.26237155457237,17.894736840786635,19.265264106028315,1.8354072920097866,3.8399481112494267,0.005946847285551958,0.7801318494202982,SHORT,50000,-499.99999999999864
2025-11-06,IONEXCHANG,A_MOD_BREAK_C1_LOW,MODERATE,2025-11-06 10:15:00+05:30,2025-11-06 10:30:00+05:30,385.72284,389.5800684,381.8656116,2025-11-06 14:30:00+05:30,387.0,EOD,-0.33110821231119747,40.76387676671958,12.580645160153935,4.672842277512213,1.6275641333592112,4.001790410740603,0.006103425316268403,0.7562818748386555,SHORT,50000,-165.55410615559873
2025-11-06,JTLIND,A_MOD_BREAK_C1_LOW,MODERATE,2025-11-06 10:30:00+05:30,2025-11-06 10:45:00+05:30,61.92,62.5392,61.3008,2025-11-06 11:00:00+05:30,61.926192,BE,-0.009999999999997808,53.242585130406226,1.9950124681313781,4.2276013526013925,1.8990714990673567,6.021623594027836,0.006963307398370237,0.9423375123367874,SHORT,50000,-4.999999999998904
2025-11-06,KSL,A_MOD_BREAK_C1_LOW,MODERATE,2025-11-06 10:00:00+05:30,2025-11-06 10:15:00+05:30,816.88659,825.0554559,808.7177240999999,2025-11-06 10:30:00+05:30,816.9682786589999,BE,-0.009999999999994033,47.5398150187981,16.36050516621235,3.8114107638704215,0.8749479965221942,3.113542278069885,0.013047270190127334,0.7262131246733554,SHORT,50000,-4.999999999997017
2025-11-06,MGL,A_MOD_BREAK_C1_LOW,MODERATE,2025-11-06 11:00:00+05:30,2025-11-06 11:15:00+05:30,1242.45146,1254.8759746,1230.0269454,2025-11-06 13:45:00+05:30,1230.0269454,TARGET,1.0000000000000053,42.71320238706072,10.397553516374046,4.64519474787558,2.121786929031702,3.741619477031273,0.003516554236528497,0.8506980358059106,SHORT,50000,500.0000000000027
2025-11-06,NETWEB,A_MOD_BREAK_C1_LOW,MODERATE,2025-11-06 10:00:00+05:30,2025-11-06 10:15:00+05:30,3424.315,3458.5581500000003,3390.07185,2025-11-06 10:30:00+05:30,3424.6574315,BE,-0.009999999999992633,49.039263672969994,9.237057220673236,4.640665417865074,1.8672605168825347,5.721033255894863,0.012397710550560078,0.9223595455489935,SHORT,50000,-4.999999999996317
2025-11-06,NUVOCO,A_MOD_BREAK_C1_LOW,MODERATE,2025-11-06 10:00:00+05:30,2025-11-06 10:15:00+05:30,391.22174,395.13395740000004,387.3095226,2025-11-06 10:45:00+05:30,387.3095226,TARGET,1.000000000000008,49.66739981825774,12.38670694759243,2.228714345160646,1.2312647163840853,3.5674711304012563,0.006492677499954389,0.8204823226410809,SHORT,50000,500.000000000004
2025-11-06,PCBL,A_MOD_BREAK_C1_LOW,MODERATE,2025-11-06 10:00:00+05:30,2025-11-06 10:15:00+05:30,350.77983,354.2876283,347.2720317,2025-11-06 10:30:00+05:30,347.2720317,TARGET,0.9999999999999972,37.266715598437415,19.8952879551981,9.365079365078953,1.838549491166549,4.19106642547428,0.0038681569250188083,0.7407468949307072,SHORT,50000,499.99999999999864
2025-11-06,POKARNA,A_MOD_BREAK_C1_LOW,MODERATE,2025-11-06 10:00:00+05:30,2025-11-06 10:15:00+05:30,876.12474,884.8859874,867.3634926,2025-11-06 10:30:00+05:30,876.212352474,BE,-0.010000000000002857,31.00723136111659,9.816971713353382,1.601328043355591,2.2447474700348744,3.9589708900366225,0.005034595034595018,0.6751084704167489,SHORT,50000,-5.000000000001429
2025-11-06,POWERMECH,A_MOD_BREAK_C1_LOW,MODERATE,2025-11-06 10:00:00+05:30,2025-11-06 10:15:00+05:30,2418.91612,2443.1052812,2394.7269588,2025-11-06 11:15:00+05:30,2394.7269588,TARGET,0.9999999999999978,30.595848268000125,12.36494597818367,12.605747255629337,1.718210766251042,3.958163631417557,0.005000530716703422,0.6196246081139343,SHORT,50000,499.99999999999886
2025-11-06,RAILTEL,A_MOD_BREAK_C1_LOW,MODERATE,2025-11-06 10:30:00+05:30,2025-11-06 10:45:00+05:30,356.52868,360.09396680000003,352.9633932,2025-11-06 14:30:00+05:30,356.3,EOD,0.06414070250954204,43.18298506636694,5.504587155256473,2.1155660894946293,1.813590079944348,4.3763098878576985,0.004206393718452012,0.825123039985765,SHORT,50000,32.07035125477102
2025-11-06,TARSONS,A_MOD_BREAK_C1_LOW,MODERATE,2025-11-06 10:15:00+05:30,2025-11-06 10:30:00+05:30,284.4431,287.287531,281.59866900000003,2025-11-06 13:45:00+05:30,281.59866900000003,TARGET,0.999999999999995,34.78744300880738,26.96078431002502,5.209933435739802,1.3409942543767985,3.0082492743138967,0.004205372834546824,0.6164856396480505,SHORT,50000,499.9999999999975
2025-11-06,TATAELXSI,A_MOD_BREAK_C1_LOW,MODERATE,2025-11-06 10:30:00+05:30,2025-11-06 10:45:00+05:30,5253.949,5306.48849,5201.4095099999995,2025-11-06 13:00:00+05:30,5254.474394899999,BE,-0.009999999999996387,41.952497236958564,17.927170868206744,1.9125683060109289,2.150634001353082,4.257308758359754,0.004002990349327171,0.8392874585543784,SHORT,50000,-4.9999999999981934
2025-11-06,UNICHEMLAB,A_MOD_BREAK_C1_LOW,MODERATE,2025-11-06 10:15:00+05:30,2025-11-06 10:30:00+05:30,462.75743,467.3850043,458.1298557,2025-11-06 14:30:00+05:30,462.0,EOD,0.16367754484244573,49.41686863854689,26.178010469285212,13.961832089839286,0.9974569473932545,2.9319376252389504,0.00486066104990277,0.7758079953720227,SHORT,50000,81.83877242122287
2025-11-06,VIMTALABS,A_MOD_BREAK_C1_LOW,MODERATE,2025-11-06 10:15:00+05:30,2025-11-06 10:30:00+05:30,641.02177,647.4319876999999,634.6115523,2025-11-06 11:45:00+05:30,634.6115523,TARGET,0.9999999999999962,64.41875227510343,7.598784194205237,9.881607787647269,1.0861888734152485,4.972250358130678,0.007399530082513939,0.8000830528476683,SHORT,50000,499.9999999999981
2025-11-07,ABREL,A_MOD_BREAK_C1_LOW,MODERATE,2025-11-07 10:00:00+05:30,2025-11-07 10:15:00+05:30,1775.3448600000002,1793.0983086,1757.5914114000002,2025-11-07 11:00:00+05:30,1793.0983086,SL,-0.9999999999999974,33.2085886272765,12.636165576956941,11.405644660066725,0.9956976954378459,3.631060955179567,0.004910463342166553,0.5323759261107706,SHORT,50000,-499.9999999999987
2025-11-07,KPIL,A_MOD_BREAK_C1_LOW,MODERATE,2025-11-07 11:00:00+05:30,2025-11-07 11:15:00+05:30,1279.3440799999998,1292.1375208,1266.5506391999998,2025-11-07 12:00:00+05:30,1292.1375208,SL,-1.0000000000000078,36.339041450418634,12.114014251378862,13.310238588730314,0.9223605626394671,2.4701241341886693,0.005284598214285742,0.5664987202181861,SHORT,50000,-500.0000000000039
2025-11-07,SUPREMEIND,A_MOD_BREAK_C1_LOW,MODERATE,2025-11-07 10:00:00+05:30,2025-11-07 10:15:00+05:30,3803.2392,3841.271592,3765.206808,2025-11-07 11:00:00+05:30,3765.206808,TARGET,1.000000000000002,27.233984851734448,21.88328912426209,12.955675630260929,0.6687700758839022,3.0131790208110125,0.0031677181913774936,0.38554453605569966,SHORT,50000,500.00000000000097
2025-11-07,ZYDUSWELL,A_MOD_BREAK_C1_LOW,MODERATE,2025-11-07 10:00:00+05:30,2025-11-07 10:15:00+05:30,438.46229,442.8469129,434.0776671,2025-11-07 11:30:00+05:30,442.8469129,SL,-1.0000000000000024,25.517481390500247,21.658986173717963,20.056497175141093,0.8105509925164156,2.455188425367677,0.009688817964208367,0.3846086445478764,SHORT,50000,-500.00000000000125
2025-11-10,ESCORTS,A_MOD_BREAK_C1_LOW,MODERATE,2025-11-10 11:00:00+05:30,2025-11-10 11:15:00+05:30,3587.48236,3623.3571836,3551.6075364,2025-11-10 12:45:00+05:30,3551.6075364,TARGET,1.0000000000000036,32.17841715534144,31.009023789635535,20.848496642989073,0.958470300221881,2.00410743238604,0.004060929873314913,0.5104085598689507,SHORT,50000,500.00000000000176
2025-11-10,GANECOS,A_MOD_BREAK_C1_LOW,MODERATE,2025-11-10 10:30:00+05:30,2025-11-10 10:45:00+05:30,1078.98416,1089.7740016,1068.1943184,2025-11-10 11:00:00+05:30,1068.1943184,TARGET,1.0000000000000042,61.98768612081492,8.316430020165924,20.84156209584402,1.5926362100101803,4.341591330767139,0.012952204911539495,0.8887113367517816,SHORT,50000,500.0000000000021
2025-11-10,KAMATHOTEL,A_MOD_BREAK_C1_LOW,MODERATE,2025-11-10 10:30:00+05:30,2025-11-10 10:45:00+05:30,230.04999999999998,232.35049999999998,227.74949999999998,2025-11-10 11:00:00+05:30,230.07300499999997,BE,-0.009999999999992832,43.30786629166493,4.0579710143829,8.273513443383736,1.3856761905755355,5.4888961882682,0.024410930175178872,0.7521113277256926,SHORT,50000,-4.999999999996416
2025-11-10,MEDANTA,A_MOD_BREAK_C1_LOW,MODERATE,2025-11-10 10:00:00+05:30,2025-11-10 10:15:00+05:30,1192.7614,1204.689014,1180.8337860000001,2025-11-10 10:45:00+05:30,1180.8337860000001,TARGET,0.9999999999999957,29.748041171198388,13.65360303389231,6.877127544640854,2.0728112394101195,5.5632733935770355,0.007226679439588077,0.6562206175679759,SHORT,50000,499.99999999999784
2025-11-10,OLECTRA,A_MOD_BREAK_C1_LOW,MODERATE,2025-11-10 10:15:00+05:30,2025-11-10 10:30:00+05:30,1502.59942,1517.6254142,1487.5734258,2025-11-10 10:45:00+05:30,1502.749679942,BE,-0.010000000000003187,26.823473968416966,49.770290963710934,31.802472317473477,1.5506050421281117,0.24372978217911964,0.006786664133738574,0.44589448100763,SHORT,50000,-5.000000000001593
2025-11-10,SHK,A_MOD_BREAK_C1_LOW,MODERATE,2025-11-10 10:00:00+05:30,2025-11-10 10:15:00+05:30,192.98,194.9098,191.0502,2025-11-10 10:30:00+05:30,192.99929799999998,BE,-0.009999999999995879,28.41570897148301,7.796610169121635,3.627987188884125,1.5668288198144382,6.323075103573702,0.014663557333254619,0.5604306780397719,SHORT,50000,-4.999999999997939
2025-11-11,CHALET,A_MOD_BREAK_C1_LOW,MODERATE,2025-11-11 10:00:00+05:30,2025-11-11 10:15:00+05:30,895.22092,904.1731292,886.2687108,2025-11-11 12:30:00+05:30,895.310442092,BE,-0.010000000000004285,31.303468367048993,48.31858406840203,23.879190007432772,0.9343700296950744,1.6120535501543225,0.004473996637530584,0.47366945821008904,SHORT,50000,-5.000000000002142
2025-11-11,ORIENTCEM,A_MOD_BREAK_C1_LOW,MODERATE,2025-11-11 11:15:00+05:30,2025-11-11 11:30:00+05:30,192.04999999999998,193.9705,190.12949999999998,2025-11-11 12:30:00+05:30,192.06920499999998,BE,-0.009999999999999726,49.14107075737571,10.705882351177863,5.35534480739964,2.027573467562318,3.6019238793965895,0.005629215404864778,0.9471160613606355,SHORT,50000,-4.999999999999863
2025-11-11,PETRONET,A_MOD_BREAK_C1_LOW,MODERATE,2025-11-11 10:30:00+05:30,2025-11-11 10:45:00+05:30,266.19675,268.8587175,263.5347825,2025-11-11 11:00:00+05:30,266.223369675,BE,-0.01000000000000236,31.38156312481015,5.594405593310626,8.268979865298512,1.6191293889079388,3.336920404691538,0.0043042184022097545,0.6140710899310415,SHORT,50000,-5.00000000000118
2025-11-11,POWERGRID,A_MOD_BREAK_C1_LOW,MODERATE,2025-11-11 10:30:00+05:30,2025-11-11 10:45:00+05:30,265.04698,267.6974498,262.3965102,2025-11-11 12:00:00+05:30,267.6974498,SL,-0.9999999999999984,44.09182441493466,15.107913666021503,9.533239038189064,1.316919876583043,3.427077794918592,0.0035545980880570555,0.7518383446260524,SHORT,50000,-499.9999999999992
2025-11-11,SUBROS,A_MOD_BREAK_C1_LOW,MODERATE,2025-11-11 10:15:00+05:30,2025-11-11 10:30:00+05:30,909.818,918.9161799999999,900.71982,2025-11-11 10:45:00+05:30,900.71982,TARGET,0.9999999999999953,37.9262231077574,18.131101812933167,3.5134468574581383,1.321405328325689,4.6439031542529845,0.015853849772620342,0.6601392790733567,SHORT,50000,499.99999999999767
2025-11-11,UTIAMC,A_MOD_BREAK_C1_LOW,MODERATE,2025-11-11 10:30:00+05:30,2025-11-11 10:45:00+05:30,1178.16432,1189.9459632,1166.3826768000001,2025-11-11 12:00:00+05:30,1178.282136432,BE,-0.009999999999993792,25.57683869453084,16.66666666601853,5.062319097406692,1.5147602166818845,3.3449668167851523,0.00396825396825394,0.5087356183372924,SHORT,50000,-4.999999999996896
2025-11-12,SURYAROSNI,A_MOD_BREAK_C1_LOW,MODERATE,2025-11-12 11:15:00+05:30,2025-11-12 11:30:00+05:30,278.4443,281.228743,275.659857,2025-11-12 12:00:00+05:30,281.228743,SL,-1.0000000000000036,26.416028240802756,27.13178294500024,3.280060882800608,1.6876006584654994,2.2674549916601756,0.021579783689579152,0.5515705388435037,SHORT,50000,-500.00000000000176
2025-11-14,AGARIND,A_MOD_BREAK_C1_LOW,MODERATE,2025-11-14 10:00:00+05:30,2025-11-14 10:15:00+05:30,811.6376399999999,819.7540164,803.5212635999999,2025-11-14 11:30:00+05:30,819.7540164,SL,-1.0000000000000044,35.346551284168434,31.014304290722748,9.42432683379759,0.5470315818889678,2.738191149792707,0.010285784676028588,0.48592879609309586,SHORT,50000,-500.00000000000216
2025-11-14,BBL,A_MOD_BREAK_C1_LOW,MODERATE,2025-11-14 10:30:00+05:30,2025-11-14 10:45:00+05:30,2918.4162,2947.600362,2889.232038,2025-11-14 14:30:00+05:30,2931.3,EOD,-0.4414654770625267,44.698835687182054,26.19372441969115,0.0,1.4574535226811127,2.5392367177573907,0.003335290950912755,0.7855369017769256,SHORT,50000,-220.73273853126335
2025-11-14,COFORGE,A_MOD_BREAK_C1_LOW,MODERATE,2025-11-14 10:15:00+05:30,2025-11-14 10:30:00+05:30,1777.94434,1795.7237834,1760.1648966,2025-11-14 12:45:00+05:30,1778.122134434,BE,-0.009999999999994751,32.8044742627516,14.166666666336113,7.408366206443337,1.459732109591418,4.264989228388836,0.004107674887370203,0.607520233119772,SHORT,50000,-4.999999999997375
2025-11-14,ESCORTS,A_MOD_BREAK_C1_LOW,MODERATE,2025-11-14 10:00:00+05:30,2025-11-14 10:15:00+05:30,3549.38998,3584.8838798,3513.8960801999997,2025-11-14 14:15:00+05:30,3549.744918998,BE,-0.009999999999995839,25.74489527219581,21.977124182755418,6.5312259137561,1.1184365732864503,3.2009897958434723,0.004053298358967362,0.4418998294080659,SHORT,50000,-4.999999999997919
2025-11-14,GMMPFAUDLR,A_MOD_BREAK_C1_LOW,MODERATE,2025-11-14 10:15:00+05:30,2025-11-14 10:30:00+05:30,1223.7552,1235.992752,1211.517648,2025-11-14 12:00:00+05:30,1235.992752,SL,-1.000000000000004,37.56438939068404,21.25205930758237,2.070437607785079,1.3309400281023642,4.084663321927176,0.005992741022558851,0.6563803457781743,SHORT,50000,-500.000000000002
2025-11-14,IEX,A_MOD_BREAK_C1_LOW,MODERATE,2025-11-14 10:30:00+05:30,2025-11-14 10:45:00+05:30,137.29999999999998,138.67299999999997,135.927,2025-11-14 14:30:00+05:30,137.31,EOD,-0.007283321194478752,34.324291454127675,18.30985914770889,9.977972439936957,1.2071492265115995,2.7962341317623705,0.0038253240610804976,0.5861154864514451,SHORT,50000,-3.641660597239376
2025-11-14,INFY,A_MOD_BREAK_C1_LOW,MODERATE,2025-11-14 10:00:00+05:30,2025-11-14 10:15:00+05:30,1505.1989,1520.2508890000001,1490.146911,2025-11-14 14:00:00+05:30,1490.146911,TARGET,1.000000000000003,28.227734193912045,14.358108107768544,1.8031071399822807,1.4623389312673016,5.3223293943563785,0.004052516826239475,0.5393253258804585,SHORT,50000,500.0000000000016
2025-11-14,MARATHON,A_MOD_BREAK_C1_LOW,MODERATE,2025-11-14 10:00:00+05:30,2025-11-14 10:15:00+05:30,563.8872,569.526072,558.248328,2025-11-14 10:45:00+05:30,563.94358872,BE,-0.009999999999995148,40.71241065515605,19.93517017737709,9.247858236424692,0.835626420151396,3.3219090902759536,0.006832573454913858,0.616920783353835,SHORT,50000,-4.999999999997574
2025-11-14,NLCINDIA,A_MOD_BREAK_C1_LOW,MODERATE,2025-11-14 10:30:00+05:30,2025-11-14 10:45:00+05:30,257.39851,259.9724951,254.82452489999997,2025-11-14 12:45:00+05:30,257.42424985099996,BE,-0.009999999999987916,30.26541649789961,13.076923074106091,6.933933933933983,1.4184603651051175,2.683316603769956,0.00450675319632802,0.5622118113618897,SHORT,50000,-4.999999999993958
2025-11-17,BODALCHEM,B_HUGE_RED_FAILED_BOUNCE,HUGE,2025-11-17 11:15:00+05:30,2025-11-17 13:00:00+05:30,57.080000000000005,57.650800000000004,56.50920000000001,2025-11-17 14:15:00+05:30,57.085708000000004,BE,-0.009999999999997358,34.27366134528944,37.599999957888045,52.5,0.9269992673303844,1.2698187510275,0.004565077159728063,0.5398207295135339,SHORT,50000,-4.999999999998679
2025-11-17,GENESYS,A_MOD_BREAK_C1_LOW,MODERATE,2025-11-17 10:45:00+05:30,2025-11-17 11:00:00+05:30,460.9078,465.516878,456.298722,2025-11-17 11:15:00+05:30,456.298722,TARGET,1.0000000000000022,29.801927206914783,15.548281505015652,6.850177985022576,1.5243676273593265,3.3157803342057943,0.009833024118738407,0.5737932428916039,SHORT,50000,500.00000000000114
2025-11-17,GMMPFAUDLR,A_MOD_BREAK_C1_LOW,MODERATE,2025-11-17 11:00:00+05:30,2025-11-17 11:15:00+05:30,1202.55944,1214.5850344,1190.5338456,2025-11-17 12:15:00+05:30,1202.679695944,BE,-0.010000000000005333,48.96333974587835,28.29373650022457,7.436007436007355,1.950948521178998,2.7039903481489223,0.00556478405315613,0.9358660873945,SHORT,50000,-5.000000000002666
2025-11-17,INDNIPPON,A_MOD_BREAK_C1_LOW,MODERATE,2025-11-17 10:00:00+05:30,2025-11-17 10:15:00+05:30,902.76941,911.7971041,893.7417159,2025-11-17 10:45:00+05:30,902.859686941,BE,-0.009999999999995172,43.08882008169672,23.64818617362694,10.671237594314567,0.7733568486780089,2.6317508305262263,0.0191540303272147,0.6416697497441022,SHORT,50000,-4.999999999997587
2025-11-17,VIPIND,A_MOD_BREAK_C1_LOW,MODERATE,2025-11-17 10:00:00+05:30,2025-11-17 10:15:00+05:30,388.9222,392.811422,385.03297799999996,2025-11-17 13:00:00+05:30,388.96109221999995,BE,-0.009999999999994786,25.848272731125366,15.415019761140087,7.89473684210532,1.3457930247596075,2.531750738385885,0.006068674256334937,0.48323787029981174,SHORT,50000,-4.999999999997392
2025-11-18,DBREALTY,A_MOD_BREAK_C1_LOW,MODERATE,2025-11-18 10:00:00+05:30,2025-11-18 10:15:00+05:30,137.95,139.3295,136.57049999999998,2025-11-18 10:30:00+05:30,137.96379499999998,BE,-0.009999999999990988,41.13582779656808,14.213197967018274,1.7133655394523857,1.3860488099021606,5.443957321192872,0.006940993788819919,0.7195959586813994,SHORT,50000,-4.999999999995494
2025-11-18,EMSLIMITED,A_MOD_BREAK_C1_LOW,MODERATE,2025-11-18 10:15:00+05:30,2025-11-18 10:30:00+05:30,461.9076,466.526676,457.288524,2025-11-18 11:00:00+05:30,461.95379076,BE,-0.010000000000000384,57.841745646993566,21.83098591334047,5.3565062388591,1.2481216127084473,3.5233647620012793,0.0047077922077921885,0.8284212822239783,SHORT,50000,-5.000000000000192
2025-11-18,GLENMARK,A_PULLBACK_C2_THEN_BREAK_C2_LOW,MODERATE,2025-11-18 10:15:00+05:30,2025-11-18 10:45:00+05:30,1832.73338,1851.0607137999998,1814.4060462,2025-11-18 13:00:00+05:30,1832.9166533379998,BE,-0.009999999999996475,28.93194297262554,14.640198510911716,12.842052138804663,1.2067608983869131,2.603082638533116,0.0076580643152881185,0.5051623018070928,SHORT,50000,-4.999999999998238
2025-11-18,HIRECT,A_MOD_BREAK_C1_LOW,MODERATE,2025-11-18 10:00:00+05:30,2025-11-18 10:15:00+05:30,1522.7953799999998,1538.0233337999998,1507.5674261999998,2025-11-18 10:45:00+05:30,1522.9476595379997,BE,-0.009999999999993596,26.234686018517998,20.554272516656567,6.871388400404197,1.1324519922221292,3.4102316107551918,0.004429715185719932,0.4516993889166426,SHORT,50000,-4.999999999996798
2025-11-18,IGL,A_MOD_BREAK_C1_LOW,MODERATE,2025-11-18 10:00:00+05:30,2025-11-18 10:15:00+05:30,209.54999999999998,211.6455,207.45449999999997,2025-11-18 14:30:00+05:30,209.51,EOD,0.019088523025527104,25.79889105554099,35.25179854931602,18.732026143790716,1.0891609087164777,2.071785704745973,0.0041041116045884155,0.4375865248584985,SHORT,50000,9.544261512763553
2025-11-18,LATENTVIEW,A_MOD_BREAK_C1_LOW,MODERATE,2025-11-18 10:00:00+05:30,2025-11-18 10:15:00+05:30,467.4065,472.080565,462.732435,2025-11-18 10:45:00+05:30,467.45324065,BE,-0.010000000000000819,26.76859983926999,14.83870967652544,5.1592486729278075,1.9452449655773612,4.833692789715054,0.005798319327731091,0.601946866565088,SHORT,50000,-5.0000000000004095
2025-11-18,NATIONALUM,A_MOD_BREAK_C1_LOW,MODERATE,2025-11-18 10:15:00+05:30,2025-11-18 10:30:00+05:30,255.528884,258.08417284,252.97359516,2025-11-18 14:30:00+05:30,256.4,EOD,-0.3409070576929269,32.07446064550106,24.32216905629582,17.734617379000138,1.0926454820783904,3.3423829817312694,0.005652620760534425,0.5323298690462344,SHORT,50000,-170.45352884646343
2025-11-18,PGHH,A_MOD_BREAK_C1_LOW,MODERATE,2025-11-18 11:00:00+05:30,2025-11-18 11:15:00+05:30,12922.415,13051.63915,12793.19085,2025-11-18 14:30:00+05:30,12909.0,EOD,0.10381186488749101,34.26904117375039,39.52569169938602,55.18207282913162,0.6822077866302984,1.0616810162034893,0.0031874930946856703,0.4465060310767325,SHORT,50000,51.905932443745506
2025-11-18,SKFINDIA,A_MOD_BREAK_C1_LOW,MODERATE,2025-11-18 10:30:00+05:30,2025-11-18 10:45:00+05:30,2017.5964,2037.772364,1997.4204359999999,2025-11-18 12:15:00+05:30,1997.4204359999999,TARGET,1.000000000000001,32.27787786897978,8.350305498862866,7.752692342707378,0.9861386440119303,3.2857097134406503,0.007457140025765583,0.5167424307367845,SHORT,50000,500.0000000000005
2025-11-18,TEAMLEASE,A_MOD_BREAK_C1_LOW,MODERATE,2025-11-18 10:00:00+05:30,2025-11-18 10:15:00+05:30,1675.6648,1692.421448,1658.908152,2025-11-18 11:30:00+05:30,1692.421448,SL,-1.0000000000000024,26.93596378471743,41.033434648709715,18.89717873450723,0.8601084932394666,2.4475979289696586,0.0030513010645460844,0.41455844308766804,SHORT,50000,-500.00000000000125
2025-11-18,VASCONEQ,A_MOD_BREAK_C1_LOW,MODERATE,2025-11-18 10:00:00+05:30,2025-11-18 10:15:00+05:30,55.650000000000006,56.206500000000005,55.093500000000006,2025-11-18 11:15:00+05:30,55.655565,BE,-0.009999999999994888,28.766332691377308,4.195804193750234,5.305569583344881,1.4405858327326377,4.417324815486087,0.006364288275367486,0.5435975110988711,SHORT,50000,-4.999999999997444
2025-11-18,VINCOFE,A_MOD_BREAK_C1_LOW,MODERATE,2025-11-18 10:00:00+05:30,2025-11-18 10:15:00+05:30,166.14999999999998,167.81149999999997,164.4885,2025-11-18 10:45:00+05:30,164.4885,TARGET,0.9999999999999938,29.524586308657934,21.26514131497008,5.714277318973962,1.1764088193787798,3.6564317509617554,0.005503759398496242,0.5087403380211555,SHORT,50000,499.9999999999969
2025-11-18,WHIRLPOOL,A_MOD_BREAK_C1_LOW,MODERATE,2025-11-18 11:00:00+05:30,2025-11-18 11:15:00+05:30,1209.85798,1221.9565598,1197.7594002,2025-11-18 12:00:00+05:30,1209.978965798,BE,-0.009999999999999374,27.36978019912661,13.687150837453288,6.0005883600490515,1.6935911638236976,2.4916678172919657,0.0052870714580751975,0.5669251566560463,SHORT,50000,-4.999999999999687
2025-11-19,ADANIENT,A_MOD_BREAK_C1_LOW,MODERATE,2025-11-19 10:45:00+05:30,2025-11-19 11:00:00+05:30,2419.71596,2443.9131196,2395.5188004,2025-11-19 13:15:00+05:30,2443.9131196,SL,-0.9999999999999938,25.012434914775113,32.352941175686226,17.970584600173222,1.3525393672812112,2.1144909810160346,0.003422434649200462,0.4718809129958386,SHORT,50000,-499.9999999999969
2025-11-19,CGPOWER,A_MOD_BREAK_C1_LOW,MODERATE,2025-11-19 11:00:00+05:30,2025-11-19 11:15:00+05:30,723.6552399999999,730.8917924,716.4186875999999,2025-11-19 12:45:00+05:30,723.727605524,BE,-0.010000000000002741,47.309776655575035,4.675324674985106,2.831653691605013,1.793055681927506,4.265937343558818,0.0034384774007676384,0.8834313941709391,SHORT,50000,-5.0000000000013705
2025-11-19,COHANCE,A_MOD_BREAK_C1_LOW,MODERATE,2025-11-19 10:45:00+05:30,2025-11-19 11:00:00+05:30,575.98478,581.7446278,570.2249322,2025-11-19 11:15:00+05:30,581.7446278,SL,-0.9999999999999981,26.744087959162584,16.041397153364684,2.595722738048622,2.0118899662525176,4.538746002830284,0.007175048906718193,0.6111613193874388,SHORT,50000,-499.99999999999903
2025-11-19,DLF,A_MOD_BREAK_C1_LOW,MODERATE,2025-11-19 11:00:00+05:30,2025-11-19 11:15:00+05:30,741.6516399999999,749.0681563999999,734.2351236,2025-11-19 14:30:00+05:30,744.3,EOD,-0.3570894820646558,44.88297293448956,10.948905108743162,14.859379198755981,1.3190835336548556,3.197947229306308,0.004149297700076089,0.7640842124069431,SHORT,50000,-178.5447410323279
2025-11-19,FINPIPE,A_MOD_BREAK_C1_LOW,MODERATE,2025-11-19 10:30:00+05:30,2025-11-19 10:45:00+05:30,181.2,183.012,179.38799999999998,2025-11-19 14:30:00+05:30,179.8,EOD,0.7726269315673164,43.732164172756676,4.6403712281914125,8.105747256690945,2.2724724920957087,4.815471106764451,0.0031921182266009605,0.8659824625913501,SHORT,50000,386.3134657836582
2025-11-19,GANECOS,A_MOD_BREAK_C1_LOW,MODERATE,2025-11-19 11:15:00+05:30,2025-11-19 11:30:00+05:30,901.8196,910.837796,892.801404,2025-11-19 13:00:00+05:30,901.90978196,BE,-0.009999999999999483,30.831661870943066,23.632385119626207,7.604790244980823,1.729141657379408,2.2186215736348847,0.007938266719430133,0.6250747181055423,SHORT,50000,-4.9999999999997415
2025-11-19,ICICIPRULI,A_MOD_BREAK_C1_LOW,MODERATE,2025-11-19 11:15:00+05:30,2025-11-19 11:30:00+05:30,618.8262100000001,625.0144721,612.6379479000001,2025-11-19 13:45:00+05:30,612.6379479000001,TARGET,0.9999999999999959,31.274952040630573,14.545454543973563,4.606891717233395,1.671014382108844,2.6319816013577118,0.003259339594342017,0.6215517974785063,SHORT,50000,499.99999999999795
2025-11-19,IEX,A_MOD_BREAK_C1_LOW,MODERATE,2025-11-19 11:00:00+05:30,2025-11-19 11:15:00+05:30,135.32,136.6732,133.96679999999998,2025-11-19 14:00:00+05:30,136.6732,SL,-1.0000000000000113,35.35962402270526,19.936708851926653,9.463276836158029,1.222300015205885,2.6526541872464215,0.0031234831057552525,0.6042968630016088,SHORT,50000,-500.0000000000056
2025-11-19,IREDA,A_MOD_BREAK_C1_LOW,MODERATE,2025-11-19 10:30:00+05:30,2025-11-19 10:45:00+05:30,146.89,148.35889999999998,145.4211,2025-11-19 14:30:00+05:30,146.73,EOD,0.10892504595275145,35.73979210454985,21.89349111519215,24.364123159304082,0.7645471888143388,2.4046781826601493,0.0037187190106749554,0.529892639610757,SHORT,50000,54.46252297637572
2025-11-19,JKTYRE,A_MOD_BREAK_C1_LOW,MODERATE,2025-11-19 11:00:00+05:30,2025-11-19 11:15:00+05:30,447.4105,451.884605,442.936395,2025-11-19 14:30:00+05:30,447.45524105,BE,-0.009999999999993413,60.34789404058583,24.27884615221204,18.93802893802891,1.664065237550552,2.9932698505410036,0.005881226359385237,0.9012114165713465,SHORT,50000,-4.999999999996707
2025-11-19,LICHSGFIN,A_MOD_BREAK_C1_LOW,MODERATE,2025-11-19 11:00:00+05:30,2025-11-19 11:15:00+05:30,563.18734,568.8192134,557.5554665999999,2025-11-19 14:30:00+05:30,562.45,EOD,0.13092268728908285,28.939132143040826,26.984126980129048,13.510832260832315,1.2456686992112926,2.1802705074754183,0.002409058058299205,0.5120790045075887,SHORT,50000,65.46134364454143
2025-11-19,ROLEXRINGS,A_MOD_BREAK_C1_LOW,MODERATE,2025-11-19 11:15:00+05:30,2025-11-19 11:30:00+05:30,105.78,106.8378,104.7222,2025-11-19 12:45:00+05:30,105.790578,BE,-0.009999999999995568,33.488308653355475,26.55935612933935,20.27876518420054,0.8248141043031234,2.0647214965189975,0.006006938351264151,0.5066670980533787,SHORT,50000,-4.999999999997784
2025-11-19,UBL,A_MOD_BREAK_C1_LOW,MODERATE,2025-11-19 10:00:00+05:30,2025-11-19 10:15:00+05:30,1739.652,1757.04852,1722.25548,2025-11-19 14:30:00+05:30,1748.0,EOD,-0.47986608816015824,34.868608732952225,33.56401384001752,14.836223506743437,0.8880787321975409,2.9351375879640664,0.004310344827586216,0.538442909128853,SHORT,50000,-239.9330440800791
2025-11-19,VAIBHAVGBL,A_MOD_BREAK_C1_LOW,MODERATE,2025-11-19 10:00:00+05:30,2025-11-19 10:15:00+05:30,249.99999000000003,252.49998990000003,247.49999010000002,2025-11-19 10:30:00+05:30,252.49998990000003,SL,-1.0000000000000022,64.39635046766043,10.416666665451771,6.415343915343947,1.4752048724825406,4.897644428428616,0.00609878024395124,0.8681608526844447,SHORT,50000,-500.00000000000114
2025-11-20,SWARAJENG,A_MOD_BREAK_C1_LOW,MODERATE,2025-11-20 11:15:00+05:30,2025-11-20 11:30:00+05:30,3681.3635799999997,3718.1772158,3644.5499441999996,2025-11-20 11:45:00+05:30,3681.7317163579996,BE,-0.009999999999997325,30.74755793235187,28.596338273583115,10.443620038330225,1.6660735785245244,3.3825718301665417,0.007259616130583858,0.6127762452270697,SHORT,50000,-4.999999999998662
2025-11-20,WCIL,A_MOD_BREAK_C1_LOW,MODERATE,2025-11-20 10:15:00+05:30,2025-11-20 10:30:00+05:30,116.15,117.31150000000001,114.9885,2025-11-20 11:45:00+05:30,114.9885,TARGET,1.000000000000003,33.82671739695981,10.851063826555105,2.0664813877567614,1.4806608780592774,3.3054566346639978,0.007825178264076735,0.6265164146147706,SHORT,50000,500.0000000000016
2025-11-21,ABSLAMC,A_MOD_BREAK_C1_LOW,MODERATE,2025-11-21 10:45:00+05:30,2025-11-21 11:00:00+05:30,729.9039899999999,737.2030298999999,722.6049500999999,2025-11-21 14:30:00+05:30,734.05,EOD,-0.5680212818127007,35.305446817661206,25.107296135830495,4.697259491863872,2.918368836855585,2.7400293664459077,0.004787005163511192,0.739581702264918,SHORT,50000,-284.0106409063504
2025-11-21,ATUL,A_MOD_BREAK_C1_LOW,MODERATE,2025-11-21 10:15:00+05:30,2025-11-21 10:30:00+05:30,5975.3047,6035.057747,5915.5516529999995,2025-11-21 14:30:00+05:30,6011.0,EOD,-0.5973804147594401,27.64164550510609,17.428571428431994,3.4435261707988793,1.4029755007769327,3.7371424781082334,0.003627302171600674,0.5201453952125545,SHORT,50000,-298.69020737972005
2025-11-21,BOROSCI,A_MOD_BREAK_C1_LOW,MODERATE,2025-11-21 10:30:00+05:30,2025-11-21 10:45:00+05:30,127.06,128.3306,125.7894,2025-11-21 11:15:00+05:30,127.072706,BE,-0.00999999999999554,25.410663924600655,34.30571761399922,22.057431267437945,1.9040729943522456,2.3569054543430945,0.008305256064690054,0.5743727328806527,SHORT,50000,-4.99999999999777
2025-11-21,DIXON,A_MOD_BREAK_C1_LOW,MODERATE,2025-11-21 10:45:00+05:30,2025-11-21 11:00:00+05:30,15049.9894,15200.489294,14899.489506,2025-11-21 11:30:00+05:30,15051.49439894,BE,-0.009999999999996649,47.06139630538512,9.382151029718216,6.990699069907009,1.443280846582526,3.7360312266034654,0.004297382675761054,0.8184950927327188,SHORT,50000,-4.999999999998325
2025-11-21,GABRIEL,A_MOD_BREAK_C1_LOW,MODERATE,2025-11-21 10:15:00+05:30,2025-11-21 10:30:00+05:30,1023.99516,1034.2351116,1013.7552084,2025-11-21 12:00:00+05:30,1034.2351116,SL,-0.9999999999999928,29.980039551822404,10.990990990713627,9.055724129143437,1.1504919487445417,4.248636243686016,0.007087162350320274,0.5110366843076308,SHORT,50000,-499.99999999999636
2025-11-21,GPTINFRA,A_MOD_BREAK_C1_LOW,MODERATE,2025-11-21 10:45:00+05:30,2025-11-21 11:00:00+05:30,102.7,103.727,101.673,2025-11-21 11:15:00+05:30,102.71027000000001,BE,-0.010000000000005407,53.44385312431661,13.559322025854442,12.143684525400568,1.5610988017415,3.183742563132356,0.0033907726514730376,0.8831922903047624,SHORT,50000,-5.000000000002704
2025-11-21,HINDZINC,A_MOD_BREAK_C1_LOW,MODERATE,2025-11-21 10:15:00+05:30,2025-11-21 10:30:00+05:30,464.907,469.55607,460.25793,2025-11-21 14:30:00+05:30,462.25,EOD,0.5715121518927404,33.403732989541474,11.59999999870071,4.285205911222097,1.5135420175639658,4.329195372378074,0.0033238658171489775,0.6259258479168162,SHORT,50000,285.7560759463702
2025-11-21,HSCL,A_MOD_BREAK_C1_LOW,MODERATE,2025-11-21 11:00:00+05:30,2025-11-21 11:15:00+05:30,440.9118,445.320918,436.50268200000005,2025-11-21 14:30:00+05:30,441.25,EOD,-0.07670468334028985,33.56416317891119,9.259259258058975,2.859164897381413,1.6852846990205286,3.1780124279684534,0.004016389460216692,0.6583872700122602,SHORT,50000,-38.352341670144924
2025-11-21,MANINFRA,A_MOD_BREAK_C1_LOW,MODERATE,2025-11-21 10:45:00+05:30,2025-11-21 11:00:00+05:30,122.89,124.1189,121.6611,2025-11-21 14:30:00+05:30,122.51,EOD,0.3092196273089718,44.461067354470266,12.37373736936243,3.6386393046705883,1.7466567158172535,4.360170613734785,0.004465011496388507,0.8325809355850733,SHORT,50000,154.6098136544859
2025-11-21,NHPC,A_MOD_BREAK_C1_LOW,MODERATE,2025-11-21 11:00:00+05:30,2025-11-21 11:15:00+05:30,79.14,79.9314,78.3486,2025-11-21 14:30:00+05:30,78.95,EOD,0.24008086934546088,31.249116352300533,8.33333332361073,9.506649506649447,1.9045964327381222,3.138599554571211,0.002840909090909083,0.6620411210136794,SHORT,50000,120.04043467273044
2025-11-21,NIACL,A_MOD_BREAK_C1_LOW,MODERATE,2025-11-21 10:00:00+05:30,2025-11-21 10:15:00+05:30,175.5,177.255,173.745,2025-11-21 14:30:00+05:30,175.09,EOD,0.23361823361823167,27.51504907962268,26.14379084169896,3.469023720041079,1.2484749424791028,3.006639135713322,0.00334751519194317,0.4912088511281832,SHORT,50000,116.80911680911584
2025-11-21,PNB,A_MOD_BREAK_C1_LOW,MODERATE,2025-11-21 10:45:00+05:30,2025-11-21 11:00:00+05:30,122.28,123.50280000000001,121.0572,2025-11-21 14:30:00+05:30,123.22,EOD,-0.768727510631336,33.04683400910068,14.417177907918955,3.7464245835691155,1.6849507676786784,3.483077871509269,0.0034269367738922157,0.6505688944802788,SHORT,50000,-384.363755315668
2025-11-21,PRAKASH,A_MOD_BREAK_C1_LOW,MODERATE,2025-11-21 10:00:00+05:30,2025-11-21 10:15:00+05:30,135.67,137.02669999999998,134.3133,2025-11-21 10:30:00+05:30,134.3133,TARGET,0.9999999999999922,34.41692033050172,9.497206701434493,1.6756246600762454,0.9418349651149868,4.711406622706166,0.004639175257731955,0.5410749238526484,SHORT,50000,499.99999999999613
2025-11-21,RAJRATAN,A_MOD_BREAK_C1_LOW,MODERATE,2025-11-21 10:15:00+05:30,2025-11-21 10:30:00+05:30,436.36271,440.7263371,431.99908289999996,2025-11-21 10:45:00+05:30,436.40634627099996,BE,-0.009999999999992775,26.360401528504028,17.152658661268845,4.677973400242727,1.3386415093518884,4.381933514582063,0.007141221124271958,0.48966828706414084,SHORT,50000,-4.999999999996388
2025-11-21,SANDHAR,A_MOD_BREAK_C1_LOW,MODERATE,2025-11-21 10:00:00+05:30,2025-11-21 10:15:00+05:30,533.4432899999999,538.7777229,528.1088570999999,2025-11-21 11:00:00+05:30,528.1088570999999,TARGET,1.0000000000000047,30.7003714060017,36.28571428281173,38.000000000000284,1.019905700692583,1.7508606823207302,0.005776327753115494,0.48653210282726406,SHORT,50000,500.00000000000233
2025-11-21,SONATSOFTW,A_MOD_BREAK_C1_LOW,MODERATE,2025-11-21 10:00:00+05:30,2025-11-21 10:15:00+05:30,358.37831,361.9620931,354.7945269,2025-11-21 14:30:00+05:30,358.1,EOD,0.07765815961350349,32.07511070068603,22.222222219661845,12.471973197696505,1.3615402831826788,3.7420216143005467,0.004559482329517168,0.5793962100672592,SHORT,50000,38.82907980675175
2025-11-21,SYRMA,A_MOD_BREAK_C1_LOW,MODERATE,2025-11-21 10:15:00+05:30,2025-11-21 10:30:00+05:30,859.92798,868.5272598,851.3287002000001,2025-11-21 11:00:00+05:30,851.3287002000001,TARGET,0.9999999999999972,25.312226123826946,34.07643311949994,37.10624058306126,1.6342652268914515,1.6329438868407784,0.005876693126301201,0.5073270009054471,SHORT,50000,499.99999999999864
2025-11-21,XPROINDIA,A_MOD_BREAK_C1_LOW,MODERATE,2025-11-21 10:45:00+05:30,2025-11-21 11:00:00+05:30,1006.39868,1016.4626668,996.3346932000001,2025-11-21 13:00:00+05:30,1016.4626668,SL,-0.9999999999999953,27.434029577826223,27.83018867832638,15.606060606060714,0.794142608667898,2.426483036843776,0.005066560699384072,0.41048540018427543,SHORT,50000,-499.99999999999767
2025-11-24,ABSLAMC,A_MOD_BREAK_C1_LOW,MODERATE,2025-11-24 10:00:00+05:30,2025-11-24 10:15:00+05:30,720.15594,727.3574993999999,712.9543806,2025-11-24 11:00:00+05:30,720.2279555939999,BE,-0.00999999999999109,29.861250408500666,19.999999998545462,5.254868816185008,1.5548363805417384,3.7602568676362034,0.004103438364175208,0.5800151227223143,SHORT,50000,-4.999999999995546
2025-11-24,APOLLO,A_MOD_BREAK_C1_LOW,MODERATE,2025-11-24 10:00:00+05:30,2025-11-24 10:15:00+05:30,264.4471,267.091571,261.80262899999997,2025-11-24 11:45:00+05:30,261.80262899999997,TARGET,1.0000000000000038,50.99495732426698,16.01423487384909,6.785464709992944,1.3106210024284124,4.352548631761172,0.006955490254225837,0.8393586754249722,SHORT,50000,500.00000000000193
2025-11-24,BAJAJCON,B_HUGE_RED_FAILED_BOUNCE,HUGE,2025-11-24 10:00:00+05:30,2025-11-24 11:30:00+05:30,257.49849,260.0734749,254.9235051,2025-11-24 11:45:00+05:30,257.524239849,BE,-0.010000000000008405,45.036659816039084,16.37630661861124,13.863320732200762,1.7724268993979124,5.542412100507729,0.006614526998918369,0.8857246046352208,SHORT,50000,-5.000000000004202
2025-11-24,CAPACITE,A_MOD_BREAK_C1_LOW,MODERATE,2025-11-24 11:15:00+05:30,2025-11-24 11:30:00+05:30,279.04418000000004,281.83462180000004,276.25373820000004,2025-11-24 13:00:00+05:30,279.07208441800003,BE,-0.00999999999999693,32.464275981264706,9.482758619545365,10.094693297136374,1.2406597777173458,2.7873272746461,0.006961475577355391,0.5640796008195061,SHORT,50000,-4.999999999998464
2025-11-24,CERA,A_MOD_BREAK_C1_LOW,MODERATE,2025-11-24 10:45:00+05:30,2025-11-24 11:00:00+05:30,5449.9098,5504.408898000001,5395.410702,2025-11-24 11:15:00+05:30,5450.45479098,BE,-0.009999999999999374,53.606261915162186,5.141388174770185,2.41445249597422,2.0919877370167166,4.984258181181688,0.004327615555846536,0.96,SHORT,50000,-4.999999999999687
2025-11-24,CMSINFO,A_MOD_BREAK_C1_LOW,MODERATE,2025-11-24 11:15:00+05:30,2025-11-24 11:30:00+05:30,349.88000999999997,353.37881009999995,346.3812099,2025-11-24 13:30:00+05:30,346.3812099,TARGET,0.9999999999999951,28.339328716744745,23.43749999658229,5.597964376590436,1.0401667358546869,2.220490352060335,0.004174065682852662,0.46711910952574137,SHORT,50000,499.99999999999756
2025-11-24,DEEPAKNTR,A_MOD_BREAK_C1_LOW,MODERATE,2025-11-24 11:15:00+05:30,2025-11-24 11:30:00+05:30,1662.76738,1679.3950538,1646.1397062,2025-11-24 11:45:00+05:30,1646.1397062,TARGET,0.9999999999999947,54.41820845354677,7.299270072744079,3.218957484028845,2.5058653238348825,4.7229781607684735,0.002876203068522328,0.96,SHORT,50000,499.9999999999973
2025-11-24,DMART,A_MOD_BREAK_C1_LOW,MODERATE,2025-11-24 10:30:00+05:30,2025-11-24 10:45:00+05:30,3996.60052,4036.5665252,3956.6345148,2025-11-24 14:00:00+05:30,3997.000180052,BE,-0.009999999999998618,30.241070215839116,15.628815628548594,8.307027870620402,1.4592228026714922,3.3506589023860833,0.00301169308596724,0.5689800437050978,SHORT,50000,-4.999999999999309
2025-11-24,DPABHUSHAN,A_MOD_BREAK_C1_LOW,MODERATE,2025-11-24 10:00:00+05:30,2025-11-24 10:15:00+05:30,1583.48324,1599.3180724000001,1567.6484076,2025-11-24 13:45:00+05:30,1583.641588324,BE,-0.009999999999994747,28.336441806871083,28.983957218817338,10.234267886622595,1.8257493935917382,3.6585011172207587,0.006007968558448123,0.6045527709816203,SHORT,50000,-4.999999999997374
2025-11-24,EXIDEIND,A_MOD_BREAK_C1_LOW,MODERATE,2025-11-24 11:15:00+05:30,2025-11-24 11:30:00+05:30,370.82581999999996,374.53407819999995,367.1175618,2025-11-24 12:30:00+05:30,367.1175618,TARGET,0.9999999999999971,49.4515396428946,13.475177302287847,6.294898672257084,1.7972574836863957,3.2907303856753756,0.0031369681106984,0.9162931542885382,SHORT,50000,499.9999999999985
2025-11-24,GAIL,A_MOD_BREAK_C1_LOW,MODERATE,2025-11-24 11:15:00+05:30,2025-11-24 11:30:00+05:30,181.75,183.5675,179.9325,2025-11-24 14:30:00+05:30,181.3,EOD,0.2475928473177379,33.456521144098545,22.323462407459473,7.79152891978154,1.4752257376016633,2.057115319616128,0.0034294199448464155,0.6200123212417692,SHORT,50000,123.79642365886895
2025-11-24,IFCI,A_MOD_BREAK_C1_LOW,MODERATE,2025-11-24 10:00:00+05:30,2025-11-24 10:15:00+05:30,51.870000000000005,52.38870000000001,51.3513,2025-11-24 13:15:00+05:30,51.3513,TARGET,1.0000000000000049,37.65930450077464,38.0597014527734,26.10441767068306,0.9815267740724389,2.635598023452742,0.0037398597552591568,0.5966567529742963,SHORT,50000,500.00000000000244
2025-11-24,IRFC,A_MOD_BREAK_C1_LOW,MODERATE,2025-11-24 10:30:00+05:30,2025-11-24 10:45:00+05:30,117.66,118.8366,116.48339999999999,2025-11-24 14:30:00+05:30,117.1,EOD,0.4759476457589684,34.19832194146077,15.476190467593028,7.563948810227678,1.8191427119721928,3.4492746053815355,0.0032073435434780096,0.6913248037170452,SHORT,50000,237.97382287948423
2025-11-24,NCC,A_MOD_BREAK_C1_LOW,MODERATE,2025-11-24 11:00:00+05:30,2025-11-24 11:15:00+05:30,173.7,175.43699999999998,171.963,2025-11-24 14:30:00+05:30,172.37,EOD,0.7656879677604975,61.31376859872869,18.346253223336987,7.606372122501029,1.9137730560554278,3.399985662296843,0.0034939451984972157,0.9449102848096997,SHORT,50000,382.84398388024874
2025-11-24,NHPC,A_MOD_BREAK_C1_LOW,MODERATE,2025-11-24 11:15:00+05:30,2025-11-24 11:30:00+05:30,77.35000000000001,78.1235,76.57650000000001,2025-11-24 12:45:00+05:30,76.57650000000001,TARGET,0.9999999999999979,59.154205153326636,10.526315781716974,8.609305953947784,1.9264604859438563,3.571623661912234,0.0036875875802050294,0.9471305850401748,SHORT,50000,499.999999999999
2025-11-24,PATELENG,A_MOD_BREAK_C1_LOW,MODERATE,2025-11-24 10:00:00+05:30,2025-11-24 10:15:00+05:30,32.410000000000004,32.734100000000005,32.0859,2025-11-24 10:45:00+05:30,32.0859,TARGET,1.0000000000000042,60.15617466770391,6.666666656296499,4.403327596098955,1.651247854642892,5.285453523126995,0.003605504990546527,0.8989683745625061,SHORT,50000,500.0000000000021
2025-11-24,PREMEXPLN,A_MOD_BREAK_C1_LOW,MODERATE,2025-11-24 10:00:00+05:30,2025-11-24 10:15:00+05:30,538.3923,543.776223,533.008377,2025-11-24 10:30:00+05:30,533.008377,TARGET,0.9999999999999966,44.78178150971782,8.314087759277399,5.074293228139101,1.9221737810843005,5.187276253635493,0.005752458712191499,0.8681071343355198,SHORT,50000,499.9999999999983
2025-11-24,RITCO,A_MOD_BREAK_C1_LOW,MODERATE,2025-11-24 10:30:00+05:30,2025-11-24 10:45:00+05:30,265.29693000000003,267.9498993,262.64396070000004,2025-11-24 11:00:00+05:30,265.323459693,BE,-0.009999999999994838,47.80028141699935,24.411764703871924,7.004734461305989,1.1295938395193952,3.653459028909585,0.006519167697187991,0.7746831431708843,SHORT,50000,-4.999999999997419
2025-11-24,SCILAL,A_PULLBACK_C2_THEN_BREAK_C2_LOW,MODERATE,2025-11-24 10:30:00+05:30,2025-11-24 11:00:00+05:30,47.71,48.1871,47.2329,2025-11-24 11:15:00+05:30,47.714771,BE,-0.00999999999999598,27.55639079375705,23.68421050886434,9.803921568627523,1.1544543578588287,2.2042337154826264,0.006221584111031342,0.47537537453165074,SHORT,50000,-4.99999999999799
2025-11-24,SFL,A_MOD_BREAK_C1_LOW,MODERATE,2025-11-24 10:30:00+05:30,2025-11-24 10:45:00+05:30,600.9297899999999,606.9390878999999,594.9204920999999,2025-11-24 11:00:00+05:30,600.989882979,BE,-0.010000000000007723,26.98826627336426,10.283687942240917,7.692307692307577,1.8397256667079849,3.4545258426549963,0.003779100859210662,0.5867759857743613,SHORT,50000,-5.000000000003861
2025-11-24,TARC,A_MOD_BREAK_C1_LOW,MODERATE,2025-11-24 10:00:00+05:30,2025-11-24 10:15:00+05:30,131.60999999999999,132.9261,130.29389999999998,2025-11-24 10:45:00+05:30,130.29389999999998,TARGET,1.0000000000000044,27.045885055294686,28.688524583579706,15.581503247757402,1.5131398061414967,3.1760954947946467,0.006183611532625187,0.5304877419041822,SHORT,50000,500.00000000000216
2025-11-24,TCIEXP,B_HUGE_RED_FAILED_BOUNCE,HUGE,2025-11-24 11:15:00+05:30,2025-11-24 13:00:00+05:30,595.78082,601.7386282,589.8230117999999,2025-11-24 13:15:00+05:30,595.840398082,BE,-0.010000000000005038,48.9375732902476,14.983713353682589,16.38323597763948,1.4656336648513102,2.6818157198491637,0.004502473691079281,0.8905494907026932,SHORT,50000,-5.000000000002519
2025-11-24,UPL,A_MOD_BREAK_C1_LOW,MODERATE,2025-11-24 13:15:00+05:30,2025-11-24 13:30:00+05:30,743.95118,751.3906918,736.5116682,2025-11-24 13:45:00+05:30,744.025575118,BE,-0.00999999999999785,26.30850541903872,30.503978777575497,13.169018027096634,2.4791505347843166,2.143726642077072,0.003261797634237385,0.6046275812855808,SHORT,50000,-4.999999999998924
2025-11-25,INFY,A_MOD_BREAK_C1_LOW,MODERATE,2025-11-25 11:00:00+05:30,2025-11-25 11:15:00+05:30,1529.694,1544.99094,1514.39706,2025-11-25 14:30:00+05:30,1530.7,EOD,-0.06576478694432256,36.715342892769115,7.5208913646093265,2.5713934099026763,1.2004158399385312,2.805798714052307,0.0041028369787436784,0.6208029153807797,SHORT,50000,-32.882393472161276
2025-11-25,MGL,A_MOD_BREAK_C1_LOW,MODERATE,2025-11-25 10:15:00+05:30,2025-11-25 10:30:00+05:30,1199.85998,1211.8585798,1187.8613802,2025-11-25 10:45:00+05:30,1199.979965998,BE,-0.009999999999995613,28.315918311474164,21.86836517981702,16.714770368119876,1.3129836203632854,3.392686882475286,0.004924057709004811,0.5145109082356873,SHORT,50000,-4.999999999997807
2025-11-27,AVANTIFEED,A_MOD_BREAK_C1_LOW,MODERATE,2025-11-27 10:45:00+05:30,2025-11-27 11:00:00+05:30,814.58705,822.7329205,806.4411795,2025-11-27 12:30:00+05:30,806.4411795,TARGET,1.0000000000000002,26.879604824464206,5.629139072586867,4.338090544962674,2.1666074202927854,3.5404871204733435,0.005916952287449945,0.6131940723669631,SHORT,50000,500.0000000000001
2025-11-28,FINPIPE,A_MOD_BREAK_C1_LOW,MODERATE,2025-11-28 11:00:00+05:30,2025-11-28 11:15:00+05:30,177.85,179.6285,176.0715,2025-11-28 14:30:00+05:30,177.96,EOD,-0.06184987348890281,35.28509080713079,13.696060033925846,3.696969696969757,0.9449277445073969,2.539378689461712,0.004944097983032763,0.5546387173957563,SHORT,50000,-30.924936744451404
2025-11-28,KAYNES,A_MOD_BREAK_C1_LOW,MODERATE,2025-11-28 11:00:00+05:30,2025-11-28 11:15:00+05:30,5504.3989,5559.442889,5449.354911,2025-11-28 14:30:00+05:30,5484.0,EOD,0.3705926908749317,28.667284541566122,34.65346534621442,4.667551231018705,2.1737426318577886,2.9841874720421626,0.004205873966353008,0.6400092681234919,SHORT,50000,185.29634543746585
2025-11-28,OFSS,A_PULLBACK_C2_THEN_BREAK_C2_LOW,MODERATE,2025-11-28 10:30:00+05:30,2025-11-28 11:00:00+05:30,8109.3778,8190.471578000001,8028.284022,2025-11-28 14:30:00+05:30,8119.5,EOD,-0.12482092029304384,26.10280934777343,38.17427385847764,16.202270381836943,1.223402447042189,0.9595380604822332,0.0037779382496433414,0.41361447147309616,SHORT,50000,-62.41046014652192
2025-11-28,SKFINDIA,A_MOD_BREAK_C1_LOW,MODERATE,2025-11-28 10:30:00+05:30,2025-11-28 10:45:00+05:30,1923.6152,1942.851352,1904.379048,2025-11-28 14:30:00+05:30,1919.0,EOD,0.23992324452416258,29.723290329309737,38.688524588387914,9.587061894108833,0.9873486119620544,1.1306161473844396,0.0037523661062242647,0.4351661694022276,SHORT,50000,119.96162226208129
2025-11-28,TITAGARH,A_MOD_BREAK_C1_LOW,MODERATE,2025-11-28 10:15:00+05:30,2025-11-28 10:30:00+05:30,826.8346,835.102946,818.5662540000001,2025-11-28 13:00:00+05:30,826.91728346,BE,-0.009999999999999804,25.28673151934735,11.44278606885456,3.8288288288288754,1.6255668953524804,3.318122108889943,0.003998963551563326,0.5237751794768943,SHORT,50000,-4.999999999999902
2025-12-01,AKZOINDIA,A_MOD_BREAK_C1_LOW,MODERATE,2025-12-01 10:45:00+05:30,2025-12-01 11:00:00+05:30,3271.64554,3304.3619954,3238.9290846,2025-12-01 14:00:00+05:30,3304.3619954,SL,-1.0000000000000027,56.98875492723467,29.381107491588736,8.732563732563664,1.5635391342740996,2.749872713228169,0.005876758228334092,0.8836193484979673,SHORT,50000,-500.0000000000013
2025-12-01,BHARTIHEXA,A_MOD_BREAK_C1_LOW,MODERATE,2025-12-01 11:00:00+05:30,2025-12-01 11:15:00+05:30,1740.6518,1758.058318,1723.245282,2025-12-01 11:45:00+05:30,1740.8258651800002,BE,-0.01000000000000405,25.264216485286106,30.992366411551245,9.780391406897246,1.3015928046566394,2.292609920970649,0.004478884089921885,0.4667419880942035,SHORT,50000,-5.000000000002026
2025-12-01,KAYNES,A_MOD_BREAK_C1_LOW,MODERATE,2025-12-01 10:45:00+05:30,2025-12-01 11:00:00+05:30,5424.4149,5478.659049,5370.170751,2025-12-01 12:00:00+05:30,5370.170751,TARGET,1.000000000000002,38.37207909183988,32.86219081239571,11.257275722195141,2.1621845900327243,2.532026618944346,0.004326215022091311,0.7855811863775981,SHORT,50000,500.00000000000097
2025-12-01,SIS,A_MOD_BREAK_C1_LOW,MODERATE,2025-12-01 13:00:00+05:30,2025-12-01 13:15:00+05:30,322.08556999999996,325.3064257,318.86471429999995,2025-12-01 14:30:00+05:30,323.1,EOD,-0.3149566744017937,65.34775683177625,23.754789269482075,7.855111510252937,1.3615388971203546,3.174735263502143,0.005576373029422834,0.8482693069960621,SHORT,50000,-157.47833720089685
2025-12-01,ZUARI,A_MOD_BREAK_C1_LOW,MODERATE,2025-12-01 10:30:00+05:30,2025-12-01 10:45:00+05:30,273.89520999999996,276.63416209999997,271.15625789999996,2025-12-01 11:00:00+05:30,271.15625789999996,TARGET,1.0000000000000022,26.17338122554929,53.815261038125115,35.33346470485191,1.5244715858456528,0.046244496298805615,0.006153364795452789,0.4216954707211688,SHORT,50000,500.00000000000114
2025-12-02,BHEL,A_MOD_BREAK_C1_LOW,MODERATE,2025-12-02 11:00:00+05:30,2025-12-02 11:15:00+05:30,288.54228,291.4277028,285.6568572,2025-12-02 14:00:00+05:30,288.571134228,BE,-0.01000000000000005,26.913439098293136,22.727272722452184,23.643410852713064,1.3780968233067734,2.132069906033647,0.003933890840714514,0.5048685305530825,SHORT,50000,-5.000000000000025
2025-12-02,GRSE,A_MOD_BREAK_C1_LOW,MODERATE,2025-12-02 11:15:00+05:30,2025-12-02 11:30:00+05:30,2650.86972,2677.3784172,2624.3610228000002,2025-12-02 12:15:00+05:30,2624.3610228000002,TARGET,0.9999999999999967,32.57662411967116,7.815126050328018,2.0401693651001946,2.5015828681184824,3.797738234621425,0.006704166218107473,0.6986493617950673,SHORT,50000,499.99999999999835
2025-12-02,INDNIPPON,A_MOD_BREAK_C1_LOW,MODERATE,2025-12-02 11:15:00+05:30,2025-12-02 11:30:00+05:30,855.12894,863.6802293999999,846.5776506,2025-12-02 12:45:00+05:30,846.5776506,TARGET,0.9999999999999969,25.615628244374598,28.435114502297537,29.469696969697043,0.5124860837160513,1.024034336401689,0.006000400861853015,0.2851212051360124,SHORT,50000,499.99999999999847
2025-12-02,IRCTC,A_MOD_BREAK_C1_LOW,MODERATE,2025-12-02 10:00:00+05:30,2025-12-02 10:15:00+05:30,680.5638600000001,687.3694986,673.7582214000001,2025-12-02 14:30:00+05:30,680.1,EOD,0.06815818871135293,32.674673736614174,35.27508090295261,17.484669320581542,1.1847737267887197,2.4475562078069224,0.002481506741514072,0.5574555082372386,SHORT,50000,34.07909435567647
2025-12-02,MAXHEALTH,A_MOD_BREAK_C1_LOW,MODERATE,2025-12-02 10:00:00+05:30,2025-12-02 10:15:00+05:30,1119.2761,1130.468861,1108.083339,2025-12-02 11:00:00+05:30,1119.38802761,BE,-0.010000000000005909,39.220781936299325,16.90427698526132,18.382352941176503,0.8988255836080429,4.198821939564601,0.005864728756295021,0.6056062061758973,SHORT,50000,-5.000000000002954
2025-12-02,NUCLEUS,A_MOD_BREAK_C1_LOW,MODERATE,2025-12-02 13:15:00+05:30,2025-12-02 13:30:00+05:30,913.8172,922.955372,904.6790279999999,2025-12-02 14:00:00+05:30,913.9085817199999,BE,-0.009999999999995457,25.322370382140416,40.23904382245684,21.494708994708716,1.089769983307241,1.3541154939295068,0.004729360306178253,0.3982510775073487,SHORT,50000,-4.999999999997728
2025-12-02,PCBL,A_MOD_BREAK_C1_LOW,MODERATE,2025-12-02 11:15:00+05:30,2025-12-02 11:30:00+05:30,318.53628000000003,321.72164280000004,315.3509172,2025-12-02 14:30:00+05:30,317.6,EOD,0.29393198162545586,29.51889824429075,24.043715843315653,5.710155857214898,1.600467926275737,2.7358113708785523,0.0036078431372549074,0.5828653607626153,SHORT,50000,146.9659908127279
2025-12-02,PENIND,A_MOD_BREAK_C1_LOW,MODERATE,2025-12-02 10:30:00+05:30,2025-12-02 10:45:00+05:30,217.95999999999998,220.13959999999997,215.7804,2025-12-02 14:30:00+05:30,218.94,EOD,-0.44962378418059196,42.88026864734024,16.527942922337928,4.744116021124727,1.2442404962824904,3.5671421132968857,0.005717299992791939,0.7209461165595394,SHORT,50000,-224.81189209029597
2025-12-03,BAJAJFINSV,A_MOD_BREAK_C1_LOW,MODERATE,2025-12-03 10:30:00+05:30,2025-12-03 10:45:00+05:30,2038.79216,2059.1800816,2018.4042384,2025-12-03 14:30:00+05:30,2040.4,EOD,-0.0788623789881615,35.94259707556021,19.599999999450276,8.506318638157014,1.4422115925175603,2.9375635592752016,0.003479368813094207,0.6515259848239761,SHORT,50000,-39.43118949408075
2025-12-03,BANDHANBNK,A_MOD_BREAK_C1_LOW,MODERATE,2025-12-03 10:00:00+05:30,2025-12-03 10:15:00+05:30,148.1,149.581,146.619,2025-12-03 11:00:00+05:30,146.619,TARGET,0.9999999999999963,26.014947126289712,18.225419658150003,10.406850196560242,1.1627686951259764,3.0075641363473697,0.004039674514901998,0.4537087285413915,SHORT,50000,499.9999999999982
2025-12-03,BANKINDIA,A_MOD_BREAK_C1_LOW,MODERATE,2025-12-03 10:15:00+05:30,2025-12-03 10:30:00+05:30,142.29999999999998,143.72299999999998,140.87699999999998,2025-12-03 11:15:00+05:30,140.87699999999998,TARGET,1.0000000000000013,35.57417036503312,5.653710245951288,4.427258213341155,1.4258692009540115,4.5937987869506784,0.0054366888810943636,0.6431396656424488,SHORT,50000,500.0000000000007
2025-12-03,BHEL,A_MOD_BREAK_C1_LOW,MODERATE,2025-12-03 10:15:00+05:30,2025-12-03 10:30:00+05:30,281.69365,284.5105865,278.8767135,2025-12-03 12:00:00+05:30,278.8767135,TARGET,0.999999999999999,36.57248338204517,16.58767772291725,4.608100233100293,1.7562728961977494,3.7376038913952225,0.005044104227922532,0.7159350075652837,SHORT,50000,499.9999999999995
2025-12-03,CANBK,A_MOD_BREAK_C1_LOW,MODERATE,2025-12-03 10:30:00+05:30,2025-12-03 10:45:00+05:30,148.23,149.7123,146.74769999999998,2025-12-03 11:30:00+05:30,146.74769999999998,TARGET,1.0000000000000062,36.28933262047826,10.060060057945194,3.4287106526045252,2.368747099728365,4.199058996370012,0.005468584522365348,0.7543399893071738,SHORT,50000,500.0000000000031
2025-12-03,CENTRALBK,A_MOD_BREAK_C1_LOW,MODERATE,2025-12-03 10:30:00+05:30,2025-12-03 10:45:00+05:30,37.36,37.7336,36.986399999999996,2025-12-03 11:45:00+05:30,37.363735999999996,BE,-0.009999999999990388,57.74204577462479,13.013698617657923,4.2494991524119605,2.108184021462005,4.379038946469996,0.0043723985183487845,0.96,SHORT,50000,-4.999999999995194
2025-12-03,CIPLA,A_MOD_BREAK_C1_LOW,MODERATE,2025-12-03 11:15:00+05:30,2025-12-03 11:30:00+05:30,1497.7004,1512.677404,1482.7233959999999,2025-12-03 14:30:00+05:30,1506.9,EOD,-0.614248350337634,29.16175014944125,17.54385964850728,1.909302818393888,1.8334354592745319,3.119405441923199,0.0031752388580582698,0.6182774576146619,SHORT,50000,-307.12417516881703
2025-12-03,CROMPTON,A_MOD_BREAK_C1_LOW,MODERATE,2025-12-03 10:30:00+05:30,2025-12-03 10:45:00+05:30,257.04858,259.61906580000004,254.47809420000002,2025-12-03 12:30:00+05:30,257.074284858,BE,-0.009999999999993476,26.248865617670702,9.999999997846587,5.397236131180847,2.0509418923873013,4.161546400550213,0.0036936236391913097,0.6037329842650605,SHORT,50000,-4.999999999996738
2025-12-03,EXIDEIND,A_MOD_BREAK_C1_LOW,MODERATE,2025-12-03 10:45:00+05:30,2025-12-03 11:00:00+05:30,373.27533,377.0080833,369.5425767,2025-12-03 12:15:00+05:30,373.312657533,BE,-0.009999999999998817,30.064186123310638,23.280423276974233,4.253686692710741,1.6550699281237962,2.5088356011246926,0.0036345550539444707,0.6006000292713238,SHORT,50000,-4.9999999999994085
2025-12-03,IGL,A_PULLBACK_C2_THEN_BREAK_C2_LOW,MODERATE,2025-12-03 10:15:00+05:30,2025-12-03 10:45:00+05:30,194.6,196.546,192.654,2025-12-03 11:30:00+05:30,194.61946,BE,-0.010000000000004809,26.757592081615627,6.534653463534681,4.083692926515613,1.672341328919892,4.461037170741153,0.0037833474000954098,0.5540236137852155,SHORT,50000,-5.000000000002404
2025-12-03,IIFL,A_MOD_BREAK_C1_LOW,MODERATE,2025-12-03 10:45:00+05:30,2025-12-03 11:00:00+05:30,570.03597,575.7363297,564.3356103,2025-12-03 11:30:00+05:30,570.092973597,BE,-0.009999999999990888,31.726051399816512,24.67811158650008,8.885538914619248,1.381298823138586,2.410678329519093,0.006195399133895745,0.5776180650465002,SHORT,50000,-4.999999999995444
2025-12-03,JSWENERGY,A_MOD_BREAK_C1_LOW,MODERATE,2025-12-03 10:00:00+05:30,2025-12-03 10:15:00+05:30,476.95459,481.7241359,472.18504409999997,2025-12-03 10:30:00+05:30,472.18504409999997,TARGET,1.0000000000000053,28.686598590225227,29.819277105918857,7.006415125034966,1.3216926235233604,2.7931628504763553,0.003883044785946219,0.5215951879699665,SHORT,50000,500.0000000000027
2025-12-03,KTKBANK,A_MOD_BREAK_C1_LOW,MODERATE,2025-12-03 10:45:00+05:30,2025-12-03 11:00:00+05:30,205.53,207.5853,203.4747,2025-12-03 12:45:00+05:30,203.4747,TARGET,0.9999999999999943,26.938137473189478,10.647737354489536,5.101632568145644,2.4642785339892153,3.986394071040553,0.006704562017198646,0.6140720620978422,SHORT,50000,499.99999999999716
2025-12-03,LT,A_MOD_BREAK_C1_LOW,MODERATE,2025-12-03 10:00:00+05:30,2025-12-03 10:15:00+05:30,4000.29978,4040.3027778,3960.2967821999996,2025-12-03 14:30:00+05:30,3975.4,EOD,0.6224478506458268,33.599780136459124,23.333333332944463,5.849067988215437,1.236260758463985,3.027453106458278,0.002900770444630102,0.5803423347780843,SHORT,50000,311.2239253229134
2025-12-03,LTF,A_MOD_BREAK_C1_LOW,MODERATE,2025-12-03 10:45:00+05:30,2025-12-03 11:00:00+05:30,300.73984,303.7472384,297.7324416,2025-12-03 12:15:00+05:30,297.7324416,TARGET,0.9999999999999999,25.79078226632776,11.242603548432612,6.065356913738398,2.2536361992074787,3.4093793355704918,0.004649618067087352,0.5968617339949163,SHORT,50000,499.99999999999994
2025-12-03,MAXHEALTH,A_MOD_BREAK_C1_LOW,MODERATE,2025-12-03 10:00:00+05:30,2025-12-03 10:15:00+05:30,1094.48106,1105.4258706,1083.5362494,2025-12-03 10:45:00+05:30,1094.590508106,BE,-0.009999999999994997,50.723476146564536,18.15718157112653,4.898464132086251,0.9511059158178647,4.583876132508538,0.004220482713633402,0.7764435352681263,SHORT,50000,-4.999999999997498
2025-12-03,MUTHOOTFIN,A_MOD_BREAK_C1_LOW,MODERATE,2025-12-03 10:00:00+05:30,2025-12-03 10:15:00+05:30,3730.5537400000003,3767.8592774000003,3693.2482026000002,2025-12-03 11:45:00+05:30,3730.9267953740004,BE,-0.01000000000000428,26.75262226762541,20.211742059400407,3.7420400147540858,1.391629836203345,3.21755748006778,0.0038133760911077384,0.5048245553499664,SHORT,50000,-5.0000000000021405
2025-12-03,NDRAUTO,A_MOD_BREAK_C1_LOW,MODERATE,2025-12-03 10:00:00+05:30,2025-12-03 10:15:00+05:30,837.03256,845.4028856,828.6622344,2025-12-03 10:45:00+05:30,837.116263256,BE,-0.01000000000000421,28.643678096878354,47.7243994934663,8.049525800097419,2.0309869224292734,0.7807729323943905,0.01109313808956238,0.5786938180728949,SHORT,50000,-5.000000000002105
2025-12-03,PARACABLES,A_MOD_BREAK_C1_LOW,MODERATE,2025-12-03 10:30:00+05:30,2025-12-03 10:45:00+05:30,38.11,38.4911,37.728899999999996,2025-12-03 12:30:00+05:30,38.4911,SL,-1.0000000000000093,44.912004159538064,21.917808198160742,12.967160229773839,0.9240701053259596,2.381303485562382,0.006787584143605103,0.695392330825114,SHORT,50000,-500.0000000000047
2025-12-03,PARAGMILK,A_MOD_BREAK_C1_LOW,MODERATE,2025-12-03 10:45:00+05:30,2025-12-03 11:00:00+05:30,317.78643,320.9642943,314.6085657,2025-12-03 11:15:00+05:30,314.6085657,TARGET,1.000000000000003,35.68537089125094,34.571428568662824,16.86991869918703,1.1754630717802048,2.291825852043726,0.007528259062001418,0.6009866009303,SHORT,50000,500.0000000000016
2025-12-03,PFC,A_MOD_BREAK_C1_LOW,MODERATE,2025-12-03 10:00:00+05:30,2025-12-03 10:15:00+05:30,355.4289,358.983189,351.874611,2025-12-03 11:30:00+05:30,351.874611,TARGET,0.9999999999999951,26.033039931590523,20.388349511791958,4.9960389473976505,1.3589280942894917,3.4136188519702797,0.0036341732757755405,0.4883080154745189,SHORT,50000,499.99999999999756
2025-12-03,PLATIND,A_MOD_BREAK_C1_LOW,MODERATE,2025-12-03 10:15:00+05:30,2025-12-03 10:30:00+05:30,265.19695,267.8489195,262.5449805,2025-12-03 10:45:00+05:30,262.5449805,TARGET,1.0000000000000027,27.19627088828332,48.52459015947974,18.253968253968456,1.3648237498519489,0.7712272128370281,0.008778780126565225,0.4453495801901922,SHORT,50000,500.0000000000013
2025-12-03,POLYMED,A_MOD_BREAK_C1_LOW,MODERATE,2025-12-03 11:00:00+05:30,2025-12-03 11:15:00+05:30,1900.2198799999999,1919.2220788,1881.2176811999998,2025-12-03 14:30:00+05:30,1914.6,EOD,-0.7567608439082342,37.76644811043059,27.040816325565032,24.358845841644797,1.7550973213920933,2.6029369626803267,0.0032204485329485346,0.7336387529000752,SHORT,50000,-378.3804219541171
2025-12-03,RVNL,A_MOD_BREAK_C1_LOW,MODERATE,2025-12-03 10:00:00+05:30,2025-12-03 10:15:00+05:30,315.4369,318.59126899999995,312.282531,2025-12-03 13:45:00+05:30,312.282531,TARGET,0.9999999999999919,28.831894689489737,26.53061223731784,9.214727924405393,1.3258034530115281,2.73614150410905,0.002874799103605959,0.5244940246193635,SHORT,50000,499.9999999999959
2025-12-03,SAREGAMA,A_MOD_BREAK_C1_LOW,MODERATE,2025-12-03 11:00:00+05:30,2025-12-03 11:15:00+05:30,373.4253,377.159553,369.69104699999997,2025-12-03 12:45:00+05:30,373.46264253,BE,-0.009999999999997173,33.3236119266938,16.382252558161355,3.808449493728695,1.2293721606941086,2.6183373452547265,0.00686996679516049,0.5749943070218759,SHORT,50000,-4.999999999998586
2025-12-03,SBFC,A_MOD_BREAK_C1_LOW,MODERATE,2025-12-03 10:15:00+05:30,2025-12-03 10:30:00+05:30,105.45,106.50450000000001,104.3955,2025-12-03 14:30:00+05:30,105.6,EOD,-0.14224751066855523,45.97531788665573,28.217821762621227,31.25000000000019,1.0119787965516402,1.8997599938223888,0.004549763033175345,0.7217140573874925,SHORT,50000,-71.12375533427762
2025-12-03,SULA,A_MOD_BREAK_C1_LOW,MODERATE,2025-12-03 11:15:00+05:30,2025-12-03 11:30:00+05:30,224.45,226.69449999999998,222.2055,2025-12-03 14:30:00+05:30,224.3,EOD,0.06683002895966908,54.612545750570426,11.544011541679538,7.831715210356176,1.5899347810019968,3.337465795442898,0.004272987591473144,0.8882385866753493,SHORT,50000,33.41501447983454
2025-12-04,PRINCEPIPE,A_MOD_BREAK_C1_LOW,MODERATE,2025-12-04 11:15:00+05:30,2025-12-04 11:30:00+05:30,263.64726,266.2837326,261.0107874,2025-12-04 13:15:00+05:30,261.0107874,TARGET,0.9999999999999963,31.33522433514917,34.451219509254074,23.99267399267367,1.2429974475763403,2.2350697319970965,0.008350024359876567,0.5475529183530972,SHORT,50000,499.9999999999982
2025-12-04,QUESS,A_MOD_BREAK_C1_LOW,MODERATE,2025-12-04 10:45:00+05:30,2025-12-04 11:00:00+05:30,207.35,209.4235,205.2765,2025-12-04 11:30:00+05:30,205.2765,TARGET,0.9999999999999979,25.72460284201042,39.365671631508796,68.6311043273068,0.3304768528948967,0.7932961345379055,0.0058467853010853365,0.24336729861365847,SHORT,50000,499.999999999999
2025-12-04,SHALPAINTS,A_MOD_BREAK_C1_LOW,MODERATE,2025-12-04 11:15:00+05:30,2025-12-04 11:30:00+05:30,64.52,65.1652,63.87479999999999,2025-12-04 12:00:00+05:30,64.52645199999999,BE,-0.009999999999993655,29.991111752786434,39.736842090623206,56.54641654641667,0.6680540681852563,0.7972513119669998,0.007591495756718549,0.36663870382256636,SHORT,50000,-4.999999999996827
2025-12-04,SUZLON,A_MOD_BREAK_C1_LOW,MODERATE,2025-12-04 11:15:00+05:30,2025-12-04 11:30:00+05:30,52.11,52.631099999999996,51.5889,2025-12-04 12:15:00+05:30,51.5889,TARGET,0.9999999999999943,33.99366725286242,40.12738849924935,30.7359307359303,1.266246215637567,1.5961615345189903,0.004256425697314785,0.5713061732554601,SHORT,50000,499.99999999999716
2025-12-04,TEGA,A_MOD_BREAK_C1_LOW,MODERATE,2025-12-04 13:00:00+05:30,2025-12-04 13:15:00+05:30,1906.71858,1925.7857658,1887.6513942,2025-12-04 14:30:00+05:30,1906.909251858,BE,-0.010000000000004564,25.916403679732994,26.928895612137637,5.36921423810903,2.051745416166007,2.113371439388425,0.004205205017786964,0.5987460551959949,SHORT,50000,-5.000000000002282
2025-12-05,CAMS,A_MOD_BREAK_C1_LOW,MODERATE,2025-12-05 10:45:00+05:30,2025-12-05 11:00:00+05:30,760.14794,767.7494194,752.5464605999999,2025-12-05 11:30:00+05:30,767.7494194,SL,-1.0000000000000022,41.74689361902804,13.2029339848781,3.4381027184623707,2.3115821752076235,3.2082982604539034,0.0070808760001502555,0.8362034042854205,SHORT,50000,-500.00000000000114
2025-12-05,GODREJAGRO,A_MOD_BREAK_C1_LOW,MODERATE,2025-12-05 10:00:00+05:30,2025-12-05 10:15:00+05:30,579.884,585.68284,574.08516,2025-12-05 14:30:00+05:30,580.6,EOD,-0.1234729704561616,33.510183051619805,30.718954245554997,3.291666666666515,1.1787723532106604,2.9484578853500176,0.003374384236453213,0.5689379075861627,SHORT,50000,-61.7364852280808
2025-12-05,MEDANTA,A_MOD_BREAK_C1_LOW,MODERATE,2025-12-05 10:15:00+05:30,2025-12-05 10:30:00+05:30,1160.96776,1172.5774376,1149.3580824,2025-12-05 14:30:00+05:30,1160.0,EOD,0.08335804260404255,25.502714597143942,23.14189189134447,3.2085425712313485,1.940199653847978,3.5466937484701595,0.0063229631816560375,0.5820756583805553,SHORT,50000,41.679021302021276
2025-12-05,MPSLTD,A_MOD_BREAK_C1_LOW,MODERATE,2025-12-05 11:00:00+05:30,2025-12-05 11:15:00+05:30,2116.0767,2137.237467,2094.915933,2025-12-05 11:30:00+05:30,2094.915933,TARGET,0.9999999999999929,38.61901262965144,23.076923076358014,5.022043319915693,1.4841927428588917,2.148598521393117,0.005325503695454106,0.6990189194450775,SHORT,50000,499.9999999999965
2025-12-05,SUNTECK,A_MOD_BREAK_C1_LOW,MODERATE,2025-12-05 10:15:00+05:30,2025-12-05 10:30:00+05:30,407.66845,411.7451345,403.5917655,2025-12-05 11:00:00+05:30,407.709216845,BE,-0.01000000000000181,25.773947632832314,21.238938050465862,10.384993541456977,0.7574703833012346,2.663209581437991,0.00462354857353017,0.37916653157020075,SHORT,50000,-5.000000000000905
2025-12-08,ATGL,A_MOD_BREAK_C1_LOW,MODERATE,2025-12-08 10:00:00+05:30,2025-12-08 10:15:00+05:30,585.98278,591.8426078000001,580.1229522,2025-12-08 11:30:00+05:30,580.1229522,TARGET,1.0000000000000104,26.03598545557139,28.62318840289349,6.832399328892861,1.4533391303973693,2.8634347883878792,0.0032151991231274954,0.5048741296531105,SHORT,50000,500.00000000000523
2025-12-08,BLUEDART,A_MOD_BREAK_C1_LOW,MODERATE,2025-12-08 11:15:00+05:30,2025-12-08 11:30:00+05:30,5461.9074,5516.526474,5407.288326,2025-12-08 11:45:00+05:30,5407.288326,TARGET,1.0000000000000033,27.44799613426134,14.695340501644623,4.022227571818312,3.7686842740933826,3.485494870143211,0.0034972348965210684,0.6217199420139201,SHORT,50000,500.00000000000165
2025-12-08,CREDITACC,A_PULLBACK_C2_THEN_BREAK_C2_LOW,MODERATE,2025-12-08 10:15:00+05:30,2025-12-08 10:45:00+05:30,1252.44946,1264.9739546,1239.9249654,2025-12-08 11:15:00+05:30,1252.574704946,BE,-0.010000000000005284,34.88137836046306,10.291858678734172,5.3181672238275475,2.1625422569042625,4.911855706450971,0.006557208941959308,0.7332206754069459,SHORT,50000,-5.000000000002642
2025-12-08,DLF,A_MOD_BREAK_C1_LOW,MODERATE,2025-12-08 10:45:00+05:30,2025-12-08 11:00:00+05:30,697.96038,704.9399837999999,690.9807762,2025-12-08 12:15:00+05:30,690.9807762,TARGET,0.9999999999999929,32.85835718577493,15.035460992310789,1.0025427634080992,2.3325601557731743,3.925580062734122,0.005294605129884093,0.7028753577866238,SHORT,50000,499.9999999999965
2025-12-08,DSSL,A_MOD_BREAK_C1_LOW,MODERATE,2025-12-08 10:00:00+05:30,2025-12-08 10:15:00+05:30,883.8232,892.6614320000001,874.984968,2025-12-08 11:15:00+05:30,874.984968,TARGET,1.0000000000000069,36.1088880872691,30.545876886346917,23.98550724637693,1.0208837585336583,2.184608127763041,0.007482223658694267,0.5802879790524267,SHORT,50000,500.00000000000347
2025-12-08,EMSLIMITED,A_MOD_BREAK_C1_LOW,MODERATE,2025-12-08 10:00:00+05:30,2025-12-08 10:15:00+05:30,408.06836999999996,412.14905369999997,403.98768629999995,2025-12-08 12:30:00+05:30,403.98768629999995,TARGET,1.0000000000000022,45.04439239415772,24.155844154087475,37.26783921624756,1.400223699612765,2.9133451830647403,0.007952060187210225,0.7807050333445997,SHORT,50000,500.00000000000114
2025-12-08,GODREJPROP,A_MOD_BREAK_C1_LOW,MODERATE,2025-12-08 11:00:00+05:30,2025-12-08 11:15:00+05:30,2003.5992,2023.6351920000002,1983.563208,2025-12-08 12:00:00+05:30,2003.79955992,BE,-0.009999999999999131,28.851161646359987,12.62398557242841,3.901920633081955,2.180209892628088,4.048509838125973,0.006190571228990558,0.6427674246953998,SHORT,50000,-4.999999999999566
2025-12-08,GOKULAGRO,A_PULLBACK_C2_THEN_BREAK_C2_LOW,MODERATE,2025-12-08 10:15:00+05:30,2025-12-08 10:45:00+05:30,195.47,197.4247,193.5153,2025-12-08 12:30:00+05:30,193.5153,TARGET,1.0000000000000013,39.87401952527985,15.241635683765992,11.769793579605222,2.0405758408914174,3.5903015951747177,0.004877015967116641,0.8081102928791977,SHORT,50000,500.0000000000007
2025-12-08,HCG,A_MOD_BREAK_C1_LOW,MODERATE,2025-12-08 13:00:00+05:30,2025-12-08 13:15:00+05:30,701.3597,708.373297,694.346103,2025-12-08 14:30:00+05:30,698.05,EOD,0.4718976582201716,38.27492559122666,14.236706688853346,5.858855722475625,2.600765849470656,2.430238199149634,0.005624777500890027,0.7841238838683999,SHORT,50000,235.94882911008582
2025-12-08,ICIL,A_MOD_BREAK_C1_LOW,MODERATE,2025-12-08 10:15:00+05:30,2025-12-08 10:30:00+05:30,287.19255,290.06447549999996,284.3206245,2025-12-08 11:00:00+05:30,287.221269255,BE,-0.009999999999999516,35.199794580168046,20.79002078881041,8.059721747924696,1.7974522787939622,3.9244644805045517,0.010937499999999992,0.7025510674914641,SHORT,50000,-4.999999999999758
2025-12-08,IDBI,A_MOD_BREAK_C1_LOW,MODERATE,2025-12-08 11:15:00+05:30,2025-12-08 11:30:00+05:30,95.57000000000001,96.52570000000001,94.6143,2025-12-08 12:45:00+05:30,94.6143,TARGET,1.0000000000000075,29.89661147616946,8.474576266159275,4.166666666666944,2.130369514421084,3.1965500779827396,0.0037873128753697517,0.6584491721425418,SHORT,50000,500.00000000000375
2025-12-08,IREDA,A_PULLBACK_C2_THEN_BREAK_C2_LOW,MODERATE,2025-12-08 13:00:00+05:30,2025-12-08 13:30:00+05:30,130.57999999999998,131.8858,129.27419999999998,2025-12-08 14:00:00+05:30,130.59305799999998,BE,-0.010000000000000692,33.077653656098214,10.599078337594946,2.758550224565085,3.561010032452773,2.7535430693572,0.004125502710264007,0.7061648048414733,SHORT,50000,-5.000000000000346
2025-12-08,LTFOODS,A_MOD_BREAK_C1_LOW,MODERATE,2025-12-08 11:15:00+05:30,2025-12-08 11:30:00+05:30,389.02218000000005,392.91240180000005,385.13195820000004,2025-12-08 11:45:00+05:30,389.061082218,BE,-0.009999999999993731,28.744431428551007,29.352226718984113,9.297244494626291,1.3432092225752261,2.572785610807091,0.007018251117789323,0.5262280853789296,SHORT,50000,-4.999999999996866
2025-12-08,MAHLIFE,A_MOD_BREAK_C1_LOW,MODERATE,2025-12-08 10:45:00+05:30,2025-12-08 11:00:00+05:30,398.9202,402.909402,394.93099800000005,2025-12-08 11:15:00+05:30,398.96009202,BE,-0.009999999999991963,40.782399766473155,15.404699737777165,4.034391534391539,2.47028435266726,4.639303656871928,0.004946775203506571,0.8217359964970972,SHORT,50000,-4.999999999995982
2025-12-08,MANYAVAR,A_PULLBACK_C2_THEN_BREAK_C2_LOW,MODERATE,2025-12-08 10:15:00+05:30,2025-12-08 10:45:00+05:30,587.03257,592.9028956999999,581.1622443,2025-12-08 11:15:00+05:30,587.091273257,BE,-0.010000000000008077,39.610217632707766,8.833922260609413,17.151870587147954,1.270291280701687,3.074841475614859,0.005332668523270409,0.6764542386134118,SHORT,50000,-5.0000000000040385
2025-12-08,MOL,A_MOD_BREAK_C1_LOW,MODERATE,2025-12-08 11:15:00+05:30,2025-12-08 11:30:00+05:30,63.7,64.337,63.063,2025-12-08 12:15:00+05:30,63.063,TARGET,1.0000000000000007,36.28708031182989,20.141342746220005,5.020080321285204,1.8872169593580161,3.3946323951274726,0.0055014005602241015,0.7345691725651011,SHORT,50000,500.00000000000034
2025-12-08,MOTILALOFS,A_MOD_BREAK_C1_LOW,MODERATE,2025-12-08 10:15:00+05:30,2025-12-08 10:30:00+05:30,870.22592,878.9281791999999,861.5236608,2025-12-08 11:30:00+05:30,861.5236608,TARGET,0.9999999999999951,49.39336147079382,24.712643677365563,17.724878920392953,1.3002971370391279,2.9930945712249857,0.007544030749813556,0.8284524210437547,SHORT,50000,499.99999999999756
2025-12-08,PANAMAPET,A_MOD_BREAK_C1_LOW,MODERATE,2025-12-08 11:15:00+05:30,2025-12-08 11:30:00+05:30,280.4439,283.248339,277.639461,2025-12-08 12:30:00+05:30,280.47194439,BE,-0.009999999999996765,65.78998970892546,11.309523807638783,6.925287356321948,2.605717989341738,4.118589057532326,0.004048892284186396,0.96,SHORT,50000,-4.999999999998383
2025-12-08,PENIND,A_MOD_BREAK_C1_LOW,MODERATE,2025-12-08 10:00:00+05:30,2025-12-08 10:15:00+05:30,199.95,201.9495,197.95049999999998,2025-12-08 11:15:00+05:30,197.95049999999998,TARGET,1.000000000000006,42.44486266220522,16.799204769033736,2.4671983772853583,1.2047216226802813,4.349775008772167,0.006748033012575865,0.7074992239021274,SHORT,50000,500.00000000000296
2025-12-08,PIIND,A_MOD_BREAK_C1_LOW,MODERATE,2025-12-08 11:00:00+05:30,2025-12-08 11:15:00+05:30,3350.42978,3383.9340778,3316.9254822,2025-12-08 13:30:00+05:30,3316.9254822,TARGET,1.000000000000004,28.74513524215442,20.634920634650825,3.4358974358975893,1.788663743758392,3.1704329893227343,0.003551072782071547,0.604193183790035,SHORT,50000,500.000000000002
2025-12-08,PNGJL,A_MOD_BREAK_C1_LOW,MODERATE,2025-12-08 10:30:00+05:30,2025-12-08 10:45:00+05:30,605.22893,611.2812193,599.1766407,2025-12-08 12:15:00+05:30,605.289452893,BE,-0.009999999999997344,26.67922730592857,23.234200742284997,4.729272391967906,1.7397693188331296,2.6193251458693743,0.006383229301613478,0.5646480403847263,SHORT,50000,-4.999999999998672
2025-12-08,PRAKASH,A_MOD_BREAK_C1_LOW,MODERATE,2025-12-08 10:00:00+05:30,2025-12-08 10:15:00+05:30,127.46000000000001,128.7346,126.1854,2025-12-08 11:30:00+05:30,126.1854,TARGET,1.000000000000005,33.34942510879851,23.60406090951207,4.8392426594054845,1.620524661131379,3.9836033930856196,0.00696495703544579,0.6438331923299689,SHORT,50000,500.0000000000025
2025-12-08,ROHLTD,A_MOD_BREAK_C1_LOW,MODERATE,2025-12-08 10:00:00+05:30,2025-12-08 10:15:00+05:30,395.97079,399.93049790000003,392.0110821,2025-12-08 11:15:00+05:30,396.010387079,BE,-0.009999999999993714,28.433983206766776,21.818181816595043,6.109093907814361,1.3760875905426,2.8547823138693533,0.007092390324790005,0.5273250764464565,SHORT,50000,-4.999999999996857
2025-12-08,SJVN,A_MOD_BREAK_C1_LOW,MODERATE,2025-12-08 10:00:00+05:30,2025-12-08 10:15:00+05:30,72.4,73.12400000000001,71.676,2025-12-08 12:45:00+05:30,71.676,TARGET,1.000000000000005,47.87836396439539,15.420560737574789,6.444901922812388,2.0149053846746017,5.58047018437373,0.0034876847290640175,0.9281754594659308,SHORT,50000,500.0000000000025
2025-12-08,TARC,A_PULLBACK_C2_THEN_BREAK_C2_LOW,MODERATE,2025-12-08 10:15:00+05:30,2025-12-08 10:45:00+05:30,146.83999999999997,148.30839999999998,145.37159999999997,2025-12-08 11:15:00+05:30,145.37159999999997,TARGET,1.000000000000002,26.95350183741743,21.77177176719553,33.88255175327416,1.4823474672155612,2.2296529221785466,0.008744966051244148,0.5237133343239846,SHORT,50000,500.00000000000097
2025-12-08,TEXRAIL,A_MOD_BREAK_C1_LOW,MODERATE,2025-12-08 10:00:00+05:30,2025-12-08 10:15:00+05:30,119.99000000000001,121.18990000000001,118.79010000000001,2025-12-08 12:45:00+05:30,118.79010000000001,TARGET,0.9999999999999996,47.1489967982064,13.404825732234428,6.676827995156025,2.030788412180093,4.828342968008011,0.004256584031864912,0.9172349519730958,SHORT,50000,499.9999999999998
2025-12-08,THERMAX,A_MOD_BREAK_C1_LOW,MODERATE,2025-12-08 10:15:00+05:30,2025-12-08 10:30:00+05:30,2800.4398,2828.444198,2772.435402,2025-12-08 11:30:00+05:30,2772.435402,TARGET,1.0000000000000013,36.156725961365495,22.067901234090954,3.6835457669744986,2.1744724243949873,3.61466767137582,0.0030210171012512244,0.7523508894204824,SHORT,50000,500.0000000000007
2025-12-08,TITAGARH,A_PULLBACK_C2_THEN_BREAK_C2_LOW,MODERATE,2025-12-08 10:15:00+05:30,2025-12-08 10:45:00+05:30,774.39509,782.1390408999999,766.6511391,2025-12-08 12:30:00+05:30,766.6511391,TARGET,0.9999999999999947,25.27002204517335,26.420890935883605,14.136225908193191,1.7113560917116164,3.141945961879486,0.005096445390619967,0.538537646727133,SHORT,50000,499.9999999999973
2025-12-08,VPRPL,A_MOD_BREAK_C1_LOW,MODERATE,2025-12-08 10:45:00+05:30,2025-12-08 11:00:00+05:30,74.95,75.6995,74.2005,2025-12-08 12:15:00+05:30,74.2005,TARGET,0.9999999999999967,46.432377415230405,20.31249999259441,2.568406613240842,1.709462405760642,3.883079302869131,0.005613808064853776,0.8556415822365684,SHORT,50000,499.99999999999835
2025-12-08,WELENT,A_MOD_BREAK_C1_LOW,MODERATE,2025-12-08 10:15:00+05:30,2025-12-08 10:30:00+05:30,513.3973,518.5312729999999,508.26332699999995,2025-12-08 11:15:00+05:30,513.44863973,BE,-0.009999999999999055,41.23262939121025,44.866920147314545,15.037932142239315,1.1581308945412792,0.047246743617531166,0.00514675198219502,0.5835246845937541,SHORT,50000,-4.9999999999995275
2025-12-09,INFY,A_MOD_BREAK_C1_LOW,MODERATE,2025-12-09 10:15:00+05:30,2025-12-09 10:30:00+05:30,1588.08232,1603.9631432,1572.2014967999999,2025-12-09 14:30:00+05:30,1594.0,EOD,-0.3726305573378601,33.21486799393142,15.445026177444547,7.451323406607841,1.1431872760310189,3.4411391256253157,0.0034246883174083548,0.5582807932143996,SHORT,50000,-186.31527866893006
2025-12-09,SOBHA,A_MOD_BREAK_C1_LOW,MODERATE,2025-12-09 10:00:00+05:30,2025-12-09 10:15:00+05:30,1434.713,1449.06013,1420.3658699999999,2025-12-09 13:00:00+05:30,1420.3658699999999,TARGET,1.0000000000000075,45.88302621765271,20.880503144286493,5.3381595739432806,1.4391072420513402,4.051767205331647,0.007515917230401905,0.8000891606237752,SHORT,50000,500.00000000000375
2025-12-12,DYNAMATECH,A_PULLBACK_C2_THEN_BREAK_C2_LOW,MODERATE,2025-12-12 11:00:00+05:30,2025-12-12 11:30:00+05:30,9249.1498,9341.641297999999,9156.658302,2025-12-12 14:15:00+05:30,9250.074714979999,BE,-0.00999999999999797,28.2571239912357,29.935622317506628,44.31440420598898,0.6463610893414032,1.6065997387320032,0.007806105903608876,0.3773000374398813,SHORT,50000,-4.999999999998985
2025-12-12,VLSFINANCE,A_MOD_BREAK_C1_LOW,MODERATE,2025-12-12 10:45:00+05:30,2025-12-12 11:00:00+05:30,301.08977,304.1006677,298.0788723,2025-12-12 11:15:00+05:30,298.0788723,TARGET,0.9999999999999957,43.91930024669694,6.733524355030667,4.1277048936822,1.8098354720607739,5.251772977910178,0.011334863579355871,0.8355107113110896,SHORT,50000,499.99999999999784
2025-12-15,ACUTAAS,A_MOD_BREAK_C1_LOW,MODERATE,2025-12-15 10:45:00+05:30,2025-12-15 11:00:00+05:30,1631.47364,1647.7883763999998,1615.1589036,2025-12-15 14:30:00+05:30,1624.4,EOD,0.43357366166209355,25.36467807019601,26.254826254116722,4.215595193856169,1.4285324120841356,2.4188630738101544,0.005480363489923507,0.4904633431676639,SHORT,50000,216.78683083104679
2025-12-16,AHLUCONT,A_MOD_BREAK_C1_LOW,MODERATE,2025-12-16 10:00:00+05:30,2025-12-16 10:15:00+05:30,951.8096,961.3276960000001,942.291504,2025-12-16 11:00:00+05:30,951.90478096,BE,-0.009999999999999298,25.6717017327905,25.352112675056546,9.09239610963758,1.3351787600967429,3.0953853746827544,0.00512266648666083,0.4787318090087875,SHORT,50000,-4.999999999999648
2025-12-16,HCLTECH,A_MOD_BREAK_C1_LOW,MODERATE,2025-12-16 10:45:00+05:30,2025-12-16 11:00:00+05:30,1659.7679799999999,1676.3656597999998,1643.1703002,2025-12-16 14:30:00+05:30,1648.2,EOD,0.6969636804295868,31.105490411749223,21.3457076559192,12.609238451935232,1.2422325969806867,2.401217025236417,0.0034378307675097457,0.5439730606478586,SHORT,50000,348.4818402147934
2025-12-16,JUBLFOOD,A_MOD_BREAK_C1_LOW,MODERATE,2025-12-16 10:45:00+05:30,2025-12-16 11:00:00+05:30,565.8868,571.545668,560.227932,2025-12-16 13:30:00+05:30,560.227932,TARGET,0.9999999999999972,49.16459365304943,16.624040919525683,5.729632330017033,1.3706526909424126,3.64112902020249,0.004358246609902219,0.8373331257106635,SHORT,50000,499.99999999999864
2025-12-16,LTTS,A_MOD_BREAK_C1_LOW,MODERATE,2025-12-16 10:00:00+05:30,2025-12-16 10:15:00+05:30,4583.0832,4628.914032,4537.252368,2025-12-16 14:00:00+05:30,4583.54150832,BE,-0.009999999999990397,37.49208183587854,21.602288983830192,13.710225694685393,1.1432490856887638,2.676483474298264,0.0026801296434804146,0.6224498175337116,SHORT,50000,-4.9999999999951985
2025-12-16,MHRIL,A_MOD_BREAK_C1_LOW,MODERATE,2025-12-16 11:15:00+05:30,2025-12-16 11:30:00+05:30,301.4397,304.45409700000005,298.425303,2025-12-16 12:30:00+05:30,301.46984397,BE,-0.009999999999994446,51.07713725854656,17.09677419200402,11.612304087551797,1.3853007165605384,3.0963953129210853,0.00633420946697922,0.8524276253980942,SHORT,50000,-4.999999999997223
2025-12-16,RADICO,A_MOD_BREAK_C1_LOW,MODERATE,2025-12-16 10:45:00+05:30,2025-12-16 11:00:00+05:30,3167.3664,3199.040064,3135.692736,2025-12-16 12:00:00+05:30,3135.692736,TARGET,0.9999999999999974,28.72111021381715,3.3730158729691055,4.280701754386059,1.3731515528120655,3.223289857734785,0.004175685425685421,0.5311181749493687,SHORT,50000,499.9999999999987
2025-12-17,ADANIENSOL,A_MOD_BREAK_C1_LOW,MODERATE,2025-12-17 10:45:00+05:30,2025-12-17 11:00:00+05:30,983.90318,993.7422118000001,974.0641482,2025-12-17 14:30:00+05:30,981.8,EOD,0.2137588375311548,27.562865285637972,20.35175879253798,4.843091821303084,1.2990808619820644,2.866336180010086,0.003721598328545317,0.5007821301314308,SHORT,50000,106.8794187655774
2025-12-17,ADANIPORTS,A_MOD_BREAK_C1_LOW,MODERATE,2025-12-17 10:30:00+05:30,2025-12-17 10:45:00+05:30,1487.7024,1502.579424,1472.8253759999998,2025-12-17 14:30:00+05:30,1484.6,EOD,0.20853633092209767,25.520722499659353,21.2851405610527,10.089176839025237,1.50548639996247,2.6301661726338743,0.0029181945591030584,0.5062709574883226,SHORT,50000,104.26816546104884
2025-12-17,ANANTRAJ,A_MOD_BREAK_C1_LOW,MODERATE,2025-12-17 13:15:00+05:30,2025-12-17 13:30:00+05:30,528.19434,533.4762834,522.9123966,2025-12-17 14:30:00+05:30,525.2,EOD,0.5669011901944965,25.73384220933955,14.958448752302047,3.4996074259809085,2.7940262252759176,2.1304742792524043,0.005428463264919821,0.5960076331400932,SHORT,50000,283.45059509724825
2025-12-17,ANDHRSUGAR,A_MOD_BREAK_C1_LOW,MODERATE,2025-12-17 10:15:00+05:30,2025-12-17 10:30:00+05:30,75.25,76.0025,74.4975,2025-12-17 14:30:00+05:30,74.4975,TARGET,0.9999999999999969,35.93971132573305,22.97297295124247,20.848309765836095,1.0215592704291319,2.59606508871423,0.003158793397837262,0.5778685422110938,SHORT,50000,499.99999999999847
2025-12-17,BDL,A_MOD_BREAK_C1_LOW,MODERATE,2025-12-17 10:30:00+05:30,2025-12-17 10:45:00+05:30,1331.5336399999999,1344.8489763999999,1318.2183036,2025-12-17 14:30:00+05:30,1328.8,EOD,0.20530010792667044,48.23988819051647,22.08333333268915,13.65629673373076,1.6887179046996934,3.4252589286041215,0.005335847681906341,0.8791239561801933,SHORT,50000,102.65005396333522
2025-12-17,CAMS,A_MOD_BREAK_C1_LOW,MODERATE,2025-12-17 13:15:00+05:30,2025-12-17 13:30:00+05:30,738.8522,746.240722,731.4636780000001,2025-12-17 14:30:00+05:30,737.6,EOD,0.16947909202950417,34.96780015541509,15.765765764771928,2.8370060531865575,2.921717659438154,2.4089388380750654,0.004106756338899196,0.7345170023312264,SHORT,50000,84.7395460147521
2025-12-17,COROMANDEL,A_MOD_BREAK_C1_LOW,MODERATE,2025-12-17 10:30:00+05:30,2025-12-17 10:45:00+05:30,2274.545,2297.29045,2251.79955,2025-12-17 11:45:00+05:30,2251.79955,TARGET,0.9999999999999951,28.80977413425201,13.458528951191767,7.684223645164409,1.0180069548825221,2.616209307311857,0.005035442735965732,0.47029782911822154,SHORT,50000,499.99999999999756
2025-12-17,ELGIEQUIP,A_MOD_BREAK_C1_LOW,MODERATE,2025-12-17 10:30:00+05:30,2025-12-17 10:45:00+05:30,474.4051,479.149151,469.661049,2025-12-17 13:45:00+05:30,469.661049,TARGET,1.0000000000000029,31.93213121797021,30.3571428546131,33.333333333333314,0.7856204569360367,1.7986679616597703,0.005431430075979851,0.4663989463163481,SHORT,50000,500.0000000000015
2025-12-17,GULPOLY,A_MOD_BREAK_C1_LOW,MODERATE,2025-12-17 11:00:00+05:30,2025-12-17 11:15:00+05:30,133.51,134.8451,132.17489999999998,2025-12-17 14:30:00+05:30,133.2,EOD,0.23219234514268763,26.019037001617843,19.638242886952455,6.4471879286690905,0.9563734855617061,2.77354379858371,0.004069866940486909,0.4176509149975662,SHORT,50000,116.09617257134381
2025-12-17,HIKAL,A_MOD_BREAK_C1_LOW,MODERATE,2025-12-17 10:30:00+05:30,2025-12-17 10:45:00+05:30,238.67999999999998,241.06679999999997,236.29319999999998,2025-12-17 11:30:00+05:30,238.70386799999997,BE,-0.009999999999997117,46.79420029211115,17.13244228141123,9.153002958137394,2.1042074263721635,3.5438619281372232,0.005050806933652098,0.9119130043816672,SHORT,50000,-4.9999999999985585
2025-12-17,ICICIPRULI,A_MOD_BREAK_C1_LOW,MODERATE,2025-12-17 10:30:00+05:30,2025-12-17 10:45:00+05:30,633.1733399999999,639.5050733999999,626.8416066,2025-12-17 14:30:00+05:30,627.7,EOD,0.8644299521517906,33.907025430051746,20.94594594462488,11.167341430499135,1.4458598782562455,3.2110098794997097,0.0040378065010940635,0.6216308601456191,SHORT,50000,432.2149760758953
2025-12-17,INDHOTEL,A_MOD_BREAK_C1_LOW,MODERATE,2025-12-17 13:15:00+05:30,2025-12-17 13:30:00+05:30,714.3571,721.5006709999999,707.213529,2025-12-17 14:30:00+05:30,711.7,EOD,0.37195682663473223,31.381128655241568,12.684365780663668,2.3772212028298383,2.9605907818736945,3.0017935096590125,0.0031985926192475427,0.6807169298286235,SHORT,50000,185.97841331736612
2025-12-17,IRCON,A_MOD_BREAK_C1_LOW,MODERATE,2025-12-17 10:30:00+05:30,2025-12-17 10:45:00+05:30,152.26,153.7826,150.73739999999998,2025-12-17 14:30:00+05:30,151.8,EOD,0.30211480362536425,29.76511843181542,26.697892262909463,20.978335204325116,1.3727786315418926,2.5267103050832946,0.004213259347436872,0.5467130369970625,SHORT,50000,151.05740181268212
2025-12-17,IREDA,A_MOD_BREAK_C1_LOW,MODERATE,2025-12-17 10:30:00+05:30,2025-12-17 10:45:00+05:30,132.64999999999998,133.9765,131.32349999999997,2025-12-17 14:30:00+05:30,131.69,EOD,0.7237090086694156,30.613584040683094,30.74433655565005,13.269698671158444,1.230582028918726,1.977785262398429,0.003834116647487149,0.5334448787909449,SHORT,50000,361.8545043347078
2025-12-17,JUBLINGREA,A_MOD_BREAK_C1_LOW,MODERATE,2025-12-17 11:00:00+05:30,2025-12-17 11:15:00+05:30,690.61185,697.5179685,683.7057315,2025-12-17 14:30:00+05:30,692.85,EOD,-0.32408218885905576,33.06662546135779,12.534818940526975,4.7003697744659005,1.5409630359320479,2.8478335643637496,0.00439480895506953,0.6256679132084753,SHORT,50000,-162.04109442952787
2025-12-17,KTKBANK,A_MOD_BREAK_C1_LOW,MODERATE,2025-12-17 10:30:00+05:30,2025-12-17 10:45:00+05:30,197.35999999999999,199.3336,195.38639999999998,2025-12-17 11:15:00+05:30,197.37973599999998,BE,-0.009999999999997289,26.419275939861787,19.653179185449773,13.298389905731584,1.1765229983160455,2.367745694374407,0.004467677169627039,0.4621806638032348,SHORT,50000,-4.999999999998645
2025-12-17,OFSS,A_MOD_BREAK_C1_LOW,MODERATE,2025-12-17 10:30:00+05:30,2025-12-17 10:45:00+05:30,7786.4424,7864.306824,7708.577976,2025-12-17 14:30:00+05:30,7715.0,EOD,0.9175230012617818,41.091431300159314,36.61710037155663,27.135678391959804,1.2645345584216137,1.8767612614892188,0.004053855748771003,0.691503080300633,SHORT,50000,458.7615006308909
2025-12-17,ORIENTHOT,A_MOD_BREAK_C1_LOW,MODERATE,2025-12-17 10:30:00+05:30,2025-12-17 10:45:00+05:30,102.19,103.2119,101.1681,2025-12-17 11:45:00+05:30,101.1681,TARGET,1.0000000000000022,41.11701120329583,33.44709896012772,19.896750970919804,1.26898472678716,2.2311355322070394,0.0041215508208173384,0.6988274952371905,SHORT,50000,500.00000000000114
2025-12-17,PIDILITIND,A_MOD_BREAK_C1_LOW,MODERATE,2025-12-17 10:30:00+05:30,2025-12-17 10:45:00+05:30,1458.10832,1472.6894032,1443.5272368,2025-12-17 14:30:00+05:30,1446.2,EOD,0.8166965263595782,27.751583379692413,21.016949151545106,8.054191671212815,1.1320701373457216,2.6967278682509943,0.0032716871718517,0.4743860247308875,SHORT,50000,408.3482631797891
2025-12-17,POLYPLEX,A_MOD_BREAK_C1_LOW,MODERATE,2025-12-17 10:45:00+05:30,2025-12-17 11:00:00+05:30,791.8416,799.760016,783.923184,2025-12-17 12:30:00+05:30,791.9207841599999,BE,-0.00999999999999423,35.44172177235948,33.46055979524566,4.520180232000895,1.5117124121146563,3.046267959687281,0.006926406926406953,0.6561754987054571,SHORT,50000,-4.999999999997115
2025-12-17,QUICKHEAL,A_MOD_BREAK_C1_LOW,MODERATE,2025-12-17 10:30:00+05:30,2025-12-17 10:45:00+05:30,270.04598000000004,272.7464398,267.34552020000007,2025-12-17 13:15:00+05:30,267.34552020000007,TARGET,0.999999999999991,39.25798174362459,23.243243239725246,18.320895522387808,1.2384147532873546,2.5907062762768573,0.005978777320240729,0.665592307979656,SHORT,50000,499.9999999999955
2025-12-17,ROLEXRINGS,A_MOD_BREAK_C1_LOW,MODERATE,2025-12-17 10:00:00+05:30,2025-12-17 10:15:00+05:30,129.07999999999998,130.37079999999997,127.78919999999998,2025-12-17 10:30:00+05:30,129.092908,BE,-0.010000000000007852,25.973700067997,19.15322580104531,2.245533101448912,1.5745512852932764,2.9045366667214223,0.006266246335932769,0.5251519759462784,SHORT,50000,-5.000000000003926
2025-12-17,SCI,A_MOD_BREAK_C1_LOW,MODERATE,2025-12-17 10:45:00+05:30,2025-12-17 11:00:00+05:30,210.35,212.4535,208.2465,2025-12-17 12:00:00+05:30,208.2465,TARGET,0.9999999999999984,53.8172232052722,10.47120418694685,10.88249765174205,1.6070424404959258,3.78781083331445,0.006936063461929607,0.8912324270867868,SHORT,50000,499.9999999999992
2025-12-17,SPIC,A_MOD_BREAK_C1_LOW,MODERATE,2025-12-17 10:45:00+05:30,2025-12-17 11:00:00+05:30,79.7,80.497,78.903,2025-12-17 11:30:00+05:30,80.497,SL,-0.9999999999999962,32.399654874495724,10.60070670853706,1.941722539247567,1.226569631470936,3.210495253270474,0.0053457261054101835,0.5606445086248497,SHORT,50000,-499.9999999999981
2025-12-17,SYRMA,A_PULLBACK_C2_THEN_BREAK_C2_LOW,MODERATE,2025-12-17 10:30:00+05:30,2025-12-17 11:00:00+05:30,710.60785,717.7139285,703.5017715,2025-12-17 14:00:00+05:30,717.7139285,SL,-0.9999999999999953,28.468226769875535,8.960573475803216,13.747101388539825,1.7254055966990762,2.9528491718238765,0.00463763164241504,0.5889693809704712,SHORT,50000,-499.99999999999767
2025-12-18,SUNPHARMA,A_MOD_BREAK_C1_LOW,MODERATE,2025-12-18 11:15:00+05:30,2025-12-18 11:30:00+05:30,1746.55062,1764.0161262,1729.0851138,2025-12-18 11:45:00+05:30,1746.725275062,BE,-0.010000000000003218,43.080046614957354,18.063583814663502,10.6148867313918,1.0246209485060864,2.5430390342625473,0.004557791984826426,0.6855093652129254,SHORT,50000,-5.0000000000016085
2025-12-18,SUNTECK,A_MOD_BREAK_C1_LOW,MODERATE,2025-12-18 11:00:00+05:30,2025-12-18 11:15:00+05:30,390.17195,394.0736695,386.27023049999997,2025-12-18 13:45:00+05:30,386.27023049999997,TARGET,1.0000000000000033,34.83595705255438,16.874999997046572,12.436753693584324,1.4630115281253864,2.0767506958285735,0.004472288275105164,0.6385663732102582,SHORT,50000,500.00000000000165
2025-12-19,ABSLAMC,A_MOD_BREAK_C1_LOW,MODERATE,2025-12-19 11:15:00+05:30,2025-12-19 11:30:00+05:30,758.2483199999999,765.8308031999999,750.6658368,2025-12-19 12:15:00+05:30,758.3241448319999,BE,-0.009999999999995594,30.69477281099624,12.639999999433826,2.8803473890324685,2.104254380001363,2.371717197038371,0.007262806340843893,0.6704215921649435,SHORT,50000,-4.999999999997797
2025-12-22,AUBANK,A_MOD_BREAK_C1_LOW,MODERATE,2025-12-22 10:45:00+05:30,2025-12-22 11:00:00+05:30,975.60484,985.3608884,965.8487915999999,2025-12-22 14:30:00+05:30,981.9,EOD,-0.6452571514507872,26.816610070321996,23.575129531969083,6.511231237952505,1.6509706952267442,1.7322121020494707,0.0030947747325910076,0.5377796278219837,SHORT,50000,-322.6285757253936
2025-12-22,HCG,A_MOD_BREAK_C1_LOW,MODERATE,2025-12-22 13:00:00+05:30,2025-12-22 13:15:00+05:30,694.46108,701.4056908,687.5164692000001,2025-12-22 14:30:00+05:30,687.5164692000001,TARGET,0.9999999999999948,28.78015619156094,21.511627905809405,1.1990854140450147,2.600701365477274,1.7963827060551727,0.005351744843611843,0.6315214781761727,SHORT,50000,499.9999999999974
2025-12-22,INDIASHLTR,A_MOD_BREAK_C1_LOW,MODERATE,2025-12-22 13:15:00+05:30,2025-12-22 13:30:00+05:30,826.38469,834.6485369,818.1208431,2025-12-22 14:30:00+05:30,827.15,EOD,-0.09260941172566974,43.717016841766174,15.702479337631914,62.04356499655717,0.7008191248091341,0.866523917188267,0.004658572810168539,0.5817247953275044,SHORT,50000,-46.304705862834865
2025-12-23,WEL,A_MOD_BREAK_C1_LOW,MODERATE,2025-12-23 11:00:00+05:30,2025-12-23 11:15:00+05:30,141.85,143.2685,140.4315,2025-12-23 11:45:00+05:30,141.864185,BE,-0.00999999999999836,28.07304312247783,47.49596121704449,18.582046883933934,0.812722612861382,0.4479019970265201,0.007178093224604876,0.3457172039392353,SHORT,50000,-4.999999999999179
2025-12-24,KAJARIACER,A_MOD_BREAK_C1_LOW,MODERATE,2025-12-24 11:00:00+05:30,2025-12-24 11:15:00+05:30,995.3009,1005.2539089999999,985.347891,2025-12-24 11:30:00+05:30,985.347891,TARGET,0.9999999999999951,59.13806002344437,6.574394463349265,3.1836661050144763,1.492916904773401,3.247783874414112,0.0061962134251290785,0.8712604583353452,SHORT,50000,499.99999999999756
2025-12-26,ANDHRAPAP,A_PULLBACK_C2_THEN_BREAK_C2_LOW,MODERATE,2025-12-26 10:30:00+05:30,2025-12-26 11:00:00+05:30,67.08,67.7508,66.4092,2025-12-26 14:30:00+05:30,66.66,EOD,0.6261180679785356,45.92797697997388,13.953488349379768,67.01353055842203,0.7231329885436315,1.2446675121054893,0.005552600787150332,0.6377013033000181,SHORT,50000,313.05903398926785
2025-12-26,ASIANPAINT,A_MOD_BREAK_C1_LOW,MODERATE,2025-12-26 10:15:00+05:30,2025-12-26 10:30:00+05:30,2760.4478,2788.052278,2732.8433219999997,2025-12-26 14:30:00+05:30,2745.4,EOD,0.5451217009066365,38.19090931518737,19.354838709162976,7.851338855251799,1.8001566860781688,3.3987695874388053,0.0027897139961424924,0.7478910597914901,SHORT,50000,272.5608504533182
2025-12-26,AUTOAXLES,A_MOD_BREAK_C1_LOW,MODERATE,2025-12-26 10:00:00+05:30,2025-12-26 10:15:00+05:30,1821.83556,1840.0539156,1803.6172044,2025-12-26 14:30:00+05:30,1810.8,EOD,0.6057385332845315,25.10780185878988,50.081833059409036,28.884611428655287,0.9518496960289369,2.403107510760891,0.003367201342176677,0.40319072468691214,SHORT,50000,302.8692666422658
2025-12-26,CLEAN,A_MOD_BREAK_C1_LOW,MODERATE,2025-12-26 11:00:00+05:30,2025-12-26 11:15:00+05:30,891.07175,899.9824675,882.1610324999999,2025-12-26 14:15:00+05:30,882.1610324999999,TARGET,1.0000000000000036,40.78889865924198,26.89873417483217,19.023255813953224,1.342011306687078,2.070532234516122,0.003072842800253219,0.7066854585588682,SHORT,50000,500.00000000000176
2025-12-26,LTF,A_MOD_BREAK_C1_LOW,MODERATE,2025-12-26 11:00:00+05:30,2025-12-26 11:15:00+05:30,300.58986999999996,303.59576869999995,297.5839713,2025-12-26 14:30:00+05:30,301.5,EOD,-0.30278132792699836,28.269858159176874,27.071823200232117,10.502283105023201,1.530901707334193,2.4658430773794997,0.004276448646979165,0.5519556711711369,SHORT,50000,-151.39066396349918
2025-12-26,OFSS,A_MOD_BREAK_C1_LOW,MODERATE,2025-12-26 10:00:00+05:30,2025-12-26 10:15:00+05:30,7739.9517,7817.351216999999,7662.552183,2025-12-26 14:30:00+05:30,7759.5,EOD,-0.25256359157900665,26.555258276874277,26.52173913011191,24.23415225962997,1.2232908914437957,2.412268084734689,0.00272152774574473,0.4724047801557784,SHORT,50000,-126.28179578950333
2025-12-26,SBILIFE,A_MOD_BREAK_C1_LOW,MODERATE,2025-12-26 11:00:00+05:30,2025-12-26 11:15:00+05:30,2010.0979,2030.198879,1989.996921,2025-12-26 14:30:00+05:30,2018.0,EOD,-0.39312015598842315,35.8828180110968,24.119241191497338,22.161442257127884,1.5931541752488936,2.019521178046305,0.003072387582581524,0.6770442508350083,SHORT,50000,-196.56007799421158
2025-12-29,ADANIGREEN,A_MOD_BREAK_C1_LOW,MODERATE,2025-12-29 10:30:00+05:30,2025-12-29 10:45:00+05:30,1009.39808,1019.4920608000001,999.3040992,2025-12-29 14:30:00+05:30,1003.4,EOD,0.594223440567677,25.58094923814505,14.432989689679957,4.97507122507132,1.1872691226715426,2.4554924738801427,0.003373074801646217,0.45148633503969565,SHORT,50000,297.11172028383845
2025-12-29,APLLTD,A_MOD_BREAK_C1_LOW,MODERATE,2025-12-29 11:15:00+05:30,2025-12-29 11:30:00+05:30,840.03196,848.4322796,831.6316404,2025-12-29 14:30:00+05:30,837.5,EOD,0.3014123415018669,32.7591840536955,8.96739130366592,2.759956776782785,1.814043287680475,3.1285793530727983,0.0030985676031793008,0.6688453361495157,SHORT,50000,150.70617075093347
2025-12-29,ARE&M,A_MOD_BREAK_C1_LOW,MODERATE,2025-12-29 11:00:00+05:30,2025-12-29 11:15:00+05:30,911.71762,920.8347962,902.6004438,2025-12-29 14:30:00+05:30,903.7,EOD,0.879397285312964,61.298967598473475,16.666666665326417,5.558524806125899,1.167093979536337,3.1930918723835084,0.0024938339271033446,0.814241446418859,SHORT,50000,439.69864265648204
2025-12-29,ARKADE,A_MOD_BREAK_C1_LOW,MODERATE,2025-12-29 10:15:00+05:30,2025-12-29 10:30:00+05:30,135.31,136.66310000000001,133.9569,2025-12-29 11:30:00+05:30,135.323531,BE,-0.010000000000000299,43.23349369728278,27.97833934311049,40.427350427350625,0.32863041180182256,2.218026943094997,0.005778242147922977,0.5660127275245606,SHORT,50000,-5.000000000000149
2025-12-29,ASAHIINDIA,A_MOD_BREAK_C1_LOW,MODERATE,2025-12-29 10:00:00+05:30,2025-12-29 10:15:00+05:30,953.70922,963.2463121999999,944.1721278,2025-12-29 11:00:00+05:30,953.804590922,BE,-0.010000000000003059,37.693589049195495,27.968749999388137,8.339115298471203,1.2934119300321612,3.270581980357059,0.00808526551982046,0.6517509234935606,SHORT,50000,-5.0000000000015286
2025-12-29,BLUEJET,A_MOD_BREAK_C1_LOW,MODERATE,2025-12-29 11:15:00+05:30,2025-12-29 11:30:00+05:30,523.8952,529.1341520000001,518.656248,2025-12-29 13:15:00+05:30,523.9475895200001,BE,-0.010000000000003765,49.96612318343171,21.385542166870948,2.610393750996541,1.5782618787937908,2.6513620008618553,0.004920937840785172,0.8856876765403889,SHORT,50000,-5.000000000001882
2025-12-29,CESC,A_MOD_BREAK_C1_LOW,MODERATE,2025-12-29 10:15:00+05:30,2025-12-29 10:30:00+05:30,165.54999999999998,167.20549999999997,163.8945,2025-12-29 14:30:00+05:30,165.15,EOD,0.24161884626999536,25.720390110815373,15.331010445482349,8.834417473160629,1.22710266810089,3.22436555419692,0.0024887853692201565,0.46054881857988633,SHORT,50000,120.80942313499767
2025-12-29,CGPOWER,A_PULLBACK_C2_THEN_BREAK_C2_LOW,MODERATE,2025-12-29 10:45:00+05:30,2025-12-29 11:15:00+05:30,653.01937,659.5495637,646.4891762999999,2025-12-29 14:30:00+05:30,648.6,EOD,0.6767594045487438,32.50574608953602,28.525641023080766,19.962039940584123,1.1893326908288362,2.037593588030314,0.003641134984418599,0.5557194122380866,SHORT,50000,338.37970227437194
2025-12-29,DIXON,A_MOD_BREAK_C1_LOW,MODERATE,2025-12-29 13:15:00+05:30,2025-12-29 13:30:00+05:30,11959.6076,12079.203676,11840.011524,2025-12-29 14:15:00+05:30,11960.80356076,BE,-0.010000000000001353,55.68057622153806,9.496124030981989,3.163418960499852,3.291069945396212,3.0993428847685185,0.005648840375474718,0.96,SHORT,50000,-5.000000000000677
2025-12-29,EPIGRAL,A_PULLBACK_C2_THEN_BREAK_C2_LOW,MODERATE,2025-12-29 10:45:00+05:30,2025-12-29 11:15:00+05:30,1260.7478,1273.355278,1248.1403220000002,2025-12-29 14:30:00+05:30,1253.0,EOD,0.6145400372699518,68.22665142650997,15.32663316529029,10.185692179502896,0.9969116719886087,3.131815068008393,0.005313851098988178,0.7844595425980065,SHORT,50000,307.2700186349759
2025-12-29,FDC,A_MOD_BREAK_C1_LOW,MODERATE,2025-12-29 11:15:00+05:30,2025-12-29 11:30:00+05:30,405.01898,409.0691698,400.9687902,2025-12-29 14:30:00+05:30,406.15,EOD,-0.2792511106516485,37.7861219052907,24.47916666309682,14.3102883355173,1.5628409488505146,2.07430132817256,0.003763573543928918,0.7002889946282005,SHORT,50000,-139.62555532582425
2025-12-29,FINCABLES,A_MOD_BREAK_C1_LOW,MODERATE,2025-12-29 10:15:00+05:30,2025-12-29 10:30:00+05:30,752.8494,760.377894,745.3209059999999,2025-12-29 12:45:00+05:30,745.3209059999999,TARGET,1.000000000000003,58.48391259920365,4.545454545150747,2.3440622510398694,1.3699652970721432,4.861664426678258,0.0035166876783226087,0.849743926987625,SHORT,50000,500.0000000000016
2025-12-29,GENESYS,A_MOD_BREAK_C1_LOW,MODERATE,2025-12-29 11:15:00+05:30,2025-12-29 11:30:00+05:30,425.46489,429.71953890000003,421.2102411,2025-12-29 12:15:00+05:30,429.71953890000003,SL,-1.0000000000000013,31.399544630308988,17.209302324461078,4.497967321867201,2.105130497597672,2.8950452581272086,0.00746757060629959,0.6809931694546347,SHORT,50000,-500.0000000000007
2025-12-29,GENUSPOWER,A_MOD_BREAK_C1_LOW,MODERATE,2025-12-29 10:30:00+05:30,2025-12-29 10:45:00+05:30,296.59067,299.5565767,293.6247633,2025-12-29 13:30:00+05:30,293.6247633,TARGET,1.0000000000000018,49.88762472062145,19.14893616641028,7.641957126493313,1.6808005780580142,3.663132913897047,0.0035154462931304108,0.9024544719694743,SHORT,50000,500.00000000000085
2025-12-29,GLAND,A_MOD_BREAK_C1_LOW,MODERATE,2025-12-29 11:15:00+05:30,2025-12-29 11:30:00+05:30,1638.6722,1655.058922,1622.285478,2025-12-29 13:00:00+05:30,1638.83606722,BE,-0.009999999999995676,31.512884334723495,21.63588390421438,36.53079710144912,1.3818107957519759,1.9388417536019986,0.004536667769631322,0.5714522419575481,SHORT,50000,-4.999999999997838
2025-12-29,GOKULAGRO,A_MOD_BREAK_C1_LOW,MODERATE,2025-12-29 10:45:00+05:30,2025-12-29 11:00:00+05:30,179.2,180.992,177.408,2025-12-29 12:00:00+05:30,179.21792,BE,-0.010000000000002071,59.54030841147614,20.566037730416227,20.85346215781006,1.2401380374874829,2.705703231135734,0.005378657487091222,0.8270241565603094,SHORT,50000,-5.000000000001036
2025-12-29,GUJALKALI,A_MOD_BREAK_C1_LOW,MODERATE,2025-12-29 13:15:00+05:30,2025-12-29 13:30:00+05:30,493.30132,498.2343332,488.36830679999997,2025-12-29 14:00:00+05:30,493.350650132,BE,-0.01000000000000462,39.21767147600514,18.7203791456773,42.764227642276445,0.8468970856018658,2.249599617694444,0.0061356795554526385,0.5964720621204036,SHORT,50000,-5.000000000002309
2025-12-29,IRB,A_PULLBACK_C2_THEN_BREAK_C2_LOW,MODERATE,2025-12-29 10:45:00+05:30,2025-12-29 11:15:00+05:30,41.86,42.2786,41.4414,2025-12-29 14:30:00+05:30,41.64,EOD,0.5255613951266098,30.706782770674625,22.22222218765407,7.4051627384959255,1.4199909405013689,2.5531872350077527,0.0034589694656488564,0.5691001561478588,SHORT,50000,262.7806975633049
2025-12-29,KELLTONTEC,A_MOD_BREAK_C1_LOW,MODERATE,2025-12-29 10:30:00+05:30,2025-12-29 10:45:00+05:30,18.349999999999998,18.533499999999997,18.1665,2025-12-29 11:30:00+05:30,18.351834999999998,BE,-0.009999999999998961,28.92295603210011,16.666666631312765,5.794369029663403,1.111853680716192,2.6526535700510356,0.0057778811850473025,0.4884187346068352,SHORT,50000,-4.99999999999948
2025-12-29,KPITTECH,A_MOD_BREAK_C1_LOW,MODERATE,2025-12-29 10:45:00+05:30,2025-12-29 11:00:00+05:30,1202.05954,1214.0801354,1190.0389446,2025-12-29 14:30:00+05:30,1194.3,EOD,0.6455204373653585,31.04313755397256,35.88110403290369,32.48261400435333,1.1832119413276254,2.2861757213341676,0.004734972255557817,0.5327091530419228,SHORT,50000,322.76021868267924
2025-12-29,POLYCAB,A_MOD_BREAK_C1_LOW,MODERATE,2025-12-29 13:15:00+05:30,2025-12-29 13:30:00+05:30,7481.5034,7556.318434,7406.688365999999,2025-12-29 14:30:00+05:30,7470.0,EOD,0.15375786636680006,25.241576762559113,20.42682926811831,1.2121212121212122,2.699196231246077,2.6843676402294823,0.0032311334262423398,0.5886236514383867,SHORT,50000,76.87893318340002
2025-12-29,POWERGRID,A_MOD_BREAK_C1_LOW,MODERATE,2025-12-29 10:00:00+05:30,2025-12-29 10:15:00+05:30,262.99739,265.6273639,260.3674161,2025-12-29 11:30:00+05:30,263.023689739,BE,-0.010000000000009009,32.545538095651494,5.88235293979271,0.9292311179102123,1.1012487250480523,4.106563694415193,0.003244285171309144,0.5409015983181815,SHORT,50000,-5.000000000004505
2025-12-29,RISHABH,A_MOD_BREAK_C1_LOW,MODERATE,2025-12-29 11:00:00+05:30,2025-12-29 11:15:00+05:30,382.77343,386.60116430000005,378.9456957,2025-12-29 11:30:00+05:30,382.811707343,BE,-0.01000000000000112,29.26482423556256,13.008130079820049,7.708333333333212,1.4472455695708786,3.057853457951643,0.005578462284744103,0.5522403382083421,SHORT,50000,-5.00000000000056
2025-12-29,RITCO,A_PULLBACK_C2_THEN_BREAK_C2_LOW,MODERATE,2025-12-29 10:45:00+05:30,2025-12-29 11:15:00+05:30,265.24694,267.8994094,262.59447059999997,2025-12-29 11:30:00+05:30,265.273464694,BE,-0.009999999999995611,29.547857166225512,26.405867968852647,1.9723865877712343,2.3436378218310976,3.6561408775262727,0.0067713101071563125,0.6532178574933827,SHORT,50000,-4.999999999997805
2025-12-29,SIEMENS,A_MOD_BREAK_C1_LOW,MODERATE,2025-12-29 11:15:00+05:30,2025-12-29 11:30:00+05:30,3079.384,3110.17784,3048.59016,2025-12-29 14:30:00+05:30,3066.5,EOD,0.4183953673851658,32.49642226743886,35.97402597337205,22.37926972909293,1.0346461382356773,1.790010696439416,0.003187326725328942,0.5180099430247972,SHORT,50000,209.19768369258293
2025-12-29,SWSOLAR,A_MOD_BREAK_C1_LOW,MODERATE,2025-12-29 10:45:00+05:30,2025-12-29 11:00:00+05:30,212.58999999999997,214.71589999999998,210.46409999999997,2025-12-29 12:00:00+05:30,212.61125899999996,BE,-0.00999999999999359,46.43562978609604,17.921146950407447,16.42721205871662,1.210526690513376,2.8964236062863566,0.005881326118190459,0.7683766176312814,SHORT,50000,-4.9999999999967955
2025-12-29,TATATECH,A_MOD_BREAK_C1_LOW,MODERATE,2025-12-29 10:30:00+05:30,2025-12-29 10:45:00+05:30,650.61985,657.1260485,644.1136515000001,2025-12-29 13:45:00+05:30,650.684911985,BE,-0.009999999999991235,33.14754816646711,24.100719422032796,18.49732873469971,1.0885157373403118,2.713779330193877,0.0028847841347841422,0.5477034765315612,SHORT,50000,-4.999999999995618
2025-12-29,TRACXN,A_MOD_BREAK_C1_LOW,MODERATE,2025-12-29 10:15:00+05:30,2025-12-29 10:30:00+05:30,39.400000000000006,39.794000000000004,39.00600000000001,2025-12-29 14:30:00+05:30,39.18,EOD,0.5583756345177816,43.11093288621045,38.28124995812966,8.530602143023597,1.5138108524473017,2.628084970980673,0.004451844076875735,0.7715808924714345,SHORT,50000,279.1878172588908
2025-12-29,UTIAMC,A_MOD_BREAK_C1_LOW,MODERATE,2025-12-29 10:15:00+05:30,2025-12-29 10:30:00+05:30,1114.87698,1126.0257498,1103.7282102,2025-12-29 11:00:00+05:30,1114.988467698,BE,-0.010000000000001705,30.544568828433032,9.361702127101168,4.81481481481465,1.3083184538571064,3.162742583406713,0.0035871222311900423,0.5471242618514891,SHORT,50000,-5.000000000000853
2025-12-30,APARINDS,A_MOD_BREAK_C1_LOW,MODERATE,2025-12-30 11:00:00+05:30,2025-12-30 11:15:00+05:30,8429.3138,8513.606938,8345.020661999999,2025-12-30 14:30:00+05:30,8386.5,EOD,0.5079156028098029,42.999587512907695,23.899371069042104,7.789713691104699,1.2802639718881668,2.704999709277794,0.003730426903110524,0.7290400077740447,SHORT,50000,253.95780140490143
2025-12-30,ASHOKA,A_MOD_BREAK_C1_LOW,MODERATE,2025-12-30 11:15:00+05:30,2025-12-30 11:30:00+05:30,166.60999999999999,168.27609999999999,164.94389999999999,2025-12-30 14:30:00+05:30,167.11,EOD,-0.3001020346918123,39.217550614108134,29.09090908165288,33.78226711560033,0.41670359562974657,1.7970012792939427,0.00410868522072938,0.5110364524115247,SHORT,50000,-150.05101734590613
2025-12-30,AURIONPRO,A_MOD_BREAK_C1_LOW,MODERATE,2025-12-30 11:15:00+05:30,2025-12-30 11:30:00+05:30,1047.49046,1057.9653646,1037.0155554,2025-12-30 11:45:00+05:30,1047.595209046,BE,-0.01000000000000494,56.85251093043733,22.144112477486985,3.9609771033920205,1.452039088781515,2.3981699919321673,0.008615871198178662,0.8641068405367651,SHORT,50000,-5.00000000000247
2025-12-30,COROMANDEL,A_MOD_BREAK_C1_LOW,MODERATE,2025-12-30 13:00:00+05:30,2025-12-30 13:15:00+05:30,2221.5556,2243.7711560000002,2199.340044,2025-12-30 13:30:00+05:30,2221.77775556,BE,-0.009999999999996362,37.38220657680816,4.71923536435699,3.1587075803547915,2.2905431242941243,3.308431979117848,0.010833119218910605,0.7707330986521224,SHORT,50000,-4.999999999998182
2025-12-30,CRISIL,A_MOD_BREAK_C1_LOW,MODERATE,2025-12-30 11:00:00+05:30,2025-12-30 11:15:00+05:30,4224.254980000001,4266.497529800001,4182.0124302,2025-12-30 11:45:00+05:30,4182.0124302,TARGET,1.0000000000000053,30.50777990284884,23.974982626590986,9.044422721841975,1.3632125673710827,2.449052499824529,0.004564558066250318,0.556178897832672,SHORT,50000,500.0000000000027
2025-12-30,ECLERX,A_MOD_BREAK_C1_LOW,MODERATE,2025-12-30 11:15:00+05:30,2025-12-30 11:30:00+05:30,4535.19278,4580.544707800001,4489.8408522,2025-12-30 13:00:00+05:30,4489.8408522,TARGET,1.0000000000000075,29.922483433158565,35.772571729270595,33.38240261257692,1.3016266441100566,1.9514437307000045,0.009282176271719449,0.5341941007516386,SHORT,50000,500.00000000000375
2025-12-30,INOXWIND,A_MOD_BREAK_C1_LOW,MODERATE,2025-12-30 11:15:00+05:30,2025-12-30 11:30:00+05:30,122.47,123.6947,121.2453,2025-12-30 12:15:00+05:30,122.482247,BE,-0.010000000000001728,48.973626389968786,28.35249041385171,7.550572280246636,1.219983456925568,2.694149610457368,0.005061271083775975,0.8081015008115062,SHORT,50000,-5.000000000000864
2025-12-30,KRN,A_MOD_BREAK_C1_LOW,MODERATE,2025-12-30 11:00:00+05:30,2025-12-30 11:15:00+05:30,710.90779,718.0168679,703.7987121,2025-12-30 13:45:00+05:30,710.978880779,BE,-0.009999999999996305,46.869592902412265,28.59350849953519,16.71525753158412,0.7950422740770458,2.4665711468945855,0.005208490139996987,0.702176291499667,SHORT,50000,-4.999999999998153
2025-12-30,MAZDOCK,A_MOD_BREAK_C1_LOW,MODERATE,2025-12-30 11:15:00+05:30,2025-12-30 11:30:00+05:30,2459.508,2484.10308,2434.9129199999998,2025-12-30 12:00:00+05:30,2434.9129199999998,TARGET,1.0000000000000022,35.0105818122065,10.793650793531071,2.7432537982121006,2.0765773456216383,3.748880908091339,0.006331465729961995,0.7351587271830975,SHORT,50000,500.00000000000114
2025-12-30,MOTILALOFS,A_MOD_BREAK_C1_LOW,MODERATE,2025-12-30 11:00:00+05:30,2025-12-30 11:15:00+05:30,838.8322,847.220522,830.4438779999999,2025-12-30 11:30:00+05:30,838.9160832199999,BE,-0.009999999999995414,27.227823684554032,26.369863012855802,12.166053659510098,1.2905822460552994,2.5304319258135157,0.007521258503401355,0.49426924832798785,SHORT,50000,-4.999999999997707
2025-12-30,PGEL,A_MOD_BREAK_C1_LOW,MODERATE,2025-12-30 11:15:00+05:30,2025-12-30 11:30:00+05:30,562.1875399999999,567.8094153999999,556.5656645999999,2025-12-30 12:30:00+05:30,562.2437587539999,BE,-0.010000000000007522,38.6717684378793,27.253218882482656,13.699176760066871,1.9213809092832894,2.5023230084157517,0.005942857142857166,0.776318185692765,SHORT,50000,-5.000000000003761
2025-12-30,SHANKARA,A_MOD_BREAK_C1_LOW,MODERATE,2025-12-30 11:15:00+05:30,2025-12-30 11:30:00+05:30,103.16,104.1916,102.1284,2025-12-30 11:45:00+05:30,102.1284,TARGET,0.9999999999999976,34.66281479502115,13.527180781423695,0.8337086863776678,3.166768856531888,4.805134330608808,0.007322638639192359,0.7299422219253171,SHORT,50000,499.9999999999988
2025-12-30,SHK,A_MOD_BREAK_C1_LOW,MODERATE,2025-12-30 11:15:00+05:30,2025-12-30 11:30:00+05:30,175.5,177.255,173.745,2025-12-30 11:45:00+05:30,173.745,TARGET,0.9999999999999974,27.605624430250682,24.356775294322404,7.990787616348425,1.4039734813827394,2.389679812744333,0.004780348090708631,0.5197797256957397,SHORT,50000,499.9999999999987
2025-12-30,TRITURBINE,A_MOD_BREAK_C1_LOW,MODERATE,2025-12-30 10:30:00+05:30,2025-12-30 10:45:00+05:30,533.8932,539.232132,528.554268,2025-12-30 11:00:00+05:30,533.9465893199999,BE,-0.009999999999990843,31.056123202289804,11.864406778253965,2.2648083623691417,1.7028436266643239,3.627760868607452,0.00339085072231143,0.6238394827006037,SHORT,50000,-4.999999999995421
2025-12-30,WENDT,A_MOD_BREAK_C1_LOW,MODERATE,2025-12-30 10:00:00+05:30,2025-12-30 10:15:00+05:30,7813.437,7891.57137,7735.30263,2025-12-30 13:15:00+05:30,7735.30263,TARGET,0.9999999999999969,42.76607491516843,33.13069908786393,13.1512605042017,1.093969436196781,3.0258288092737304,0.0029274753379612715,0.6929357750619631,SHORT,50000,499.99999999999847
2025-12-30,ZENSARTECH,A_MOD_BREAK_C1_LOW,MODERATE,2025-12-30 10:30:00+05:30,2025-12-30 10:45:00+05:30,704.05916,711.0997516,697.0185684,2025-12-30 11:45:00+05:30,704.129565916,BE,-0.010000000000003834,45.788405731068046,22.029702968770394,1.477832512315069,1.6318680651742656,3.44420726158351,0.0036667748610378407,0.832402997371517,SHORT,50000,-5.000000000001918
2025-12-31,GRMOVER,A_MOD_BREAK_C1_LOW,MODERATE,2025-12-31 11:15:00+05:30,2025-12-31 11:30:00+05:30,159.29999999999998,160.89299999999997,157.707,2025-12-31 11:45:00+05:30,159.31592999999998,BE,-0.009999999999998328,29.438111839597145,12.888888887285063,14.338919925511947,1.1233653006523976,2.8425447877618457,0.008598298253470662,0.4981606052081267,SHORT,50000,-4.999999999999164
2026-01-01,AEROFLEX,A_MOD_BREAK_C1_LOW,MODERATE,2026-01-01 13:15:00+05:30,2026-01-01 13:30:00+05:30,191.75,193.6675,189.8325,2026-01-01 14:30:00+05:30,192.2,EOD,-0.23468057366361855,26.599383195602062,12.778904661685473,7.069267435974891,2.829774289508865,1.6342104070050611,0.004162912102233378,0.590701268284284,SHORT,50000,-117.34028683180928
2026-01-02,ABBOTINDIA,A_PULLBACK_C2_THEN_BREAK_C2_LOW,MODERATE,2026-01-02 10:45:00+05:30,2026-01-02 11:15:00+05:30,28054.388,28334.93188,27773.844119999998,2026-01-02 14:30:00+05:30,28125.0,EOD,-0.2516968112082894,28.121386265851477,11.851851851827263,6.060606060606061,1.6732877669326849,3.7745422738172816,0.0035383362183077083,0.5746461532009921,SHORT,50000,-125.84840560414472
2026-01-05,DBL,A_MOD_BREAK_C1_LOW,MODERATE,2026-01-05 10:30:00+05:30,2026-01-05 10:45:00+05:30,465.00698,469.6570498,460.3569102,2026-01-05 14:00:00+05:30,465.053480698,BE,-0.00999999999999752,29.96855073301254,27.985074623941784,15.399669386231364,1.0534367401601648,2.2425564726869696,0.004475801498587402,0.49387969052321695,SHORT,50000,-4.999999999998759
2026-01-05,HFCL,A_MOD_BREAK_C1_LOW,MODERATE,2026-01-05 10:30:00+05:30,2026-01-05 10:45:00+05:30,67.75,68.4275,67.0725,2026-01-05 12:15:00+05:30,67.0725,TARGET,0.9999999999999923,29.94775069052828,50.6578946901834,20.65727699530519,1.4697630326921425,0.3987420398182114,0.00602523858680766,0.48636189306995975,SHORT,50000,499.9999999999962
2026-01-05,LXCHEM,A_MOD_BREAK_C1_LOW,MODERATE,2026-01-05 10:45:00+05:30,2026-01-05 11:00:00+05:30,163.35,164.9835,161.7165,2026-01-05 11:15:00+05:30,161.7165,TARGET,0.9999999999999988,27.800967647387647,26.421800943484357,13.056873161939114,1.3696535301959514,2.345016618826384,0.007680022341883149,0.5167038824951062,SHORT,50000,499.99999999999943
2026-01-06,BALAMINES,A_MOD_BREAK_C1_LOW,MODERATE,2026-01-06 11:15:00+05:30,2026-01-06 11:30:00+05:30,1068.7862,1079.474062,1058.098338,2026-01-06 14:30:00+05:30,1066.9,EOD,0.17648057207324694,48.78091863061523,9.77995109990971,3.5572139303483987,1.4734799154699614,3.3669680259249914,0.005098222637979432,0.8495727646664717,SHORT,50000,88.24028603662346
2026-01-06,HSCL,A_MOD_BREAK_C1_LOW,MODERATE,2026-01-06 10:15:00+05:30,2026-01-06 10:30:00+05:30,481.35371,486.1672471,476.54017289999996,2026-01-06 14:30:00+05:30,480.5,EOD,0.17735606525188685,27.747799934682345,22.941176468698714,4.259948600823711,1.1714056636350882,2.599178805380217,0.005330269108162187,0.4812129901563756,SHORT,50000,88.67803262594343
2026-01-06,KNRCON,A_MOD_BREAK_C1_LOW,MODERATE,2026-01-06 11:00:00+05:30,2026-01-06 11:15:00+05:30,154.45,155.9945,152.9055,2026-01-06 11:30:00+05:30,152.9055,TARGET,0.9999999999999997,35.327784670504826,28.688524584677012,10.760489668085581,1.51834941837387,2.2213586502102154,0.007131771487694936,0.6556279182729996,SHORT,50000,499.99999999999983
2026-01-06,KOTAKBANK,A_MOD_BREAK_C1_LOW,MODERATE,2026-01-06 13:00:00+05:30,2026-01-06 13:15:00+05:30,428.81422,433.10236219999996,424.5260778,2026-01-06 13:45:00+05:30,428.85710142199997,BE,-0.0099999999999985,31.90376049992234,2.727272726925719,2.0498759629194647,4.640384754972064,3.78919166191769,0.0037287345607084463,0.6885564074988351,SHORT,50000,-4.99999999999925
2026-01-06,PARAGMILK,A_MOD_BREAK_C1_LOW,MODERATE,2026-01-06 10:30:00+05:30,2026-01-06 10:45:00+05:30,294.49109,297.4360009,291.54617909999996,2026-01-06 13:00:00+05:30,294.52053910899997,BE,-0.009999999999994487,26.743720659508895,23.791821558861855,12.062883353206052,1.3662539997775645,2.923772023361831,0.005317473776012012,0.5002502598537071,SHORT,50000,-4.999999999997244
2026-01-06,SONATSOFTW,A_MOD_BREAK_C1_LOW,MODERATE,2026-01-06 10:30:00+05:30,2026-01-06 10:45:00+05:30,352.57946999999996,356.10526469999996,349.05367529999995,2026-01-06 14:30:00+05:30,351.7,EOD,0.24943880027954252,30.672716647692344,14.335664334260912,4.469913462005213,1.6409375546905776,3.8100050142132194,0.004979857891860186,0.6072548217862361,SHORT,50000,124.71940013977125
2026-01-06,SRF,A_MOD_BREAK_C1_LOW,MODERATE,2026-01-06 10:45:00+05:30,2026-01-06 11:00:00+05:30,3015.9966799999997,3046.1566467999996,2985.8367132,2026-01-06 11:15:00+05:30,2985.8367132,TARGET,0.9999999999999966,30.538142991225808,22.019867549413576,10.821411756456582,2.0584086933763484,2.9561123814598274,0.00484357705733774,0.6680721448683871,SHORT,50000,499.9999999999983
2026-01-06,TIMETECHNO,A_MOD_BREAK_C1_LOW,MODERATE,2026-01-06 10:30:00+05:30,2026-01-06 10:45:00+05:30,183.97,185.8097,182.1303,2026-01-06 12:15:00+05:30,185.8097,SL,-0.9999999999999963,44.721253447402304,16.79626749245503,2.6334359982326543,1.641254105501861,3.5593506627373848,0.005424365411328306,0.8180382701738602,SHORT,50000,-499.9999999999982
2026-01-06,TIRUMALCHM,A_MOD_BREAK_C1_LOW,MODERATE,2026-01-06 13:00:00+05:30,2026-01-06 13:15:00+05:30,223.29999999999998,225.533,221.06699999999998,2026-01-06 14:30:00+05:30,222.66,EOD,0.2866099417823495,25.430018550251763,17.999999997035303,2.152152152152203,2.57485921556685,3.29251755389424,0.005567814768620687,0.5914502782537765,SHORT,50000,143.30497089117475
2026-01-07,CIPLA,A_MOD_BREAK_C1_LOW,MODERATE,2026-01-07 11:15:00+05:30,2026-01-07 11:30:00+05:30,1478.00434,1492.7843834,1463.2242966,2026-01-07 11:45:00+05:30,1463.2242966,TARGET,1.0000000000000044,41.27907655072832,18.483412321968373,10.130114507407837,1.360732856140907,2.6997521351899954,0.007084463404982287,0.7173143980855836,SHORT,50000,500.00000000000216
2026-01-07,DCMSRIND,A_MOD_BREAK_C1_LOW,MODERATE,2026-01-07 13:15:00+05:30,2026-01-07 13:30:00+05:30,51.56,52.0756,51.0444,2026-01-07 13:45:00+05:30,52.0756,SL,-0.9999999999999983,51.702432248876555,31.510416660922573,19.681369681369628,1.1127725291726795,1.523033495381145,0.017314341031669216,0.7808868673742762,SHORT,50000,-499.99999999999915
2026-01-07,JLHL,A_MOD_BREAK_C1_LOW,MODERATE,2026-01-07 10:45:00+05:30,2026-01-07 11:00:00+05:30,1361.1277200000002,1374.7389972,1347.5164428000003,2026-01-07 11:45:00+05:30,1361.2638327720001,BE,-0.009999999999995084,34.56344514562296,24.45923460841547,7.318388955063907,1.954094936977974,3.049148382114851,0.00526867627785059,0.7204182911554897,SHORT,50000,-4.9999999999975415
2026-01-07,KSB,A_MOD_BREAK_C1_LOW,MODERATE,2026-01-07 10:30:00+05:30,2026-01-07 10:45:00+05:30,743.3013100000001,750.7343231000001,735.8682969,2026-01-07 12:00:00+05:30,735.8682969,TARGET,1.0000000000000053,29.87362682224047,24.942791760415744,37.53213367609245,0.977083214806989,1.5886084643413607,0.006073613151653101,0.45852438814189816,SHORT,50000,500.0000000000027
2026-01-07,RGL,A_MOD_BREAK_C1_LOW,MODERATE,2026-01-07 10:45:00+05:30,2026-01-07 11:00:00+05:30,122.05,123.2705,120.8295,2026-01-07 11:15:00+05:30,122.06220499999999,BE,-0.009999999999995469,28.432503423648896,54.43037973806641,61.701600180301995,0.8450344163376404,0.03161858101645809,0.008451494500099365,0.3359495032646434,SHORT,50000,-4.999999999997734
2026-01-07,TRITURBINE,A_MOD_BREAK_C1_LOW,MODERATE,2026-01-07 10:15:00+05:30,2026-01-07 10:30:00+05:30,530.19394,535.4958794,524.8920006,2026-01-07 11:45:00+05:30,530.246959394,BE,-0.009999999999997927,32.389645880344546,19.464720193321185,6.479845607856286,1.0686979198925224,3.3407855519010345,0.004484063396307695,0.5328668241863597,SHORT,50000,-4.9999999999989635
2026-01-08,AARTIDRUGS,A_MOD_BREAK_C1_LOW,MODERATE,2026-01-08 11:15:00+05:30,2026-01-08 11:30:00+05:30,396.07077,400.0314777,392.1100623,2026-01-08 14:30:00+05:30,393.0,EOD,0.7753084126859404,28.47644263875607,24.99999999730747,5.425371887013249,1.9663057081219184,2.4078071615133165,0.0049167927382753425,0.6312501385026767,SHORT,50000,387.6542063429702
2026-01-08,APEX,A_MOD_BREAK_C1_LOW,MODERATE,2026-01-08 10:45:00+05:30,2026-01-08 11:00:00+05:30,289.942,292.84142,287.04258,2026-01-08 11:15:00+05:30,287.04258,TARGET,1.000000000000007,32.62050729535371,20.802005011071657,3.4874739614714745,1.783334087459083,3.4952507931227723,0.0075233334154209885,0.6613910747356451,SHORT,50000,500.0000000000036
2026-01-08,AZAD,A_MOD_BREAK_C1_LOW,MODERATE,2026-01-08 11:00:00+05:30,2026-01-08 11:15:00+05:30,1627.6744,1643.951144,1611.397656,2026-01-08 12:15:00+05:30,1611.397656,TARGET,1.0000000000000004,33.34053869960551,27.713625865154782,8.419813543439487,1.5446281708411695,2.497072695462568,0.004397965447689243,0.6304180103912873,SHORT,50000,500.00000000000017
2026-01-08,BHEL,A_MOD_BREAK_C1_LOW,MODERATE,2026-01-08 11:15:00+05:30,2026-01-08 11:30:00+05:30,294.34112,297.2845312,291.3977088,2026-01-08 12:15:00+05:30,294.370554112,BE,-0.009999999999996572,27.05656351375077,19.520547943333767,5.894590846047155,2.4676549217934767,2.9926409290758853,0.006106870229007604,0.6158484527062615,SHORT,50000,-4.999999999998287
2026-01-08,BPCL,A_MOD_BREAK_C1_LOW,MODERATE,2026-01-08 11:15:00+05:30,2026-01-08 11:30:00+05:30,355.9288,359.488088,352.36951200000004,2026-01-08 11:45:00+05:30,355.96439288000005,BE,-0.010000000000006812,36.947545458471126,3.321033209989281,3.869988787506518,2.7066042460293938,4.7412034937279355,0.0045031491956512995,0.7642131818770668,SHORT,50000,-5.000000000003406
2026-01-08,CHEMCON,A_MOD_BREAK_C1_LOW,MODERATE,2026-01-08 11:15:00+05:30,2026-01-08 11:30:00+05:30,198.39999999999998,200.384,196.41599999999997,2026-01-08 12:45:00+05:30,196.41599999999997,TARGET,1.0000000000000044,34.453647951280885,22.519083963448466,16.606498194945733,1.4753672975572318,2.2928553282824824,0.004380376489220033,0.6349939963417288,SHORT,50000,500.00000000000216
2026-01-08,GAIL,A_MOD_BREAK_C1_LOW,MODERATE,2026-01-08 11:15:00+05:30,2026-01-08 11:30:00+05:30,165.7,167.357,164.04299999999998,2026-01-08 13:30:00+05:30,164.04299999999998,TARGET,1.0000000000000064,43.78848953125643,13.984168860269222,5.050724113834119,2.863125044474322,3.815521967266576,0.0029390217625511715,0.8668273429688464,SHORT,50000,500.00000000000324
2026-01-08,GANDHAR,A_MOD_BREAK_C1_LOW,MODERATE,2026-01-08 11:15:00+05:30,2026-01-08 11:30:00+05:30,158.95,160.5395,157.36049999999997,2026-01-08 11:45:00+05:30,158.965895,BE,-0.010000000000000276,32.28749565452202,21.033210329386705,3.7688966842061835,1.8692189243260937,2.58788483425501,0.01112758310871519,0.6714257465748965,SHORT,50000,-5.000000000000138
2026-01-08,GOCLCORP,A_MOD_BREAK_C1_LOW,MODERATE,2026-01-08 11:15:00+05:30,2026-01-08 11:30:00+05:30,280.34391999999997,283.1473592,277.54048079999995,2026-01-08 13:30:00+05:30,277.54048079999995,TARGET,1.000000000000005,37.49299851127642,24.154589368713047,15.315315315315708,1.7402081260173239,2.279396000641078,0.00624108416547786,0.7269313997221778,SHORT,50000,500.0000000000025
2026-01-08,GRAVITA,A_MOD_BREAK_C1_LOW,MODERATE,2026-01-08 11:00:00+05:30,2026-01-08 11:15:00+05:30,1739.75198,1757.1494998,1722.3544602,2026-01-08 11:45:00+05:30,1739.9259551979999,BE,-0.009999999999993105,48.1097975063596,11.56351791504595,7.982298193250185,1.8116121723168728,3.5331529076466714,0.005499552981897832,0.8986790927508468,SHORT,50000,-4.999999999996552
2026-01-08,HDFCAMC,A_MOD_BREAK_C1_LOW,MODERATE,2026-01-08 11:15:00+05:30,2026-01-08 11:30:00+05:30,2589.9819,2615.8817190000004,2564.082081,2026-01-08 14:30:00+05:30,2575.0,EOD,0.5784557799419456,33.88651683661478,12.367491165771838,5.0024588373150864,2.1323411875476928,3.3589858377934516,0.0031621664837921558,0.7182977525492216,SHORT,50000,289.2278899709728
2026-01-08,HINDALCO,A_MOD_BREAK_C1_LOW,MODERATE,2026-01-08 11:00:00+05:30,2026-01-08 11:15:00+05:30,907.41848,916.4926648000001,898.3442952,2026-01-08 14:30:00+05:30,902.65,EOD,0.5254995468022722,48.808056923105205,9.94694960175265,5.666955258174711,2.0104401900491418,4.281716754031067,0.0053795576808129,0.942120853846578,SHORT,50000,262.74977340113605
2026-01-08,IGPL,A_MOD_BREAK_C1_LOW,MODERATE,2026-01-08 11:00:00+05:30,2026-01-08 11:15:00+05:30,381.9236,385.742836,378.10436400000003,2026-01-08 12:15:00+05:30,378.10436400000003,TARGET,0.9999999999999972,34.084144973420166,30.43478260340295,5.177993527507804,1.8318280762905814,2.3851556502837123,0.0030011219147344824,0.6918320879521542,SHORT,50000,499.99999999999864
2026-01-08,IXIGO,A_MOD_BREAK_C1_LOW,MODERATE,2026-01-08 11:00:00+05:30,2026-01-08 11:15:00+05:30,222.04999999999998,224.2705,219.82949999999997,2026-01-08 12:00:00+05:30,219.82949999999997,TARGET,1.0000000000000069,46.92022482416824,11.221122111174381,4.023419847539652,1.6380213417123164,3.949717988865501,0.008109583761562197,0.8504571071621789,SHORT,50000,500.00000000000347
2026-01-08,JAMNAAUTO,A_MOD_BREAK_C1_LOW,MODERATE,2026-01-08 11:15:00+05:30,2026-01-08 11:30:00+05:30,129.95,131.24949999999998,128.6505,2026-01-08 11:45:00+05:30,129.96299499999998,BE,-0.009999999999991868,37.668858511546595,36.95881731238201,43.113284433577796,1.1530389441551459,2.011289212806317,0.008850286769068471,0.6268146929003495,SHORT,50000,-4.999999999995934
2026-01-08,JIOFIN,A_MOD_BREAK_C1_LOW,MODERATE,2026-01-08 11:15:00+05:30,2026-01-08 11:30:00+05:30,296.29073,299.2536373,293.3278227,2026-01-08 11:45:00+05:30,296.320359073,BE,-0.010000000000008002,28.999980907802502,21.61016948896159,4.332634521313634,2.7634994535805086,2.9191876329630357,0.005119248373885825,0.6449997136170376,SHORT,50000,-5.000000000004001
2026-01-08,JUBLINGREA,A_MOD_BREAK_C1_LOW,MODERATE,2026-01-08 11:15:00+05:30,2026-01-08 11:30:00+05:30,710.9577800000001,718.0673578000001,703.8482022000001,2026-01-08 12:15:00+05:30,711.028875778,BE,-0.009999999999996017,40.70862326448329,12.769230768680671,2.9232995436648057,2.248261690546659,3.319089131793675,0.006751804664518148,0.8206293489672494,SHORT,50000,-4.999999999998009
2026-01-08,KIOCL,A_MOD_BREAK_C1_LOW,MODERATE,2026-01-08 10:45:00+05:30,2026-01-08 11:00:00+05:30,379.924,383.72324,376.12476,2026-01-08 11:15:00+05:30,376.12476,TARGET,0.9999999999999993,37.661238955108644,34.04669260514915,7.034323700990387,1.8258845622482058,3.108564148408106,0.007949021153593487,0.7444483827200656,SHORT,50000,499.99999999999966
2026-01-08,LXCHEM,A_MOD_BREAK_C1_LOW,MODERATE,2026-01-08 10:45:00+05:30,2026-01-08 11:00:00+05:30,159.47,161.0647,157.8753,2026-01-08 11:45:00+05:30,157.8753,TARGET,0.9999999999999931,40.88917246660153,36.01036268123954,9.016546454464917,1.68807534253612,2.2953542949853434,0.0035371761692829856,0.7687507719428439,SHORT,50000,499.99999999999653
2026-01-08,MARATHON,A_MOD_BREAK_C1_LOW,MODERATE,2026-01-08 13:15:00+05:30,2026-01-08 13:30:00+05:30,505.54886999999997,510.6043587,500.49338129999995,2026-01-08 14:30:00+05:30,507.45,EOD,-0.37605266529426196,63.36806332520133,14.572864320582909,15.881689652181402,1.9411114228875312,2.3903504571177536,0.004838185645067868,0.949694499005318,SHORT,50000,-188.02633264713097
2026-01-08,MASFIN,A_MOD_BREAK_C1_LOW,MODERATE,2026-01-08 11:15:00+05:30,2026-01-08 11:30:00+05:30,322.98539,326.2152439,319.7555361,2026-01-08 12:15:00+05:30,323.017688539,BE,-0.010000000000003065,35.00897272615824,12.621359222443303,2.1146559100353115,2.510907759138911,3.7644192372381204,0.007219139009883459,0.7351345908923737,SHORT,50000,-5.000000000001533
2026-01-08,MOIL,A_MOD_BREAK_C1_LOW,MODERATE,2026-01-08 11:15:00+05:30,2026-01-08 11:30:00+05:30,353.12935999999996,356.6606536,349.59806639999994,2026-01-08 11:45:00+05:30,353.16467293599993,BE,-0.009999999999991061,43.34592021964466,2.559055117969322,1.9423652020722537,3.1146982293514633,5.183356100578018,0.00799038325555082,0.8601888032946698,SHORT,50000,-4.999999999995531
2026-01-08,MRPL,A_MOD_BREAK_C1_LOW,MODERATE,2026-01-08 11:15:00+05:30,2026-01-08 11:30:00+05:30,143.23,144.6623,141.7977,2026-01-08 13:15:00+05:30,143.24432299999998,BE,-0.00999999999999324,32.64320831741499,13.20072332396353,3.547042383147014,2.0607575031420033,3.227060080953963,0.0050493470242249,0.6996481247612247,SHORT,50000,-4.9999999999966205
2026-01-08,NYKAA,A_MOD_BREAK_C1_LOW,MODERATE,2026-01-08 11:15:00+05:30,2026-01-08 11:30:00+05:30,262.19755,264.8195255,259.57557449999996,2026-01-08 14:15:00+05:30,259.57557449999996,TARGET,1.0000000000000073,28.261272807275446,15.322580641701819,4.838999820111401,2.1868451960233504,3.022803837881453,0.0038109756097560823,0.6339190921091318,SHORT,50000,500.00000000000364
2026-01-08,ORIENTCEM,A_MOD_BREAK_C1_LOW,MODERATE,2026-01-08 11:00:00+05:30,2026-01-08 11:15:00+05:30,169.61999999999998,171.31619999999998,167.92379999999997,2026-01-08 12:15:00+05:30,167.92379999999997,TARGET,1.0000000000000029,40.375718353874284,31.900452478583603,19.200000000000376,0.8589048572373622,2.084109248318133,0.003952352891657566,0.6159441253246527,SHORT,50000,500.0000000000015
2026-01-08,PARADEEP,A_MOD_BREAK_C1_LOW,MODERATE,2026-01-08 11:15:00+05:30,2026-01-08 11:30:00+05:30,154.0,155.54,152.46,2026-01-08 11:45:00+05:30,154.0154,BE,-0.009999999999999763,27.04096004459987,12.121212117997956,2.7989534959017863,2.020152785710058,2.6738477648829035,0.005841586910398123,0.6156144006689981,SHORT,50000,-4.999999999999881
2026-01-08,PFIZER,A_MOD_BREAK_C1_LOW,MODERATE,2026-01-08 11:15:00+05:30,2026-01-08 11:30:00+05:30,4857.82824,4906.4065224,4809.2499576,2026-01-08 14:30:00+05:30,4840.4,EOD,0.35876608103377877,31.65840818980507,8.461538461424013,3.3429455929577614,1.7097457784011405,2.9451539101246835,0.0033459172752825293,0.6340816340672757,SHORT,50000,179.3830405168894
2026-01-08,RAIN,A_MOD_BREAK_C1_LOW,MODERATE,2026-01-08 10:45:00+05:30,2026-01-08 11:00:00+05:30,145.85,147.3085,144.39149999999998,2026-01-08 11:45:00+05:30,144.39149999999998,TARGET,1.0000000000000102,38.86302379025422,9.693053309600842,10.812880274745412,1.3365137070285849,2.8708709866304414,0.007359989045597733,0.6768352555838155,SHORT,50000,500.0000000000051
2026-01-08,RALLIS,A_MOD_BREAK_C1_LOW,MODERATE,2026-01-08 11:15:00+05:30,2026-01-08 11:30:00+05:30,261.4477,264.062177,258.833223,2026-01-08 13:45:00+05:30,258.833223,TARGET,1.0000000000000084,46.49727071768502,19.999999997200007,2.3926715887337617,1.992710088054109,3.0400666303823676,0.004588910133843216,0.9061833261747443,SHORT,50000,500.00000000000426
2026-01-08,TATVA,A_MOD_BREAK_C1_LOW,MODERATE,2026-01-08 11:00:00+05:30,2026-01-08 11:15:00+05:30,1299.83998,1312.8383798,1286.8415802,2026-01-08 12:30:00+05:30,1286.8415802,TARGET,1.0000000000000013,36.06161490959521,30.90909090830398,11.364149240258916,1.8333482681344275,2.7881924802996725,0.005753815746129348,0.7217601705674528,SHORT,50000,500.0000000000007
2026-01-09,BLISSGVS,A_MOD_BREAK_C1_LOW,MODERATE,2026-01-09 10:45:00+05:30,2026-01-09 11:00:00+05:30,174.29999999999998,176.04299999999998,172.557,2026-01-09 11:15:00+05:30,172.557,TARGET,0.9999999999999972,36.82686940335264,18.950238580332083,4.912189090912007,1.489993236763759,3.4559446832551535,0.01021226125720827,0.6731518574839475,SHORT,50000,499.99999999999864
2026-01-09,HEG,A_MOD_BREAK_C1_LOW,MODERATE,2026-01-09 11:00:00+05:30,2026-01-09 11:15:00+05:30,586.3827,592.246527,580.518873,2026-01-09 11:45:00+05:30,586.44133827,BE,-0.00999999999999324,58.540805726063525,25.209080046946482,18.841090497286164,1.0369783321743355,2.7134005131567327,0.008740281827016553,0.7914712081305086,SHORT,50000,-4.9999999999966205
2026-01-09,KDDL,A_MOD_BREAK_C1_LOW,MODERATE,2026-01-09 11:00:00+05:30,2026-01-09 11:15:00+05:30,2337.5324,2360.907724,2314.157076,2026-01-09 12:15:00+05:30,2337.76615324,BE,-0.010000000000007237,37.1076916393166,28.004410143113503,25.185185185185205,0.6852529520067137,2.2636120634311716,0.007845568429603648,0.536534641190924,SHORT,50000,-5.000000000003618
2026-01-09,PARAGMILK,A_MOD_BREAK_C1_LOW,MODERATE,2026-01-09 11:00:00+05:30,2026-01-09 11:15:00+05:30,275.99479,278.7547379,273.23484210000004,2026-01-09 11:30:00+05:30,273.23484210000004,TARGET,0.9999999999999948,41.99331603400363,31.642512075154485,29.45384788986657,0.6055561210849967,1.9715557216544737,0.010336985734959673,0.5944498477826525,SHORT,50000,499.9999999999974
2026-01-09,SHK,A_MOD_BREAK_C1_LOW,MODERATE,2026-01-09 11:00:00+05:30,2026-01-09 11:15:00+05:30,175.29999999999998,177.053,173.54699999999997,2026-01-09 12:15:00+05:30,175.31752999999998,BE,-0.009999999999996354,42.43619388635439,8.134757599721809,15.026324730377235,1.7313418812475352,3.137421478791549,0.009554477210923135,0.7995277375136345,SHORT,50000,-4.999999999998177
2026-01-09,VMART,A_MOD_BREAK_C1_LOW,MODERATE,2026-01-09 11:00:00+05:30,2026-01-09 11:15:00+05:30,652.8694,659.398094,646.3407060000001,2026-01-09 14:00:00+05:30,646.3407060000001,TARGET,0.9999999999999959,52.17303631721153,16.377952755183244,7.8616232433444155,1.5761112441264697,3.728121557487166,0.006490027119237163,0.885819467722132,SHORT,50000,499.99999999999795
2026-01-12,ASHOKA,A_MOD_BREAK_C1_LOW,MODERATE,2026-01-12 11:15:00+05:30,2026-01-12 11:30:00+05:30,155.75,157.3075,154.1925,2026-01-12 11:45:00+05:30,155.76557499999998,BE,-0.00999999999998981,46.52129701382798,26.0579064560891,10.848400556328093,1.0036288720857263,2.9180090254469087,0.008600770218228493,0.7334545078224217,SHORT,50000,-4.999999999994905
2026-01-12,AZAD,A_MOD_BREAK_C1_LOW,MODERATE,2026-01-12 11:15:00+05:30,2026-01-12 11:30:00+05:30,1529.79398,1545.0919198,1514.4960402,2026-01-12 11:45:00+05:30,1514.4960402,TARGET,0.9999999999999997,50.25650615790935,32.861896838219565,22.66041587940484,1.0690432885141623,2.324171773726215,0.008379470996293426,0.7970825754899784,SHORT,50000,499.99999999999983
2026-01-12,BANCOINDIA,A_MOD_BREAK_C1_LOW,MODERATE,2026-01-12 10:45:00+05:30,2026-01-12 11:00:00+05:30,635.4228899999999,641.7771188999999,629.0686611,2026-01-12 11:30:00+05:30,635.4864322889999,BE,-0.009999999999999568,45.09363253689114,23.082650781350353,10.717299578058944,1.1602566895967177,3.3821002734166146,0.010789305101318333,0.7394494087327927,SHORT,50000,-4.999999999999784
2026-01-12,BBTC,A_MOD_BREAK_C1_LOW,MODERATE,2026-01-12 11:15:00+05:30,2026-01-12 11:30:00+05:30,1781.7435799999998,1799.5610158,1763.9261441999997,2026-01-12 14:30:00+05:30,1799.5610158,SL,-1.0000000000000064,50.67298112635128,30.589680589154455,14.905038040255079,1.0042492118226989,2.3347825631211725,0.005930024905303802,0.7857436120689723,SHORT,50000,-500.00000000000324
2026-01-12,CHOICEIN,A_MOD_BREAK_C1_LOW,MODERATE,2026-01-12 11:00:00+05:30,2026-01-12 11:15:00+05:30,809.3381,817.4314810000001,801.244719,2026-01-12 12:15:00+05:30,809.4190338100001,BE,-0.0100000000000041,42.771500092056286,26.818181816475345,16.004801097393948,1.2215011984124393,1.9658114656245524,0.005230891368588205,0.7136257843842488,SHORT,50000,-5.000000000002049
2026-01-12,EICHERMOT,A_MOD_BREAK_C1_LOW,MODERATE,2026-01-12 10:30:00+05:30,2026-01-12 10:45:00+05:30,7379.5238,7453.319038,7305.728562,2026-01-12 12:30:00+05:30,7380.26175238,BE,-0.010000000000000328,43.89441788865355,16.87657430718575,1.2761220835755436,1.7961886347638114,3.9185736166410132,0.003637700508891082,0.8327492794134701,SHORT,50000,-5.000000000000164
2026-01-12,GABRIEL,A_MOD_BREAK_C1_LOW,MODERATE,2026-01-12 11:15:00+05:30,2026-01-12 11:30:00+05:30,945.8108,955.268908,936.3526919999999,2026-01-12 11:45:00+05:30,945.90538108,BE,-0.010000000000001244,49.44896547636324,25.44589774036119,2.1730542457422977,1.447675135624835,2.9278076096908783,0.010221336473714397,0.8550776308797947,SHORT,50000,-5.000000000000623
2026-01-12,GODREJPROP,A_MOD_BREAK_C1_LOW,MODERATE,2026-01-12 11:00:00+05:30,2026-01-12 11:15:00+05:30,1936.6126,1955.978726,1917.2464739999998,2026-01-12 11:30:00+05:30,1917.2464739999998,TARGET,1.0000000000000062,58.206960233592426,28.97526501738116,11.294261294261355,1.0535763247538343,2.9714281532861544,0.008440887971089325,0.794375856831921,SHORT,50000,500.0000000000031
2026-01-12,GVPIL,A_MOD_BREAK_C1_LOW,MODERATE,2026-01-12 11:15:00+05:30,2026-01-12 11:30:00+05:30,301.83961999999997,304.85801619999995,298.8212238,2026-01-12 12:15:00+05:30,301.869803962,BE,-0.010000000000007857,43.620716918811155,38.323353291806804,30.991735537190163,0.7753763459039237,1.8008138916593028,0.012452696310312199,0.6400423088983191,SHORT,50000,-5.000000000003928
2026-01-12,HDFCAMC,A_MOD_BREAK_C1_LOW,MODERATE,2026-01-12 10:45:00+05:30,2026-01-12 11:00:00+05:30,2469.60598,2494.3020398,2444.9099201999998,2026-01-12 14:30:00+05:30,2487.9,EOD,-0.7407667517876789,39.752237716841904,16.88888888867845,5.681967079719421,1.3174203090049827,3.3207929738207578,0.006130451857327698,0.6868321198285006,SHORT,50000,-370.38337589383946
2026-01-12,HINDWAREAP,A_MOD_BREAK_C1_LOW,MODERATE,2026-01-12 11:00:00+05:30,2026-01-12 11:15:00+05:30,241.85,244.2685,239.4315,2026-01-12 11:30:00+05:30,241.87418499999998,BE,-0.009999999999995277,50.21173456046091,25.73363430988583,11.228460316114555,0.8119548279260868,2.7329397649457476,0.009900551834036628,0.7520920948870651,SHORT,50000,-4.999999999997638
2026-01-12,ICRA,A_MOD_BREAK_C1_LOW,MODERATE,2026-01-12 11:15:00+05:30,2026-01-12 11:30:00+05:30,5993.801,6053.73901,5933.8629900000005,2026-01-12 12:15:00+05:30,5994.4003801,BE,-0.009999999999991781,68.96659396944078,25.58139534868579,16.159730002628066,0.7575358071105174,2.633241140307007,0.005224591921839629,0.7425687662443405,SHORT,50000,-4.99999999999589
2026-01-12,JAMNAAUTO,A_MOD_BREAK_C1_LOW,MODERATE,2026-01-12 11:15:00+05:30,2026-01-12 11:30:00+05:30,123.63000000000001,124.86630000000001,122.39370000000001,2026-01-12 11:45:00+05:30,123.642363,BE,-0.009999999999994711,42.02690269372568,18.155619594100102,0.7648502700048665,1.694051605525103,3.025004019431701,0.01037071255341263,0.7868625713727782,SHORT,50000,-4.999999999997356
2026-01-12,JKIL,A_MOD_BREAK_C1_LOW,MODERATE,2026-01-12 11:15:00+05:30,2026-01-12 11:30:00+05:30,552.78942,558.3173141999999,547.2615258,2026-01-12 12:45:00+05:30,558.3173141999999,SL,-0.9999999999999987,43.18795212530577,31.2326227980774,22.347872913301057,0.7300045786849121,2.291964663888201,0.01070492374840202,0.6355700831494462,SHORT,50000,-499.9999999999993
2026-01-12,JSL,A_MOD_BREAK_C1_LOW,MODERATE,2026-01-12 11:15:00+05:30,2026-01-12 11:30:00+05:30,752.19953,759.7215252999999,744.6775347,2026-01-12 12:15:00+05:30,752.274749953,BE,-0.009999999999998283,59.89445483670735,23.98523985157233,11.657316339758914,1.7539857133243926,3.0137484872156888,0.008008686746073888,0.9169474998317686,SHORT,50000,-4.999999999999142
2026-01-12,LATENTVIEW,A_MOD_BREAK_C1_LOW,MODERATE,2026-01-12 11:15:00+05:30,2026-01-12 11:30:00+05:30,435.9128,440.271928,431.553672,2026-01-12 12:15:00+05:30,435.95639128,BE,-0.009999999999996997,54.63329800600581,33.33333333151397,32.57223712021631,0.7640809031103928,1.94705199130112,0.007503276539973752,0.7410667576093748,SHORT,50000,-4.999999999998499
2026-01-12,LUMAXTECH,A_MOD_BREAK_C1_LOW,MODERATE,2026-01-12 11:15:00+05:30,2026-01-12 11:30:00+05:30,1488.90216,1503.7911816,1474.0131384000001,2026-01-12 11:45:00+05:30,1474.0131384000001,TARGET,0.9999999999999984,61.93302080080318,29.077540106679763,7.349670469012796,1.618935717283829,2.601322310171999,0.011633817676113777,0.89331375052467,SHORT,50000,499.9999999999992
2026-01-12,MOLDTKPAC,A_MOD_BREAK_C1_LOW,MODERATE,2026-01-12 11:15:00+05:30,2026-01-12 11:30:00+05:30,572.18554,577.9073953999999,566.4636846,2026-01-12 12:45:00+05:30,577.9073953999999,SL,-0.9999999999999969,59.78599851377039,20.840064619412544,16.552303334250375,1.0168833000696782,2.2916647443242915,0.009099181073703395,0.7879545775121937,SHORT,50000,-499.99999999999847
2026-01-12,NBCC,A_MOD_BREAK_C1_LOW,MODERATE,2026-01-12 11:00:00+05:30,2026-01-12 11:15:00+05:30,105.05,106.1005,103.9995,2026-01-12 11:45:00+05:30,103.9995,TARGET,0.9999999999999997,48.48178872511408,20.0700116653327,4.51017745491642,1.4632597600755894,3.1389817865790075,0.010064286393845904,0.8432972888899393,SHORT,50000,499.99999999999983
2026-01-12,PGHL,A_MOD_BREAK_C1_LOW,MODERATE,2026-01-12 10:15:00+05:30,2026-01-12 10:30:00+05:30,5456.4085,5510.9725849999995,5401.844415,2026-01-12 11:30:00+05:30,5401.844415,TARGET,0.9999999999999997,54.80848037661112,11.608961303396129,4.340253259897369,1.0671511763335408,4.401414936464412,0.005198728763683446,0.7967514558583697,SHORT,50000,499.99999999999983
2026-01-12,PLATIND,A_MOD_BREAK_C1_LOW,MODERATE,2026-01-12 11:00:00+05:30,2026-01-12 11:15:00+05:30,216.28,218.4428,214.1172,2026-01-12 11:30:00+05:30,214.1172,TARGET,1.000000000000002,64.52138128306058,32.66951161471138,42.26922908248432,0.6290941350409763,2.3624921739231044,0.01258989242625354,0.7200914736321709,SHORT,50000,500.00000000000097
2026-01-12,RADICO,A_PULLBACK_C2_THEN_BREAK_C2_LOW,MODERATE,2026-01-12 10:30:00+05:30,2026-01-12 11:00:00+05:30,2830.4338,2858.7381379999997,2802.129462,2026-01-12 11:30:00+05:30,2802.129462,TARGET,0.9999999999999971,72.86694172959082,10.628961482131317,0.8869234580045581,1.7244846778236682,5.119167949080926,0.008325596415452295,0.911784818619142,SHORT,50000,499.9999999999985
2026-01-12,RCF,A_MOD_BREAK_C1_LOW,MODERATE,2026-01-12 11:15:00+05:30,2026-01-12 11:30:00+05:30,134.54999999999998,135.89549999999997,133.2045,2026-01-12 12:15:00+05:30,134.56345499999998,BE,-0.009999999999995048,52.22810443258576,26.636050512366324,18.11468354131678,0.7078655475110673,2.451824973868378,0.008473228204502773,0.7338764708144367,SHORT,50000,-4.999999999997524
2026-01-12,SAMHI,A_MOD_BREAK_C1_LOW,MODERATE,2026-01-12 11:15:00+05:30,2026-01-12 11:30:00+05:30,188.10999999999999,189.9911,186.22889999999998,2026-01-12 12:00:00+05:30,188.12881099999998,BE,-0.009999999999999717,42.90273564644883,27.86396181151504,10.672806295656748,0.927474501014307,2.6246521508177407,0.010503978377065138,0.6658490723742363,SHORT,50000,-4.999999999999859
2026-01-12,SUDARSCHEM,A_MOD_BREAK_C1_LOW,MODERATE,2026-01-12 11:00:00+05:30,2026-01-12 11:15:00+05:30,913.2673100000001,922.3999831000001,904.1346369,2026-01-12 11:30:00+05:30,913.358636731,BE,-0.00999999999999792,56.62210950834076,24.72885032487899,21.733532208794575,0.6763742596075442,3.162893607696357,0.008271951133780665,0.7283654954313201,SHORT,50000,-4.99999999999896
2026-01-12,SWSOLAR,A_MOD_BREAK_C1_LOW,MODERATE,2026-01-12 11:15:00+05:30,2026-01-12 11:30:00+05:30,193.45999999999998,195.39459999999997,191.5254,2026-01-12 12:15:00+05:30,193.47934599999996,BE,-0.009999999999992012,56.41669110431622,31.651090339918284,16.72517642666916,0.9467071925801218,2.035942069216784,0.010790093034579923,0.7756737587015212,SHORT,50000,-4.999999999996006
2026-01-12,TVSHLTD,A_MOD_BREAK_C1_LOW,MODERATE,2026-01-12 11:15:00+05:30,2026-01-12 11:30:00+05:30,14568.0858,14713.766658,14422.404942000001,2026-01-12 12:30:00+05:30,14569.54260858,BE,-0.010000000000000979,48.94300096785269,27.014218009433847,8.848207475209783,1.2162669659183698,2.4118108128380595,0.007872780571977607,0.8069917335535051,SHORT,50000,-5.000000000000489
2026-01-12,UNICHEMLAB,A_MOD_BREAK_C1_LOW,MODERATE,2026-01-12 11:00:00+05:30,2026-01-12 11:15:00+05:30,404.96899,409.0186799,400.91930010000004,2026-01-12 11:30:00+05:30,400.91930010000004,TARGET,0.999999999999994,48.73290227415988,27.27272727118458,26.342451874366617,0.7704586852580174,2.193686654954657,0.008999083345085312,0.7258238040325513,SHORT,50000,499.999999999997
2026-01-12,VINCOFE,A_MOD_BREAK_C1_LOW,MODERATE,2026-01-12 11:15:00+05:30,2026-01-12 11:30:00+05:30,158.14999999999998,159.73149999999998,156.56849999999997,2026-01-12 12:15:00+05:30,158.16581499999998,BE,-0.010000000000002191,44.790402995044936,24.4013682990785,4.0282702880352765,1.2435962746176512,3.1934079728669995,0.012475584399218725,0.749485392983763,SHORT,50000,-5.000000000001095
2026-01-12,WABAG,A_MOD_BREAK_C1_LOW,MODERATE,2026-01-12 10:45:00+05:30,2026-01-12 11:00:00+05:30,1168.7662,1180.453862,1157.078538,2026-01-12 11:15:00+05:30,1168.88307662,BE,-0.010000000000007237,47.08462229150616,24.95974235048422,21.90201729106623,1.2074537357763395,3.055611193188466,0.007298601355890781,0.7775737381334518,SHORT,50000,-5.000000000003618
2026-01-14,CESC,A_MOD_BREAK_C1_LOW,MODERATE,2026-01-14 10:00:00+05:30,2026-01-14 10:15:00+05:30,157.47,159.0447,155.8953,2026-01-14 10:30:00+05:30,157.485747,BE,-0.010000000000002934,43.911462554661895,15.116279065666532,8.225868813150935,0.9916577385068525,3.841042706465669,0.0045625481400933185,0.6922120425586276,SHORT,50000,-5.000000000001466
2026-01-14,ICICIGI,A_MOD_BREAK_C1_LOW,MODERATE,2026-01-14 11:00:00+05:30,2026-01-14 11:15:00+05:30,1852.1295,1870.650795,1833.608205,2026-01-14 11:30:00+05:30,1833.608205,TARGET,1.0000000000000004,25.795009146536316,34.91124260297188,10.492678725236841,1.9149289349383884,1.8601024759568738,0.006605197886336677,0.5750428246101065,SHORT,50000,500.00000000000017
2026-01-14,SHK,A_MOD_BREAK_C1_LOW,MODERATE,2026-01-14 10:00:00+05:30,2026-01-14 10:15:00+05:30,164.17999999999998,165.82179999999997,162.5382,2026-01-14 10:30:00+05:30,164.19641799999997,BE,-0.009999999999992319,47.32904113743344,18.571428566785684,8.543812621046627,1.3031095449140606,4.735379797317292,0.004756108164507421,0.7979797874214622,SHORT,50000,-4.9999999999961595
2026-01-14,TANLA,A_MOD_BREAK_C1_LOW,MODERATE,2026-01-14 10:00:00+05:30,2026-01-14 10:15:00+05:30,486.55267,491.4181967,481.68714329999995,2026-01-14 10:45:00+05:30,486.601325267,BE,-0.010000000000003104,39.22508407614286,16.20253164442103,4.004549900072359,1.3096564253645118,4.370499886574127,0.004821593694500304,0.6775661355809324,SHORT,50000,-5.000000000001552
2026-01-16,AURIONPRO,A_MOD_BREAK_C1_LOW,MODERATE,2026-01-16 11:15:00+05:30,2026-01-16 11:30:00+05:30,996.8006,1006.7686060000001,986.832594,2026-01-16 14:30:00+05:30,986.832594,TARGET,1.000000000000006,40.43722861910196,29.60725075403468,9.244227994227993,1.6047153548657829,2.3013996617344215,0.0056283566058002,0.7473836163880414,SHORT,50000,500.00000000000296
2026-01-16,GODIGIT,A_MOD_BREAK_C1_LOW,MODERATE,2026-01-16 10:00:00+05:30,2026-01-16 10:15:00+05:30,320.48589,323.69074889999996,317.2810311,2026-01-16 10:30:00+05:30,317.2810311,TARGET,0.9999999999999928,32.31996328358289,26.838235291354593,7.107633949739004,1.3589171588677567,2.9965071928910625,0.006439824408939974,0.5826099520556007,SHORT,50000,499.99999999999636
2026-01-16,IGARASHI,A_MOD_BREAK_C1_LOW,MODERATE,2026-01-16 11:15:00+05:30,2026-01-16 11:30:00+05:30,395.4209,399.375109,391.466691,2026-01-16 12:00:00+05:30,391.466691,TARGET,0.9999999999999978,35.73514733911612,25.39682539521293,12.400109203140909,1.5897486758328094,2.824439901929548,0.008374695424600674,0.6742332283574834,SHORT,50000,499.99999999999886
2026-01-16,JSWINFRA,A_MOD_BREAK_C1_LOW,MODERATE,2026-01-16 11:15:00+05:30,2026-01-16 11:30:00+05:30,258.14835999999997,260.7298436,255.56687639999996,2026-01-16 14:30:00+05:30,257.9,EOD,0.09620824242307449,32.892781199611626,26.02040815954804,13.531409168081682,1.5056277415943906,2.197012151721552,0.005417956656346694,0.6168765727731926,SHORT,50000,48.10412121153725
2026-01-16,MANKIND,A_MOD_BREAK_C1_LOW,MODERATE,2026-01-16 11:15:00+05:30,2026-01-16 11:30:00+05:30,2196.86054,2218.8291454,2174.8919346000002,2026-01-16 12:00:00+05:30,2197.080226054,BE,-0.009999999999990633,29.918475915331207,20.615796519024286,8.810273685122882,2.197059974726312,2.6058422697551595,0.004975075877218605,0.6587771387299681,SHORT,50000,-4.999999999995317
2026-01-16,MRF,A_MOD_BREAK_C1_LOW,MODERATE,2026-01-16 10:30:00+05:30,2026-01-16 10:45:00+05:30,143781.238,145219.05038,142343.42562000002,2026-01-16 14:30:00+05:30,142660.0,EOD,0.7798221907089241,49.69778297648176,9.540636042398106,4.381022203602835,1.9886763885285579,4.934216771348131,0.0023369127916794976,0.9534851126397239,SHORT,50000,389.9110953544621
2026-01-16,POWERINDIA,A_MOD_BREAK_C1_LOW,MODERATE,2026-01-16 11:00:00+05:30,2026-01-16 11:15:00+05:30,16558.6876,16724.274476000002,16393.100724,2026-01-16 11:45:00+05:30,16560.343468760002,BE,-0.010000000000005345,40.816695861490885,30.694444444384757,15.414707603415968,1.1893590120872868,2.005521084124069,0.006919804333597438,0.6803882650376385,SHORT,50000,-5.0000000000026725
2026-01-16,RADIANTCMS,A_MOD_BREAK_C1_LOW,MODERATE,2026-01-16 13:00:00+05:30,2026-01-16 13:15:00+05:30,49.35,49.8435,48.856500000000004,2026-01-16 13:30:00+05:30,48.856500000000004,TARGET,0.9999999999999947,58.01629028698799,29.896907173344616,25.00000000000004,1.7376971773273928,2.296879634365162,0.0030653556969346407,0.9140970060322937,SHORT,50000,499.9999999999973
2026-01-19,ASAL,A_MOD_BREAK_C1_LOW,MODERATE,2026-01-19 11:15:00+05:30,2026-01-19 11:30:00+05:30,432.96339,437.2930239,428.6337561,2026-01-19 14:30:00+05:30,431.85,EOD,0.2571556916163238,27.226699188630302,23.67758186230988,14.741035856573555,1.3509404864362038,2.8913828626008597,0.004865818859583995,0.5048150729557901,SHORT,50000,128.5778458081619
2026-01-19,BODALCHEM,A_MOD_BREAK_C1_LOW,MODERATE,2026-01-19 10:30:00+05:30,2026-01-19 10:45:00+05:30,49.03,49.5203,48.5397,2026-01-19 14:30:00+05:30,49.0,EOD,0.061187028349992116,47.2392303544018,20.744680835615668,7.165109034268045,1.035212378397224,2.732406799511269,0.0052101525206659765,0.7497506215355412,SHORT,50000,30.59351417499606
2026-01-19,CAPACITE,A_MOD_BREAK_C1_LOW,MODERATE,2026-01-19 11:15:00+05:30,2026-01-19 11:30:00+05:30,232.6,234.926,230.274,2026-01-19 14:00:00+05:30,234.926,SL,-0.9999999999999972,42.30797117397529,16.66666666407407,5.464480874316965,0.7764764418126625,2.4554252845103623,0.005986920880537901,0.6305029449268453,SHORT,50000,-499.99999999999864
2026-01-19,JKIL,A_MOD_BREAK_C1_LOW,MODERATE,2026-01-19 11:15:00+05:30,2026-01-19 11:30:00+05:30,549.1901399999999,554.6820413999999,543.6982386,2026-01-19 12:30:00+05:30,549.2450590139999,BE,-0.010000000000001171,26.260551178437392,19.331742242145083,10.06938914799221,0.7357654633882068,2.2853997394554195,0.005896579073970524,0.3826672237694971,SHORT,50000,-5.000000000000585
2026-01-19,KIRLOSENG,A_MOD_BREAK_C1_LOW,MODERATE,2026-01-19 10:45:00+05:30,2026-01-19 11:00:00+05:30,1129.2741,1140.566841,1117.981359,2026-01-19 12:00:00+05:30,1129.38702741,BE,-0.009999999999989712,37.594113358840666,9.147286821506995,5.21865659902479,1.544861180120094,3.796292482398116,0.007367355972933706,0.6942624069036263,SHORT,50000,-4.999999999994856
2026-01-19,LTF,A_MOD_BREAK_C1_LOW,MODERATE,2026-01-19 10:15:00+05:30,2026-01-19 10:30:00+05:30,285.64286,288.4992886,282.78643139999997,2026-01-19 10:45:00+05:30,282.78643139999997,TARGET,1.0000000000000053,28.773449224041926,26.041666664767803,29.75460122699384,1.294901596823994,2.3220117748651394,0.010990932480703434,0.5182095178048278,SHORT,50000,500.0000000000027
2026-01-19,SJVN,A_MOD_BREAK_C1_LOW,MODERATE,2026-01-19 11:15:00+05:30,2026-01-19 11:30:00+05:30,75.45,76.20450000000001,74.6955,2026-01-19 12:30:00+05:30,74.6955,TARGET,1.0000000000000095,35.10211477115286,22.3277909664468,19.195046439628268,0.9754684988749279,2.289336090222027,0.008178122340928422,0.5572387088704054,SHORT,50000,500.0000000000048
2026-01-19,SKFINDIA,A_MOD_BREAK_C1_LOW,MODERATE,2026-01-19 10:30:00+05:30,2026-01-19 10:45:00+05:30,1830.1339,1848.4352390000001,1811.832561,2026-01-19 11:00:00+05:30,1848.4352390000001,SL,-1.0000000000000053,26.35230445415832,17.556179774935686,5.789152955514907,1.0505847127850965,2.974599141407866,0.005318609279275771,0.4391368915497667,SHORT,50000,-500.0000000000027
2026-01-19,SPENCERS,A_MOD_BREAK_C1_LOW,MODERATE,2026-01-19 11:00:00+05:30,2026-01-19 11:15:00+05:30,37.470000000000006,37.8447,37.09530000000001,2026-01-19 11:45:00+05:30,37.473747,BE,-0.009999999999992147,27.220094269919095,36.39999997961589,35.185185185185325,1.8352256550022288,2.153364878186477,0.0072151995126408346,0.5894659036741765,SHORT,50000,-4.999999999996073
2026-01-19,SRF,A_MOD_BREAK_C1_LOW,MODERATE,2026-01-19 10:30:00+05:30,2026-01-19 10:45:00+05:30,2982.4034,3012.2274340000004,2952.579366,2026-01-19 11:00:00+05:30,2982.7016403400003,BE,-0.010000000000004035,30.154338144291216,14.20643729167729,7.199866743608833,1.2972217520069,3.282858595566919,0.004266285101739996,0.5393288787655757,SHORT,50000,-5.000000000002018
2026-01-19,UBL,A_MOD_BREAK_C1_LOW,MODERATE,2026-01-19 11:15:00+05:30,2026-01-19 11:30:00+05:30,1509.698,1524.7949800000001,1494.60102,2026-01-19 14:30:00+05:30,1507.1,EOD,0.17208739761198488,30.46770870457237,38.721804509240165,32.88888888888881,1.2983537598857458,1.25245703514764,0.0025685903500472906,0.5068503903059731,SHORT,50000,86.04369880599243
2026-01-20,AWFIS,A_PULLBACK_C2_THEN_BREAK_C2_LOW,MODERATE,2026-01-20 10:30:00+05:30,2026-01-20 11:00:00+05:30,429.914,434.21314,425.61485999999996,2026-01-20 11:15:00+05:30,425.61485999999996,TARGET,1.0000000000000053,51.03952281694987,3.2154340833114503,5.207350849614404,0.896739678019944,3.970998575201064,0.005343245440817737,0.7669294436534901,SHORT,50000,500.0000000000027
2026-01-20,BAYERCROP,A_MOD_BREAK_C1_LOW,MODERATE,2026-01-20 11:00:00+05:30,2026-01-20 11:15:00+05:30,4351.22958,4394.7418758,4307.7172842,2026-01-20 11:30:00+05:30,4351.664702958,BE,-0.009999999999993977,25.41979799491832,40.19354838673385,23.36992372706649,0.8075521895746556,0.9213381053397172,0.0065508841070567965,0.3286855083663254,SHORT,50000,-4.999999999996989
2026-01-20,BCLIND,A_MOD_BREAK_C1_LOW,MODERATE,2026-01-20 11:00:00+05:30,2026-01-20 11:15:00+05:30,28.41,28.6941,28.1259,2026-01-20 14:30:00+05:30,28.6,EOD,-0.6687785990848338,30.352784661487085,25.373134301848964,17.777777777777526,1.065214627290359,2.3171292484786026,0.006071554016759501,0.5017043296981192,SHORT,50000,-334.3892995424169
2026-01-20,BSOFT,A_MOD_BREAK_C1_LOW,MODERATE,2026-01-20 10:45:00+05:30,2026-01-20 11:00:00+05:30,407.96839,412.0480739,403.8887061,2026-01-20 11:30:00+05:30,408.009186839,BE,-0.009999999999998796,33.57638852981607,9.843400446810861,5.105882275394443,1.8234897673831447,4.074882767734805,0.00682354999562595,0.6827565372392914,SHORT,50000,-4.999999999999398
2026-01-20,GRANULES,A_MOD_BREAK_C1_LOW,MODERATE,2026-01-20 11:00:00+05:30,2026-01-20 11:15:00+05:30,566.13675,571.7981175,560.4753825,2026-01-20 11:30:00+05:30,566.193363675,BE,-0.009999999999998966,34.40784041633949,23.371647508324628,4.617473343494926,1.3501084048182066,2.347311398263944,0.006634545041749693,0.6123865770882784,SHORT,50000,-4.999999999999483
2026-01-20,HBLENGINE,A_MOD_BREAK_C1_LOW,MODERATE,2026-01-20 10:45:00+05:30,2026-01-20 11:00:00+05:30,738.8522,746.240722,731.4636780000001,2026-01-20 11:30:00+05:30,731.4636780000001,TARGET,0.9999999999999953,49.30929751401972,24.8054474701415,14.670981661272998,0.7729802411640924,2.860352052022635,0.009297450808033018,0.734911004914012,SHORT,50000,499.99999999999767
2026-01-20,ITC,A_MOD_BREAK_C1_LOW,MODERATE,2026-01-20 10:15:00+05:30,2026-01-20 10:30:00+05:30,331.28373000000005,334.59656730000006,327.97089270000004,2026-01-20 14:30:00+05:30,328.9,EOD,0.7195433352552721,28.42993327704128,47.552447543136836,46.41702248526608,1.1065699629013357,0.6242240768088808,0.0034572634844045836,0.411309946503797,SHORT,50000,359.7716676276361
2026-01-20,KNRCON,A_MOD_BREAK_C1_LOW,MODERATE,2026-01-20 11:00:00+05:30,2026-01-20 11:15:00+05:30,137.01999999999998,138.3902,135.64979999999997,2026-01-20 14:30:00+05:30,137.78,EOD,-0.5546635527660337,30.147061074505586,9.873949576927828,3.3585264996240443,1.590558927099638,3.232804313875818,0.005409993126861468,0.5905537283600204,SHORT,50000,-277.33177638301686
2026-01-20,LAURUSLABS,A_MOD_BREAK_C1_LOW,MODERATE,2026-01-20 11:15:00+05:30,2026-01-20 11:30:00+05:30,1033.8931799999998,1044.2321117999998,1023.5542481999998,2026-01-20 12:15:00+05:30,1023.5542481999998,TARGET,0.9999999999999959,35.45633574342958,35.29411764639818,20.25948103792405,1.3070926297328758,1.9494164117275499,0.007701863354037277,0.6180570669410743,SHORT,50000,499.99999999999795
2026-01-20,LUMAXIND,A_MOD_BREAK_C1_LOW,MODERATE,2026-01-20 10:15:00+05:30,2026-01-20 10:30:00+05:30,5266.4465,5319.110965,5213.782035,2026-01-20 11:00:00+05:30,5213.782035,TARGET,0.9999999999999969,25.25385833892267,19.257540603123147,11.35005973715649,1.0921620420450617,3.4278530477935507,0.0060275272899857615,0.4299362324417258,SHORT,50000,499.99999999999847
2026-01-20,ORCHPHARMA,A_MOD_BREAK_C1_LOW,MODERATE,2026-01-20 10:30:00+05:30,2026-01-20 10:45:00+05:30,700.8598,707.868398,693.851202,2026-01-20 11:30:00+05:30,700.92988598,BE,-0.010000000000006337,27.22349284103946,32.50444049571894,9.44881889763812,1.3493374161066936,2.6034182184251913,0.005303647850010219,0.5044864404342633,SHORT,50000,-5.000000000003169
2026-01-20,QUICKHEAL,A_MOD_BREAK_C1_LOW,MODERATE,2026-01-20 10:15:00+05:30,2026-01-20 10:30:00+05:30,208.54999999999998,210.63549999999998,206.4645,2026-01-20 10:45:00+05:30,208.570855,BE,-0.010000000000005569,55.43955153110257,18.380062303692583,8.908450704225347,1.1625326761256065,3.3039549246595006,0.009737930091912364,0.8134432183219811,SHORT,50000,-5.000000000002784
2026-01-20,RAYMONDLSL,A_MOD_BREAK_C1_LOW,MODERATE,2026-01-20 10:45:00+05:30,2026-01-20 11:00:00+05:30,919.816,929.0141600000001,910.61784,2026-01-20 13:00:00+05:30,910.61784,TARGET,1.000000000000003,25.13009826391526,26.729559747250832,11.188543872030168,1.197283515227436,1.9423967606595727,0.006270565592599487,0.4435959271565088,SHORT,50000,500.0000000000016
2026-01-20,RUPA,A_MOD_BREAK_C1_LOW,MODERATE,2026-01-20 11:00:00+05:30,2026-01-20 11:15:00+05:30,152.95999999999998,154.48959999999997,151.4304,2026-01-20 13:30:00+05:30,152.975296,BE,-0.010000000000004195,31.906536823289308,30.939226511360133,12.115713003965283,1.5067366316720776,2.2486717166715016,0.0050413578057023276,0.6022769628919531,SHORT,50000,-5.000000000002098
2026-01-20,SUNTECK,B_HUGE_RED_FAILED_BOUNCE,HUGE,2026-01-20 10:00:00+05:30,2026-01-20 11:00:00+05:30,395.72084,399.6780484,391.7636316,2026-01-20 11:15:00+05:30,391.7636316,TARGET,1.0000000000000033,41.88669083830903,23.208191124061898,12.52002790952659,0.45286505200411653,3.614798038664397,0.0050448732936457805,0.6075517466753558,SHORT,50000,500.00000000000165
2026-01-20,TCPLPACK,A_MOD_BREAK_C1_LOW,MODERATE,2026-01-20 11:00:00+05:30,2026-01-20 11:15:00+05:30,2593.4812,2619.416012,2567.546388,2026-01-20 11:30:00+05:30,2567.546388,TARGET,0.9999999999999987,69.46333961440219,19.68449931403444,12.162272871950291,2.1276489460548795,3.6781713212634823,0.012399419601635688,0.96,SHORT,50000,499.9999999999993
2026-01-20,TVTODAY,A_MOD_BREAK_C1_LOW,MODERATE,2026-01-20 10:15:00+05:30,2026-01-20 10:30:00+05:30,127.95,129.2295,126.6705,2026-01-20 11:00:00+05:30,126.6705,TARGET,0.999999999999999,38.66022930742652,14.604462470497666,21.371191220088345,0.8995795089640926,3.269682323389515,0.007016351051616662,0.5973298536801139,SHORT,50000,499.9999999999995
2026-01-20,VASCONEQ,A_MOD_BREAK_C1_LOW,MODERATE,2026-01-20 10:45:00+05:30,2026-01-20 11:00:00+05:30,41.95,42.3695,41.5305,2026-01-20 11:15:00+05:30,41.5305,TARGET,0.9999999999999983,46.10605900732988,16.165413525326656,11.048635515640527,1.1600015546395281,3.4100976554610183,0.008673469387755154,0.7545911571718655,SHORT,50000,499.99999999999915
2026-01-21,ARIHANTSUP,A_MOD_BREAK_C1_LOW,MODERATE,2026-01-21 10:45:00+05:30,2026-01-21 11:00:00+05:30,293.64126,296.57767259999997,290.7048474,2026-01-21 11:15:00+05:30,293.670624126,BE,-0.01000000000000633,45.22486296557341,14.24581005475153,5.8666666666666645,2.8647601727198433,4.702195609941319,0.006286784376671995,0.888372944483601,SHORT,50000,-5.0000000000031655
2026-01-21,ARKADE,A_MOD_BREAK_C1_LOW,MODERATE,2026-01-21 10:30:00+05:30,2026-01-21 10:45:00+05:30,113.45,114.5845,112.3155,2026-01-21 11:00:00+05:30,112.3155,TARGET,1.0000000000000024,56.4458306692368,17.537942660277807,12.660391647733656,1.3048274182027406,2.930843816132124,0.009408432976714906,0.8383447981854795,SHORT,50000,500.00000000000125
2026-01-21,ASAL,A_MOD_BREAK_C1_LOW,MODERATE,2026-01-21 10:45:00+05:30,2026-01-21 11:00:00+05:30,398.32032,402.3035232,394.3371168,2026-01-21 11:15:00+05:30,402.3035232,SL,-0.9999999999999979,57.44893795782887,17.335473514469612,13.896233110113728,1.117245202595441,3.1393470964877497,0.011782493558545678,0.8055179104542021,SHORT,50000,-499.999999999999
2026-01-21,BIKAJI,A_MOD_BREAK_C1_LOW,MODERATE,2026-01-21 10:30:00+05:30,2026-01-21 10:45:00+05:30,671.71563,678.4327863000001,664.9984737,2026-01-21 11:00:00+05:30,664.9984737,TARGET,1.0000000000000084,58.566708602644134,14.333333332664353,4.230341572674129,1.7781136554134849,3.1964360905248355,0.0062065593980487575,0.9211698896973597,SHORT,50000,500.00000000000426
2026-01-21,CGCL,A_MOD_BREAK_C1_LOW,MODERATE,2026-01-21 10:30:00+05:30,2026-01-21 10:45:00+05:30,168.54999999999998,170.23549999999997,166.8645,2026-01-21 12:15:00+05:30,168.56685499999998,BE,-0.009999999999995561,46.21312328453272,9.12162162018356,0.9123235133242127,1.65067549970929,3.9371126720451244,0.007654574105766144,0.8420650617171166,SHORT,50000,-4.99999999999778
2026-01-21,DOMS,A_MOD_BREAK_C1_LOW,MODERATE,2026-01-21 10:45:00+05:30,2026-01-21 11:00:00+05:30,2352.92932,2376.4586132000004,2329.4000268,2026-01-21 11:15:00+05:30,2376.4586132000004,SL,-1.0000000000000089,51.42393649481232,18.3499999998715,5.237437426961851,1.1325278975061661,3.562055515709042,0.010016071807623487,0.808192382063579,SHORT,50000,-500.00000000000443
2026-01-21,GREAVESCOT,A_MOD_BREAK_C1_LOW,MODERATE,2026-01-21 10:45:00+05:30,2026-01-21 11:00:00+05:30,162.01999999999998,163.6402,160.39979999999997,2026-01-21 11:15:00+05:30,162.03620199999997,BE,-0.009999999999995509,50.622718510193366,27.23163841377125,20.65669594358242,1.4398995861696313,2.245727413691829,0.009069595261599226,0.8619824275796855,SHORT,50000,-4.999999999997755
2026-01-21,GRMOVER,A_MOD_BREAK_C1_LOW,MODERATE,2026-01-21 10:45:00+05:30,2026-01-21 11:00:00+05:30,153.14999999999998,154.68149999999997,151.61849999999998,2026-01-21 11:15:00+05:30,151.61849999999998,TARGET,0.9999999999999962,39.41344675452267,29.626485565239634,9.485604948160125,2.39092247658325,3.129196138827725,0.008760723610593046,0.8012017013178399,SHORT,50000,499.9999999999981
2026-01-21,GULPOLY,A_MOD_BREAK_C1_LOW,MODERATE,2026-01-21 10:45:00+05:30,2026-01-21 11:00:00+05:30,127.45,128.7245,126.1755,2026-01-21 12:15:00+05:30,128.7245,SL,-1.0000000000000027,66.60130673350476,13.16113160904969,0.5334000451286898,2.2594650785410306,4.587691195777839,0.008060992415160723,0.96,SHORT,50000,-500.0000000000013
2026-01-21,JINDALPOLY,A_MOD_BREAK_C1_LOW,MODERATE,2026-01-21 10:45:00+05:30,2026-01-21 11:00:00+05:30,371.02578,374.7360378,367.3155222,2026-01-21 11:15:00+05:30,371.06288257799997,BE,-0.009999999999993013,43.39486077871637,26.041666664767675,20.708534621578043,2.1054233000069646,3.198432966762021,0.008353543519267006,0.8609229116807455,SHORT,50000,-4.999999999996507
2026-01-21,KSB,A_MOD_BREAK_C1_LOW,MODERATE,2026-01-21 10:30:00+05:30,2026-01-21 10:45:00+05:30,687.01257,693.8826957,680.1424443,2026-01-21 11:00:00+05:30,680.1424443,TARGET,1.0000000000000024,66.12762472026422,10.858143607173389,15.364268738501922,1.1989645298780174,3.427732912293441,0.007620225022595774,0.8198187927286531,SHORT,50000,500.00000000000125
2026-01-21,LATENTVIEW,A_MOD_BREAK_C1_LOW,MODERATE,2026-01-21 10:45:00+05:30,2026-01-21 11:00:00+05:30,393.9212,397.860412,389.981988,2026-01-21 11:30:00+05:30,393.96059212,BE,-0.010000000000000571,64.17584015991616,6.015037593562809,5.749803530839014,1.39853642597738,3.4594709565363315,0.00926949493485076,0.8547438745460414,SHORT,50000,-5.000000000000285
2026-01-21,LUMAXIND,A_MOD_BREAK_C1_LOW,MODERATE,2026-01-21 10:00:00+05:30,2026-01-21 10:15:00+05:30,5028.994,5079.283939999999,4978.70406,2026-01-21 10:30:00+05:30,5029.4968994,BE,-0.01000000000000771,53.97002381324406,11.264367816019444,19.161994831929615,1.617131532205297,4.749761243596218,0.00673052398900445,0.8929980181359269,SHORT,50000,-5.000000000003855
2026-01-21,MANINDS,A_MOD_BREAK_C1_LOW,MODERATE,2026-01-21 10:45:00+05:30,2026-01-21 11:00:00+05:30,321.23574,324.44809740000005,318.0233826,2026-01-21 11:15:00+05:30,321.26786357400005,BE,-0.010000000000007702,46.311874111425276,23.52941176294445,16.1458333333333,1.5040117372935984,2.8324375643023414,0.00911475701391669,0.8178801656977588,SHORT,50000,-5.000000000003851
2026-01-21,MTNL,A_MOD_BREAK_C1_LOW,MODERATE,2026-01-21 10:30:00+05:30,2026-01-21 10:45:00+05:30,30.259999999999998,30.5626,29.957399999999996,2026-01-21 11:00:00+05:30,29.957399999999996,TARGET,1.000000000000006,74.84443092615297,7.142857136904809,19.34655443001854,1.4450637738432797,3.404349006026145,0.010769665834001022,0.8628861604225739,SHORT,50000,500.00000000000296
2026-01-21,NELCO,A_MOD_BREAK_C1_LOW,MODERATE,2026-01-21 10:45:00+05:30,2026-01-21 11:00:00+05:30,611.4776800000001,617.5924568,605.3629032000001,2026-01-21 11:15:00+05:30,617.5924568,SL,-0.9999999999999931,45.163850064730255,21.014492753090224,3.6608295664602934,1.7147733203318214,3.2724456204950516,0.011210317460317467,0.8375430820290226,SHORT,50000,-499.99999999999653
2026-01-21,NH,A_MOD_BREAK_C1_LOW,MODERATE,2026-01-21 10:30:00+05:30,2026-01-21 10:45:00+05:30,1778.0443200000002,1795.8247632000002,1760.2638768000002,2026-01-21 11:00:00+05:30,1760.2638768000002,TARGET,1.000000000000002,55.367380635719655,22.416302765191062,9.110132634892647,1.1677001915575096,2.7325633132501403,0.006148017946433599,0.8143475335225641,SHORT,50000,500.00000000000097
2026-01-21,NSLNISP,A_MOD_BREAK_C1_LOW,MODERATE,2026-01-21 10:45:00+05:30,2026-01-21 11:00:00+05:30,39.27,39.6627,38.877300000000005,2026-01-21 11:45:00+05:30,39.273927,BE,-0.009999999999993249,50.58360558591487,29.090909072396826,38.980469018636974,1.2407911756149788,2.086073321818599,0.0092031221637321,0.8271384557326213,SHORT,50000,-4.999999999996624
2026-01-21,PARACABLES,A_MOD_BREAK_C1_LOW,MODERATE,2026-01-21 10:45:00+05:30,2026-01-21 11:00:00+05:30,31.58,31.895799999999998,31.2642,2026-01-21 11:15:00+05:30,31.895799999999998,SL,-0.9999999999999983,57.23552351931472,13.220338976776617,6.240457395648158,1.6950766419980994,3.5460893897023453,0.013567816507133845,0.9066384123496674,SHORT,50000,-499.99999999999915
2026-01-21,PGEL,A_MOD_BREAK_C1_LOW,MODERATE,2026-01-21 10:45:00+05:30,2026-01-21 11:00:00+05:30,535.49288,540.8478088,530.1379512,2026-01-21 11:15:00+05:30,535.546429288,BE,-0.00999999999999986,46.09547588747251,21.704394140336063,4.538285458523933,1.9091604563304683,3.551216223426601,0.008112792480501318,0.8855352181699194,SHORT,50000,-4.99999999999993
2026-01-21,POLYCAB,A_MOD_BREAK_C1_LOW,MODERATE,2026-01-21 10:45:00+05:30,2026-01-21 11:00:00+05:30,6875.1247,6943.875947,6806.373453,2026-01-21 11:15:00+05:30,6875.81221247,BE,-0.010000000000000021,52.68899540376801,14.325842696572877,6.837433737913183,1.8832642245062425,4.1339225966266815,0.006760472766138489,0.9395712392885924,SHORT,50000,-5.000000000000011
2026-01-21,RIIL,A_MOD_BREAK_C1_LOW,MODERATE,2026-01-21 10:45:00+05:30,2026-01-21 11:00:00+05:30,693.3613,700.2949130000001,686.427687,2026-01-21 11:15:00+05:30,693.43063613,BE,-0.010000000000001528,76.89581603883913,9.797297296833875,4.761474814645037,2.1729247774605707,4.004201436169728,0.006466360509895198,0.96,SHORT,50000,-5.000000000000764
2026-01-21,SASKEN,A_MOD_BREAK_C1_LOW,MODERATE,2026-01-21 10:30:00+05:30,2026-01-21 10:45:00+05:30,1264.747,1277.3944700000002,1252.09953,2026-01-21 11:30:00+05:30,1264.8734747,BE,-0.010000000000001346,51.82179712424085,16.372391652922644,4.780377211527724,1.737092055212271,4.233573490606412,0.005704129993229515,0.9139911096621474,SHORT,50000,-5.000000000000673
2026-01-21,SJS,A_MOD_BREAK_C1_LOW,MODERATE,2026-01-21 10:30:00+05:30,2026-01-21 10:45:00+05:30,1550.1899,1565.6917990000002,1534.688001,2026-01-21 11:00:00+05:30,1534.688001,TARGET,1.000000000000006,54.16749993583985,40.18058690681429,44.83159117305458,1.2956169288901358,2.2411820076064033,0.009593715794218033,0.8367329625557738,SHORT,50000,500.00000000000296
2026-01-21,SPIC,A_MOD_BREAK_C1_LOW,MODERATE,2026-01-21 10:45:00+05:30,2026-01-21 11:00:00+05:30,73.92,74.6592,73.1808,2026-01-21 11:15:00+05:30,73.927392,BE,-0.00999999999999438,47.17407245886346,9.446254067353294,7.8859840232388345,1.7818743888726938,3.5398139670243607,0.006737451737451741,0.8794391049356733,SHORT,50000,-4.99999999999719
2026-01-21,SURYAROSNI,A_MOD_BREAK_C1_LOW,MODERATE,2026-01-21 10:45:00+05:30,2026-01-21 11:00:00+05:30,243.45,245.8845,241.01549999999997,2026-01-21 11:15:00+05:30,243.474345,BE,-0.010000000000004495,67.68603024792888,17.254901958889604,22.467265299755283,1.4376819768611664,2.8901510065092366,0.00925301346159484,0.861594345950704,SHORT,50000,-5.000000000002247
2026-01-21,SWSOLAR,A_MOD_BREAK_C1_LOW,MODERATE,2026-01-21 10:45:00+05:30,2026-01-21 11:00:00+05:30,188.32999999999998,190.21329999999998,186.4467,2026-01-21 11:15:00+05:30,188.34883299999998,BE,-0.010000000000000408,55.9986199367059,16.141356253811068,7.2650642656274504,1.2357315006756577,2.6194838300741075,0.009735606996898842,0.8262530126182401,SHORT,50000,-5.000000000000204
2026-01-21,VAIBHAVGBL,A_MOD_BREAK_C1_LOW,MODERATE,2026-01-21 10:45:00+05:30,2026-01-21 11:00:00+05:30,202.82,204.8482,200.7918,2026-01-21 11:30:00+05:30,202.840282,BE,-0.010000000000004335,64.42383752883484,19.51848667004927,27.14560302605125,1.4720132530492414,2.7154721746775685,0.009337436359667349,0.8676023192836171,SHORT,50000,-5.000000000002168
2026-01-21,VENKEYS,A_MOD_BREAK_C1_LOW,MODERATE,2026-01-21 10:45:00+05:30,2026-01-21 11:00:00+05:30,1446.2107,1460.6728070000001,1431.748593,2026-01-21 11:15:00+05:30,1446.3553210700002,BE,-0.010000000000005858,44.2328399123357,16.908212559814658,22.273652656214864,1.714977558293542,2.8307529449411173,0.005204681250308643,0.8236136713864053,SHORT,50000,-5.000000000002929
2026-01-21,WABAG,A_MOD_BREAK_C1_LOW,MODERATE,2026-01-21 10:45:00+05:30,2026-01-21 11:00:00+05:30,1085.88278,1096.7416077999999,1075.0239522,2026-01-21 11:15:00+05:30,1085.991368278,BE,-0.010000000000006466,48.1754235687849,12.11656441691784,16.554035592633685,1.3376628580589773,3.650195784547592,0.008461669751992355,0.8167223536920944,SHORT,50000,-5.000000000003232
2026-01-22,HLEGLAS,A_MOD_BREAK_C1_LOW,MODERATE,2026-01-22 11:00:00+05:30,2026-01-22 11:15:00+05:30,407.31852,411.3917052,403.24533479999997,2026-01-22 12:00:00+05:30,403.24533479999997,TARGET,1.0000000000000029,28.710144313932265,31.447587352944154,25.502645502645578,2.033262160867164,1.8097524244626293,0.00930725317830001,0.6311397859321155,SHORT,50000,500.0000000000015
2026-01-22,KEI,A_MOD_BREAK_C1_LOW,MODERATE,2026-01-22 10:00:00+05:30,2026-01-22 10:15:00+05:30,3765.2468,3802.899268,3727.5943319999997,2026-01-22 10:30:00+05:30,3765.6233246799998,BE,-0.009999999999996678,45.860719997225104,27.819732034009903,10.621831061908303,1.4240495910136337,3.168233682619429,0.012837427964816505,0.7971194783857625,SHORT,50000,-4.999999999998339
2026-01-22,RESPONIND,A_MOD_BREAK_C1_LOW,MODERATE,2026-01-22 10:30:00+05:30,2026-01-22 10:45:00+05:30,170.75,172.4575,169.0425,2026-01-22 11:00:00+05:30,169.0425,TARGET,1.000000000000006,39.771864944948014,29.046563188396078,34.29629629629645,1.2335355133840216,2.3405520525706187,0.007084309133489447,0.672446689016424,SHORT,50000,500.00000000000296
2026-01-22,RTNINDIA,A_MOD_BREAK_C1_LOW,MODERATE,2026-01-22 10:30:00+05:30,2026-01-22 10:45:00+05:30,34.510000000000005,34.85510000000001,34.1649,2026-01-22 11:15:00+05:30,34.1649,TARGET,1.000000000000006,25.011736176869498,38.70967739750268,27.860082304526983,1.7305087692379504,1.4791145471502871,0.00871432701441374,0.5119708046271981,SHORT,50000,500.00000000000296
2026-01-22,TITAN,A_MOD_BREAK_C1_LOW,MODERATE,2026-01-22 13:15:00+05:30,2026-01-22 13:30:00+05:30,3999.2,4039.192,3959.2079999999996,2026-01-22 14:00:00+05:30,3999.5999199999997,BE,-0.009999999999995953,28.79090552552049,4.996156802405878,4.1021434508400825,2.805422200600327,3.3111055426445364,0.004093926420019349,0.6418635828828074,SHORT,50000,-4.999999999997977
2026-01-23,ENDURANCE,A_MOD_BREAK_C1_LOW,MODERATE,2026-01-23 10:00:00+05:30,2026-01-23 10:15:00+05:30,2375.12488,2398.8761288,2351.3736311999996,2026-01-23 11:45:00+05:30,2351.3736311999996,TARGET,1.000000000000009,27.048734546766088,26.436781608891607,17.890520694259063,1.0992809889762465,3.085910290182048,0.006717100040891928,0.45810519127233446,SHORT,50000,500.00000000000455
2026-01-23,ENGINERSIN,A_MOD_BREAK_C1_LOW,MODERATE,2026-01-23 11:15:00+05:30,2026-01-23 11:30:00+05:30,170.6,172.30599999999998,168.894,2026-01-23 12:30:00+05:30,168.894,TARGET,0.9999999999999934,35.24615228580629,12.419974389578982,0.4393528783771911,2.862296642885225,4.3230924135540185,0.00592273240969403,0.7386922842870942,SHORT,50000,499.9999999999967
2026-01-23,HGINFRA,A_MOD_BREAK_C1_LOW,MODERATE,2026-01-23 10:30:00+05:30,2026-01-23 10:45:00+05:30,626.9745800000001,633.2443258000001,620.7048342,2026-01-23 11:00:00+05:30,620.7048342,TARGET,1.0000000000000013,25.44378237045397,18.502673796237303,5.858619173262941,1.8704378975196811,3.5483146487165724,0.009437821743923084,0.5689833676227538,SHORT,50000,500.0000000000007
2026-01-23,IDEAFORGE,A_MOD_BREAK_C1_LOW,MODERATE,2026-01-23 10:30:00+05:30,2026-01-23 10:45:00+05:30,416.26673,420.4293973,412.1040627,2026-01-23 11:45:00+05:30,416.308356673,BE,-0.009999999999999067,25.981016818796753,29.761904760251255,49.67574578469516,0.5806553915074701,1.6267582508430902,0.011298031624209812,0.33266785833791307,SHORT,50000,-4.999999999999534
2026-01-23,INDIGO,A_MOD_BREAK_C1_LOW,MODERATE,2026-01-23 11:00:00+05:30,2026-01-23 11:15:00+05:30,4770.0458,4817.746258,4722.345342,2026-01-23 13:15:00+05:30,4722.345342,TARGET,1.0000000000000053,38.76468041922483,19.12442396301026,31.41486810551559,1.275032530691954,2.424198765919103,0.007303749158123175,0.6646008991594643,SHORT,50000,500.0000000000027
2026-01-23,NMDC,A_MOD_BREAK_C1_LOW,MODERATE,2026-01-23 11:00:00+05:30,2026-01-23 11:15:00+05:30,77.7,78.477,76.923,2026-01-23 11:45:00+05:30,77.70777,BE,-0.009999999999991783,29.276281249016638,46.66666664374269,46.1279461279463,1.1205339073822724,1.3620564353070392,0.005325693717517882,0.4633404742924992,SHORT,50000,-4.999999999995891
2026-01-23,NUVAMA,A_MOD_BREAK_C1_LOW,MODERATE,2026-01-23 10:15:00+05:30,2026-01-23 10:30:00+05:30,1357.02854,1370.5988254000001,1343.4582546,2026-01-23 11:00:00+05:30,1357.164242854,BE,-0.009999999999990693,26.724604944262758,14.611872145651091,9.852665968852392,1.202279935441457,2.9491694118725325,0.0056640090876580364,0.4712680628661963,SHORT,50000,-4.999999999995347
2026-01-23,RPEL,A_MOD_BREAK_C1_LOW,MODERATE,2026-01-23 11:15:00+05:30,2026-01-23 11:30:00+05:30,709.20813,716.3002113,702.1160487,2026-01-23 12:00:00+05:30,702.1160487,TARGET,1.0000000000000027,34.20632971571665,26.523297489708455,35.56701030927828,0.9588949113714981,1.725252219314161,0.008319576421323893,0.5271641661914699,SHORT,50000,500.0000000000013
2026-01-23,SBICARD,A_PULLBACK_C2_THEN_BREAK_C2_LOW,MODERATE,2026-01-23 13:00:00+05:30,2026-01-23 13:30:00+05:30,775.3948899999999,783.1488388999999,767.6409411,2026-01-23 14:30:00+05:30,771.25,EOD,0.5345521428442633,32.89032968386643,21.06299212482331,6.034412203711398,2.7004160037081966,2.735691796975842,0.004328725236468119,0.7033549452579964,SHORT,50000,267.2760714221317
2026-01-23,SERVOTECH,A_MOD_BREAK_C1_LOW,MODERATE,2026-01-23 10:00:00+05:30,2026-01-23 10:15:00+05:30,61.550000000000004,62.1655,60.93450000000001,2026-01-23 10:30:00+05:30,61.556155000000004,BE,-0.009999999999999494,35.75343795710309,14.855072456233216,13.483738286979682,1.2903172305725557,3.5558288334126082,0.008269823252797156,0.6221070847067436,SHORT,50000,-4.999999999999747
2026-01-23,SYNGENE,A_MOD_BREAK_C1_LOW,MODERATE,2026-01-23 10:30:00+05:30,2026-01-23 10:45:00+05:30,578.98418,584.7740218,573.1943382000001,2026-01-23 11:00:00+05:30,573.1943382000001,TARGET,0.9999999999999959,39.308799233749234,30.266666665536775,63.36760925449867,0.5541364083333314,1.6755959223243178,0.01263186433993886,0.5303856560807874,SHORT,50000,499.99999999999795
2026-01-23,TATVA,A_MOD_BREAK_C1_LOW,MODERATE,2026-01-23 13:00:00+05:30,2026-01-23 13:15:00+05:30,1164.767,1176.4146700000001,1153.11933,2026-01-23 13:45:00+05:30,1164.8834767,BE,-0.01000000000000181,26.91500745775921,10.43276661503397,2.601432587554155,3.4421523828514697,4.335987932814376,0.013579808903950335,0.6137251118663882,SHORT,50000,-5.000000000000905
2026-01-27,ADFFOODS,A_MOD_BREAK_C1_LOW,MODERATE,2026-01-27 10:45:00+05:30,2026-01-27 11:00:00+05:30,172.47,174.1947,170.7453,2026-01-27 11:30:00+05:30,172.487247,BE,-0.009999999999998592,50.91852468484843,25.733855182384957,21.952876423146872,1.0225844593493232,2.808542276800013,0.00797009042429862,0.7889522803861315,SHORT,50000,-4.999999999999296
2026-01-27,ADSL,A_MOD_BREAK_C1_LOW,MODERATE,2026-01-27 10:45:00+05:30,2026-01-27 11:00:00+05:30,116.47,117.6347,115.3053,2026-01-27 11:15:00+05:30,116.481647,BE,-0.009999999999996918,40.642090156539304,23.809523804232754,23.916993043326908,1.2434067102519737,2.474384952484481,0.010049328616717874,0.6872275266421848,SHORT,50000,-4.999999999998459
2026-01-27,AIIL,A_MOD_BREAK_C1_LOW,MODERATE,2026-01-27 10:45:00+05:30,2026-01-27 11:00:00+05:30,500.8998,505.90879800000005,495.890802,2026-01-27 12:00:00+05:30,505.90879800000005,SL,-1.0000000000000038,44.014357008558505,6.793478260611096,7.301106416150694,1.6421563963163184,3.724625821593105,0.011985327570518609,0.8075927244837333,SHORT,50000,-500.00000000000193
2026-01-27,ANUP,A_MOD_BREAK_C1_LOW,MODERATE,2026-01-27 10:30:00+05:30,2026-01-27 10:45:00+05:30,1770.3458600000001,1788.0493186,1752.6424014000002,2026-01-27 11:15:00+05:30,1770.5228945860001,BE,-0.009999999999999471,45.75161035370757,0.4999999999941025,4.414414414414442,1.2753636465426934,3.9788380371980474,0.010330861886743738,0.7694627934505849,SHORT,50000,-4.999999999999735
2026-01-27,BHARATWIRE,A_MOD_BREAK_C1_LOW,MODERATE,2026-01-27 10:30:00+05:30,2026-01-27 10:45:00+05:30,159.95,161.5495,158.35049999999998,2026-01-27 11:00:00+05:30,159.965995,BE,-0.010000000000002349,38.27064421469952,23.201856144723408,18.730376137382855,1.3531696824036616,2.977194607754655,0.008075892857142834,0.6708643576411335,SHORT,50000,-5.000000000001174
2026-01-27,DCW,A_PULLBACK_C2_THEN_BREAK_C2_LOW,MODERATE,2026-01-27 10:30:00+05:30,2026-01-27 11:00:00+05:30,44.45,44.8945,44.005500000000005,2026-01-27 11:30:00+05:30,44.8945,SL,-0.9999999999999951,46.96001409923012,11.07011069824759,2.1388542733105287,0.9700245843992491,3.924218418670992,0.014481365065110026,0.7341545137583203,SHORT,50000,-499.99999999999756
2026-01-27,DIXON,A_MOD_BREAK_C1_LOW,MODERATE,2026-01-27 10:45:00+05:30,2026-01-27 11:00:00+05:30,10068.9858,10169.675658,9968.295942,2026-01-27 14:30:00+05:30,10019.0,EOD,0.4964333150613876,34.568652769766516,22.818791946255118,15.602718989033015,1.3530066652176969,3.0451194473554057,0.0078191459195826,0.6153059579595948,SHORT,50000,248.2166575306938
2026-01-27,EDELWEISS,A_MOD_BREAK_C1_LOW,MODERATE,2026-01-27 10:45:00+05:30,2026-01-27 11:00:00+05:30,102.60000000000001,103.626,101.57400000000001,2026-01-27 11:45:00+05:30,103.626,SL,-0.9999999999999962,47.5826542476026,18.37121211634077,31.697601140942734,0.8951954842626066,2.6724603473334905,0.00871317398554753,0.7303990234599951,SHORT,50000,-499.9999999999981
2026-01-27,EIHOTEL,A_MOD_BREAK_C1_LOW,MODERATE,2026-01-27 10:45:00+05:30,2026-01-27 11:00:00+05:30,311.38770999999997,314.5015871,308.27383289999995,2026-01-27 11:15:00+05:30,308.27383289999995,TARGET,1.000000000000008,45.29174076796746,7.999999999472905,2.427611366972919,1.4362119835521292,4.687288725165333,0.007485613407616278,0.7907132086411346,SHORT,50000,500.000000000004
2026-01-27,GMRAIRPORT,A_MOD_BREAK_C1_LOW,MODERATE,2026-01-27 10:45:00+05:30,2026-01-27 11:00:00+05:30,89.56,90.4556,88.6644,2026-01-27 12:45:00+05:30,90.4556,SL,-1.000000000000002,61.74737402312727,15.88366889882829,6.536169650339349,1.3804832814325791,4.095596438723472,0.006658595641646488,0.8515845742507013,SHORT,50000,-500.00000000000097
2026-01-27,HLEGLAS,A_MOD_BREAK_C1_LOW,MODERATE,2026-01-27 10:45:00+05:30,2026-01-27 11:00:00+05:30,377.9244,381.703644,374.145156,2026-01-27 11:15:00+05:30,377.96219243999997,BE,-0.009999999999993547,46.3547629062459,2.688172042875877,6.235174339274084,1.8463167980190327,4.584039357795485,0.009922728986053498,0.8784268832470192,SHORT,50000,-4.999999999996773
2026-01-27,INDRAMEDCO,A_MOD_BREAK_C1_LOW,MODERATE,2026-01-27 10:15:00+05:30,2026-01-27 10:30:00+05:30,349.23014,352.72244140000004,345.7378386,2026-01-27 10:45:00+05:30,345.7378386,TARGET,1.0000000000000089,55.66723618836174,16.734693876595003,19.131677530176106,0.8002379959870767,3.2741189957235224,0.011319058515854848,0.7500416492977384,SHORT,50000,500.00000000000443
2026-01-27,IOLCP,A_MOD_BREAK_C1_LOW,MODERATE,2026-01-27 10:45:00+05:30,2026-01-27 11:00:00+05:30,68.42,69.1042,67.7358,2026-01-27 11:15:00+05:30,69.1042,SL,-1.000000000000006,46.17059015669962,32.07126947775048,39.69205167457089,0.9595005253139611,1.9708714911575669,0.010844629822731974,0.7190150188383158,SHORT,50000,-500.00000000000296
2026-01-27,KABRAEXTRU,A_MOD_BREAK_C1_LOW,MODERATE,2026-01-27 11:15:00+05:30,2026-01-27 11:30:00+05:30,203.33999999999997,205.37339999999998,201.30659999999997,2026-01-27 12:30:00+05:30,203.36033399999997,BE,-0.00999999999999567,37.596075531219405,16.77248677124433,20.560232279584795,1.1988820275956311,3.159714154743168,0.01202471649755995,0.6337454877975266,SHORT,50000,-4.9999999999978355
2026-01-27,KAYNES,A_MOD_BREAK_C1_LOW,MODERATE,2026-01-27 10:45:00+05:30,2026-01-27 11:00:00+05:30,3305.7387200000003,3338.7961072000003,3272.6813328000003,2026-01-27 11:15:00+05:30,3338.7961072000003,SL,-0.9999999999999997,53.822548687374706,9.715025906647654,19.407546276440865,1.126437928319057,3.1157991671994334,0.0090845502197736,0.807126637455835,SHORT,50000,-499.99999999999983
2026-01-27,NAVINFLUOR,A_MOD_BREAK_C1_LOW,MODERATE,2026-01-27 10:45:00+05:30,2026-01-27 11:00:00+05:30,5754.8488,5812.397288,5697.300311999999,2026-01-27 12:15:00+05:30,5812.397288,SL,-1.0000000000000062,36.88306679549136,15.166666666595901,4.516417713232056,1.3552108920147945,2.885054005821696,0.007457408395478404,0.6504079080349594,SHORT,50000,-500.0000000000031
2026-01-27,NEOGEN,A_MOD_BREAK_C1_LOW,MODERATE,2026-01-27 10:45:00+05:30,2026-01-27 11:00:00+05:30,1102.8793799999999,1113.9081737999998,1091.8505862,2026-01-27 11:15:00+05:30,1113.9081737999998,SL,-0.9999999999999913,71.6876018054496,16.77524429929167,20.745428973277054,1.1683925307789746,3.6997228948362353,0.00877397464288952,0.8144686928863205,SHORT,50000,-499.9999999999957
2026-01-27,PNGJL,A_MOD_BREAK_C1_LOW,MODERATE,2026-01-27 10:45:00+05:30,2026-01-27 11:00:00+05:30,541.44169,546.8561069,536.0272731,2026-01-27 11:15:00+05:30,541.495834169,BE,-0.009999999999996836,36.05385256303495,20.757825369718063,16.761108750059105,1.6107989403905956,2.698447799148059,0.009305300921956841,0.6826976030138785,SHORT,50000,-4.999999999998418
2026-01-27,RANEHOLDIN,A_MOD_BREAK_C1_LOW,MODERATE,2026-01-27 10:45:00+05:30,2026-01-27 11:00:00+05:30,1211.95756,1224.0771356,1199.8379844,2026-01-27 11:15:00+05:30,1199.8379844,TARGET,0.9999999999999967,41.87288998748172,34.0517241372461,19.96749187296827,1.3578987467997725,2.491713340381671,0.0070439125518281,0.725725630502186,SHORT,50000,499.99999999999835
2026-01-27,REDTAPE,A_MOD_BREAK_C1_LOW,MODERATE,2026-01-27 10:45:00+05:30,2026-01-27 11:00:00+05:30,109.01,110.10010000000001,107.9199,2026-01-27 11:45:00+05:30,109.02090100000001,BE,-0.01000000000000371,61.604951710442286,25.736434102940862,10.290525690266094,1.6126762723949655,3.0702353173053356,0.009165902841429872,0.892218347669119,SHORT,50000,-5.000000000001855
2026-01-27,ROHLTD,A_MOD_BREAK_C1_LOW,MODERATE,2026-01-27 10:45:00+05:30,2026-01-27 11:00:00+05:30,341.53168,344.9469968,338.11636319999997,2026-01-27 11:15:00+05:30,341.565833168,BE,-0.009999999999996753,44.58303788834278,16.30218687782022,7.3285605445260815,1.9810265858089604,3.5758400011588987,0.01024590163934425,0.8754252208417097,SHORT,50000,-4.999999999998376
2026-01-27,RPEL,A_MOD_BREAK_C1_LOW,MODERATE,2026-01-27 10:45:00+05:30,2026-01-27 11:00:00+05:30,676.61465,683.3807965,669.8485035,2026-01-27 11:15:00+05:30,669.8485035,TARGET,0.9999999999999987,41.65805811724202,25.63619227076539,10.30789825970541,1.754650709923269,3.227460387228636,0.008945063064013945,0.7919347459952024,SHORT,50000,499.9999999999993
2026-01-27,RPTECH,A_MOD_BREAK_C1_LOW,MODERATE,2026-01-27 10:30:00+05:30,2026-01-27 10:45:00+05:30,328.98419,332.2740319,325.6943481,2026-01-27 11:00:00+05:30,329.017088419,BE,-0.009999999999997405,52.84359223511237,24.215246635251006,28.288198725278928,1.4371558908162712,3.052230517727864,0.010406955315135616,0.8615022808928474,SHORT,50000,-4.999999999998702
2026-01-27,SHK,A_MOD_BREAK_C1_LOW,MODERATE,2026-01-27 10:45:00+05:30,2026-01-27 11:00:00+05:30,141.7,143.117,140.283,2026-01-27 11:15:00+05:30,141.71417,BE,-0.010000000000005027,45.47195607496588,32.77777777140443,52.197957977056184,0.64389282735876,1.7957970346866212,0.00868181451937796,0.6445504376466022,SHORT,50000,-5.0000000000025135
2026-01-27,SKIPPER,A_MOD_BREAK_C1_LOW,MODERATE,2026-01-27 10:45:00+05:30,2026-01-27 11:00:00+05:30,330.08396999999997,333.38480969999995,326.7831303,2026-01-27 11:15:00+05:30,330.11697839699997,BE,-0.010000000000000984,50.19014756135496,30.382293760863703,25.848985845281405,1.8154097201672434,2.7402479897078384,0.01027663712988978,0.9276967010292676,SHORT,50000,-5.000000000000492
2026-01-27,SUPRIYA,A_MOD_BREAK_C1_LOW,MODERATE,2026-01-27 10:45:00+05:30,2026-01-27 11:00:00+05:30,698.8602,705.848802,691.871598,2026-01-27 11:45:00+05:30,698.93008602,BE,-0.010000000000001811,47.5041838063015,6.249999999739643,10.511846485760918,1.5892541522818544,3.543532902269118,0.008762081670562062,0.8506822337438469,SHORT,50000,-5.000000000000906
2026-01-27,SYMPHONY,A_MOD_BREAK_C1_LOW,MODERATE,2026-01-27 10:30:00+05:30,2026-01-27 10:45:00+05:30,824.835,833.08335,816.5866500000001,2026-01-27 11:45:00+05:30,824.9174835,BE,-0.009999999999995953,33.414679658722655,14.40443213240522,6.270005113476294,1.6024088362959896,3.650336960805637,0.0058060050186034455,0.6416417412326381,SHORT,50000,-4.999999999997977
2026-01-27,TEAMLEASE,A_MOD_BREAK_C1_LOW,MODERATE,2026-01-27 10:45:00+05:30,2026-01-27 11:00:00+05:30,1374.725,1388.47225,1360.9777499999998,2026-01-27 11:30:00+05:30,1374.8624725,BE,-0.010000000000004224,38.43855465423135,25.38775510175074,27.948002003890014,0.9509822665539938,2.725858025211586,0.010368831168831177,0.6030002164604191,SHORT,50000,-5.000000000002112
2026-01-27,TEJASNET,A_MOD_BREAK_C1_LOW,MODERATE,2026-01-27 10:45:00+05:30,2026-01-27 11:00:00+05:30,297.39051,300.36441510000003,294.4166049,2026-01-27 11:15:00+05:30,297.420249051,BE,-0.009999999999992818,61.899895944312355,17.95580110358351,36.86462491209781,1.0769987451904228,2.7813237825512718,0.011718656196719713,0.7984747804083239,SHORT,50000,-4.999999999996409
2026-01-27,WONDERLA,A_MOD_BREAK_C1_LOW,MODERATE,2026-01-27 10:30:00+05:30,2026-01-27 10:45:00+05:30,499.4001,504.39410100000003,494.406099,2026-01-27 14:30:00+05:30,498.05,EOD,0.27034435916212224,40.05936768777895,25.396825393062855,33.33333333333332,0.7758782348311539,1.596098765094119,0.005095404845279763,0.5764741446668422,SHORT,50000,135.17217958106113
2026-01-28,MARICO,A_MOD_BREAK_C1_LOW,MODERATE,2026-01-28 10:30:00+05:30,2026-01-28 10:45:00+05:30,726.10475,733.3657975,718.8437025,2026-01-28 11:00:00+05:30,726.177360475,BE,-0.010000000000004564,27.708553603654504,21.664050234526528,15.415356982487644,2.452246152212662,2.640773835971524,0.007256345003095125,0.6256283040548176,SHORT,50000,-5.000000000002282
2026-01-29,ASIANPAINT,A_MOD_BREAK_C1_LOW,MODERATE,2026-01-29 10:30:00+05:30,2026-01-29 10:45:00+05:30,2434.513,2458.85813,2410.1678699999998,2026-01-29 11:00:00+05:30,2434.7564512999998,BE,-0.009999999999993153,50.4319001603128,20.437405731307337,4.622156275701132,1.8784892243374194,3.958277933143853,0.006167698037950572,0.9387356142590484,SHORT,50000,-4.999999999996577
2026-01-29,GANECOS,A_MOD_BREAK_C1_LOW,MODERATE,2026-01-29 10:15:00+05:30,2026-01-29 10:30:00+05:30,663.01737,669.6475437,656.3871963,2026-01-29 11:15:00+05:30,663.083671737,BE,-0.010000000000000514,25.104700268990598,21.943048575185387,3.263335076233451,2.4459549032296235,3.3534285495162677,0.005670558331897292,0.586570504034859,SHORT,50000,-5.000000000000257
2026-01-29,HNDFDS,A_MOD_BREAK_C1_LOW,MODERATE,2026-01-29 10:30:00+05:30,2026-01-29 10:45:00+05:30,448.76023000000004,453.2478323,444.27262770000004,2026-01-29 11:30:00+05:30,448.805106023,BE,-0.009999999999993774,32.80387196776753,32.94460641130472,18.739635157545333,1.1669933307433455,1.871886867577579,0.005791935843172195,0.5498762557754773,SHORT,50000,-4.999999999996887
2026-01-29,NEWGEN,A_MOD_BREAK_C1_LOW,MODERATE,2026-01-29 10:15:00+05:30,2026-01-29 10:30:00+05:30,584.8330100000001,590.6813401,578.9846799000001,2026-01-29 12:30:00+05:30,578.9846799000001,TARGET,0.9999999999999997,38.24724219430303,17.066666665392503,2.5023405295884342,2.4258227688577696,3.4334239303685004,0.00551889841567977,0.7837086329145453,SHORT,50000,499.99999999999983
2026-01-29,SFL,A_MOD_BREAK_C1_LOW,MODERATE,2026-01-29 10:00:00+05:30,2026-01-29 10:15:00+05:30,502.3995,507.423495,497.375505,2026-01-29 10:30:00+05:30,507.423495,SL,-1.0000000000000029,32.03778990709169,20.98214285626848,24.92153170119272,1.4305491131728436,3.704969444807331,0.008197535771065158,0.5909129434116229,SHORT,50000,-500.0000000000015
2026-01-29,TATACONSUM,A_MOD_BREAK_C1_LOW,MODERATE,2026-01-29 10:15:00+05:30,2026-01-29 10:30:00+05:30,1111.7776,1122.895376,1100.6598239999998,2026-01-29 11:15:00+05:30,1100.6598239999998,TARGET,1.0000000000000044,25.27679543965391,36.29807692185556,8.085775790693845,1.2231860140194764,2.308862469472406,0.005189200297993692,0.453209484048217,SHORT,50000,500.00000000000216
2026-02-02,ALKEM,A_MOD_BREAK_C1_LOW,MODERATE,2026-02-02 11:00:00+05:30,2026-02-02 11:15:00+05:30,5479.4039,5534.197939000001,5424.609861,2026-02-02 11:30:00+05:30,5424.609861,TARGET,1.000000000000006,25.752281924695595,22.9759299779774,1.96863139488494,2.032902192021554,3.0052938860953233,0.005195989061075661,0.596284228870434,SHORT,50000,500.00000000000296
2026-02-02,APOLLOTYRE,A_MOD_BREAK_C1_LOW,MODERATE,2026-02-02 11:00:00+05:30,2026-02-02 11:15:00+05:30,481.20374000000004,486.01577740000005,476.39170260000003,2026-02-02 13:45:00+05:30,476.39170260000003,TARGET,1.0000000000000016,44.49538023073259,23.300970871674878,25.74257425742572,1.246949827974558,2.074941383420387,0.005394615772758306,0.7456469233565364,SHORT,50000,500.0000000000008
2026-02-02,ASAL,A_MOD_BREAK_C1_LOW,MODERATE,2026-02-02 10:45:00+05:30,2026-02-02 11:00:00+05:30,439.61206,444.0081806,435.21593939999997,2026-02-02 11:15:00+05:30,435.21593939999997,TARGET,1.000000000000004,31.605142985260898,21.978021976669496,5.604380274813356,1.6378278053644237,3.7579809236800212,0.006441079957113622,0.6206970107176877,SHORT,50000,500.000000000002
2026-02-02,AXISBANK,A_MOD_BREAK_C1_LOW,MODERATE,2026-02-02 10:30:00+05:30,2026-02-02 10:45:00+05:30,1327.93436,1341.2137036,1314.6550164,2026-02-02 13:30:00+05:30,1314.6550164,TARGET,0.999999999999996,42.43215943452125,30.51470588156755,10.867141351612117,0.9559146366954747,2.168050718333588,0.00680681757083715,0.6637674529395268,SHORT,50000,499.999999999998
2026-02-02,CENTRALBK,A_MOD_BREAK_C1_LOW,MODERATE,2026-02-02 10:45:00+05:30,2026-02-02 11:00:00+05:30,35.78,36.1378,35.422200000000004,2026-02-02 11:45:00+05:30,35.783578,BE,-0.00999999999999278,37.81047940997284,21.276595712992062,13.944737420347487,1.5431046871769296,2.6613641312739795,0.005537407377898191,0.6972005114055553,SHORT,50000,-4.9999999999963896
2026-02-02,DCW,A_MOD_BREAK_C1_LOW,MODERATE,2026-02-02 10:45:00+05:30,2026-02-02 11:00:00+05:30,43.49,43.9249,43.0551,2026-02-02 11:30:00+05:30,43.0551,TARGET,0.9999999999999976,46.40326007218517,17.355371890786145,7.253169585139262,1.8026307828056745,2.774112654857531,0.009039103949695428,0.8715092880737705,SHORT,50000,499.9999999999988
2026-02-02,DCXINDIA,A_MOD_BREAK_C1_LOW,MODERATE,2026-02-02 11:00:00+05:30,2026-02-02 11:15:00+05:30,164.22,165.8622,162.5778,2026-02-02 11:30:00+05:30,162.5778,TARGET,1.0000000000000016,29.44569063215758,10.320052252485667,1.161811754294955,1.4810909123200477,3.0911276903230522,0.014391772652589308,0.560876269138372,SHORT,50000,500.0000000000008
2026-02-02,DMART,A_MOD_BREAK_C1_LOW,MODERATE,2026-02-02 11:15:00+05:30,2026-02-02 11:30:00+05:30,3612.37738,3648.5011538,3576.2536062,2026-02-02 13:15:00+05:30,3648.5011538,SL,-0.9999999999999996,44.433281463772715,31.90984578858442,46.26580768313036,0.7318612528154151,1.642204977593423,0.007026376056226813,0.6366851900789596,SHORT,50000,-499.9999999999998
2026-02-02,EXICOM,A_MOD_BREAK_C1_LOW,MODERATE,2026-02-02 10:45:00+05:30,2026-02-02 11:00:00+05:30,93.66,94.5966,92.7234,2026-02-02 11:15:00+05:30,93.669366,BE,-0.009999999999999985,39.731544090473626,12.669126689085417,6.150947927498269,1.600570864687691,3.7964165708955258,0.01141153021012433,0.7360730626774503,SHORT,50000,-4.999999999999992
2026-02-02,EXPLEOSOL,A_MOD_BREAK_C1_LOW,MODERATE,2026-02-02 11:15:00+05:30,2026-02-02 11:30:00+05:30,882.22352,891.0457552,873.4012848,2026-02-02 13:30:00+05:30,882.311742352,BE,-0.010000000000000283,42.7656754801217,24.32915921166142,6.441223832528064,1.3299032391516414,2.03249172520976,0.005634201585503962,0.7342181990533627,SHORT,50000,-5.000000000000141
2026-02-02,FEDFINA,A_MOD_BREAK_C1_LOW,MODERATE,2026-02-02 11:00:00+05:30,2026-02-02 11:15:00+05:30,134.45,135.7945,133.10549999999998,2026-02-02 11:30:00+05:30,134.46344499999998,BE,-0.009999999999992681,34.264456118946875,22.344610540418387,1.4758063504998693,1.6210492522133264,3.48299457404366,0.011153086996200953,0.6576504609215352,SHORT,50000,-4.999999999996341
2026-02-02,FINCABLES,A_MOD_BREAK_C1_LOW,MODERATE,2026-02-02 11:00:00+05:30,2026-02-02 11:15:00+05:30,705.8588,712.917388,698.800212,2026-02-02 11:45:00+05:30,705.9293858799999,BE,-0.009999999999993377,34.772826573501824,18.010075566115475,4.840818047649318,1.168314809730968,2.4193491484076253,0.007494841606991164,0.5860474903054467,SHORT,50000,-4.999999999996689
2026-02-02,GIPCL,A_MOD_BREAK_C1_LOW,MODERATE,2026-02-02 10:15:00+05:30,2026-02-02 10:30:00+05:30,135.75,137.1075,134.3925,2026-02-02 11:15:00+05:30,134.3925,TARGET,0.9999999999999908,35.90880799506295,28.529839877737658,15.2046783625732,1.3433591181809317,3.0645947349213443,0.006175047338523028,0.6337199656076073,SHORT,50000,499.9999999999954
2026-02-02,GLENMARK,A_MOD_BREAK_C1_LOW,MODERATE,2026-02-02 11:00:00+05:30,2026-02-02 11:15:00+05:30,1864.92694,1883.5762094000002,1846.2776706,2026-02-02 11:45:00+05:30,1865.113432694,BE,-0.009999999999998952,46.743960090409644,19.53543776040887,8.702232311766922,1.7127677009564954,3.315238426683749,0.011308023986949637,0.8608937490235313,SHORT,50000,-4.999999999999477
2026-02-02,GRWRHITECH,A_MOD_BREAK_C1_LOW,MODERATE,2026-02-02 11:00:00+05:30,2026-02-02 11:15:00+05:30,2899.51998,2928.5151798,2870.5247802,2026-02-02 11:30:00+05:30,2899.809931998,BE,-0.010000000000003654,32.81812913921958,25.285947712273625,29.963459196102225,1.0945721648013969,2.5818127499944308,0.01103806569163342,0.5438220659285382,SHORT,50000,-5.000000000001826
2026-02-02,HUDCO,A_MOD_BREAK_C1_LOW,MODERATE,2026-02-02 11:00:00+05:30,2026-02-02 11:15:00+05:30,182.04999999999998,183.8705,180.22949999999997,2026-02-02 11:45:00+05:30,182.06820499999998,BE,-0.009999999999997088,33.36117670942748,3.6338225013915917,1.8811513652871616,1.792510678896113,3.6942609416753545,0.010838897771090013,0.6741070194482319,SHORT,50000,-4.999999999998544
2026-02-02,INDHOTEL,A_MOD_BREAK_C1_LOW,MODERATE,2026-02-02 10:45:00+05:30,2026-02-02 11:00:00+05:30,654.3691,660.912791,647.825409,2026-02-02 11:30:00+05:30,647.825409,TARGET,0.999999999999995,58.8422062800196,35.33834586342161,26.807760141093357,0.7608528552786636,2.0143356063257856,0.007753544165757872,0.7431492496737662,SHORT,50000,499.9999999999975
2026-02-02,INDIANB,A_MOD_BREAK_C1_LOW,MODERATE,2026-02-02 10:30:00+05:30,2026-02-02 10:45:00+05:30,820.8358,829.0441579999999,812.627442,2026-02-02 11:30:00+05:30,812.627442,TARGET,0.9999999999999971,48.839695770225525,12.283136710378969,4.10355717655134,1.386756228663824,4.306711321615704,0.011440921187664162,0.835277776569552,SHORT,50000,499.9999999999985
2026-02-02,KIRLOSENG,A_MOD_BREAK_C1_LOW,MODERATE,2026-02-02 11:00:00+05:30,2026-02-02 11:15:00+05:30,1107.7784,1118.856184,1096.7006159999999,2026-02-02 11:45:00+05:30,1107.88917784,BE,-0.010000000000007449,36.314210455984316,29.023746701310927,15.930735930736063,1.39539353854445,2.1612851565270423,0.008457544799865987,0.6489070260850434,SHORT,50000,-5.000000000003724
2026-02-02,KRSNAA,A_MOD_BREAK_C1_LOW,MODERATE,2026-02-02 11:00:00+05:30,2026-02-02 11:15:00+05:30,683.9631800000001,690.8028118000001,677.1235482000001,2026-02-02 11:45:00+05:30,684.031576318,BE,-0.009999999999991365,46.68724432044675,13.741721853667556,0.4377573449739766,1.2968343568750458,2.5421406843557213,0.007512477290287568,0.7872546772598343,SHORT,50000,-4.999999999995683
2026-02-02,LICI,A_MOD_BREAK_C1_LOW,MODERATE,2026-02-02 11:00:00+05:30,2026-02-02 11:15:00+05:30,790.8418,798.750218,782.933382,2026-02-02 14:30:00+05:30,794.85,EOD,-0.5068270291226372,56.091749782594775,16.966580975642714,7.69212178861454,1.7313073847172507,3.790000644168988,0.004233272256270948,0.9129787923255188,SHORT,50000,-253.41351456131864
2026-02-02,MADRASFERT,A_MOD_BREAK_C1_LOW,MODERATE,2026-02-02 10:30:00+05:30,2026-02-02 10:45:00+05:30,72.76,73.4876,72.03240000000001,2026-02-02 12:15:00+05:30,72.03240000000001,TARGET,0.9999999999999936,33.70652501845843,17.647058817716257,7.258616532809875,1.9196861147997146,4.183567951978108,0.00656927149720557,0.7015429453668265,SHORT,50000,499.9999999999968
2026-02-02,MAXHEALTH,A_MOD_BREAK_C1_LOW,MODERATE,2026-02-02 11:15:00+05:30,2026-02-02 11:30:00+05:30,936.41268,945.7768068,927.0485532,2026-02-02 12:00:00+05:30,945.7768068,SL,-1.0000000000000009,33.735272914807396,5.023255813822729,0.7589951425492482,2.1477975574596146,3.171405854704459,0.007969964933678903,0.716029093722111,SHORT,50000,-500.00000000000045
2026-02-02,ORCHPHARMA,A_MOD_BREAK_C1_LOW,MODERATE,2026-02-02 11:00:00+05:30,2026-02-02 11:15:00+05:30,662.96738,669.5970538,656.3377062000001,2026-02-02 11:30:00+05:30,656.3377062000001,TARGET,0.9999999999999966,32.93559604833697,26.15262321086459,2.457019427595488,2.2138395023146105,3.275465105945202,0.009910162225046868,0.7040339407250544,SHORT,50000,499.9999999999983
2026-02-02,ORIENTPPR,A_MOD_BREAK_C1_LOW,MODERATE,2026-02-02 10:30:00+05:30,2026-02-02 10:45:00+05:30,19.45,19.6445,19.255499999999998,2026-02-02 11:00:00+05:30,19.451945,BE,-0.009999999999995873,40.145589069529834,39.568345283888085,60.493827160494,0.6296695216935018,1.408792599414275,0.008571428571428558,0.542815632310024,SHORT,50000,-4.999999999997937
2026-02-02,OSWALGREEN,A_MOD_BREAK_C1_LOW,MODERATE,2026-02-02 11:00:00+05:30,2026-02-02 11:15:00+05:30,26.779999999999998,27.0478,26.512199999999996,2026-02-02 11:30:00+05:30,26.512199999999996,TARGET,1.0000000000000044,32.39444753069683,32.97101447602914,7.213718820861537,1.7947111232059993,2.5486331898049297,0.011873702145785628,0.6599911595215022,SHORT,50000,500.00000000000216
2026-02-02,RTNINDIA,A_MOD_BREAK_C1_LOW,MODERATE,2026-02-02 11:00:00+05:30,2026-02-02 11:15:00+05:30,34.38,34.723800000000004,34.0362,2026-02-02 11:45:00+05:30,34.383438000000005,BE,-0.010000000000007902,27.96126126990694,25.28409089903488,16.6666666666667,1.6807532799952707,2.678335823155837,0.0127721335268505,0.5735507430477764,SHORT,50000,-5.000000000003951
2026-02-02,SAREGAMA,A_MOD_BREAK_C1_LOW,MODERATE,2026-02-02 11:00:00+05:30,2026-02-02 11:15:00+05:30,325.23494,328.4872894,321.9825906,2026-02-02 11:45:00+05:30,325.26746349399997,BE,-0.00999999999999218,34.90780998821237,10.46511627821802,1.8259803921568203,1.6956139846110518,3.009144469688518,0.00848667164375738,0.6803495971301197,SHORT,50000,-4.99999999999609
2026-02-02,SNOWMAN,A_MOD_BREAK_C1_LOW,MODERATE,2026-02-02 11:00:00+05:30,2026-02-02 11:15:00+05:30,37.540000000000006,37.915400000000005,37.16460000000001,2026-02-02 12:15:00+05:30,37.16460000000001,TARGET,0.9999999999999974,32.16352313378529,35.217391282911095,8.179824561403485,1.4474219513229691,2.0802321088562414,0.007638809713829617,0.595751688488299,SHORT,50000,499.9999999999987
2026-02-02,WELCORP,A_MOD_BREAK_C1_LOW,MODERATE,2026-02-02 11:00:00+05:30,2026-02-02 11:15:00+05:30,714.857,722.0055699999999,707.70843,2026-02-02 11:45:00+05:30,714.9284857,BE,-0.010000000000005496,27.868296536403314,12.389380530461892,5.248505196461004,1.7729254665555105,3.1225659129224943,0.006642427632498951,0.5882864046932641,SHORT,50000,-5.000000000002748
2026-02-04,ASAHIINDIA,A_MOD_BREAK_C1_LOW,MODERATE,2026-02-04 11:00:00+05:30,2026-02-04 11:15:00+05:30,966.3067,975.9697669999999,956.643633,2026-02-04 12:30:00+05:30,966.40333067,BE,-0.009999999999996659,31.71728303946804,9.217877094611481,4.4022947171041755,1.9769319592993881,2.8999327397045946,0.00671443344659476,0.6817223384694135,SHORT,50000,-4.99999999999833
2026-02-04,LTIM,A_MOD_BREAK_C1_LOW,MODERATE,2026-02-04 10:45:00+05:30,2026-02-04 11:00:00+05:30,5629.8738,5686.172538000001,5573.575062,2026-02-04 11:30:00+05:30,5573.575062,TARGET,1.0000000000000073,33.58339167631869,15.479331574280266,17.51737867922041,0.6699077570565076,4.193249546111174,0.010298236941835558,0.4809847326296692,SHORT,50000,500.00000000000364
2026-02-04,MPHASIS,A_MOD_BREAK_C1_LOW,MODERATE,2026-02-04 11:00:00+05:30,2026-02-04 11:15:00+05:30,2625.4748,2651.729548,2599.220052,2026-02-04 13:45:00+05:30,2651.729548,SL,-0.9999999999999938,47.36337304087698,11.690363349066459,5.177020708082815,1.6892763070713364,4.131491448410833,0.010159395060385159,0.8660739493506384,SHORT,50000,-499.9999999999969
2026-02-04,NAUKRI,A_MOD_BREAK_C1_LOW,MODERATE,2026-02-04 11:15:00+05:30,2026-02-04 11:30:00+05:30,1168.36628,1180.0499428,1156.6826171999999,2026-02-04 12:00:00+05:30,1168.4831166279998,BE,-0.00999999999998918,41.385794237704935,10.99009900974859,5.719222012761983,2.0793309862913274,3.868322361063358,0.009758001561280264,0.8307869135655739,SHORT,50000,-4.99999999999459
2026-02-04,ZYDUSWELL,A_MOD_BREAK_C1_LOW,MODERATE,2026-02-04 10:45:00+05:30,2026-02-04 11:00:00+05:30,405.76883000000004,409.82651830000003,401.71114170000004,2026-02-04 12:45:00+05:30,401.71114170000004,TARGET,0.9999999999999988,26.48114503627205,36.04651162660304,3.2691254790702238,1.4180112969848504,2.8485713217482975,0.011589433112163188,0.5053691525164294,SHORT,50000,499.99999999999943
2026-02-05,AIIL,A_MOD_BREAK_C1_LOW,MODERATE,2026-02-05 10:45:00+05:30,2026-02-05 11:00:00+05:30,496.05077,501.0112777,491.0902623,2026-02-05 11:30:00+05:30,496.10037507699997,BE,-0.00999999999999334,45.49954102886412,25.525525523379358,32.65107212475624,1.1379940331354135,2.8672317907409153,0.0059379858352046995,0.7416420712316592,SHORT,50000,-4.99999999999667
2026-02-05,CARTRADE,A_MOD_BREAK_C1_LOW,MODERATE,2026-02-05 10:15:00+05:30,2026-02-05 10:30:00+05:30,2164.567,2186.21267,2142.92133,2026-02-05 10:45:00+05:30,2142.92133,TARGET,0.9999999999999944,58.66147394060515,4.744657732681446,6.675054467045677,2.2372354059052815,5.516708345769538,0.017154572139368947,0.96,SHORT,50000,499.9999999999972
2026-02-05,GENESYS,A_MOD_BREAK_C1_LOW,MODERATE,2026-02-05 11:00:00+05:30,2026-02-05 11:15:00+05:30,310.13795999999996,313.2393396,307.03658039999993,2026-02-05 11:30:00+05:30,310.168973796,BE,-0.010000000000007978,25.696122722549646,31.501057080587742,5.048208728498038,1.507027319172822,2.2468966850996517,0.009263734493313986,0.5091716216934885,SHORT,50000,-5.00000000000399
2026-02-06,BIGBLOC,A_MOD_BREAK_C1_LOW,MODERATE,2026-02-06 10:45:00+05:30,2026-02-06 11:00:00+05:30,56.440000000000005,57.004400000000004,55.875600000000006,2026-02-06 12:15:00+05:30,57.004400000000004,SL,-0.9999999999999983,27.145631952516467,34.999999984687534,7.808017076309679,1.4391373010473503,2.0294474541531686,0.00850219819091414,0.5190335069710332,SHORT,50000,-499.99999999999915
2026-02-06,DCXINDIA,A_MOD_BREAK_C1_LOW,MODERATE,2026-02-06 10:30:00+05:30,2026-02-06 10:45:00+05:30,164.64999999999998,166.29649999999998,163.00349999999997,2026-02-06 11:15:00+05:30,164.666465,BE,-0.01000000000000658,37.846212338111634,16.363636359470746,10.977699979942562,1.2795358230137945,2.7362123004355583,0.006180067655477492,0.6516119540990886,SHORT,50000,-5.00000000000329
2026-02-06,GRANULES,A_MOD_BREAK_C1_LOW,MODERATE,2026-02-06 10:30:00+05:30,2026-02-06 10:45:00+05:30,565.1869399999999,570.8388094,559.5350705999999,2026-02-06 11:30:00+05:30,565.243458694,BE,-0.010000000000005851,26.958051840216164,8.405797100767273,3.206812976674953,1.4657135914930892,3.636488105830372,0.004561421242829333,0.5208706561145331,SHORT,50000,-5.000000000002926
2026-02-06,GTPL,A_MOD_BREAK_C1_LOW,MODERATE,2026-02-06 10:30:00+05:30,2026-02-06 10:45:00+05:30,76.77,77.5377,76.00229999999999,2026-02-06 11:15:00+05:30,76.777677,BE,-0.010000000000001362,34.64195382681354,16.803278678883615,21.704931972789243,0.610889419982939,2.5265370385473456,0.005253468218841852,0.4865349558992174,SHORT,50000,-5.000000000000681
2026-02-06,HDFCBANK,A_MOD_BREAK_C1_LOW,MODERATE,2026-02-06 10:30:00+05:30,2026-02-06 10:45:00+05:30,942.8613899999999,952.2900038999999,933.4327761,2026-02-06 14:30:00+05:30,941.75,EOD,0.11787416600014927,25.9005605941207,24.999999997349136,35.863095238095276,0.7461611969670324,2.257197140715506,0.002389662720504153,0.3790866183810412,SHORT,50000,58.93708300007464
2026-02-06,HINDZINC,A_MOD_BREAK_C1_LOW,MODERATE,2026-02-06 10:15:00+05:30,2026-02-06 10:30:00+05:30,595.78082,601.7386282,589.8230117999999,2026-02-06 11:30:00+05:30,601.7386282,SL,-1.0000000000000075,33.93981850762517,31.192660549123346,24.688057040998217,0.6366276997864474,2.44199187154556,0.007266154324977873,0.4805071250770058,SHORT,50000,-500.00000000000375
2026-02-06,IEX,A_MOD_BREAK_C1_LOW,MODERATE,2026-02-06 10:00:00+05:30,2026-02-06 10:15:00+05:30,121.11,122.3211,119.8989,2026-02-06 10:30:00+05:30,121.122111,BE,-0.010000000000003654,25.147773085695356,9.36329587769525,1.829910226465131,1.5937815985916306,5.2110917503505965,0.005018731886619086,0.5161283760389657,SHORT,50000,-5.000000000001826
2026-02-06,JSWINFRA,A_MOD_BREAK_C1_LOW,MODERATE,2026-02-06 10:45:00+05:30,2026-02-06 11:00:00+05:30,258.4483,261.032783,255.863817,2026-02-06 14:30:00+05:30,259.0,EOD,-0.21346629093709746,27.266708878241342,9.923664120016738,5.328282828282677,1.2642282119272437,2.9860270418854435,0.004182194616977235,0.4902405702608878,SHORT,50000,-106.73314546854873
2026-02-06,KFINTECH,A_PULLBACK_C2_THEN_BREAK_C2_LOW,MODERATE,2026-02-06 10:15:00+05:30,2026-02-06 10:45:00+05:30,967.10654,976.7776054,957.4354746,2026-02-06 11:45:00+05:30,967.2032506539999,BE,-0.009999999999993273,28.586723386892825,31.625835188323606,5.844431387909672,1.1527675386607237,3.1967766953755463,0.005534810266704049,0.490535170069019,SHORT,50000,-4.9999999999966365
2026-02-06,KHAICHEM,A_MOD_BREAK_C1_LOW,MODERATE,2026-02-06 10:00:00+05:30,2026-02-06 10:15:00+05:30,64.72,65.3672,64.0728,2026-02-06 10:30:00+05:30,64.726472,BE,-0.010000000000003482,30.41629790715275,33.44594593012714,24.333333333333453,1.4609321853545694,2.932915025912591,0.006330091091554758,0.5719076010443409,SHORT,50000,-5.000000000001741
2026-02-06,NATCOPHARM,A_MOD_BREAK_C1_LOW,MODERATE,2026-02-06 10:30:00+05:30,2026-02-06 10:45:00+05:30,814.2871100000001,822.4299811000001,806.1442389000001,2026-02-06 13:45:00+05:30,822.4299811000001,SL,-0.9999999999999974,27.020420424289615,10.161662816895031,16.26645977733755,1.3199393573056157,3.469456583113582,0.004520962018662082,0.49629569389282696,SHORT,50000,-499.9999999999987
2026-02-06,NATIONALUM,A_MOD_BREAK_C1_LOW,MODERATE,2026-02-06 10:15:00+05:30,2026-02-06 10:30:00+05:30,351.37971,354.89350709999997,347.8659129,2026-02-06 11:15:00+05:30,351.414847971,BE,-0.009999999999995242,30.202370863118414,28.99786780210671,7.694728418705467,0.8200917734366974,2.93124427600248,0.0076545114919191306,0.45655162329819826,SHORT,50000,-4.9999999999976215
2026-02-06,POLYMED,A_MOD_BREAK_C1_LOW,MODERATE,2026-02-06 10:15:00+05:30,2026-02-06 10:30:00+05:30,1432.7134,1447.0405340000002,1418.386266,2026-02-06 10:45:00+05:30,1418.386266,TARGET,1.000000000000008,29.43897904068289,29.1225886742952,3.9845552610106494,1.232521636306169,3.206698847831122,0.013109360980959026,0.5172759719638229,SHORT,50000,500.000000000004
2026-02-06,PRECWIRE,A_MOD_BREAK_C1_LOW,MODERATE,2026-02-06 10:45:00+05:30,2026-02-06 11:00:00+05:30,244.1,246.541,241.659,2026-02-06 11:15:00+05:30,246.541,SL,-1.000000000000001,25.768541372706625,23.789907308619377,4.432840026898194,1.5515234940261946,2.0431743097658597,0.007195169708978467,0.5180447320451835,SHORT,50000,-500.0000000000005
2026-02-06,SOLARINDS,A_MOD_BREAK_C1_LOW,MODERATE,2026-02-06 10:45:00+05:30,2026-02-06 11:00:00+05:30,12917.416,13046.59016,12788.241839999999,2026-02-06 11:15:00+05:30,12918.7077416,BE,-0.010000000000000179,32.21580680152172,20.61538461534022,4.1615919603340705,2.095884398084908,3.5954198113692315,0.006337786913326482,0.6932371020228258,SHORT,50000,-5.00000000000009
2026-02-06,SYNGENE,A_MOD_BREAK_C1_LOW,MODERATE,2026-02-06 10:00:00+05:30,2026-02-06 10:15:00+05:30,444.56107,449.0066807,440.11545929999994,2026-02-06 11:15:00+05:30,444.60552610699995,BE,-0.009999999999994062,40.96162080481545,20.60889929607241,5.451619955181708,1.5556057535311154,4.732956566723571,0.005691839025172358,0.746655318940177,SHORT,50000,-4.999999999997031
2026-02-06,TATATECH,A_MOD_BREAK_C1_LOW,MODERATE,2026-02-06 10:15:00+05:30,2026-02-06 10:30:00+05:30,621.72563,627.9428863,615.5083737,2026-02-06 11:45:00+05:30,621.787802563,BE,-0.009999999999998404,29.912099017915494,11.560693640994842,7.096665246642981,1.7960761127505132,4.877276747083177,0.004974582008881968,0.6229948050000722,SHORT,50000,-4.999999999999202
2026-02-06,TATVA,A_MOD_BREAK_C1_LOW,MODERATE,2026-02-06 10:00:00+05:30,2026-02-06 10:15:00+05:30,1145.7708,1157.228508,1134.313092,2026-02-06 11:15:00+05:30,1145.88537708,BE,-0.009999999999990397,33.41596483943709,20.17416545677412,5.295745920746007,1.5008452041785525,4.058181629371604,0.006731488406881091,0.6238873833228029,SHORT,50000,-4.9999999999951985
2026-02-06,TIRUMALCHM,A_MOD_BREAK_C1_LOW,MODERATE,2026-02-06 10:00:00+05:30,2026-02-06 10:15:00+05:30,192.45,194.37449999999998,190.5255,2026-02-06 11:00:00+05:30,194.37449999999998,SL,-0.9999999999999974,34.3999817943044,12.482468440746658,4.999999999999972,1.6196028706991987,3.9466536561133467,0.005539888682745796,0.6594302292869259,SHORT,50000,-499.9999999999987
2026-02-06,UTTAMSUGAR,A_MOD_BREAK_C1_LOW,MODERATE,2026-02-06 10:00:00+05:30,2026-02-06 10:15:00+05:30,213.0,215.13,210.87,2026-02-06 14:30:00+05:30,213.41,EOD,-0.19248826291079654,38.03482169757123,23.59183673199773,22.39037640667449,0.7641060887672041,2.7147262969978514,0.00785529889026722,0.5642408909978291,SHORT,50000,-96.24413145539827
2026-02-06,VGUARD,A_MOD_BREAK_C1_LOW,MODERATE,2026-02-06 10:45:00+05:30,2026-02-06 11:00:00+05:30,333.18335,336.51518350000003,329.8515165,2026-02-06 14:30:00+05:30,334.95,EOD,-0.5302335785986815,31.271139984028572,11.538461536686484,5.26036313806084,1.114294161763029,2.438405133165876,0.0051441431786518185,0.5240685780689587,SHORT,50000,-265.1167892993407
2025-08-26,RTNINDIA,A_MOD_BREAK_C1_HIGH,MODERATE,2025-08-26 10:30:00+05:30,2025-08-26 10:45:00+05:30,54.93,54.3807,56.0286,2025-08-26 11:00:00+05:30,56.0286,TARGET,1.9999999999999956,,,,,,,7.573710508343158,LONG,50000,999.9999999999977
2025-08-28,FIEMIND,A_MOD_BREAK_C1_HIGH,MODERATE,2025-08-28 10:30:00+05:30,2025-08-28 10:45:00+05:30,2145.429,2123.97471,2188.3375800000003,2025-08-28 11:00:00+05:30,2145.6435429000003,BE,0.010000000000009173,,,,,,,7.971482908821907,LONG,50000,5.0000000000045866
2025-08-28,PDSL,A_MOD_BREAK_C1_HIGH,MODERATE,2025-08-28 10:00:00+05:30,2025-08-28 10:15:00+05:30,331.36626,328.0525974,337.99358520000004,2025-08-28 11:00:00+05:30,331.399396626,BE,0.009999999999996014,,,,,,,6.275912358775648,LONG,50000,4.999999999998007
2025-08-28,YASHO,A_MOD_BREAK_C1_HIGH,MODERATE,2025-08-28 11:00:00+05:30,2025-08-28 11:15:00+05:30,1811.3622,1793.248578,1847.589444,2025-08-28 11:30:00+05:30,1847.589444,TARGET,1.9999999999999958,,,,,,,6.271698748365242,LONG,50000,999.999999999998
2025-09-01,CCL,B_HUGE_GREEN_PULLBACK_HOLD_THEN_BREAK,HUGE,2025-09-01 10:30:00+05:30,2025-09-01 13:00:00+05:30,902.13039,893.1090861,920.1729978000001,2025-09-01 14:30:00+05:30,904.0,EOD,0.20724387746210013,,,,,,,9.38259951648188,LONG,50000,103.62193873105007
2025-09-01,GENESYS,A_PULLBACK_C2_THEN_BREAK_C2_HIGH,MODERATE,2025-09-01 10:15:00+05:30,2025-09-01 10:45:00+05:30,593.9687700000001,588.0290823,605.8481454,2025-09-01 11:00:00+05:30,588.0290823,SL,-1.000000000000006,,,,,,,6.831053197639264,LONG,50000,-500.00000000000296
2025-09-01,SSWL,A_MOD_BREAK_C1_HIGH,MODERATE,2025-09-01 10:00:00+05:30,2025-09-01 10:15:00+05:30,217.84,215.6616,222.1968,2025-09-01 10:30:00+05:30,217.861784,BE,0.009999999999998482,,,,,,,3.8779693048606383,LONG,50000,4.9999999999992415
2025-09-02,AJMERA,A_MOD_BREAK_C1_HIGH,MODERATE,2025-09-02 10:00:00+05:30,2025-09-02 10:15:00+05:30,186.05,184.1895,189.77100000000002,2025-09-02 10:45:00+05:30,186.06860500000002,BE,0.010000000000004287,,,,,,,6.487365366475842,LONG,50000,5.000000000002143
2025-09-02,APLAPOLLO,A_PULLBACK_C2_THEN_BREAK_C2_HIGH,MODERATE,2025-09-02 10:30:00+05:30,2025-09-02 11:00:00+05:30,1654.0307400000002,1637.4904326,1687.1113548,2025-09-02 11:15:00+05:30,1654.196143074,BE,0.00999999999999207,,,,,,,5.6878949623453465,LONG,50000,4.999999999996035
2025-09-02,APOLLO,B_HUGE_GREEN_PULLBACK_HOLD_THEN_BREAK,HUGE,2025-09-02 11:00:00+05:30,2025-09-02 13:00:00+05:30,288.75774,285.8701626,294.5328948,2025-09-02 13:30:00+05:30,288.786615774,BE,0.009999999999989953,,,,,,,7.8906168210777725,LONG,50000,4.9999999999949765
2025-09-02,FACT,A_MOD_BREAK_C1_HIGH,MODERATE,2025-09-02 10:00:00+05:30,2025-09-02 10:15:00+05:30,962.89254,953.2636146000001,982.1503908000001,2025-09-02 10:45:00+05:30,982.1503908000001,TARGET,2.0000000000000027,,,,,,,5.674833077391314,LONG,50000,1000.0000000000014
2025-09-02,GENESYS,B_HUGE_GREEN_PULLBACK_HOLD_THEN_BREAK,HUGE,2025-09-02 10:45:00+05:30,2025-09-02 13:15:00+05:30,630.126,623.82474,642.72852,2025-09-02 13:30:00+05:30,642.72852,TARGET,2.000000000000004,,,,,,,10.168558225719776,LONG,50000,1000.0000000000019
2025-09-02,GNA,B_HUGE_GREEN_PULLBACK_HOLD_THEN_BREAK,HUGE,2025-09-02 10:00:00+05:30,2025-09-02 11:15:00+05:30,311.5623,308.44667699999997,317.793546,2025-09-02 11:30:00+05:30,317.793546,TARGET,1.9999999999999998,,,,,,,7.570945157546151,LONG,50000,999.9999999999999
2025-09-02,IRCTC,A_PULLBACK_C2_THEN_BREAK_C2_HIGH,MODERATE,2025-09-02 10:45:00+05:30,2025-09-02 11:15:00+05:30,707.99157,700.9116543,722.1514014,2025-09-02 14:15:00+05:30,708.062369157,BE,0.010000000000001466,,,,,,,5.273607701089594,LONG,50000,5.000000000000733
2025-09-02,TVSSCS,B_HUGE_GREEN_PULLBACK_HOLD_THEN_BREAK,HUGE,2025-09-02 10:30:00+05:30,2025-09-02 11:30:00+05:30,131.81,130.4919,134.4462,2025-09-02 11:45:00+05:30,131.823181,BE,0.010000000000002273,,,,,,,7.3349471383184035,LONG,50000,5.000000000001137
2025-09-03,AVANTEL,B_HUGE_GREEN_PULLBACK_HOLD_THEN_BREAK,HUGE,2025-09-03 10:30:00+05:30,2025-09-03 11:30:00+05:30,161.55,159.9345,164.781,2025-09-03 11:45:00+05:30,161.566155,BE,0.009999999999998574,,,,,,,7.551481029778391,LONG,50000,4.999999999999288
2025-09-03,CCL,A_MOD_BREAK_C1_HIGH,MODERATE,2025-09-03 10:45:00+05:30,2025-09-03 11:00:00+05:30,938.6877,929.3008229999999,957.461454,2025-09-03 12:15:00+05:30,938.7815687699999,BE,0.009999999999997001,,,,,,,6.324198793753727,LONG,50000,4.999999999998501
2025-09-03,DELTACORP,B_HUGE_GREEN_PULLBACK_HOLD_THEN_BREAK,HUGE,2025-09-03 11:15:00+05:30,2025-09-03 13:00:00+05:30,90.8,89.892,92.616,2025-09-03 13:15:00+05:30,92.616,TARGET,2.0000000000000027,,,,,,,9.313378712917828,LONG,50000,1000.0000000000014
2025-09-03,PPLPHARMA,B_HUGE_GREEN_PULLBACK_HOLD_THEN_BREAK,HUGE,2025-09-03 10:00:00+05:30,2025-09-03 11:00:00+05:30,195.69,193.7331,199.6038,2025-09-03 11:15:00+05:30,199.6038,TARGET,2.0000000000000044,,,,,,,8.001893754821566,LONG,50000,1000.0000000000023
2025-09-03,SCILAL,B_HUGE_GREEN_PULLBACK_HOLD_THEN_BREAK,HUGE,2025-09-03 11:30:00+05:30,2025-09-03 13:00:00+05:30,51.8,51.282,52.836,2025-09-03 13:15:00+05:30,52.836,TARGET,2.0000000000000027,,,,,,,4.9463995233124995,LONG,50000,1000.0000000000014
2025-09-03,SIYSIL,A_MOD_BREAK_C1_HIGH,MODERATE,2025-09-03 11:00:00+05:30,2025-09-03 11:15:00+05:30,642.07839,635.6576061,654.9199578,2025-09-03 11:30:00+05:30,654.9199578,TARGET,2.000000000000001,,,,,,,6.531223967666314,LONG,50000,1000.0000000000003
2025-09-03,SJS,B_HUGE_GREEN_PULLBACK_HOLD_THEN_BREAK,HUGE,2025-09-03 10:15:00+05:30,2025-09-03 13:00:00+05:30,1409.1817800000001,1395.0899622000002,1437.3654156000002,2025-09-03 13:15:00+05:30,1409.322698178,BE,0.009999999999999476,,,,,,,6.864577538557999,LONG,50000,4.999999999999738
2025-09-04,ETHOSLTD,A_PULLBACK_C2_THEN_BREAK_C2_HIGH,MODERATE,2025-09-04 10:15:00+05:30,2025-09-04 10:45:00+05:30,2499.4998,2474.504802,2549.4897960000003,2025-09-04 11:00:00+05:30,2499.74974998,BE,0.010000000000004415,,,,,,,7.948179748780092,LONG,50000,5.000000000002207
2025-09-04,GALAXYSURF,B_HUGE_GREEN_PULLBACK_HOLD_THEN_BREAK,HUGE,2025-09-04 10:00:00+05:30,2025-09-04 11:15:00+05:30,2365.473,2341.8182699999998,2412.78246,2025-09-04 12:45:00+05:30,2365.7095473,BE,0.009999999999999317,,,,,,,9.046773266970868,LONG,50000,4.999999999999658
2025-09-04,SAGCEM,A_MOD_BREAK_C1_HIGH,MODERATE,2025-09-04 10:30:00+05:30,2025-09-04 10:45:00+05:30,277.90557,275.1265143,283.46368140000004,2025-09-04 11:00:00+05:30,283.46368140000004,TARGET,2.0000000000000107,,,,,,,5.6405122580392515,LONG,50000,1000.0000000000053
2025-09-05,GMDCLTD,B_HUGE_GREEN_PULLBACK_HOLD_THEN_BREAK,HUGE,2025-09-05 10:00:00+05:30,2025-09-05 11:15:00+05:30,503.6007,498.56469300000003,513.672714,2025-09-05 12:00:00+05:30,503.65106007,BE,0.010000000000002111,,,,,,,6.510352369917963,LONG,50000,5.000000000001056
2025-09-05,JTEKTINDIA,B_HUGE_GREEN_PULLBACK_HOLD_THEN_BREAK,HUGE,2025-09-05 10:00:00+05:30,2025-09-05 11:00:00+05:30,151.89000000000001,150.3711,154.92780000000002,2025-09-05 11:15:00+05:30,154.92780000000002,TARGET,2.0000000000000027,,,,,,,7.739134769620128,LONG,50000,1000.0000000000014
2025-09-05,KFINTECH,B_HUGE_GREEN_PULLBACK_HOLD_THEN_BREAK,HUGE,2025-09-05 10:00:00+05:30,2025-09-05 13:30:00+05:30,1092.61848,1081.6922952,1114.4708496,2025-09-05 14:00:00+05:30,1092.727741848,BE,0.009999999999996345,,,,,,,6.960839384943935,LONG,50000,4.999999999998173
2025-09-08,ABSLAMC,B_HUGE_GREEN_PULLBACK_HOLD_THEN_BREAK,HUGE,2025-09-08 10:00:00+05:30,2025-09-08 11:30:00+05:30,852.0203700000001,843.5001663,869.0607774000001,2025-09-08 14:30:00+05:30,854.9,EOD,0.33797666128568105,,,,,,,6.275280183542827,LONG,50000,168.98833064284054
2025-09-09,AFFLE,B_HUGE_GREEN_PULLBACK_HOLD_THEN_BREAK,HUGE,2025-09-09 11:30:00+05:30,2025-09-09 13:00:00+05:30,2010.402,1990.29798,2050.61004,2025-09-09 13:45:00+05:30,2050.61004,TARGET,1.9999999999999991,,,,,,,8.522532357443136,LONG,50000,999.9999999999995
2025-09-10,INDIANB,B_HUGE_GREEN_PULLBACK_HOLD_THEN_BREAK,HUGE,2025-09-10 10:15:00+05:30,2025-09-10 11:15:00+05:30,689.83794,682.9395606,703.6346988,2025-09-10 13:30:00+05:30,689.906923794,BE,0.010000000000002734,,,,,,,8.091200221991187,LONG,50000,5.000000000001367
2025-09-10,KEI,A_PULLBACK_C2_THEN_BREAK_C2_HIGH,MODERATE,2025-09-10 10:45:00+05:30,2025-09-10 11:15:00+05:30,4069.9138199999998,4029.2146817999997,4151.3120964,2025-09-10 14:30:00+05:30,4066.0,EOD,-0.09616468979679181,,,,,,,3.210266614614417,LONG,50000,-48.08234489839591
2025-09-10,VRLLOG,B_HUGE_GREEN_PULLBACK_HOLD_THEN_BREAK,HUGE,2025-09-10 10:30:00+05:30,2025-09-10 13:00:00+05:30,270.40407000000005,267.70002930000004,275.81215140000006,2025-09-10 13:15:00+05:30,270.43111040700006,BE,0.0100000000000057,,,,,,,7.542770626434005,LONG,50000,5.00000000000285
2025-09-11,FINOPB,A_MOD_BREAK_C1_HIGH,MODERATE,2025-09-11 11:00:00+05:30,2025-09-11 11:15:00+05:30,279.60591,276.8098509,285.1980282,2025-09-11 11:30:00+05:30,285.1980282,TARGET,2.0000000000000058,,,,,,,7.234934959376986,LONG,50000,1000.000000000003
2025-09-12,GRSE,B_HUGE_GREEN_PULLBACK_HOLD_THEN_BREAK,HUGE,2025-09-12 10:45:00+05:30,2025-09-12 13:00:00+05:30,2507.5014,2482.426386,2557.651428,2025-09-12 14:30:00+05:30,2536.6,EOD,1.1604619642485465,,,,,,,7.476021307735142,LONG,50000,580.2309821242733
2025-09-12,HAL,B_HUGE_GREEN_PULLBACK_HOLD_THEN_BREAK,HUGE,2025-09-12 10:30:00+05:30,2025-09-12 13:00:00+05:30,4709.54172,4662.4463028,4803.7325544000005,2025-09-12 14:30:00+05:30,4738.9,EOD,0.6233787010596747,,,,,,,9.23119646503369,LONG,50000,311.6893505298374
2025-09-12,MIDHANI,B_HUGE_GREEN_PULLBACK_HOLD_THEN_BREAK,HUGE,2025-09-12 10:30:00+05:30,2025-09-12 13:00:00+05:30,399.87996000000004,395.88116040000006,407.87755920000006,2025-09-12 14:00:00+05:30,399.919947996,BE,0.009999999999994841,,,,,,,5.967580967360204,LONG,50000,4.999999999997421
2025-09-12,TRITURBINE,A_MOD_BREAK_C1_HIGH,MODERATE,2025-09-12 10:30:00+05:30,2025-09-12 10:45:00+05:30,518.6037,513.417663,528.975774,2025-09-12 11:00:00+05:30,518.65556037,BE,0.009999999999997258,,,,,,,4.840584399302956,LONG,50000,4.999999999998629
2025-09-15,BANCOINDIA,B_HUGE_GREEN_PULLBACK_HOLD_THEN_BREAK,HUGE,2025-09-15 10:00:00+05:30,2025-09-15 11:30:00+05:30,662.33244,655.7091156,675.5790888,2025-09-15 11:45:00+05:30,675.5790888,TARGET,2.0000000000000004,,,,,,,9.057829989993138,LONG,50000,1000.0000000000002
2025-09-15,HEG,A_MOD_BREAK_C1_HIGH,MODERATE,2025-09-15 10:45:00+05:30,2025-09-15 11:00:00+05:30,518.9037599999999,513.7147223999999,529.2818351999999,2025-09-15 14:15:00+05:30,513.7147223999999,SL,-1.0000000000000013,,,,,,,2.7587051588503604,LONG,50000,-500.0000000000007
2025-09-15,UTTAMSUGAR,A_PULLBACK_C2_THEN_BREAK_C2_HIGH,MODERATE,2025-09-15 10:00:00+05:30,2025-09-15 10:30:00+05:30,267.20342999999997,264.53139569999996,272.5474986,2025-09-15 14:30:00+05:30,266.3,EOD,-0.33810568973607774,,,,,,,4.617521639187666,LONG,50000,-169.05284486803887
2025-09-15,WELCORP,A_MOD_BREAK_C1_HIGH,MODERATE,2025-09-15 10:15:00+05:30,2025-09-15 10:30:00+05:30,899.92995,890.9306505,917.928549,2025-09-15 11:00:00+05:30,917.928549,TARGET,2.0000000000000013,,,,,,,7.189610301068731,LONG,50000,1000.0000000000007
2025-09-16,AHLUCONT,A_MOD_BREAK_C1_HIGH,MODERATE,2025-09-16 10:15:00+05:30,2025-09-16 10:30:00+05:30,943.48866,934.0537734,962.3584332,2025-09-16 14:30:00+05:30,955.2,EOD,1.241280419840983,,,,,,,4.972944095515895,LONG,50000,620.6402099204915
2025-09-16,JKTYRE,A_MOD_BREAK_C1_HIGH,MODERATE,2025-09-16 10:00:00+05:30,2025-09-16 10:15:00+05:30,376.0752,372.31444799999997,383.596704,2025-09-16 10:30:00+05:30,376.11280752,BE,0.009999999999998555,,,,,,,4.850157483568749,LONG,50000,4.999999999999278
2025-09-17,CHAMBLFERT,A_MOD_BREAK_C1_HIGH,MODERATE,2025-09-17 10:15:00+05:30,2025-09-17 10:30:00+05:30,554.1108,548.569692,565.1930160000001,2025-09-17 14:00:00+05:30,554.16621108,BE,0.00999999999999981,,,,,,,5.926447872425971,LONG,50000,4.999999999999905
2025-09-17,JKCEMENT,A_MOD_BREAK_C1_HIGH,MODERATE,2025-09-17 10:00:00+05:30,2025-09-17 10:15:00+05:30,6770.3538,6702.650262,6905.760876,2025-09-17 10:45:00+05:30,6771.03083538,BE,0.010000000000003456,,,,,,,6.680923713715384,LONG,50000,5.000000000001728
2025-09-17,PNB,B_HUGE_GREEN_PULLBACK_HOLD_THEN_BREAK,HUGE,2025-09-17 10:45:00+05:30,2025-09-17 13:15:00+05:30,110.52,109.4148,112.7304,2025-09-17 14:30:00+05:30,111.45,EOD,0.8414766558089096,,,,,,,7.502063289076506,LONG,50000,420.7383279044548
2025-09-17,SCHAEFFLER,A_MOD_BREAK_C1_HIGH,MODERATE,2025-09-17 10:15:00+05:30,2025-09-17 10:30:00+05:30,4109.8218,4068.7235819999996,4192.018236,2025-09-17 10:45:00+05:30,4110.23278218,BE,0.010000000000005997,,,,,,,4.634928933755194,LONG,50000,5.0000000000029985
2025-09-18,ETERNAL,B_HUGE_GREEN_PULLBACK_HOLD_THEN_BREAK,HUGE,2025-09-18 10:00:00+05:30,2025-09-18 13:00:00+05:30,333.51669,330.1815231,340.18702379999996,2025-09-18 13:30:00+05:30,333.550041669,BE,0.010000000000003721,,,,,,,8.38908769766031,LONG,50000,5.000000000001861
2025-09-18,GHCL,A_MOD_BREAK_C1_HIGH,MODERATE,2025-09-18 11:15:00+05:30,2025-09-18 11:30:00+05:30,580.81614,575.0079786,592.4324628,2025-09-18 13:00:00+05:30,580.874221614,BE,0.01000000000000042,,,,,,,4.563195511374859,LONG,50000,5.0000000000002105
2025-09-18,KFINTECH,B_HUGE_GREEN_PULLBACK_HOLD_THEN_BREAK,HUGE,2025-09-18 10:00:00+05:30,2025-09-18 11:15:00+05:30,1144.12878,1132.6874922,1167.0113556000001,2025-09-18 14:00:00+05:30,1132.6874922,SL,-1.0000000000000047,,,,,,,7.7785567919087395,LONG,50000,-500.00000000000233
2025-09-18,NAZARA,A_PULLBACK_C2_THEN_BREAK_C2_HIGH,MODERATE,2025-09-18 10:45:00+05:30,2025-09-18 11:15:00+05:30,276.65532,273.88876680000004,282.1884264,2025-09-18 14:30:00+05:30,277.6,EOD,0.34146460657254135,,,,,,,4.3865226877366625,LONG,50000,170.73230328627068
2025-09-18,SOBHA,A_MOD_BREAK_C1_HIGH,MODERATE,2025-09-18 10:30:00+05:30,2025-09-18 10:45:00+05:30,1638.3276,1621.944324,1671.0941520000001,2025-09-18 11:15:00+05:30,1638.49143276,BE,0.00999999999999252,,,,,,,6.406712956986015,LONG,50000,4.99999999999626
2025-09-19,EXICOM,A_MOD_BREAK_C1_HIGH,MODERATE,2025-09-19 11:00:00+05:30,2025-09-19 11:15:00+05:30,148.44,146.9556,151.4088,2025-09-19 12:15:00+05:30,151.4088,TARGET,2.0000000000000107,,,,,,,5.747275710763518,LONG,50000,1000.0000000000053
2025-09-19,FLUOROCHEM,B_HUGE_GREEN_PULLBACK_HOLD_THEN_BREAK,HUGE,2025-09-19 10:15:00+05:30,2025-09-19 11:15:00+05:30,3836.66718,3798.3005082,3913.4005236,2025-09-19 11:30:00+05:30,3837.050846718,BE,0.009999999999996312,,,,,,,7.395462912228144,LONG,50000,4.999999999998156
2025-09-19,SBILIFE,B_HUGE_GREEN_PULLBACK_HOLD_THEN_BREAK,HUGE,2025-09-19 10:15:00+05:30,2025-09-19 11:30:00+05:30,1846.76928,1828.3015871999999,1883.7046656,2025-09-19 14:30:00+05:30,1838.0,EOD,-0.47484437254663353,,,,,,,6.088388506944016,LONG,50000,-237.42218627331675
2025-09-22,ATGL,B_HUGE_GREEN_PULLBACK_HOLD_THEN_BREAK,HUGE,2025-09-22 11:00:00+05:30,2025-09-22 13:00:00+05:30,765.153,757.50147,780.45606,2025-09-22 13:15:00+05:30,765.2295153,BE,0.009999999999997743,,,,,,,8.566658105889552,LONG,50000,4.999999999998872
2025-09-23,GMDCLTD,B_HUGE_GREEN_PULLBACK_HOLD_THEN_BREAK,HUGE,2025-09-23 10:45:00+05:30,2025-09-23 13:00:00+05:30,610.92216,604.8129384,623.1406032,2025-09-23 13:15:00+05:30,623.1406032,TARGET,2.000000000000004,,,,,,,7.348117930302394,LONG,50000,1000.0000000000019
2025-09-24,IFBIND,B_HUGE_GREEN_PULLBACK_HOLD_THEN_BREAK,HUGE,2025-09-24 10:30:00+05:30,2025-09-24 13:00:00+05:30,1843.56864,1825.1329535999998,1880.4400128,2025-09-24 13:30:00+05:30,1843.752996864,BE,0.009999999999996614,,,,,,,6.714040026195408,LONG,50000,4.999999999998307
2025-09-24,NSIL,B_HUGE_GREEN_PULLBACK_HOLD_THEN_BREAK,HUGE,2025-09-24 10:15:00+05:30,2025-09-24 13:15:00+05:30,7634.0265,7557.686235,7786.7070300000005,2025-09-24 13:45:00+05:30,7634.78990265,BE,0.009999999999999856,,,,,,,8.570703193115447,LONG,50000,4.999999999999928
2025-09-30,BHEL,B_HUGE_GREEN_PULLBACK_HOLD_THEN_BREAK,HUGE,2025-09-30 10:00:00+05:30,2025-09-30 11:00:00+05:30,237.29000000000002,234.9171,242.03580000000002,2025-09-30 12:45:00+05:30,237.31372900000002,BE,0.010000000000001261,,,,,,,5.2156554969197035,LONG,50000,5.000000000000631
2025-10-03,ABDL,B_HUGE_GREEN_PULLBACK_HOLD_THEN_BREAK,HUGE,2025-10-03 10:45:00+05:30,2025-10-03 13:00:00+05:30,550.11,544.6089000000001,561.1122,2025-10-03 14:30:00+05:30,552.2,EOD,0.3799240151969664,,,,,,,9.417555431678277,LONG,50000,189.9620075984832
2025-10-03,ADSL,B_HUGE_GREEN_PULLBACK_HOLD_THEN_BREAK,HUGE,2025-10-03 11:15:00+05:30,2025-10-03 13:00:00+05:30,189.05,187.1595,192.83100000000002,2025-10-03 13:15:00+05:30,192.83100000000002,TARGET,2.000000000000003,,,,,,,7.828566797291973,LONG,50000,1000.0000000000016
2025-10-03,BATAINDIA,B_HUGE_GREEN_PULLBACK_HOLD_THEN_BREAK,HUGE,2025-10-03 10:00:00+05:30,2025-10-03 11:30:00+05:30,1221.2442,1209.031758,1245.669084,2025-10-03 12:15:00+05:30,1221.3663244200002,BE,0.010000000000007454,,,,,,,9.381370112965316,LONG,50000,5.000000000003727
2025-10-03,JPPOWER,A_MOD_BREAK_C1_HIGH,MODERATE,2025-10-03 10:00:00+05:30,2025-10-03 10:15:00+05:30,17.990000000000002,17.810100000000002,18.349800000000002,2025-10-03 10:30:00+05:30,17.991799,BE,0.009999999999990714,,,,,,,6.204550061830229,LONG,50000,4.9999999999953575
2025-10-03,MOIL,A_MOD_BREAK_C1_HIGH,MODERATE,2025-10-03 10:00:00+05:30,2025-10-03 10:15:00+05:30,373.17462,369.44287380000003,380.6381124,2025-10-03 10:30:00+05:30,373.211937462,BE,0.009999999999993537,,,,,,,5.482205862249777,LONG,50000,4.999999999996769
2025-10-03,TVSHLTD,A_PULLBACK_C2_THEN_BREAK_C2_HIGH,MODERATE,2025-10-03 13:00:00+05:30,2025-10-03 13:30:00+05:30,13371.6738,13237.957062,13639.107276,2025-10-03 14:30:00+05:30,13373.01096738,BE,0.009999999999994768,,,,,,,8.812931916302553,LONG,50000,4.999999999997384
2025-10-06,ANUP,A_MOD_BREAK_C1_HIGH,MODERATE,2025-10-06 10:30:00+05:30,2025-10-06 10:45:00+05:30,2437.4874,2413.112526,2486.237148,2025-10-06 11:15:00+05:30,2437.7311487399998,BE,0.009999999999990709,,,,,,,7.250338248313504,LONG,50000,4.999999999995355
2025-10-06,AUBANK,B_HUGE_GREEN_PULLBACK_HOLD_THEN_BREAK,HUGE,2025-10-06 11:00:00+05:30,2025-10-06 13:00:00+05:30,759.80193,752.2039106999999,774.9979686,2025-10-06 14:30:00+05:30,763.05,EOD,0.42748904309837493,,,,,,,7.690855254555764,LONG,50000,213.74452154918748
2025-10-06,GRMOVER,B_HUGE_GREEN_PULLBACK_HOLD_THEN_BREAK,HUGE,2025-10-06 11:15:00+05:30,2025-10-06 13:00:00+05:30,126.7,125.433,129.234,2025-10-06 14:30:00+05:30,127.4,EOD,0.5524861878453061,,,,,,,7.9735725357414955,LONG,50000,276.24309392265303
2025-10-06,ITDC,B_HUGE_GREEN_PULLBACK_HOLD_THEN_BREAK,HUGE,2025-10-06 10:00:00+05:30,2025-10-06 13:00:00+05:30,619.17381,612.9820719,631.5572862,2025-10-06 13:15:00+05:30,631.5572862,TARGET,2.0000000000000027,,,,,,,6.88342341148301,LONG,50000,1000.0000000000014
2025-10-06,SONATSOFTW,A_MOD_BREAK_C1_HIGH,MODERATE,2025-10-06 10:00:00+05:30,2025-10-06 10:15:00+05:30,351.62031,348.10410690000003,358.65271620000004,2025-10-06 11:00:00+05:30,351.655472031,BE,0.009999999999991547,,,,,,,3.982634726019568,LONG,50000,4.999999999995773
2025-10-06,THYROCARE,A_MOD_BREAK_C1_HIGH,MODERATE,2025-10-06 10:15:00+05:30,2025-10-06 10:30:00+05:30,402.0804,398.059596,410.122008,2025-10-06 11:15:00+05:30,402.12060804,BE,0.00999999999999547,,,,,,,6.693443371297377,LONG,50000,4.999999999997736
2025-10-09,MAITHANALL,B_HUGE_GREEN_PULLBACK_HOLD_THEN_BREAK,HUGE,2025-10-09 11:15:00+05:30,2025-10-09 13:30:00+05:30,1172.1343800000002,1160.4130362,1195.5770676000002,2025-10-09 14:30:00+05:30,1160.4130362,SL,-1.0000000000000095,,,,,,,6.6057823143418055,LONG,50000,-500.0000000000048
2025-10-10,ANGELONE,B_HUGE_GREEN_PULLBACK_HOLD_THEN_BREAK,HUGE,2025-10-10 10:15:00+05:30,2025-10-10 11:30:00+05:30,2304.26076,2281.2181524000002,2350.3459752000003,2025-10-10 12:00:00+05:30,2304.4911860760003,BE,0.01000000000000804,,,,,,,6.186777444711433,LONG,50000,5.000000000004021
2025-10-10,BANKINDIA,A_MOD_BREAK_C1_HIGH,MODERATE,2025-10-10 10:00:00+05:30,2025-10-10 10:15:00+05:30,126.6,125.33399999999999,129.132,2025-10-10 14:30:00+05:30,126.93,EOD,0.26066350710901465,,,,,,,4.879965972593717,LONG,50000,130.33175355450732
2025-10-10,SBIN,A_MOD_BREAK_C1_HIGH,MODERATE,2025-10-10 10:00:00+05:30,2025-10-10 10:15:00+05:30,873.22461,864.4923639,890.6891022,2025-10-10 14:30:00+05:30,880.4,EOD,0.8217118388360577,,,,,,,7.280704024318286,LONG,50000,410.85591941802886
2025-10-10,UNIONBANK,A_MOD_BREAK_C1_HIGH,MODERATE,2025-10-10 10:00:00+05:30,2025-10-10 10:15:00+05:30,139.24,137.8476,142.0248,2025-10-10 10:45:00+05:30,139.253924,BE,0.010000000000002106,,,,,,,4.9759888124386595,LONG,50000,5.000000000001053
2025-10-13,CHOICEIN,B_HUGE_GREEN_PULLBACK_HOLD_THEN_BREAK,HUGE,2025-10-13 11:30:00+05:30,2025-10-13 13:00:00+05:30,821.1642,812.9525580000001,837.587484,2025-10-13 14:30:00+05:30,824.0,EOD,0.3453389711826148,,,,,,,8.206685160683545,LONG,50000,172.66948559130742
2025-10-13,ORIENTELEC,A_MOD_BREAK_C1_HIGH,MODERATE,2025-10-13 10:15:00+05:30,2025-10-13 10:30:00+05:30,204.33,202.28670000000002,208.41660000000002,2025-10-13 11:30:00+05:30,204.350433,BE,0.009999999999998548,,,,,,,5.9639694809184185,LONG,50000,4.9999999999992735
2025-10-15,OLAELEC,A_MOD_BREAK_C1_HIGH,MODERATE,2025-10-15 10:00:00+05:30,2025-10-15 10:15:00+05:30,51.699999999999996,51.18299999999999,52.733999999999995,2025-10-15 10:30:00+05:30,52.733999999999995,TARGET,1.999999999999998,,,,,,,7.707557902843687,LONG,50000,999.999999999999
2025-10-17,ALEMBICLTD,A_PULLBACK_C2_THEN_BREAK_C2_HIGH,MODERATE,2025-10-17 11:00:00+05:30,2025-10-17 11:30:00+05:30,100.47,99.4653,102.4794,2025-10-17 14:30:00+05:30,99.99,EOD,-0.47775455359809293,,,,,,,6.680395483300096,LONG,50000,-238.87727679904646
2025-10-20,BANDHANBNK,A_MOD_BREAK_C1_HIGH,MODERATE,2025-10-20 10:15:00+05:30,2025-10-20 10:30:00+05:30,164.44,162.7956,167.7288,2025-10-20 11:00:00+05:30,167.7288,TARGET,2.0000000000000058,,,,,,,5.945496573159539,LONG,50000,1000.000000000003
2025-10-20,EQUITASBNK,B_HUGE_GREEN_PULLBACK_HOLD_THEN_BREAK,HUGE,2025-10-20 10:15:00+05:30,2025-10-20 13:00:00+05:30,57.72,57.1428,58.8744,2025-10-20 14:30:00+05:30,58.0,EOD,0.4851004851004871,,,,,,,7.574157246746871,LONG,50000,242.55024255024352
2025-10-23,ELECON,B_HUGE_GREEN_PULLBACK_HOLD_THEN_BREAK,HUGE,2025-10-23 10:30:00+05:30,2025-10-23 13:00:00+05:30,569.1138,563.422662,580.496076,2025-10-23 13:15:00+05:30,569.17071138,BE,0.009999999999995447,,,,,,,7.609362827133674,LONG,50000,4.999999999997724
2025-10-24,GRAVITA,A_MOD_BREAK_C1_HIGH,MODERATE,2025-10-24 10:00:00+05:30,2025-10-24 10:15:00+05:30,1662.53244,1645.9071156,1695.7830888,2025-10-24 10:30:00+05:30,1695.7830888,TARGET,2.0000000000000084,,,,,,,5.965364842387322,LONG,50000,1000.0000000000042
2025-10-24,NOCIL,B_HUGE_GREEN_PULLBACK_HOLD_THEN_BREAK,HUGE,2025-10-24 10:15:00+05:30,2025-10-24 13:00:00+05:30,188.79000000000002,186.90210000000002,192.56580000000002,2025-10-24 13:45:00+05:30,188.80887900000002,BE,0.009999999999999107,,,,,,,8.372064617356383,LONG,50000,4.999999999999553
2025-10-27,AXISBANK,A_MOD_BREAK_C1_HIGH,MODERATE,2025-10-27 11:00:00+05:30,2025-10-27 11:15:00+05:30,1246.2492,1233.7867079999999,1271.174184,2025-10-27 14:30:00+05:30,1255.0,EOD,0.7021709622762468,,,,,,,2.817106777676129,LONG,50000,351.0854811381234
2025-10-27,FIEMIND,B_HUGE_GREEN_PULLBACK_HOLD_THEN_BREAK,HUGE,2025-10-27 10:00:00+05:30,2025-10-27 11:15:00+05:30,2080.416,2059.61184,2122.02432,2025-10-27 14:30:00+05:30,2087.5,EOD,0.3405088213126525,,,,,,,7.073838419144305,LONG,50000,170.25441065632623
2025-10-29,AJANTPHARM,B_HUGE_GREEN_PULLBACK_HOLD_THEN_BREAK,HUGE,2025-10-29 11:00:00+05:30,2025-10-29 13:00:00+05:30,2445.18894,2420.7370506,2494.0927188,2025-10-29 13:15:00+05:30,2445.433458894,BE,0.010000000000002708,,,,,,,8.147173811271493,LONG,50000,5.0000000000013545
2025-10-29,IGARASHI,A_MOD_BREAK_C1_HIGH,MODERATE,2025-10-29 11:00:00+05:30,2025-10-29 11:15:00+05:30,507.75153,502.6740147,517.9065606,2025-10-29 11:45:00+05:30,507.802305153,BE,0.010000000000003503,,,,,,,4.352805410949134,LONG,50000,5.0000000000017515
2025-10-30,ASALCBR,B_HUGE_GREEN_PULLBACK_HOLD_THEN_BREAK,HUGE,2025-10-30 10:15:00+05:30,2025-10-30 13:30:00+05:30,1165.233,1153.5806699999998,1188.53766,2025-10-30 13:45:00+05:30,1188.53766,TARGET,2.000000000000001,,,,,,,10.998493729185938,LONG,50000,1000.0000000000003
2025-10-31,LATENTVIEW,A_MOD_BREAK_C1_HIGH,MODERATE,2025-10-31 11:00:00+05:30,2025-10-31 11:15:00+05:30,433.33665,429.0032835,442.00338300000004,2025-10-31 12:30:00+05:30,442.00338300000004,TARGET,2.000000000000005,,,,,,,6.940394899802568,LONG,50000,1000.0000000000025
2025-10-31,MUFIN,B_HUGE_GREEN_PULLBACK_HOLD_THEN_BREAK,HUGE,2025-10-31 11:15:00+05:30,2025-10-31 13:00:00+05:30,104.55,103.5045,106.641,2025-10-31 13:15:00+05:30,106.641,TARGET,2.000000000000008,,,,,,,7.002367242661752,LONG,50000,1000.000000000004
2025-10-31,VISHNU,B_HUGE_GREEN_PULLBACK_HOLD_THEN_BREAK,HUGE,2025-10-31 11:00:00+05:30,2025-10-31 13:00:00+05:30,513.85275,508.7142225,524.129805,2025-10-31 13:15:00+05:30,513.904135275,BE,0.01000000000000577,,,,,,,7.74795573954048,LONG,50000,5.000000000002885
2025-11-03,HLEGLAS,B_HUGE_GREEN_PULLBACK_HOLD_THEN_BREAK,HUGE,2025-11-03 10:30:00+05:30,2025-11-03 11:30:00+05:30,591.21822,585.3060378,603.0425844,2025-11-03 11:45:00+05:30,603.0425844,TARGET,2.000000000000006,,,,,,,7.779047214052778,LONG,50000,1000.0000000000032
2025-11-03,TAJGVK,B_HUGE_GREEN_PULLBACK_HOLD_THEN_BREAK,HUGE,2025-11-03 10:30:00+05:30,2025-11-03 13:30:00+05:30,426.0852,421.824348,434.606904,2025-11-03 14:30:00+05:30,421.824348,SL,-1.0,,,,,,,4.57518881422013,LONG,50000,-500.0
2025-11-03,VASCONEQ,B_HUGE_GREEN_PULLBACK_HOLD_THEN_BREAK,HUGE,2025-11-03 10:30:00+05:30,2025-11-03 13:00:00+05:30,69.19,68.4981,70.5738,2025-11-03 14:30:00+05:30,69.36,EOD,0.24570024570024818,,,,,,,5.493775865429108,LONG,50000,122.85012285012408
2025-11-04,DYNAMATECH,B_HUGE_GREEN_PULLBACK_HOLD_THEN_BREAK,HUGE,2025-11-04 10:45:00+05:30,2025-11-04 13:00:00+05:30,8571.714,8485.99686,8743.14828,2025-11-04 13:15:00+05:30,8572.571171399999,BE,0.009999999999989042,,,,,,,10.388558889926944,LONG,50000,4.999999999994521
2025-11-04,SINDHUTRAD,A_MOD_BREAK_C1_HIGH,MODERATE,2025-11-04 13:00:00+05:30,2025-11-04 13:15:00+05:30,24.7,24.453,25.194,2025-11-04 13:30:00+05:30,25.194,TARGET,1.9999999999999991,,,,,,,7.53936000147125,LONG,50000,999.9999999999995
2025-11-11,AVANTIFEED,B_HUGE_GREEN_PULLBACK_HOLD_THEN_BREAK,HUGE,2025-11-11 10:15:00+05:30,2025-11-11 11:15:00+05:30,722.4444599999999,715.2200154,736.8933492,2025-11-11 11:30:00+05:30,722.516704446,BE,0.010000000000001848,,,,,,,7.835039959446469,LONG,50000,5.000000000000924
2025-11-11,INDIACEM,A_PULLBACK_C2_THEN_BREAK_C2_HIGH,MODERATE,2025-11-11 11:00:00+05:30,2025-11-11 11:30:00+05:30,392.37846,388.45467540000004,400.2260292,2025-11-11 11:45:00+05:30,392.417697846,BE,0.00999999999999791,,,,,,,6.0191427197552585,LONG,50000,4.999999999998955
2025-11-12,KRBL,B_HUGE_GREEN_PULLBACK_HOLD_THEN_BREAK,HUGE,2025-11-12 10:30:00+05:30,2025-11-12 13:00:00+05:30,388.0776,384.196824,395.839152,2025-11-12 14:30:00+05:30,387.8,EOD,-0.07153208533551195,,,,,,,7.643445222109628,LONG,50000,-35.766042667755976
2025-11-12,SPAL,A_PULLBACK_C2_THEN_BREAK_C2_HIGH,MODERATE,2025-11-12 10:30:00+05:30,2025-11-12 11:00:00+05:30,722.19441,714.9724659,736.6382982,2025-11-12 11:15:00+05:30,722.266629441,BE,0.010000000000002167,,,,,,,4.433729264545537,LONG,50000,5.000000000001084
2025-11-12,TITAN,B_HUGE_GREEN_PULLBACK_HOLD_THEN_BREAK,HUGE,2025-11-12 11:15:00+05:30,2025-11-12 13:00:00+05:30,3870.57396,3831.8682204,3947.9854392,2025-11-12 14:30:00+05:30,3864.7,EOD,-0.15175940469563723,,,,,,,8.21812643455901,LONG,50000,-75.87970234781862
2025-11-13,ALKEM,A_MOD_BREAK_C1_HIGH,MODERATE,2025-11-13 10:00:00+05:30,2025-11-13 10:15:00+05:30,5837.1672,5778.795528,5953.910544,2025-11-13 13:15:00+05:30,5837.75091672,BE,0.00999999999999583,,,,,,,4.694158877942214,LONG,50000,4.9999999999979154
2025-11-13,GLENMARK,A_MOD_BREAK_C1_HIGH,MODERATE,2025-11-13 10:15:00+05:30,2025-11-13 10:30:00+05:30,1876.67526,1857.9085074,1914.2087652,2025-11-13 10:45:00+05:30,1914.2087652,TARGET,2.0000000000000018,,,,,,,5.94646563671794,LONG,50000,1000.0000000000009
2025-11-13,SUPRAJIT,A_MOD_BREAK_C1_HIGH,MODERATE,2025-11-13 10:45:00+05:30,2025-11-13 11:00:00+05:30,457.84155,453.2631345,466.998381,2025-11-13 14:15:00+05:30,457.88733415499996,BE,0.009999999999995296,,,,,,,5.093655262995016,LONG,50000,4.999999999997647
2025-11-17,SAKSOFT,B_HUGE_GREEN_PULLBACK_HOLD_THEN_BREAK,HUGE,2025-11-17 10:00:00+05:30,2025-11-17 11:00:00+05:30,212.79000000000002,210.6621,217.0458,2025-11-17 13:00:00+05:30,217.0458,TARGET,1.999999999999997,,,,,,,9.041506788184972,LONG,50000,999.9999999999984
2025-11-18,GOKULAGRO,A_MOD_BREAK_C1_HIGH,MODERATE,2025-11-18 10:15:00+05:30,2025-11-18 10:30:00+05:30,214.95000000000002,212.80050000000003,219.24900000000002,2025-11-18 10:45:00+05:30,214.971495,BE,0.009999999999994132,,,,,,,7.042266931957234,LONG,50000,4.999999999997066
2025-11-19,LINDEINDIA,B_HUGE_GREEN_PULLBACK_HOLD_THEN_BREAK,HUGE,2025-11-19 11:15:00+05:30,2025-11-19 13:00:00+05:30,5976.195,5916.43305,6095.7189,2025-11-19 13:15:00+05:30,5976.7926195,BE,0.010000000000004882,,,,,,,6.672020945934254,LONG,50000,5.000000000002441
2025-11-19,LTTS,B_HUGE_GREEN_PULLBACK_HOLD_THEN_BREAK,HUGE,2025-11-19 10:45:00+05:30,2025-11-19 13:00:00+05:30,4347.76938,4304.291686199999,4434.7247676,2025-11-19 14:30:00+05:30,4378.0,EOD,0.695313328693627,,,,,,,9.62211035184285,LONG,50000,347.6566643468135
2025-11-20,GMRAIRPORT,A_PULLBACK_C2_THEN_BREAK_C2_HIGH,MODERATE,2025-11-20 10:15:00+05:30,2025-11-20 10:45:00+05:30,103.8,102.762,105.876,2025-11-20 11:30:00+05:30,103.81038,BE,0.009999999999997915,,,,,,,3.7530749674616373,LONG,50000,4.999999999998957
2025-11-20,TEAMLEASE,A_MOD_BREAK_C1_HIGH,MODERATE,2025-11-20 11:15:00+05:30,2025-11-20 11:30:00+05:30,1717.04334,1699.8729065999999,1751.3842068,2025-11-20 12:00:00+05:30,1699.8729065999999,SL,-1.0000000000000053,,,,,,,5.2886530720127105,LONG,50000,-500.0000000000027
2025-11-26,JAMNAAUTO,B_HUGE_GREEN_PULLBACK_HOLD_THEN_BREAK,HUGE,2025-11-26 11:15:00+05:30,2025-11-26 13:30:00+05:30,109.55,108.4545,111.741,2025-11-26 14:15:00+05:30,109.56095499999999,BE,0.00999999999999599,,,,,,,9.2584584378978,LONG,50000,4.9999999999979945
2025-11-27,ZFCVINDIA,A_MOD_BREAK_C1_HIGH,MODERATE,2025-11-27 11:15:00+05:30,2025-11-27 11:30:00+05:30,13052.61,12922.0839,13313.6622,2025-11-27 12:30:00+05:30,13053.915261,BE,0.00999999999999631,,,,,,,3.8500311823801274,LONG,50000,4.999999999998155
2025-12-04,CIGNITITEC,A_PULLBACK_C2_THEN_BREAK_C2_HIGH,MODERATE,2025-12-04 11:00:00+05:30,2025-12-04 11:30:00+05:30,1904.48082,1885.4360118,1942.5704364,2025-12-04 12:30:00+05:30,1904.6712680819999,BE,0.009999999999993452,,,,,,,5.90237335755393,LONG,50000,4.999999999996726
2025-12-10,AFFLE,A_MOD_BREAK_C1_HIGH,MODERATE,2025-12-10 10:15:00+05:30,2025-12-10 10:30:00+05:30,1655.8311,1639.272789,1688.947722,2025-12-10 11:00:00+05:30,1655.99668311,BE,0.009999999999996569,,,,,,,5.7416836950215355,LONG,50000,4.999999999998285
2025-12-12,ASIANENE,A_MOD_BREAK_C1_HIGH,MODERATE,2025-12-12 10:00:00+05:30,2025-12-12 10:15:00+05:30,285.00699,282.1569201,290.70712979999996,2025-12-12 10:30:00+05:30,290.70712979999996,TARGET,1.9999999999999958,,,,,,,6.400956280993103,LONG,50000,999.999999999998
2025-12-15,MOLDTECH,B_HUGE_GREEN_PULLBACK_HOLD_THEN_BREAK,HUGE,2025-12-15 10:00:00+05:30,2025-12-15 11:00:00+05:30,167.33,165.6567,170.6766,2025-12-15 11:15:00+05:30,167.346733,BE,0.009999999999992766,,,,,,,6.955504576289851,LONG,50000,4.999999999996383
2025-12-15,TARC,B_HUGE_GREEN_PULLBACK_HOLD_THEN_BREAK,HUGE,2025-12-15 10:30:00+05:30,2025-12-15 13:00:00+05:30,150.77,149.2623,153.7854,2025-12-15 13:15:00+05:30,150.785077,BE,0.009999999999993965,,,,,,,6.665486210209091,LONG,50000,4.999999999996983
2025-12-15,USHAMART,A_PULLBACK_C2_THEN_BREAK_C2_HIGH,MODERATE,2025-12-15 10:00:00+05:30,2025-12-15 10:30:00+05:30,449.88996000000003,445.3910604,458.88775920000006,2025-12-15 11:30:00+05:30,458.88775920000006,TARGET,2.000000000000007,,,,,,,4.98890127802467,LONG,50000,1000.0000000000035
2025-12-16,ASHOKA,A_MOD_BREAK_C1_HIGH,MODERATE,2025-12-16 10:30:00+05:30,2025-12-16 10:45:00+05:30,172.74,171.01260000000002,176.19480000000001,2025-12-16 14:30:00+05:30,175.31,EOD,1.487785110570796,,,,,,,6.524549670663529,LONG,50000,743.8925552853981
2025-12-16,ONMOBILE,B_HUGE_GREEN_PULLBACK_HOLD_THEN_BREAK,HUGE,2025-12-16 11:15:00+05:30,2025-12-16 13:15:00+05:30,59.699999999999996,59.102999999999994,60.894,2025-12-16 13:45:00+05:30,59.70596999999999,BE,0.009999999999996333,,,,,,,6.430694560647719,LONG,50000,4.999999999998167
2025-12-16,TCIEXP,A_MOD_BREAK_C1_HIGH,MODERATE,2025-12-16 10:30:00+05:30,2025-12-16 10:45:00+05:30,578.1156,572.334444,589.677912,2025-12-16 12:30:00+05:30,578.17341156,BE,0.010000000000000803,,,,,,,6.066760997175493,LONG,50000,5.0000000000004015
2025-12-18,HINDALCO,B_HUGE_GREEN_PULLBACK_HOLD_THEN_BREAK,HUGE,2025-12-18 10:30:00+05:30,2025-12-18 13:00:00+05:30,858.9717599999999,850.3820423999999,876.1511952,2025-12-18 14:30:00+05:30,854.8,EOD,-0.485669051564623,,,,,,,8.069110285660845,LONG,50000,-242.8345257823115
2025-12-19,AEROFLEX,B_HUGE_GREEN_PULLBACK_HOLD_THEN_BREAK,HUGE,2025-12-19 10:00:00+05:30,2025-12-19 13:00:00+05:30,199.95000000000002,197.9505,203.949,2025-12-19 13:45:00+05:30,199.969995,BE,0.009999999999997216,,,,,,,8.939117354688712,LONG,50000,4.999999999998607
2025-12-19,APOLLO,B_HUGE_GREEN_PULLBACK_HOLD_THEN_BREAK,HUGE,2025-12-19 11:30:00+05:30,2025-12-19 13:00:00+05:30,233.75,231.4125,238.425,2025-12-19 14:30:00+05:30,237.95,EOD,1.7967914438502626,,,,,,,6.885026049579853,LONG,50000,898.3957219251313
2025-12-22,CONFIPET,B_HUGE_GREEN_PULLBACK_HOLD_THEN_BREAK,HUGE,2025-12-22 10:00:00+05:30,2025-12-22 11:00:00+05:30,35.379999999999995,35.026199999999996,36.087599999999995,2025-12-22 11:15:00+05:30,36.087599999999995,TARGET,1.9999999999999982,,,,,,,9.28001247505342,LONG,50000,999.9999999999992
2025-12-22,IRB,A_PULLBACK_C2_THEN_BREAK_C2_HIGH,MODERATE,2025-12-22 10:15:00+05:30,2025-12-22 10:45:00+05:30,41.89,41.4711,42.7278,2025-12-22 11:45:00+05:30,41.894189,BE,0.009999999999992045,,,,,,,8.70210953139333,LONG,50000,4.999999999996023
2025-12-22,IREDA,A_MOD_BREAK_C1_HIGH,MODERATE,2025-12-22 10:00:00+05:30,2025-12-22 10:15:00+05:30,135.42000000000002,134.06580000000002,138.12840000000003,2025-12-22 14:30:00+05:30,135.83,EOD,0.3027617781716117,,,,,,,7.573678691541259,LONG,50000,151.38088908580585
2025-12-22,JKPAPER,B_HUGE_GREEN_PULLBACK_HOLD_THEN_BREAK,HUGE,2025-12-22 10:45:00+05:30,2025-12-22 13:30:00+05:30,365.22303,361.5707997,372.5274906,2025-12-22 14:30:00+05:30,367.0,EOD,0.48654379763510686,,,,,,,8.496060060644066,LONG,50000,243.27189881755345
2025-12-22,MUNJALAU,A_MOD_BREAK_C1_HIGH,MODERATE,2025-12-22 10:45:00+05:30,2025-12-22 11:00:00+05:30,80.28999999999999,79.4871,81.8958,2025-12-22 11:15:00+05:30,80.29802899999999,BE,0.009999999999991783,,,,,,,6.56481942268843,LONG,50000,4.999999999995891
2025-12-22,SUNTECK,B_HUGE_GREEN_PULLBACK_HOLD_THEN_BREAK,HUGE,2025-12-22 10:00:00+05:30,2025-12-22 13:15:00+05:30,412.0824,407.961576,420.324048,2025-12-22 14:30:00+05:30,415.45,EOD,0.8172151977371471,,,,,,,9.43313758041769,LONG,50000,408.6075988685736
2025-12-23,GRANULES,A_MOD_BREAK_C1_HIGH,MODERATE,2025-12-23 10:30:00+05:30,2025-12-23 10:45:00+05:30,606.42126,600.3570473999999,618.5496852,2025-12-23 11:00:00+05:30,606.4819021259999,BE,0.009999999999991408,,,,,,,5.437722432760625,LONG,50000,4.999999999995704
2025-12-23,GSFC,B_HUGE_GREEN_PULLBACK_HOLD_THEN_BREAK,HUGE,2025-12-23 10:00:00+05:30,2025-12-23 13:00:00+05:30,178.25,176.4675,181.815,2025-12-23 14:30:00+05:30,178.5,EOD,0.1402524544179523,,,,,,,7.696201532895326,LONG,50000,70.12622720897616
2025-12-23,NAVKARCORP,A_MOD_BREAK_C1_HIGH,MODERATE,2025-12-23 10:15:00+05:30,2025-12-23 10:30:00+05:30,102.92,101.8908,104.97840000000001,2025-12-23 10:45:00+05:30,104.97840000000001,TARGET,2.0000000000000058,,,,,,,5.983661713777864,LONG,50000,1000.000000000003
2025-12-23,SANDUMA,A_MOD_BREAK_C1_HIGH,MODERATE,2025-12-23 10:15:00+05:30,2025-12-23 10:30:00+05:30,227.8,225.52200000000002,232.35600000000002,2025-12-23 10:45:00+05:30,232.35600000000002,TARGET,2.000000000000005,,,,,,,7.1944740326106995,LONG,50000,1000.0000000000025
2025-12-23,UNITDSPR,A_MOD_BREAK_C1_HIGH,MODERATE,2025-12-23 10:15:00+05:30,2025-12-23 10:30:00+05:30,1447.98954,1433.5096446,1476.9493308,2025-12-23 12:30:00+05:30,1433.5096446,SL,-1.0000000000000022,,,,,,,8.051241331815085,LONG,50000,-500.00000000000114
2025-12-24,CARERATING,A_MOD_BREAK_C1_HIGH,MODERATE,2025-12-24 10:15:00+05:30,2025-12-24 10:30:00+05:30,1607.2213800000002,1591.1491662,1639.3658076000002,2025-12-24 10:45:00+05:30,1607.3821021380002,BE,0.009999999999998928,,,,,,,4.802838769652391,LONG,50000,4.999999999999464
2025-12-24,GMBREW,B_HUGE_GREEN_PULLBACK_HOLD_THEN_BREAK,HUGE,2025-12-24 10:00:00+05:30,2025-12-24 11:00:00+05:30,1099.2198,1088.2276020000002,1121.2041960000001,2025-12-24 11:15:00+05:30,1121.2041960000001,TARGET,2.0000000000000053,,,,,,,7.758831106814352,LONG,50000,1000.0000000000026
2025-12-24,RAIN,B_HUGE_GREEN_PULLBACK_HOLD_THEN_BREAK,HUGE,2025-12-24 10:15:00+05:30,2025-12-24 13:00:00+05:30,128.89000000000001,127.60110000000002,131.4678,2025-12-24 13:30:00+05:30,128.90288900000002,BE,0.010000000000000977,,,,,,,5.2971099461880735,LONG,50000,5.0000000000004885
2025-12-24,RAMCOIND,A_MOD_BREAK_C1_HIGH,MODERATE,2025-12-24 10:15:00+05:30,2025-12-24 10:30:00+05:30,321.96438,318.7447362,328.4036676,2025-12-24 10:45:00+05:30,321.996576438,BE,0.009999999999991084,,,,,,,4.6686027070158955,LONG,50000,4.999999999995542
2025-12-26,HINDCOPPER,A_MOD_BREAK_C1_HIGH,MODERATE,2025-12-26 10:15:00+05:30,2025-12-26 10:30:00+05:30,455.44107,450.8866593,464.54989140000004,2025-12-26 11:00:00+05:30,464.54989140000004,TARGET,2.000000000000002,,,,,,,8.225042342948202,LONG,50000,1000.000000000001
2025-12-30,AUTOAXLES,A_MOD_BREAK_C1_HIGH,MODERATE,2025-12-30 11:15:00+05:30,2025-12-30 11:30:00+05:30,1872.57444,1853.8486956000002,1910.0259288000002,2025-12-30 12:15:00+05:30,1872.761697444,BE,0.009999999999994503,,,,,,,8.372722132418467,LONG,50000,4.999999999997251
2025-12-31,SYMPHONY,A_MOD_BREAK_C1_HIGH,MODERATE,2025-12-31 10:30:00+05:30,2025-12-31 10:45:00+05:30,869.0737799999999,860.3830422,886.4552556,2025-12-31 12:00:00+05:30,886.4552556,TARGET,2.0000000000000053,,,,,,,5.1459936536857676,LONG,50000,1000.0000000000026
2025-12-31,UPL,A_PULLBACK_C2_THEN_BREAK_C2_HIGH,MODERATE,2025-12-31 10:00:00+05:30,2025-12-31 10:30:00+05:30,797.6595,789.682905,813.61269,2025-12-31 14:30:00+05:30,796.9,EOD,-0.09521606650456776,,,,,,,6.736279324064798,LONG,50000,-47.60803325228388
2026-01-01,POCL,A_MOD_BREAK_C1_HIGH,MODERATE,2026-01-01 10:15:00+05:30,2026-01-01 10:30:00+05:30,1523.3046,1508.0715539999999,1553.770692,2026-01-01 10:45:00+05:30,1553.770692,TARGET,2.0000000000000075,,,,,,,7.902784904069376,LONG,50000,1000.0000000000039
2026-01-02,CLSEL,A_MOD_BREAK_C1_HIGH,MODERATE,2026-01-02 11:00:00+05:30,2026-01-02 11:15:00+05:30,266.20322999999996,263.54119769999994,271.52729459999995,2026-01-02 11:30:00+05:30,271.52729459999995,TARGET,1.999999999999995,,,,,,,4.3957682921678645,LONG,50000,999.9999999999974
2026-01-02,IDBI,A_MOD_BREAK_C1_HIGH,MODERATE,2026-01-02 11:15:00+05:30,2026-01-02 11:30:00+05:30,106.0,104.94,108.12,2026-01-02 11:45:00+05:30,108.12,TARGET,2.000000000000004,,,,,,,8.12479277162383,LONG,50000,1000.0000000000019
2026-01-02,TORNTPOWER,A_MOD_BREAK_C1_HIGH,MODERATE,2026-01-02 10:15:00+05:30,2026-01-02 10:30:00+05:30,1350.27,1336.7673,1377.2754,2026-01-02 11:00:00+05:30,1377.2754,TARGET,2.000000000000001,,,,,,,7.3458357474878895,LONG,50000,1000.0000000000003
2026-01-02,TVSHLTD,B_HUGE_GREEN_PULLBACK_HOLD_THEN_BREAK,HUGE,2026-01-02 10:00:00+05:30,2026-01-02 11:15:00+05:30,14502.9,14357.871,14792.958,2026-01-02 14:30:00+05:30,14612.0,EOD,0.7522633404353637,,,,,,,9.044270262301794,LONG,50000,376.13167021768186
2026-01-05,ABSLAMC,A_MOD_BREAK_C1_HIGH,MODERATE,2026-01-05 10:45:00+05:30,2026-01-05 11:00:00+05:30,847.1193900000001,838.6481961000001,864.0617778000001,2026-01-05 14:30:00+05:30,853.35,EOD,0.7355055348219518,,,,,,,5.7427092319627295,LONG,50000,367.75276741097593
2026-01-05,JKCEMENT,A_MOD_BREAK_C1_HIGH,MODERATE,2026-01-05 10:15:00+05:30,2026-01-05 10:30:00+05:30,5689.1376,5632.2462239999995,5802.920352,2026-01-05 13:00:00+05:30,5802.920352,TARGET,2.0000000000000013,,,,,,,7.303163771914345,LONG,50000,1000.0000000000007
2026-01-05,SHYAMMETL,A_PULLBACK_C2_THEN_BREAK_C2_HIGH,MODERATE,2026-01-05 10:45:00+05:30,2026-01-05 11:15:00+05:30,847.86954,839.3908446,864.8269308,2026-01-05 14:15:00+05:30,847.9543269540001,BE,0.010000000000004415,,,,,,,2.784470139489537,LONG,50000,5.000000000002207
2026-01-05,SUMICHEM,B_HUGE_GREEN_PULLBACK_HOLD_THEN_BREAK,HUGE,2026-01-05 10:30:00+05:30,2026-01-05 13:00:00+05:30,476.69532000000004,471.92836680000005,486.2292264000001,2026-01-05 14:30:00+05:30,476.75,EOD,0.011470639149543589,,,,,,,6.166223388602182,LONG,50000,5.735319574771794
2026-01-06,KAJARIACER,B_HUGE_GREEN_PULLBACK_HOLD_THEN_BREAK,HUGE,2026-01-06 11:30:00+05:30,2026-01-06 13:00:00+05:30,1003.2506099999999,993.2181039,1023.3156222,2026-01-06 14:30:00+05:30,1001.95,EOD,-0.1296395922450416,,,,,,,8.044877838323675,LONG,50000,-64.8197961225208
2026-01-06,THYROCARE,A_MOD_BREAK_C1_HIGH,MODERATE,2026-01-06 10:30:00+05:30,2026-01-06 10:45:00+05:30,478.0956,473.314644,487.657512,2026-01-06 11:00:00+05:30,487.657512,TARGET,2.0000000000000013,,,,,,,7.603312195931536,LONG,50000,1000.0000000000007
2026-01-07,POWERINDIA,B_HUGE_GREEN_PULLBACK_HOLD_THEN_BREAK,HUGE,2026-01-07 10:15:00+05:30,2026-01-07 13:00:00+05:30,19582.9158,19387.086642,19974.574116,2026-01-07 13:45:00+05:30,19584.874091579997,BE,0.00999999999999148,,,,,,,8.002480489541448,LONG,50000,4.999999999995739
2026-01-07,TECHM,A_PULLBACK_C2_THEN_BREAK_C2_HIGH,MODERATE,2026-01-07 10:15:00+05:30,2026-01-07 10:45:00+05:30,1617.72348,1601.5462452000002,1650.0779496000002,2026-01-07 13:00:00+05:30,1617.885252348,BE,0.009999999999992942,,,,,,,4.174353709527606,LONG,50000,4.99999999999647
2026-01-13,DBL,B_HUGE_GREEN_PULLBACK_HOLD_THEN_BREAK,HUGE,2026-01-13 10:00:00+05:30,2026-01-13 13:15:00+05:30,471.0942,466.383258,480.51608400000003,2026-01-13 14:30:00+05:30,466.383258,SL,-0.9999999999999976,,,,,,,5.6257036445561415,LONG,50000,-499.9999999999988
2026-01-16,WOCKPHARMA,B_HUGE_GREEN_PULLBACK_HOLD_THEN_BREAK,HUGE,2026-01-16 10:15:00+05:30,2026-01-16 13:00:00+05:30,1439.98794,1425.5880606,1468.7876988,2026-01-16 14:15:00+05:30,1440.131938794,BE,0.010000000000001839,,,,,,,6.126589701691587,LONG,50000,5.00000000000092
2026-01-16,XPROINDIA,B_HUGE_GREEN_PULLBACK_HOLD_THEN_BREAK,HUGE,2026-01-16 10:15:00+05:30,2026-01-16 11:30:00+05:30,1065.01296,1054.3628304000001,1086.3132192,2026-01-16 11:45:00+05:30,1086.3132192,TARGET,2.0000000000000027,,,,,,,8.408325761477258,LONG,50000,1000.0000000000014
2026-01-19,JINDALSAW,B_HUGE_GREEN_PULLBACK_HOLD_THEN_BREAK,HUGE,2026-01-19 10:00:00+05:30,2026-01-19 11:15:00+05:30,174.05,172.3095,177.531,2026-01-19 11:30:00+05:30,177.531,TARGET,1.9999999999999967,,,,,,,8.458665453876808,LONG,50000,999.9999999999983
2026-01-23,MAYURUNIQ,B_HUGE_GREEN_PULLBACK_HOLD_THEN_BREAK,HUGE,2026-01-23 10:15:00+05:30,2026-01-23 13:00:00+05:30,504.55089,499.50538109999997,514.6419078,2026-01-23 14:00:00+05:30,499.50538109999997,SL,-1.000000000000003,,,,,,,8.075070401751116,LONG,50000,-500.0000000000016
2026-01-28,ADVENZYMES,B_HUGE_GREEN_PULLBACK_HOLD_THEN_BREAK,HUGE,2026-01-28 11:30:00+05:30,2026-01-28 13:00:00+05:30,278.40567000000004,275.62161330000004,283.97378340000006,2026-01-28 13:30:00+05:30,278.43351056700004,BE,0.009999999999999414,,,,,,,7.488875504589137,LONG,50000,4.999999999999707
2026-01-28,BHARATWIRE,A_MOD_BREAK_C1_HIGH,MODERATE,2026-01-28 11:15:00+05:30,2026-01-28 11:30:00+05:30,168.63000000000002,166.94370000000004,172.00260000000003,2026-01-28 12:15:00+05:30,172.00260000000003,TARGET,2.000000000000003,,,,,,,3.781321036078388,LONG,50000,1000.0000000000016
2026-01-28,PARAS,A_MOD_BREAK_C1_HIGH,MODERATE,2026-01-28 11:15:00+05:30,2026-01-28 11:30:00+05:30,666.4332599999999,659.7689273999999,679.7619252,2026-01-28 11:45:00+05:30,666.4999033259999,BE,0.00999999999999432,,,,,,,4.689115501794544,LONG,50000,4.9999999999971605
2026-01-28,SYRMA,A_PULLBACK_C2_THEN_BREAK_C2_HIGH,MODERATE,2026-01-28 10:00:00+05:30,2026-01-28 10:30:00+05:30,689.03778,682.1474022,702.8185356,2026-01-28 10:45:00+05:30,689.106683778,BE,0.01000000000000711,,,,,,,6.580114303611782,LONG,50000,5.000000000003555
2026-01-29,ALLDIGI,A_MOD_BREAK_C1_HIGH,MODERATE,2026-01-29 10:15:00+05:30,2026-01-29 10:30:00+05:30,880.176,871.37424,897.77952,2026-01-29 10:45:00+05:30,897.77952,TARGET,2.0000000000000004,,,,,,,6.808833906944244,LONG,50000,1000.0000000000002
2026-01-29,DREDGECORP,B_HUGE_GREEN_PULLBACK_HOLD_THEN_BREAK,HUGE,2026-01-29 11:30:00+05:30,2026-01-29 13:00:00+05:30,1103.62068,1092.5844732,1125.6930936,2026-01-29 13:15:00+05:30,1125.6930936,TARGET,2.0000000000000107,,,,,,,6.780765795499034,LONG,50000,1000.0000000000053
2026-01-30,KRBL,B_HUGE_GREEN_PULLBACK_HOLD_THEN_BREAK,HUGE,2026-01-30 10:00:00+05:30,2026-01-30 11:00:00+05:30,338.36766,334.9839834,345.1350132,2026-01-30 11:15:00+05:30,338.401496766,BE,0.009999999999993788,,,,,,,7.864233429560509,LONG,50000,4.999999999996894
2026-01-30,SSWL,B_HUGE_GREEN_PULLBACK_HOLD_THEN_BREAK,HUGE,2026-01-30 10:00:00+05:30,2026-01-30 11:00:00+05:30,200.79000000000002,198.7821,204.80580000000003,2026-01-30 12:00:00+05:30,204.80580000000003,TARGET,2.000000000000006,,,,,,,7.44632313070684,LONG,50000,1000.0000000000032
2026-02-01,ELGIEQUIP,A_MOD_BREAK_C1_HIGH,MODERATE,2026-02-01 10:30:00+05:30,2026-02-01 10:45:00+05:30,441.83835,437.4199665,450.675117,2026-02-01 12:15:00+05:30,441.882533835,BE,0.010000000000002842,,,,,,,6.398582446800646,LONG,50000,5.00000000000142
2026-02-01,FILATEX,A_MOD_BREAK_C1_HIGH,MODERATE,2026-02-01 10:15:00+05:30,2026-02-01 10:30:00+05:30,46.209999999999994,45.747899999999994,47.13419999999999,2026-02-01 11:45:00+05:30,46.214620999999994,BE,0.010000000000000451,,,,,,,3.7879173386297165,LONG,50000,5.000000000000226
2026-02-01,HIMATSEIDE,B_HUGE_GREEN_PULLBACK_HOLD_THEN_BREAK,HUGE,2026-02-01 10:00:00+05:30,2026-02-01 11:30:00+05:30,107.31,106.2369,109.45620000000001,2026-02-01 11:45:00+05:30,107.320731,BE,0.009999999999993214,,,,,,,6.050671023638913,LONG,50000,4.999999999996606
2026-02-01,ISGEC,A_MOD_BREAK_C1_HIGH,MODERATE,2026-02-01 10:00:00+05:30,2026-02-01 10:15:00+05:30,771.1542,763.4426579999999,786.577284,2026-02-01 10:30:00+05:30,786.577284,TARGET,2.0000000000000027,,,,,,,8.00047345767143,LONG,50000,1000.0000000000014
2026-02-01,TRACXN,A_MOD_BREAK_C1_HIGH,MODERATE,2026-02-01 10:30:00+05:30,2026-02-01 10:45:00+05:30,35.8,35.442,36.516,2026-02-01 11:00:00+05:30,36.516,TARGET,2.000000000000003,,,,,,,5.529631059468661,LONG,50000,1000.0000000000016
2026-02-03,DBCORP,A_MOD_BREAK_C1_HIGH,MODERATE,2026-02-03 11:00:00+05:30,2026-02-03 11:15:00+05:30,245.14000000000001,242.6886,250.04280000000003,2026-02-03 11:45:00+05:30,245.16451400000003,BE,0.010000000000004316,,,,,,,4.16123684016979,LONG,50000,5.000000000002157
2026-02-03,GRINDWELL,A_PULLBACK_C2_THEN_BREAK_C2_HIGH,MODERATE,2026-02-03 11:00:00+05:30,2026-02-03 11:30:00+05:30,1598.3196,1582.3364040000001,1630.285992,2026-02-03 14:15:00+05:30,1630.285992,TARGET,2.0000000000000027,,,,,,,5.99155280599638,LONG,50000,1000.0000000000014
2026-02-03,LINDEINDIA,A_PULLBACK_C2_THEN_BREAK_C2_HIGH,MODERATE,2026-02-03 10:45:00+05:30,2026-02-03 11:15:00+05:30,5991.198,5931.2860200000005,6111.02196,2026-02-03 14:30:00+05:30,5997.5,EOD,0.10518764360649872,,,,,,,5.056838113823757,LONG,50000,52.59382180324936
2026-02-03,LXCHEM,A_MOD_BREAK_C1_HIGH,MODERATE,2026-02-03 10:30:00+05:30,2026-02-03 10:45:00+05:30,144.83,143.38170000000002,147.72660000000002,2026-02-03 11:00:00+05:30,147.72660000000002,TARGET,2.000000000000004,,,,,,,7.334937631898888,LONG,50000,1000.0000000000019
2026-02-03,PARKHOTELS,A_MOD_BREAK_C1_HIGH,MODERATE,2026-02-03 11:00:00+05:30,2026-02-03 11:15:00+05:30,125.42,124.1658,127.92840000000001,2026-02-03 14:30:00+05:30,126.4,EOD,0.7813745814064774,,,,,,,4.2203866385217275,LONG,50000,390.6872907032387
2026-02-03,VISHNU,A_PULLBACK_C2_THEN_BREAK_C2_HIGH,MODERATE,2026-02-03 10:45:00+05:30,2026-02-03 11:15:00+05:30,531.20622,525.8941578,541.8303444000001,2026-02-03 11:30:00+05:30,531.259340622,BE,0.009999999999988254,,,,,,,6.969699106063575,LONG,50000,4.999999999994127
2026-02-04,EIHAHOTELS,A_MOD_BREAK_C1_HIGH,MODERATE,2026-02-04 10:00:00+05:30,2026-02-04 10:15:00+05:30,341.31825,337.9050675,348.144615,2026-02-04 10:30:00+05:30,337.9050675,SL,-1.0000000000000016,,,,,,,4.272976825020064,LONG,50000,-500.0000000000008
2026-02-04,UDS,B_HUGE_GREEN_PULLBACK_HOLD_THEN_BREAK,HUGE,2026-02-04 10:00:00+05:30,2026-02-04 13:00:00+05:30,154.69,153.1431,157.7838,2026-02-04 13:45:00+05:30,157.7838,TARGET,2.0000000000000107,,,,,,,6.270402855139038,LONG,50000,1000.0000000000053
2026-02-06,CONCORDBIO,B_HUGE_GREEN_PULLBACK_HOLD_THEN_BREAK,HUGE,2026-02-06 10:15:00+05:30,2026-02-06 13:00:00+05:30,1264.1527800000001,1251.5112522000002,1289.4358356000002,2026-02-06 14:15:00+05:30,1289.4358356000002,TARGET,2.0000000000000098,,,,,,,7.202349849585074,LONG,50000,1000.0000000000049
2026-02-06,HIMATSEIDE,A_MOD_BREAK_C1_HIGH,MODERATE,2026-02-06 10:45:00+05:30,2026-02-06 11:00:00+05:30,119.89999999999999,118.701,122.29799999999999,2026-02-06 13:45:00+05:30,119.91198999999999,BE,0.009999999999997733,,,,,,,3.0249249279364765,LONG,50000,4.999999999998867
2026-02-06,NYKAA,A_MOD_BREAK_C1_HIGH,MODERATE,2026-02-06 10:00:00+05:30,2026-02-06 10:15:00+05:30,270.054,267.35346,275.45507999999995,2026-02-06 10:30:00+05:30,270.0810054,BE,0.0100000000000027,,,,,,,6.728092662954294,LONG,50000,5.000000000001349
2026-02-09,AEGISLOG,B_HUGE_GREEN_PULLBACK_HOLD_THEN_BREAK,HUGE,2026-02-09 10:45:00+05:30,2026-02-09 13:00:00+05:30,711.54228,704.4268572,725.7731256000001,2026-02-09 14:30:00+05:30,718.9,EOD,1.0340523967177286,,,,,,,8.245490195208168,LONG,50000,517.0261983588643
2026-02-09,ALEMBICLTD,A_PULLBACK_C2_THEN_BREAK_C2_HIGH,MODERATE,2026-02-09 10:45:00+05:30,2026-02-09 11:15:00+05:30,99.42999999999999,98.4357,101.4186,2026-02-09 14:30:00+05:30,99.02,EOD,-0.4123503972644037,,,,,,,6.415071705707819,LONG,50000,-206.17519863220184
2026-02-09,GULPOLY,B_HUGE_GREEN_PULLBACK_HOLD_THEN_BREAK,HUGE,2026-02-09 10:00:00+05:30,2026-02-09 11:00:00+05:30,137.52,136.1448,140.27040000000002,2026-02-09 11:15:00+05:30,137.53375200000002,BE,0.010000000000007902,,,,,,,10.146880695166988,LONG,50000,5.000000000003951
2026-02-09,HPL,B_HUGE_GREEN_PULLBACK_HOLD_THEN_BREAK,HUGE,2026-02-09 10:00:00+05:30,2026-02-09 13:00:00+05:30,345.069,341.61831,351.97038000000003,2026-02-09 13:30:00+05:30,345.1035069,BE,0.009999999999999037,,,,,,,8.5052735935822,LONG,50000,4.999999999999519
2026-02-09,SAMHI,A_PULLBACK_C2_THEN_BREAK_C2_HIGH,MODERATE,2026-02-09 10:45:00+05:30,2026-02-09 11:15:00+05:30,170.65,168.9435,174.06300000000002,2026-02-09 11:30:00+05:30,170.667065,BE,0.010000000000001364,,,,,,,4.822408155659016,LONG,50000,5.000000000000682
2026-02-09,TOLINS,A_MOD_BREAK_C1_HIGH,MODERATE,2026-02-09 10:00:00+05:30,2026-02-09 10:15:00+05:30,129.54000000000002,128.24460000000002,132.13080000000002,2026-02-09 11:15:00+05:30,129.55295400000003,BE,0.010000000000005928,,,,,,,5.74196752165026,LONG,50000,5.000000000002964
