trade_date,ticker,side,setup,impulse_type,signal_time_ist,entry_time_ist,entry_price,sl_price,target_price,exit_time_ist,exit_price,outcome,pnl_pct,pnl_pct_gross,adx_signal,rsi_signal,stochk_signal,avwap_dist_atr_signal,ema20_gap_atr_signal,atr_pct_signal,quality_score,position_size_rs,pnl_rs
2025-08-26,BANKBARODA,SHORT,A_MOD_BREAK_C1_LOW,MODERATE,2025-08-26 11:00:00+05:30,2025-08-26 11:15:00+05:30,237.89999999999998,240.27899999999997,235.521,2025-08-26 14:30:00+05:30,236.2,EOD,0.5854503544332168,0.7145859604875952,49.84284791997237,25.331125821942933,27.139364303178567,1.1012907853182339,2.6090859623991776,0.003202684612105972,0.8003686062302764,50000,292.7251772166084
2025-08-26,GODIGIT,SHORT,A_MOD_BREAK_C1_LOW,MODERATE,2025-08-26 10:00:00+05:30,2025-08-26 10:15:00+05:30,362.12756,365.7488356,358.5062844,2025-08-26 10:45:00+05:30,362.163772756,BE,-0.14007803901949134,-0.009999999999999344,29.621336182573003,12.91666666515981,4.94720276170187,1.36381465623676,3.313014669985629,0.0052067954093584605,0.542987607580028,50000,-70.03901950974567
2025-08-26,KPIL,SHORT,A_MOD_BREAK_C1_LOW,MODERATE,2025-08-26 10:15:00+05:30,2025-08-26 10:30:00+05:30,1260.2479,1272.850379,1247.6454210000002,2025-08-26 11:15:00+05:30,1260.37392479,BE,-0.1400780390194921,-0.009999999999997938,55.02043400038531,22.14650766557068,14.470104285734534,1.3987682394695213,3.524687790524984,0.005526738997485819,0.8547844419071662,50000,-70.03901950974605
2025-08-29,ALKYLAMINE,SHORT,A_MOD_BREAK_C1_LOW,MODERATE,2025-08-29 10:00:00+05:30,2025-08-29 10:15:00+05:30,2005.0989,2025.149889,1985.0479109999999,2025-08-29 11:00:00+05:30,2025.149889,SL,-1.1313656828414014,-1.0000000000000036,50.367745490410016,17.977528089483727,25.87327730882755,0.6908970394070956,2.9424811900621246,0.005887420000142375,0.7309069818962417,50000,-565.6828414207007
2025-08-29,CANFINHOME,SHORT,A_MOD_BREAK_C1_LOW,MODERATE,2025-08-29 10:00:00+05:30,2025-08-29 10:15:00+05:30,715.8568,723.0153680000001,708.698232,2025-08-29 14:15:00+05:30,708.698232,TARGET,0.871235617808915,1.0000000000000082,46.61342284583688,16.320474776092155,3.4024003076232194,1.690295109204594,4.0312183411836084,0.004067674944916908,0.8550029867983571,50000,435.6178089044575
2025-08-29,MUTHOOTFIN,SHORT,A_MOD_BREAK_C1_LOW,MODERATE,2025-08-29 10:00:00+05:30,2025-08-29 10:15:00+05:30,2609.27804,2635.3708204,2583.1852596000003,2025-08-29 11:00:00+05:30,2635.3708204,SL,-1.1313656828413998,-0.9999999999999928,27.538377355904565,12.485549132745263,1.4065346642667016,1.7673019471549314,4.311679139648784,0.004496269984182317,0.5823535010906815,50000,-565.6828414206999
2025-09-01,IPCALAB,SHORT,A_MOD_BREAK_C1_LOW,MODERATE,2025-09-01 11:00:00+05:30,2025-09-01 11:15:00+05:30,1363.7272,1377.364472,1350.089928,2025-09-01 14:15:00+05:30,1363.86357272,BE,-0.140078039019493,-0.010000000000003957,42.76726937053879,24.18699186923051,8.700339611216064,1.4303497122145197,2.851828540174378,0.004585331127907739,0.7518202401956229,50000,-70.03901950974651
2025-09-01,UBL,SHORT,A_MOD_BREAK_C1_LOW,MODERATE,2025-09-01 10:00:00+05:30,2025-09-01 10:15:00+05:30,1813.33726,1831.4706326,1795.2038874,2025-09-01 10:45:00+05:30,1813.518593726,BE,-0.14007803901949942,-0.010000000000002649,29.276032606472384,8.085106382817969,7.107796312286287,0.9443100115489869,2.943791482400234,0.005790868276420598,0.4643947411181584,50000,-70.0390195097497
2025-09-04,NAZARA,SHORT,A_PULLBACK_C2_THEN_BREAK_C2_LOW,MODERATE,2025-09-04 10:45:00+05:30,2025-09-04 11:15:00+05:30,278.9442,281.73364200000003,276.154758,2025-09-04 11:45:00+05:30,278.97209442,BE,-0.14007803901948745,-0.009999999999998399,57.600096778656315,22.65624999752187,21.96256626636351,1.3176051021724513,2.8255609086999423,0.006861239119303624,0.840580892880179,50000,-70.03901950974372
2025-09-04,ZUARI,SHORT,A_MOD_BREAK_C1_LOW,MODERATE,2025-09-04 10:15:00+05:30,2025-09-04 10:30:00+05:30,312.03758000000005,315.1579558,308.91720420000007,2025-09-04 10:45:00+05:30,308.91720420000007,TARGET,0.8712356178089236,0.9999999999999923,42.80166082976173,34.595162985311575,19.519179177206166,1.1434403968064208,2.3939559381139106,0.015737338232944546,0.7021269818875495,50000,435.61780890446175
2025-09-05,ACE,SHORT,A_MOD_BREAK_C1_LOW,MODERATE,2025-09-05 11:00:00+05:30,2025-09-05 11:15:00+05:30,1050.18992,1060.6918192,1039.6880208,2025-09-05 12:15:00+05:30,1050.294938992,BE,-0.14007803901949423,-0.009999999999994395,29.016747663578663,23.49514563042932,4.649110167611911,1.9130059837700226,2.9993602575928153,0.006288923336324853,0.630027262113434,50000,-70.0390195097471
2025-09-05,JLHL,SHORT,A_MOD_BREAK_C1_LOW,MODERATE,2025-09-05 11:00:00+05:30,2025-09-05 11:15:00+05:30,1426.2147,1440.476847,1411.952553,2025-09-05 14:30:00+05:30,1430.3,EOD,-0.41688114419798283,-0.28644354878686645,34.43709079740051,25.414364639901507,15.829528158295181,1.1907924222994146,1.9055006700650907,0.004236142406489394,0.5802200693666597,50000,-208.44057209899142
2025-09-05,UPL,SHORT,A_MOD_BREAK_C1_LOW,MODERATE,2025-09-05 11:00:00+05:30,2025-09-05 11:15:00+05:30,692.41149,699.3356048999999,685.4873751,2025-09-05 12:15:00+05:30,685.4873751,TARGET,0.8712356178089276,0.9999999999999928,39.748596043073896,28.1306715049228,21.244975476638608,1.1998350473504664,2.423704196458743,0.0049227311621769295,0.6662000739324401,50000,435.61780890446374
2025-09-08,APOLLOHOSP,SHORT,A_MOD_BREAK_C1_LOW,MODERATE,2025-09-08 10:45:00+05:30,2025-09-08 11:00:00+05:30,7765.9465,7843.605965,7688.287035,2025-09-08 14:30:00+05:30,7800.0,EOD,-0.5691331061354445,-0.4384977413892818,39.35455197720549,31.93069306908562,19.475655430711587,1.3198463915170862,2.346119237646709,0.0033010887156098277,0.6812913981735724,50000,-284.5665530677223
2025-09-08,ELGIEQUIP,SHORT,A_MOD_BREAK_C1_LOW,MODERATE,2025-09-08 10:15:00+05:30,2025-09-08 10:30:00+05:30,474.4051,479.149151,469.661049,2025-09-08 14:30:00+05:30,474.2,EOD,-0.08677570797447001,0.04323309340477491,31.364059050821684,46.36871508017224,45.9119496855346,0.8439115672667592,1.222591380724402,0.005283757338551837,0.4392749790702282,50000,-43.387853987235005
2025-09-08,ERIS,SHORT,A_MOD_BREAK_C1_LOW,MODERATE,2025-09-08 11:00:00+05:30,2025-09-08 11:15:00+05:30,1707.95834,1725.0379234,1690.8787565999999,2025-09-08 11:30:00+05:30,1708.129135834,BE,-0.14007803901950125,-0.01000000000000269,52.99856896284895,27.32447817764239,36.88888888888908,1.1381237741626822,1.997722655616289,0.005702087841394252,0.809057793259284,50000,-70.03901950975063
2025-09-08,FACT,SHORT,A_MOD_BREAK_C1_LOW,MODERATE,2025-09-08 10:45:00+05:30,2025-09-08 11:00:00+05:30,987.55245,997.4279745,977.6769255,2025-09-08 13:45:00+05:30,977.6769255,TARGET,0.8712356178089161,0.9999999999999983,27.231585016198736,30.255164032992468,43.75894353816585,0.3520351782363968,1.6866149182285755,0.006580612503163764,0.31441067734577927,50000,435.61780890445806
2025-09-08,GRINFRA,SHORT,A_MOD_BREAK_C1_LOW,MODERATE,2025-09-08 10:15:00+05:30,2025-09-08 10:30:00+05:30,1269.8459799999998,1282.5444397999997,1257.1475202,2025-09-08 11:00:00+05:30,1282.5444397999997,SL,-1.1313656828413994,-0.9999999999999931,26.003751029855596,8.943089430385484,9.699697256424162,1.6127196732212432,3.753625093449542,0.0031471282454760157,0.5322822082615515,50000,-565.6828414206997
2025-09-08,PARADEEP,SHORT,A_MOD_BREAK_C1_LOW,MODERATE,2025-09-08 10:30:00+05:30,2025-09-08 10:45:00+05:30,193.25,195.1825,191.3175,2025-09-08 11:00:00+05:30,191.3175,TARGET,0.8712356178089286,1.0000000000000022,35.09057298588185,9.269162209182042,4.312768082730955,1.9154976467146465,3.800092284715077,0.008282910271546621,0.7215706829632909,50000,435.61780890446425
2025-09-08,PUNJABCHEM,SHORT,A_MOD_BREAK_C1_LOW,MODERATE,2025-09-08 10:45:00+05:30,2025-09-08 11:00:00+05:30,1096.7806,1107.7484060000002,1085.812794,2025-09-08 12:00:00+05:30,1096.8902780600001,BE,-0.14007803901949992,-0.010000000000007147,34.816934622332205,35.24590163853533,20.11735521419715,1.8446985942856031,3.0648108947886255,0.006947519208230271,0.7050762733349636,50000,-70.03901950974996
2025-09-08,SHK,SHORT,A_MOD_BREAK_C1_LOW,MODERATE,2025-09-08 11:00:00+05:30,2025-09-08 11:15:00+05:30,254.99899000000002,257.5489799,252.4490001,2025-09-08 13:45:00+05:30,255.02448989900003,BE,-0.140078039019503,-0.010000000000004068,33.61727255193017,23.344103389929018,13.917931380707634,1.6249587139219905,3.4354528442269046,0.0075859291084855,0.6486268632153009,50000,-70.0390195097515
2025-09-09,AGI,SHORT,A_MOD_BREAK_C1_LOW,MODERATE,2025-09-09 11:00:00+05:30,2025-09-09 11:15:00+05:30,854.17913,862.7209213,845.6373387,2025-09-09 14:30:00+05:30,851.65,EOD,0.1664090236640905,0.2960889479938487,32.93742831399578,30.80724876299412,14.800267973255151,1.2918283785469677,1.8745669442468678,0.00484077285154127,0.5738597381679995,50000,83.20451183204526
2025-09-09,BAJAJCON,SHORT,A_MOD_BREAK_C1_LOW,MODERATE,2025-09-09 10:15:00+05:30,2025-09-09 10:30:00+05:30,220.23,222.4323,218.02769999999998,2025-09-09 12:15:00+05:30,222.4323,SL,-1.131365682841405,-1.0000000000000036,38.86562940523602,20.49306625135749,16.27461341108606,1.2148114929734264,3.1585421990114564,0.005090930301891161,0.6555764523488898,50000,-565.6828414207025
2025-09-09,GSFC,SHORT,A_MOD_BREAK_C1_LOW,MODERATE,2025-09-09 10:15:00+05:30,2025-09-09 10:30:00+05:30,204.06,206.10060000000001,202.0194,2025-09-09 14:30:00+05:30,204.39,EOD,-0.2919925119866303,-0.161717142017046,25.637423587467644,13.043478258979121,4.027268196074304,1.6834080542184646,4.132989851047269,0.005869595634531982,0.539157763300246,50000,-145.99625599331515
2025-09-09,REPCOHOME,SHORT,A_MOD_BREAK_C1_LOW,MODERATE,2025-09-09 10:15:00+05:30,2025-09-09 10:30:00+05:30,354.02918,357.5694718,350.4888882,2025-09-09 14:30:00+05:30,354.0,EOD,-0.12181205377125162,0.008242258448864767,26.106388090078404,26.388888883758028,20.312500000000536,1.902564683569611,2.6482852376076798,0.002914834388994205,0.5845446409758579,50000,-60.90602688562581
2025-09-09,VOLTAMP,SHORT,A_MOD_BREAK_C1_LOW,MODERATE,2025-09-09 11:00:00+05:30,2025-09-09 11:15:00+05:30,7499.9997,7574.999697,7424.999703,2025-09-09 12:45:00+05:30,7574.999697,SL,-1.1313656828414047,-0.9999999999999984,55.15831090603982,15.307262569784513,5.741626794258383,1.7343548500287285,4.283789672651379,0.0054893827536342185,0.9135120987550274,50000,-565.6828414207024
2025-09-10,PGHL,SHORT,A_PULLBACK_C2_THEN_BREAK_C2_LOW,MODERATE,2025-09-10 10:45:00+05:30,2025-09-10 11:15:00+05:30,6368.726,6432.413259999999,6305.03874,2025-09-10 12:30:00+05:30,6369.3628726,BE,-0.14007803901949037,-0.010000000000000953,32.29064613437914,22.192513368817814,7.459389213775168,1.7087294150155135,2.433784172715871,0.005202143641949011,0.643387339643402,50000,-70.03901950974519
2025-09-10,RALLIS,SHORT,A_MOD_BREAK_C1_LOW,MODERATE,2025-09-10 11:15:00+05:30,2025-09-10 11:30:00+05:30,341.18175,344.5935675,337.76993250000004,2025-09-10 12:30:00+05:30,337.76993250000004,TARGET,0.871235617808926,0.9999999999999951,42.843362651535465,16.35220125642192,7.1621457169629865,1.187242298710968,2.8393569871407043,0.0076239280485254106,0.7104178420474514,50000,435.617808904463
2025-09-11,AURIONPRO,SHORT,A_MOD_BREAK_C1_LOW,MODERATE,2025-09-11 11:00:00+05:30,2025-09-11 11:15:00+05:30,1254.5490399999999,1267.0945304,1242.0035495999998,2025-09-11 13:00:00+05:30,1242.0035495999998,TARGET,0.8712356178089291,1.000000000000005,26.967476505728143,29.459459458344583,15.763491904299846,1.5622345107261473,1.9450910447521537,0.004058700305114087,0.5351577392006056,50000,435.61780890446454
2025-09-11,ENDURANCE,SHORT,A_MOD_BREAK_C1_LOW,MODERATE,2025-09-11 11:00:00+05:30,2025-09-11 11:15:00+05:30,2957.2084400000003,2986.7805244000006,2927.6363556,2025-09-11 13:00:00+05:30,2927.6363556,TARGET,0.8712356178089187,1.0000000000000073,25.57075863357333,25.241016651749973,6.863748447262405,1.7711952186852546,2.1252616943005784,0.006155888030888028,0.5535205427735195,50000,435.6178089044593
2025-09-12,KOTHARIPET,SHORT,A_MOD_BREAK_C1_LOW,MODERATE,2025-09-12 10:30:00+05:30,2025-09-12 10:45:00+05:30,158.2,159.78199999999998,156.618,2025-09-12 11:30:00+05:30,158.21581999999998,BE,-0.1400780390194798,-0.009999999999994211,29.980176105431667,31.325301197271216,22.116747181964694,1.3956338252823317,2.289859956108793,0.005170686807980729,0.5539385610058831,50000,-70.0390195097399
2025-09-12,METROPOLIS,SHORT,A_MOD_BREAK_C1_LOW,MODERATE,2025-09-12 10:30:00+05:30,2025-09-12 10:45:00+05:30,2091.5816,2112.497416,2070.665784,2025-09-12 12:15:00+05:30,2091.7907581599998,BE,-0.14007803901949087,-0.009999999999989866,33.61208451461906,10.434782608377574,19.214876033058207,0.9552244355167965,3.3024647336735735,0.00381043430756622,0.5313455439347252,50000,-70.03901950974543
2025-09-12,ORIENTHOT,SHORT,A_MOD_BREAK_C1_LOW,MODERATE,2025-09-12 11:00:00+05:30,2025-09-12 11:15:00+05:30,142.33999999999997,143.7634,140.91659999999996,2025-09-12 13:45:00+05:30,142.35423399999996,BE,-0.1400780390194911,-0.009999999999991323,41.2446199275729,28.809788649573576,17.55003450655622,1.7748516829970267,3.153659228161114,0.006797226932067883,0.7892683434380732,50000,-70.03901950974556
2025-09-12,OSWALGREEN,SHORT,A_MOD_BREAK_C1_LOW,MODERATE,2025-09-12 10:30:00+05:30,2025-09-12 10:45:00+05:30,40.050000000000004,40.450500000000005,39.6495,2025-09-12 11:30:00+05:30,40.054005000000004,BE,-0.1400780390194932,-0.009999999999998425,27.15595089353952,34.21052625277049,35.185185185184814,1.2894942871523316,1.910125107942507,0.0036862912704348763,0.48850701905187616,50000,-70.03901950974661
2025-09-15,JBCHEPHARM,SHORT,A_MOD_BREAK_C1_LOW,MODERATE,2025-09-15 11:15:00+05:30,2025-09-15 11:30:00+05:30,1673.2652799999998,1689.9979328,1656.5326271999998,2025-09-15 13:15:00+05:30,1689.9979328,SL,-1.1313656828414138,-1.000000000000006,35.000703777859556,12.760416666201138,8.390867099600053,1.5969069008923449,2.618698047927258,0.003814416274842806,0.6644692643240537,50000,-565.6828414207068
2025-09-15,KRBL,SHORT,A_MOD_BREAK_C1_LOW,MODERATE,2025-09-15 11:00:00+05:30,2025-09-15 11:15:00+05:30,395.62086,399.5770686,391.66465139999997,2025-09-15 11:30:00+05:30,395.660422086,BE,-0.1400780390195044,-0.009999999999997334,49.55704844117253,14.482200646921086,23.85398981324276,0.7796005909571381,3.4577225530497047,0.018860454234603877,0.739785830035087,50000,-70.03901950975221
2025-09-16,SPIC,SHORT,A_MOD_BREAK_C1_LOW,MODERATE,2025-09-16 10:30:00+05:30,2025-09-16 10:45:00+05:30,104.86,105.9086,103.81139999999999,2025-09-16 14:30:00+05:30,105.16,EOD,-0.4165328897521342,-0.2860957467098962,28.82404582663947,27.529411755637156,40.45803050077628,0.6552887942169212,1.9876988615689186,0.006415576993727289,0.40642116946599915,50000,-208.2664448760671
2025-09-17,BRITANNIA,SHORT,A_MOD_BREAK_C1_LOW,MODERATE,2025-09-17 10:00:00+05:30,2025-09-17 10:15:00+05:30,6079.2839,6140.076739,6018.491061000001,2025-09-17 13:30:00+05:30,6079.89182839,BE,-0.14007803901948085,-0.009999999999997861,31.147348452990578,21.689497716756335,9.73169048460672,1.487804728380651,3.9430451572901823,0.003966949908455002,0.5875760542614725,50000,-70.03901950974043
2025-09-19,BAJAJHLDNG,SHORT,A_PULLBACK_C2_THEN_BREAK_C2_LOW,MODERATE,2025-09-19 10:30:00+05:30,2025-09-19 11:00:00+05:30,13277.344,13410.11744,13144.570559999998,2025-09-19 14:30:00+05:30,13203.0,EOD,0.43059450562461554,0.5599312633610996,41.383917723385565,20.63037249275392,9.116379494094723,1.810482845921999,3.1860609245044946,0.004066265060240964,0.7975932638871333,50000,215.2972528123078
2025-09-19,GOODLUCK,SHORT,A_MOD_BREAK_C1_LOW,MODERATE,2025-09-19 11:15:00+05:30,2025-09-19 11:30:00+05:30,1079.784,1090.58184,1068.9861600000002,2025-09-19 14:15:00+05:30,1068.9861600000002,TARGET,0.8712356178089026,0.9999999999999953,28.41645361053751,35.89743589600411,45.76923076923083,0.31876889314564705,1.259513836927879,0.005077954536438333,0.30500705230494485,50000,435.6178089044513
2025-09-22,GUJGASLTD,SHORT,A_MOD_BREAK_C1_LOW,MODERATE,2025-09-22 10:15:00+05:30,2025-09-22 10:30:00+05:30,434.31311999999997,438.6562512,429.96998879999995,2025-09-22 14:30:00+05:30,430.1,EOD,0.8412617825470203,0.9700650995760723,34.82906266369655,33.836858003179856,45.30938123752478,0.7132327604150513,1.9344675681353776,0.004948216340621398,0.5039750514348511,50000,420.63089127351014
2025-09-22,KPITTECH,SHORT,A_MOD_BREAK_C1_LOW,MODERATE,2025-09-22 10:45:00+05:30,2025-09-22 11:00:00+05:30,1256.94856,1269.5180456,1244.3790744,2025-09-22 11:30:00+05:30,1257.074254856,BE,-0.14007803901948093,-0.0099999999999906,34.572103137235246,22.06477732731031,26.108374384236672,0.6140474271044125,2.658476218678955,0.005914503886186999,0.48603984680180085,50000,-70.03901950974047
2025-09-22,KSCL,SHORT,A_MOD_BREAK_C1_LOW,MODERATE,2025-09-22 11:15:00+05:30,2025-09-22 11:30:00+05:30,1165.3668799999998,1177.0205488,1153.7132111999997,2025-09-22 14:30:00+05:30,1155.0,EOD,0.7606727998342522,0.8895807987952954,33.56047642171828,37.151702784767465,5.629752388380054,1.7608214353033844,1.578271908351449,0.004328447758635512,0.6504644929214389,50000,380.33639991712613
2025-09-22,LTIM,SHORT,A_MOD_BREAK_C1_LOW,MODERATE,2025-09-22 11:00:00+05:30,2025-09-22 11:15:00+05:30,5274.9448,5327.694248000001,5222.195352,2025-09-22 12:30:00+05:30,5327.694248000001,SL,-1.1313656828414242,-1.0000000000000093,39.85596373506048,17.410071942375893,33.33333333333332,0.5000781419566261,3.0331578991825627,0.008038672165506052,0.5453531308683168,50000,-565.6828414207121
2025-09-22,NUVAMA,SHORT,A_MOD_BREAK_C1_LOW,MODERATE,2025-09-22 11:00:00+05:30,2025-09-22 11:15:00+05:30,1256.2487,1268.811187,1243.6862130000002,2025-09-22 14:30:00+05:30,1253.5,EOD,0.08902176912969675,0.21880221647195328,36.68308919428798,4.687499999794923,2.4265644955300076,2.0984158941878883,3.5505669658348578,0.003581376840429765,0.7602463379143196,50000,44.51088456484838
2025-09-22,RELAXO,SHORT,A_MOD_BREAK_C1_LOW,MODERATE,2025-09-22 10:45:00+05:30,2025-09-22 11:00:00+05:30,463.9072,468.546272,459.268128,2025-09-22 11:45:00+05:30,463.95359071999997,BE,-0.14007803901949356,-0.009999999999994975,49.32950300898776,24.154025670155974,20.290135396518394,1.1766366878852192,3.6110246107259876,0.008701996927803367,0.8058539655147297,50000,-70.03901950974678
2025-09-22,SBICARD,SHORT,A_MOD_BREAK_C1_LOW,MODERATE,2025-09-22 10:45:00+05:30,2025-09-22 11:00:00+05:30,865.8767899999999,874.5355579,857.2180220999999,2025-09-22 14:30:00+05:30,867.1,EOD,-0.27151714009432054,-0.14126836683081762,37.46192686889674,37.959183672023336,40.931372549019656,1.083456410467082,2.151538407749734,0.004803097709672101,0.6115337748651903,50000,-135.75857004716028
2025-09-22,THANGAMAYL,SHORT,A_MOD_BREAK_C1_LOW,MODERATE,2025-09-22 10:45:00+05:30,2025-09-22 11:00:00+05:30,2114.27706,2135.4198306,2093.1342894,2025-09-22 12:30:00+05:30,2093.1342894,TARGET,0.871235617808906,0.9999999999999976,31.69816812865365,35.67567567528985,3.584266142584724,1.6573727248967816,1.962150519084326,0.006660856994237595,0.6236202747409578,50000,435.617808904453
2025-09-23,DBL,SHORT,A_MOD_BREAK_C1_LOW,MODERATE,2025-09-23 11:00:00+05:30,2025-09-23 11:15:00+05:30,551.03977,556.5501677,545.5293723,2025-09-23 11:30:00+05:30,545.5293723,TARGET,0.871235617808906,0.9999999999999999,33.83121226777214,13.747645950310783,10.263157894736887,1.2450968551208605,2.625659966018072,0.007296432135405201,0.5853601336627325,50000,435.617808904453
2025-09-23,IFCI,SHORT,A_MOD_BREAK_C1_LOW,MODERATE,2025-09-23 11:15:00+05:30,2025-09-23 11:30:00+05:30,57.150000000000006,57.721500000000006,56.578500000000005,2025-09-23 14:30:00+05:30,57.48,EOD,-0.708243885722362,-0.5774278215222942,39.3144774156289,15.833333324097296,3.7900970051215648,1.8568599607949055,3.231034245056409,0.005506030414263237,0.774667654373542,50000,-354.12194286118097
2025-09-23,INDHOTEL,SHORT,A_MOD_BREAK_C1_LOW,MODERATE,2025-09-23 10:15:00+05:30,2025-09-23 10:30:00+05:30,753.8492,761.387692,746.310708,2025-09-23 11:45:00+05:30,746.310708,TARGET,0.87123561780892,1.0000000000000027,33.739117395591876,9.596928982209391,3.223733250926612,1.8327780054314624,4.720050809829635,0.00401794587841102,0.686822911884384,50000,435.61780890446005
2025-09-23,IRCON,SHORT,A_MOD_BREAK_C1_LOW,MODERATE,2025-09-23 11:15:00+05:30,2025-09-23 11:30:00+05:30,178.75,180.5375,176.9625,2025-09-23 12:15:00+05:30,178.767875,BE,-0.1400780390194926,-0.010000000000002035,45.30765651689166,27.526595739556186,6.202967999684294,1.9440176755812277,2.8306082199422375,0.004957099717193665,0.8798179409800897,50000,-70.0390195097463
2025-09-23,KEI,SHORT,A_MOD_BREAK_C1_LOW,MODERATE,2025-09-23 10:30:00+05:30,2025-09-23 10:45:00+05:30,4089.182,4130.07382,4048.29018,2025-09-23 11:00:00+05:30,4089.5909181999996,BE,-0.14007803901949165,-0.009999999999994843,35.40603275032004,6.352087114256875,21.161835543063884,0.9188378211120012,2.7095998574012023,0.005208296958480275,0.5518871099494007,50000,-70.03901950974583
2025-09-23,KRN,SHORT,A_MOD_BREAK_C1_LOW,MODERATE,2025-09-23 11:15:00+05:30,2025-09-23 11:30:00+05:30,862.4774699999999,871.1022446999999,853.8526952999999,2025-09-23 12:00:00+05:30,862.5637177469999,BE,-0.14007803901950308,-0.010000000000001834,26.112946673138776,26.086956520226806,5.842203365062248,2.1604880770340777,2.3802652848239,0.00479997351738749,0.6016942000970815,50000,-70.03901950975154
2025-09-23,LAURUSLABS,SHORT,A_MOD_BREAK_C1_LOW,MODERATE,2025-09-23 11:15:00+05:30,2025-09-23 11:30:00+05:30,892.02156,900.9417756,883.1013444,2025-09-23 12:00:00+05:30,900.9417756,SL,-1.1313656828414056,-1.0000000000000007,53.891567349157235,28.542510119839392,12.616787537746136,1.5272386027989415,2.6413628844799106,0.005043193089105757,0.8772667554898148,50000,-565.6828414207029
2025-09-23,SOLARA,SHORT,A_MOD_BREAK_C1_LOW,MODERATE,2025-09-23 10:45:00+05:30,2025-09-23 11:00:00+05:30,656.26872,662.8314072000001,649.7060328,2025-09-23 11:15:00+05:30,656.334346872,BE,-0.14007803901947125,-0.009999999999990686,42.62039667776076,21.247113162598353,29.118773946360268,0.7503352073671332,1.8472894490210872,0.007094976930443126,0.6229790839067142,50000,-70.03901950973562
2025-09-24,ANUP,SHORT,A_MOD_BREAK_C1_LOW,MODERATE,2025-09-24 11:15:00+05:30,2025-09-24 11:30:00+05:30,2412.5174,2436.6425740000004,2388.392226,2025-09-24 12:15:00+05:30,2388.392226,TARGET,0.8712356178089298,1.00000000000001,32.5879276245605,39.84575835403844,5.80282337435569,1.236106738683147,1.1314483898624583,0.00739518070863581,0.5217100131310811,50000,435.6178089044649
2025-09-24,APEX,SHORT,A_MOD_BREAK_C1_LOW,MODERATE,2025-09-24 11:00:00+05:30,2025-09-24 11:15:00+05:30,233.45,235.78449999999998,231.1155,2025-09-24 12:30:00+05:30,231.1155,TARGET,0.871235617808926,0.9999999999999963,38.61852919796194,35.02170766294792,22.91149710504557,1.3105872812219614,1.847558010087458,0.005004374239096543,0.6610086126876453,50000,435.617808904463
2025-09-24,BAYERCROP,SHORT,A_MOD_BREAK_C1_LOW,MODERATE,2025-09-24 10:30:00+05:30,2025-09-24 10:45:00+05:30,5010.9976,5061.107575999999,4960.887624,2025-09-24 14:30:00+05:30,5023.5,EOD,-0.3798887652321872,-0.2494992214723932,55.35565852295153,21.64948453587415,18.104384809190282,1.4770701091842147,3.6136371858774328,0.004309362356829449,0.8684872691072376,50000,-189.94438261609358
2025-09-24,CERA,SHORT,A_MOD_BREAK_C1_LOW,MODERATE,2025-09-24 11:00:00+05:30,2025-09-24 11:15:00+05:30,6063.787,6124.424870000001,6003.14913,2025-09-24 13:00:00+05:30,6064.3933787000005,BE,-0.140078039019496,-0.010000000000004576,50.836556342267905,14.864864864752377,1.3615426250181182,1.9655768514875933,4.5277338208913696,0.003214638971315529,0.9539759490103288,50000,-70.039019509748
2025-09-24,DBREALTY,SHORT,A_MOD_BREAK_C1_LOW,MODERATE,2025-09-24 11:15:00+05:30,2025-09-24 11:30:00+05:30,172.79999999999998,174.528,171.07199999999997,2025-09-24 14:30:00+05:30,172.15,EOD,0.2465816241454098,0.3761574074073943,27.08497114414942,21.962616819556402,6.9841269841269495,1.2846543458764847,2.6880845013640378,0.006384561345510129,0.4910890776906261,50000,123.29081207270491
2025-09-24,GODREJPROP,SHORT,A_MOD_BREAK_C1_LOW,MODERATE,2025-09-24 10:30:00+05:30,2025-09-24 10:45:00+05:30,2075.18488,2095.9367288,2054.4330311999997,2025-09-24 11:45:00+05:30,2054.4330311999997,TARGET,0.8712356178089149,1.000000000000003,25.86074105282063,26.20817843798008,8.575309958174055,1.3872821724839541,2.422301341022369,0.004147465437788031,0.49068549597700145,50000,435.61780890445743
2025-09-24,MGL,SHORT,A_MOD_BREAK_C1_LOW,MODERATE,2025-09-24 10:45:00+05:30,2025-09-24 11:00:00+05:30,1296.44066,1309.4050666,1283.4762534,2025-09-24 13:00:00+05:30,1283.4762534,TARGET,0.8712356178089233,1.0000000000000058,35.182973164496204,16.262135921777585,9.77328404966652,1.1082264629683027,2.5215114837300208,0.0047659405853411625,0.5816842284868959,50000,435.6178089044617
2025-09-24,WABAG,SHORT,A_MOD_BREAK_C1_LOW,MODERATE,2025-09-24 10:45:00+05:30,2025-09-24 11:00:00+05:30,1534.39306,1549.7369906000001,1519.0491294,2025-09-24 12:45:00+05:30,1519.0491294,TARGET,0.8712356178089233,1.0000000000000013,33.17798019064488,31.784386616273252,52.21058626564369,0.935867486127076,1.483459844330454,0.005908185861292533,0.4956195051484343,50000,435.6178089044617
2025-09-25,ADSL,SHORT,A_MOD_BREAK_C1_LOW,MODERATE,2025-09-25 10:30:00+05:30,2025-09-25 10:45:00+05:30,189.47,191.3647,187.5753,2025-09-25 11:00:00+05:30,187.5753,TARGET,0.8712356178089184,1.0000000000000002,31.17991439976236,26.749435661687613,24.737167594310502,0.858806744072408,2.133816158556009,0.008296992481202994,0.47798989620910676,50000,435.61780890445925
2025-09-25,CELLO,SHORT,A_MOD_BREAK_C1_LOW,MODERATE,2025-09-25 10:15:00+05:30,2025-09-25 10:30:00+05:30,591.8816,597.800416,585.962784,2025-09-25 12:30:00+05:30,591.94078816,BE,-0.1400780390194796,-0.009999999999993648,41.19898342481579,21.183800621204654,16.64695463210511,0.8663188666656918,3.3156765770101706,0.004054949689702956,0.6295905530387329,50000,-70.0390195097398
2025-09-25,ENGINERSIN,SHORT,A_MOD_BREAK_C1_LOW,MODERATE,2025-09-25 10:45:00+05:30,2025-09-25 11:00:00+05:30,201.63,203.6463,199.6137,2025-09-25 11:45:00+05:30,201.650163,BE,-0.1400780390194926,-0.009999999999998314,31.107554073428545,25.3303964679598,26.118373275235957,1.052291883156165,1.9618513750826416,0.0041504355832566045,0.5088569594078891,50000,-70.0390195097463
2025-09-25,GALAXYSURF,SHORT,A_PULLBACK_C2_THEN_BREAK_C2_LOW,MODERATE,2025-09-25 10:45:00+05:30,2025-09-25 11:15:00+05:30,2282.64338,2305.4698138,2259.8169462,2025-09-25 12:15:00+05:30,2259.8169462,TARGET,0.8712356178089073,0.9999999999999959,36.34225846723974,17.397660818357892,26.971179989124412,1.2768086004929506,2.5476215633909907,0.004722111105555275,0.6285753820948623,50000,435.6178089044537
2025-09-25,PUNJABCHEM,SHORT,A_MOD_BREAK_C1_LOW,MODERATE,2025-09-25 10:30:00+05:30,2025-09-25 10:45:00+05:30,1233.7532,1246.0907320000001,1221.415668,2025-09-25 11:15:00+05:30,1233.87657532,BE,-0.14007803901948576,-0.009999999999993741,26.849304655830213,31.29330253990973,30.472390390471386,1.5832830904203863,2.899120554710267,0.007113915258161617,0.5398141106610208,50000,-70.03901950974289
2025-09-25,RELAXO,SHORT,A_MOD_BREAK_C1_LOW,MODERATE,2025-09-25 10:15:00+05:30,2025-09-25 10:30:00+05:30,436.36271,440.7263371,431.99908289999996,2025-09-25 12:00:00+05:30,431.99908289999996,TARGET,0.871235617808936,1.0000000000000069,59.42222482576764,10.676156582565753,9.315759498820205,0.9778327355489792,3.788168804198297,0.005147046789846632,0.7811207287210713,50000,435.617808904468
2025-09-25,SONACOMS,SHORT,A_MOD_BREAK_C1_LOW,MODERATE,2025-09-25 10:45:00+05:30,2025-09-25 11:00:00+05:30,413.9172,418.056372,409.77802799999995,2025-09-25 12:15:00+05:30,409.77802799999995,TARGET,0.8712356178089365,1.0000000000000075,30.572639259214267,15.765765763777253,17.63901138291881,1.3406321534871448,3.103777797623379,0.0040936982901268616,0.5532002157484643,50000,435.6178089044683
2025-09-25,WABAG,SHORT,A_MOD_BREAK_C1_LOW,MODERATE,2025-09-25 11:15:00+05:30,2025-09-25 11:30:00+05:30,1500.6998,1515.7067980000002,1485.692802,2025-09-25 13:15:00+05:30,1485.692802,TARGET,0.8712356178089237,1.0000000000000044,45.04490145961058,21.257485029048894,8.450208278990859,1.7067705530050066,2.491530921885635,0.004165596735998192,0.8343583686700349,50000,435.61780890446187
2025-09-26,CIGNITITEC,SHORT,A_MOD_BREAK_C1_LOW,MODERATE,2025-09-26 11:15:00+05:30,2025-09-26 11:30:00+05:30,1484.9029600000001,1499.7519896000001,1470.0539304000001,2025-09-26 13:30:00+05:30,1470.0539304000001,TARGET,0.8712356178089095,0.9999999999999996,60.074513438861636,15.357142856758827,20.49578500897879,1.0778060078985177,3.0309673349587136,0.0053095302219999165,0.7986160513822405,50000,435.61780890445476
2025-09-26,DABUR,SHORT,A_MOD_BREAK_C1_LOW,MODERATE,2025-09-26 11:15:00+05:30,2025-09-26 11:30:00+05:30,494.35111,499.29462110000003,489.4075989,2025-09-26 12:45:00+05:30,499.29462110000003,SL,-1.1313656828414058,-1.0000000000000047,59.10560722172982,5.977011493867963,1.6659228366088101,1.7958602598548787,4.206063432662334,0.0051283532929806645,0.9242755454746037,50000,-565.6828414207029
2025-09-26,GALAXYSURF,SHORT,A_MOD_BREAK_C1_LOW,MODERATE,2025-09-26 11:15:00+05:30,2025-09-26 11:30:00+05:30,2194.561,2216.5066100000004,2172.61539,2025-09-26 12:45:00+05:30,2194.7804561000003,BE,-0.1400780390195012,-0.010000000000005277,71.95329177086505,12.711864406528264,4.689073050951634,1.288623397845707,4.4005008830980525,0.003801156279874346,0.8355090946229986,50000,-70.03901950975059
2025-09-26,KOLTEPATIL,SHORT,A_MOD_BREAK_C1_LOW,MODERATE,2025-09-26 11:00:00+05:30,2025-09-26 11:15:00+05:30,433.26333,437.5959633,428.9306967,2025-09-26 11:30:00+05:30,428.9306967,TARGET,0.8712356178089236,0.9999999999999996,40.03637604282134,6.212121211857706,3.758307314630006,2.345208627389716,4.927970063505024,0.007982272599963772,0.8105456406423199,50000,435.61780890446175
2025-09-26,PGHH,SHORT,A_MOD_BREAK_C1_LOW,MODERATE,2025-09-26 11:15:00+05:30,2025-09-26 11:30:00+05:30,13498.2998,13633.282798,13363.316802000001,2025-09-26 14:30:00+05:30,13425.0,EOD,0.4136711305278327,0.5430298710656929,42.46859745474471,16.47597253999298,0.0,2.169824154250243,2.688640200332451,0.003645232628270922,0.8470289618211706,50000,206.83556526391638
2025-09-26,PNCINFRA,SHORT,A_MOD_BREAK_C1_LOW,MODERATE,2025-09-26 11:15:00+05:30,2025-09-26 11:30:00+05:30,294.4411,297.385511,291.496689,2025-09-26 12:15:00+05:30,294.47054411,BE,-0.14007803901948424,-0.009999999999995181,42.75466710874351,9.43396226248963,3.878320427616267,2.0344832633524352,3.296702598856449,0.004243761670344565,0.8513200066311526,50000,-70.03901950974212
2025-09-26,TECHM,SHORT,A_MOD_BREAK_C1_LOW,MODERATE,2025-09-26 11:15:00+05:30,2025-09-26 11:30:00+05:30,1421.11572,1435.3268772000001,1406.9045628,2025-09-26 14:30:00+05:30,1412.5,EOD,0.4769879975508329,0.606264491958474,48.16500513283593,30.55062166886725,20.00227161237084,0.8238028489167442,2.298905460474134,0.00452015991321293,0.726640575552969,50000,238.49399877541646
2025-09-26,TECHNOE,SHORT,A_MOD_BREAK_C1_LOW,MODERATE,2025-09-26 11:00:00+05:30,2025-09-26 11:15:00+05:30,1328.7342,1342.0215420000002,1315.446858,2025-09-26 11:30:00+05:30,1328.86707342,BE,-0.14007803901948593,-0.009999999999992189,40.1587925357458,19.656992084069913,5.948773379142625,1.2228087426936751,3.174909882919247,0.006611170784103097,0.6763734180075802,50000,-70.03901950974296
2025-09-29,BIGBLOC,SHORT,A_MOD_BREAK_C1_LOW,MODERATE,2025-09-29 10:45:00+05:30,2025-09-29 11:00:00+05:30,54.050000000000004,54.590500000000006,53.5095,2025-09-29 14:30:00+05:30,54.45,EOD,-0.8710830901111712,-0.7400555041628095,50.39601565740091,31.818181797933974,44.87678339818435,0.7759646740064281,1.544255716897305,0.008661209400580938,0.7230066037959901,50000,-435.54154505558563
2025-09-29,GRSE,SHORT,A_MOD_BREAK_C1_LOW,MODERATE,2025-09-29 11:15:00+05:30,2025-09-29 11:30:00+05:30,2533.4932,2558.828132,2508.1582679999997,2025-09-29 12:15:00+05:30,2508.1582679999997,TARGET,0.8712356178089316,1.0000000000000082,36.79987162145878,25.17985611489641,4.666145182085758,2.938276493375026,3.576748031754263,0.009030712876866735,0.7619980743218815,50000,435.61780890446573
2025-09-29,IXIGO,SHORT,A_MOD_BREAK_C1_LOW,MODERATE,2025-09-29 10:30:00+05:30,2025-09-29 10:45:00+05:30,271.9456,274.665056,269.22614400000003,2025-09-29 11:00:00+05:30,271.97279456,BE,-0.14007803901949714,-0.009999999999999298,27.21802763146137,10.256410255358489,3.3297746227764784,1.685541271868127,2.877132547386952,0.008763197191585189,0.5632401370488429,50000,-70.03901950974857
2025-09-29,SUDARSCHEM,SHORT,A_MOD_BREAK_C1_LOW,MODERATE,2025-09-29 10:45:00+05:30,2025-09-29 11:00:00+05:30,1354.82898,1368.3772698,1341.2806902,2025-09-29 14:30:00+05:30,1360.4,EOD,-0.5417971427176679,-0.4111972863172804,46.00386934093676,6.521739130254275,8.029302274254889,2.326403462077313,4.2313139620337115,0.00600505689001269,0.9000580401140512,50000,-270.898571358834
2025-09-29,TANLA,SHORT,A_MOD_BREAK_C1_LOW,MODERATE,2025-09-29 10:30:00+05:30,2025-09-29 10:45:00+05:30,670.8658,677.574458,664.157142,2025-09-29 11:00:00+05:30,670.9328865800001,BE,-0.14007803901949686,-0.010000000000003409,69.8571338181868,6.451612902972357,2.8998455312424967,2.387511598261024,4.599604882150615,0.008001488649050951,0.96,50000,-70.03901950974843
2025-09-29,ZUARI,SHORT,A_MOD_BREAK_C1_LOW,MODERATE,2025-09-29 11:00:00+05:30,2025-09-29 11:15:00+05:30,284.34312,287.1865512,281.4996888,2025-09-29 11:30:00+05:30,281.4996888,TARGET,0.8712356178089177,0.9999999999999991,43.33323947037227,30.597014922176527,36.26943005181337,1.6050202204468231,2.241555572752709,0.006810485388185133,0.7908771306337781,50000,435.6178089044588
2025-09-30,ASAHIINDIA,SHORT,A_MOD_BREAK_C1_LOW,MODERATE,2025-09-30 10:45:00+05:30,2025-09-30 11:00:00+05:30,852.1295399999999,860.6508353999999,843.6082445999999,2025-09-30 11:45:00+05:30,843.6082445999999,TARGET,0.871235617808919,0.9999999999999984,27.83679961617571,8.177905308136346,6.9172653666324635,1.5754983613338664,3.05783060762275,0.007234544952146498,0.5532642074760623,50000,435.61780890445954
2025-09-30,BAYERCROP,SHORT,A_MOD_BREAK_C1_LOW,MODERATE,2025-09-30 10:30:00+05:30,2025-09-30 10:45:00+05:30,4844.031,4892.47131,4795.59069,2025-09-30 14:30:00+05:30,4826.0,EOD,0.24265041926375985,0.3722313090068984,26.36274127256986,7.349081364775387,3.6810443607791594,1.17941343487025,4.047780597835666,0.005115202618040302,0.4618384701908416,50000,121.32520963187993
2025-09-30,BHAGCHEM,SHORT,A_MOD_BREAK_C1_LOW,MODERATE,2025-09-30 11:00:00+05:30,2025-09-30 11:15:00+05:30,242.5,244.925,240.075,2025-09-30 14:15:00+05:30,240.075,TARGET,0.871235617808932,1.0000000000000047,49.30230236562989,38.31168830472246,39.24050632911387,0.9171058390440445,2.317571435605505,0.004681427393710956,0.7600280573171561,50000,435.617808904466
2025-09-30,FACT,SHORT,A_MOD_BREAK_C1_LOW,MODERATE,2025-09-30 10:30:00+05:30,2025-09-30 10:45:00+05:30,899.6200399999999,908.6162403999999,890.6238395999999,2025-09-30 12:00:00+05:30,890.6238395999999,TARGET,0.871235617808924,1.0000000000000024,31.548378470821696,27.526881720015695,20.72612921669528,0.8657123620053381,2.868128546937346,0.01108839008306384,0.4847253404132596,50000,435.61780890446204
2025-09-30,GARFIBRES,SHORT,A_MOD_BREAK_C1_LOW,MODERATE,2025-09-30 10:30:00+05:30,2025-09-30 10:45:00+05:30,757.1485399999999,764.7200253999999,749.5770545999999,2025-09-30 11:30:00+05:30,764.7200253999999,SL,-1.1313656828414032,-1.0000000000000038,33.797514433242796,15.006640105683843,22.66201974939841,0.9805441432895399,2.9249824094692047,0.007399407670106187,0.5385579415743114,50000,-565.6828414207016
2025-09-30,INNOVACAP,SHORT,A_MOD_BREAK_C1_LOW,MODERATE,2025-09-30 10:30:00+05:30,2025-09-30 10:45:00+05:30,823.0353600000001,831.2657136000001,814.8050064,2025-09-30 11:15:00+05:30,831.2657136000001,SL,-1.131365682841422,-1.0000000000000069,29.847129464442798,27.513227511189598,27.793974732750403,1.2458692144827404,1.2951025757565438,0.0059610578925447764,0.4904891832889487,50000,-565.682841420711
2025-09-30,WEL,SHORT,A_MOD_BREAK_C1_LOW,MODERATE,2025-09-30 10:30:00+05:30,2025-09-30 10:45:00+05:30,140.42999999999998,141.83429999999998,139.02569999999997,2025-09-30 11:00:00+05:30,139.02569999999997,TARGET,0.8712356178089212,1.0000000000000047,31.22798874856967,16.788321164451773,13.611353042969212,2.068320778998771,4.194334118907209,0.006480107341072148,0.678419831228545,50000,435.6178089044606
2025-10-01,LT,SHORT,A_MOD_BREAK_C1_LOW,MODERATE,2025-10-01 10:45:00+05:30,2025-10-01 11:00:00+05:30,3631.07364,3667.3843764000003,3594.7629036,2025-10-01 11:45:00+05:30,3631.436747364,BE,-0.14007803901948782,-0.009999999999997681,25.92481730417151,37.62486126467614,15.41744302201154,1.494321053768712,2.207109529666231,0.0033127946617803944,0.5103784439720971,50000,-70.03901950974391
2025-10-01,NAVA,SHORT,A_MOD_BREAK_C1_LOW,MODERATE,2025-10-01 10:45:00+05:30,2025-10-01 11:00:00+05:30,642.3715,648.795215,635.947785,2025-10-01 11:45:00+05:30,642.4357371499999,BE,-0.140078039019476,-0.009999999999990645,32.78922245841123,37.74834436852741,29.470672389126957,1.173278359654623,1.8395451649438301,0.005686298464033044,0.549139308062919,50000,-70.039019509738
2025-10-01,SANGHIIND,SHORT,A_MOD_BREAK_C1_LOW,MODERATE,2025-10-01 10:30:00+05:30,2025-10-01 10:45:00+05:30,64.06,64.70060000000001,63.4194,2025-10-01 11:45:00+05:30,64.066406,BE,-0.14007803901949242,-0.009999999999997435,27.40085763696267,53.92156859044588,33.12883435582808,2.07656642268658,0.2800476674436702,0.004657174053524092,0.5350152479266235,50000,-70.03901950974621
2025-10-03,BAJAJHLDNG,SHORT,A_MOD_BREAK_C1_LOW,MODERATE,2025-10-03 10:30:00+05:30,2025-10-03 10:45:00+05:30,11806.6382,11924.704582,11688.571817999999,2025-10-03 14:30:00+05:30,11812.0,EOD,-0.175537534815109,-0.04541343529947912,39.52051614483391,18.99999999991134,13.540903540903544,1.3672071149039846,3.310908862225593,0.004783271249576702,0.692068987280706,50000,-87.76876740755449
2025-10-03,PHOENIXLTD,SHORT,A_MOD_BREAK_C1_LOW,MODERATE,2025-10-03 11:00:00+05:30,2025-10-03 11:15:00+05:30,1542.89136,1558.3202736,1527.4624464,2025-10-03 13:00:00+05:30,1558.3202736,SL,-1.1313656828414118,-0.9999999999999991,26.713645930768866,18.52551984828095,20.432933173525758,0.8449001709715782,1.8351563569243583,0.004896928668534788,0.4003200367277771,50000,-565.6828414207059
2025-10-06,DMART,SHORT,A_MOD_BREAK_C1_LOW,MODERATE,2025-10-06 11:00:00+05:30,2025-10-06 11:15:00+05:30,4279.144,4321.93544,4236.35256,2025-10-06 14:30:00+05:30,4290.5,EOD,-0.3957903781716519,-0.26538017883950077,37.423769579863475,25.8857857439087,7.573919807497539,1.3550458967132708,2.6442986556501626,0.0068099414814913675,0.6584895756227744,50000,-197.89518908582596
2025-10-07,CMSINFO,SHORT,A_MOD_BREAK_C1_LOW,MODERATE,2025-10-07 10:30:00+05:30,2025-10-07 10:45:00+05:30,365.27693000000005,368.92969930000004,361.62416070000006,2025-10-07 14:30:00+05:30,363.45,EOD,0.3707347845153471,0.5001492976849267,32.560061655926994,14.847161570236949,6.787740121073555,1.2962529198636543,4.237840619953552,0.0045052088423274544,0.5752451858150445,50000,185.36739225767354
2025-10-07,DIAMINESQ,SHORT,A_MOD_BREAK_C1_LOW,MODERATE,2025-10-07 10:45:00+05:30,2025-10-07 11:00:00+05:30,305.83882,308.8972082,302.7804318,2025-10-07 11:15:00+05:30,302.7804318,TARGET,0.8712356178089254,1.000000000000008,34.57331930830877,32.31578947273171,34.73210587748026,0.6176861631576394,2.141901179640529,0.014909167328258527,0.48669486817721835,50000,435.6178089044627
2025-10-07,JAMNAAUTO,SHORT,A_MOD_BREAK_C1_LOW,MODERATE,2025-10-07 11:15:00+05:30,2025-10-07 11:30:00+05:30,98.45,99.4345,97.4655,2025-10-07 14:30:00+05:30,98.59,EOD,-0.2724541549596364,-0.14220416455053383,50.868459938335214,23.671497568531706,4.584375868780124,1.6002792266694814,2.603588524630483,0.0032846556549734,0.8900488646671592,50000,-136.22707747981818
2025-10-08,FORCEMOT,SHORT,A_MOD_BREAK_C1_LOW,MODERATE,2025-10-08 11:15:00+05:30,2025-10-08 11:30:00+05:30,15687.8618,15844.740418000001,15530.983182,2025-10-08 13:15:00+05:30,15689.43058618,BE,-0.14007803901949104,-0.0099999999999983,29.666679386378,26.123128119739476,10.757547481455736,2.050473961173026,2.455043845143547,0.006727294244021447,0.65500019079567,50000,-70.03901950974551
2025-10-08,HONASA,SHORT,A_MOD_BREAK_C1_LOW,MODERATE,2025-10-08 11:00:00+05:30,2025-10-08 11:15:00+05:30,286.99259,289.8625159,284.1226641,2025-10-08 12:45:00+05:30,287.021289259,BE,-0.14007803901950466,-0.010000000000002372,32.79515858163907,15.021459225663307,7.674998479596188,1.7978728226248126,2.739713540147318,0.005678993935778925,0.6665551226839281,50000,-70.03901950975232
2025-10-08,INDGN,SHORT,A_MOD_BREAK_C1_LOW,MODERATE,2025-10-08 11:15:00+05:30,2025-10-08 11:30:00+05:30,541.34171,546.7551271000001,535.9282929,2025-10-08 12:30:00+05:30,546.7551271000001,SL,-1.131365682841407,-1.000000000000011,62.067842199167885,27.66355140042127,4.021663104662581,1.8472294104688929,3.1204051366111725,0.00600400706508844,0.9332651468320563,50000,-565.6828414207035
2025-10-08,J&KBANK,SHORT,A_MOD_BREAK_C1_LOW,MODERATE,2025-10-08 11:00:00+05:30,2025-10-08 11:15:00+05:30,102.45,103.4745,101.4255,2025-10-08 13:45:00+05:30,102.460245,BE,-0.14007803901948715,-0.009999999999997674,26.964424284330764,4.368932035865896,5.651570220073185,2.307746251564028,3.1293064226144707,0.0036508555821860803,0.6144663642649615,50000,-70.03901950974358
2025-10-08,MAITHANALL,SHORT,A_MOD_BREAK_C1_LOW,MODERATE,2025-10-08 11:00:00+05:30,2025-10-08 11:15:00+05:30,1125.57484,1136.8305884,1114.3190916,2025-10-08 13:00:00+05:30,1125.687397484,BE,-0.14007803901949634,-0.010000000000003145,30.647814376748986,23.192019949315238,7.207207207207446,1.6716062437352852,2.7849574615376524,0.005247062406415758,0.6122483083049097,50000,-70.03901950974816
2025-10-08,MOIL,SHORT,A_MOD_BREAK_C1_LOW,MODERATE,2025-10-08 11:15:00+05:30,2025-10-08 11:30:00+05:30,372.4255,376.149755,368.701245,2025-10-08 14:30:00+05:30,371.4,EOD,0.14565019560548573,0.2753570848397927,32.02462458644705,23.383084573856863,2.1212121212119146,2.198961853195935,3.0073273028255554,0.004765100671140933,0.6903693687967056,50000,72.82509780274286
2025-10-08,MONARCH,SHORT,A_MOD_BREAK_C1_LOW,MODERATE,2025-10-08 11:00:00+05:30,2025-10-08 11:15:00+05:30,312.53748,315.6628548,309.41210520000004,2025-10-08 11:45:00+05:30,312.568733748,BE,-0.14007803901947982,-0.009999999999994643,31.690471415703353,36.871508374120836,38.21138211382176,1.7098377296901828,1.9523902721676636,0.004364317704048982,0.6321981875397154,50000,-70.03901950973992
2025-10-08,TARC,SHORT,A_MOD_BREAK_C1_LOW,MODERATE,2025-10-08 10:45:00+05:30,2025-10-08 11:00:00+05:30,151.81,153.3281,150.2919,2025-10-08 11:15:00+05:30,150.2919,TARGET,0.8712356178089223,1.0000000000000027,37.32263305807569,18.674698789930872,3.3382833223035355,2.0327579832960314,3.596044137267306,0.004859981763317936,0.7698394958711352,50000,435.6178089044612
2025-10-09,GAEL,SHORT,A_PULLBACK_C2_THEN_BREAK_C2_LOW,MODERATE,2025-10-09 10:15:00+05:30,2025-10-09 10:45:00+05:30,104.75,105.7975,103.7025,2025-10-09 11:00:00+05:30,103.7025,TARGET,0.8712356178089109,0.9999999999999996,29.71999606855287,47.40259738105081,30.03773584905646,0.3346780124210623,0.321606709302545,0.004355234460196293,0.28044892866710625,50000,435.61780890445544
2025-10-09,GREENPLY,SHORT,A_MOD_BREAK_C1_LOW,MODERATE,2025-10-09 10:30:00+05:30,2025-10-09 10:45:00+05:30,292.09157,295.0124857,289.17065429999997,2025-10-09 11:45:00+05:30,292.12077915699996,BE,-0.1400780390194689,-0.00999999999998918,26.19773175959859,45.333333327691875,20.634920634920963,1.7535935930861914,0.9635537181111903,0.0050121023935845235,0.5080225410896217,50000,-70.03901950973444
2025-10-09,LUXIND,SHORT,A_MOD_BREAK_C1_LOW,MODERATE,2025-10-09 10:45:00+05:30,2025-10-09 11:00:00+05:30,1284.2431,1297.085531,1271.4006689999999,2025-10-09 13:30:00+05:30,1284.3715243099998,BE,-0.1400780390194926,-0.009999999999992236,26.420047182505343,42.11618257139088,23.9530132788561,1.1613761034470684,1.5236197646884737,0.004552529182879395,0.4357225140752408,50000,-70.0390195097463
2025-10-09,SHALBY,SHORT,A_MOD_BREAK_C1_LOW,MODERATE,2025-10-09 11:00:00+05:30,2025-10-09 11:15:00+05:30,250.89981,253.40880810000002,248.3908119,2025-10-09 11:30:00+05:30,250.924899981,BE,-0.14007803901949933,-0.010000000000003114,32.736583082680745,27.542372878088344,11.857051981097692,1.2282986614616473,2.3084811741494873,0.006081445906391195,0.5660010119959995,50000,-70.03901950974966
2025-10-09,VINCOFE,SHORT,A_MOD_BREAK_C1_LOW,MODERATE,2025-10-09 11:15:00+05:30,2025-10-09 11:30:00+05:30,137.61999999999998,138.9962,136.24379999999996,2025-10-09 11:45:00+05:30,138.9962,SL,-1.1313656828414187,-1.0000000000000084,51.01897084579872,17.20243266515341,10.848119890025151,1.6889083934742437,3.48668364298636,0.0093025667617319,0.9055589688579926,50000,-565.6828414207093
2025-10-10,DEEPAKFERT,SHORT,A_MOD_BREAK_C1_LOW,MODERATE,2025-10-10 10:30:00+05:30,2025-10-10 10:45:00+05:30,1497.80038,1512.7783838,1482.8223761999998,2025-10-10 11:00:00+05:30,1497.950160038,BE,-0.14007803901949772,-0.010000000000001145,47.8693364724365,26.60550458601648,10.978043912175577,1.4453265575757275,2.85782775621818,0.003595029895009885,0.8309721946622997,50000,-70.03901950974885
2025-10-10,MUTHOOTFIN,SHORT,A_MOD_BREAK_C1_LOW,MODERATE,2025-10-10 10:45:00+05:30,2025-10-10 11:00:00+05:30,3177.3644,3209.138044,3145.590756,2025-10-10 14:30:00+05:30,3170.0,EOD,0.10201343192600698,0.23177700360713843,27.005071503561485,26.629570746921402,7.557740077162788,1.2916310994452462,2.7041274742429824,0.004803091231775001,0.49111151495634037,50000,51.00671596300349
2025-10-10,SATIN,SHORT,A_PULLBACK_C2_THEN_BREAK_C2_LOW,MODERATE,2025-10-10 10:45:00+05:30,2025-10-10 11:15:00+05:30,146.42999999999998,147.8943,144.96569999999997,2025-10-10 13:30:00+05:30,146.44464299999999,BE,-0.14007803901950716,-0.010000000000004524,26.307487513871422,49.7041419981093,60.94147582697212,0.6627272455813021,0.4998035336955233,0.005460066571934659,0.29557975736957537,50000,-70.03901950975359
2025-10-13,KIRIINDUS,SHORT,A_MOD_BREAK_C1_LOW,MODERATE,2025-10-13 11:15:00+05:30,2025-10-13 11:30:00+05:30,572.33551,578.0588651,566.6121549,2025-10-13 12:15:00+05:30,566.6121549,TARGET,0.8712356178089276,1.0000000000000084,45.303941196910884,17.675544792990166,12.30985915492982,1.2411613517813622,2.9893518760810025,0.00470409143655716,0.7567623545154016,50000,435.61780890446374
2025-10-13,KNRCON,SHORT,A_MOD_BREAK_C1_LOW,MODERATE,2025-10-13 10:45:00+05:30,2025-10-13 11:00:00+05:30,190.45,192.3545,188.54549999999998,2025-10-13 14:30:00+05:30,190.49,EOD,-0.15109523782632275,-0.021002887897096596,38.47444494287326,14.669926645345114,15.566676401975615,1.2306152303296807,2.882528260309125,0.0033972582215896514,0.652474339450793,50000,-75.54761891316137
2025-10-13,LTTS,SHORT,A_MOD_BREAK_C1_LOW,MODERATE,2025-10-13 11:00:00+05:30,2025-10-13 11:15:00+05:30,4221.1556,4263.367156,4178.944044,2025-10-13 14:30:00+05:30,4232.9,EOD,-0.408654036856163,-0.27822712813523354,40.46505383214594,15.603382013667215,4.346182917611532,1.8428273880591657,3.327893542720738,0.00349294307094817,0.7894706003925431,50000,-204.32701842808152
2025-10-13,MINDACORP,SHORT,A_MOD_BREAK_C1_LOW,MODERATE,2025-10-13 11:15:00+05:30,2025-10-13 11:30:00+05:30,564.5870600000001,570.2329306,558.9411894000001,2025-10-13 11:45:00+05:30,558.9411894000001,TARGET,0.8712356178089236,0.999999999999994,27.6462775335948,21.22699386430152,13.317967994240071,2.1217485080323444,3.3380506132816548,0.008249051833122658,0.624694163003922,50000,435.61780890446175
2025-10-13,PITTIENG,SHORT,A_MOD_BREAK_C1_LOW,MODERATE,2025-10-13 11:00:00+05:30,2025-10-13 11:15:00+05:30,957.95837,967.5379537,948.3787862999999,2025-10-13 13:30:00+05:30,948.3787862999999,TARGET,0.8712356178089246,1.000000000000006,38.10691687620647,24.1666666655387,16.615698267074364,0.9953828530183714,2.147228644586415,0.004759916803960014,0.605795752421312,50000,435.61780890446227
2025-10-13,PNCINFRA,SHORT,A_PULLBACK_C2_THEN_BREAK_C2_LOW,MODERATE,2025-10-13 10:30:00+05:30,2025-10-13 11:00:00+05:30,285.04298,287.89340980000003,282.19255019999997,2025-10-13 14:30:00+05:30,283.8,EOD,0.3065697101955927,0.4360675712834565,40.51187652597079,13.636363632892568,9.493567822829483,0.8622450525806086,2.708111959004118,0.00297827610371408,0.6185710320911684,50000,153.28485509779637
2025-10-13,SIEMENS,SHORT,A_MOD_BREAK_C1_LOW,MODERATE,2025-10-13 10:45:00+05:30,2025-10-13 11:00:00+05:30,3041.3916,3071.805516,3010.977684,2025-10-13 11:15:00+05:30,3041.69573916,BE,-0.14007803901949,-0.009999999999999242,40.94980244259559,7.025411061211756,2.4819415971286936,2.0232687783320595,5.3619058657358964,0.004754867464227076,0.8242470366389338,50000,-70.039019509745
2025-10-13,TATATECH,SHORT,A_MOD_BREAK_C1_LOW,MODERATE,2025-10-13 10:45:00+05:30,2025-10-13 11:00:00+05:30,702.45948,709.4840748,695.4348851999999,2025-10-13 14:30:00+05:30,701.6,EOD,-0.007552929335370298,0.12235296475747787,33.67072363409345,14.153846152626969,6.856125149585967,1.9516073178265727,3.7967692853165937,0.003054110090251247,0.706592135131052,50000,-3.776464667685149
2025-10-14,CENTURYPLY,SHORT,A_MOD_BREAK_C1_LOW,MODERATE,2025-10-14 10:15:00+05:30,2025-10-14 10:30:00+05:30,738.8522,746.240722,731.4636780000001,2025-10-14 11:15:00+05:30,738.92608522,BE,-0.1400780390194834,-0.009999999999995339,58.15477922969211,21.86878727512463,14.237381183925939,1.2581543235342592,3.03773161599677,0.005291362912180785,0.8301770066184953,50000,-70.0390195097417
2025-10-14,CONTROLPR,SHORT,A_MOD_BREAK_C1_LOW,MODERATE,2025-10-14 11:00:00+05:30,2025-10-14 11:15:00+05:30,767.29651,774.9694751000001,759.6235449,2025-10-14 12:30:00+05:30,759.6235449,TARGET,0.8712356178089355,1.0000000000000073,34.873250712871354,25.357142855874883,5.431280493418107,1.9514488415958604,2.8378133636963625,0.00536563573243487,0.7246023079723458,50000,435.6178089044677
2025-10-14,DEEPINDS,SHORT,A_MOD_BREAK_C1_LOW,MODERATE,2025-10-14 10:45:00+05:30,2025-10-14 11:00:00+05:30,467.70644,472.3835044,463.0293756,2025-10-14 11:15:00+05:30,463.0293756,TARGET,0.8712356178089267,1.0000000000000013,51.24342719047216,18.74999999857333,11.288604898828815,1.5442849891463668,3.0601983160184045,0.005977829353203441,0.8802498731006141,50000,435.61780890446335
2025-10-14,GATEWAY,SHORT,A_MOD_BREAK_C1_LOW,MODERATE,2025-10-14 10:15:00+05:30,2025-10-14 10:30:00+05:30,61.1,61.711,60.489000000000004,2025-10-14 14:30:00+05:30,60.64,EOD,0.6237783376139912,0.7528641571194776,45.54452761749105,22.499999973749752,17.26809276289504,1.8725062263935999,2.686997619410203,0.003280181168725035,0.8708565038812457,50000,311.88916880699554
2025-10-14,IFCI,SHORT,A_MOD_BREAK_C1_LOW,MODERATE,2025-10-14 11:15:00+05:30,2025-10-14 11:30:00+05:30,55.300000000000004,55.853,54.74700000000001,2025-10-14 12:15:00+05:30,54.74700000000001,TARGET,0.871235617808914,0.999999999999995,30.5383908934714,21.03004290581889,2.293861117266081,3.1860745776394426,3.426784473846678,0.005456797130988937,0.6680758634020709,50000,435.617808904457
2025-10-14,KIRIINDUS,SHORT,A_MOD_BREAK_C1_LOW,MODERATE,2025-10-14 10:15:00+05:30,2025-10-14 10:30:00+05:30,558.73823,564.3256123000001,553.1508477,2025-10-14 10:45:00+05:30,558.794103823,BE,-0.14007803901948776,-0.009999999999992168,51.50454126862476,23.227383861490623,3.477218225419769,1.9573373228306041,3.5480707760198804,0.005387338795229983,0.9525340314953556,50000,-70.03901950974388
2025-10-14,SCHAEFFLER,SHORT,A_MOD_BREAK_C1_LOW,MODERATE,2025-10-14 11:00:00+05:30,2025-10-14 11:15:00+05:30,3945.2108,3984.662908,3905.758692,2025-10-14 11:45:00+05:30,3905.758692,TARGET,0.8712356178089187,0.9999999999999988,57.33466013133585,9.497816593741547,7.540091099438787,2.0550139486265393,3.7550128142621375,0.004180523423944472,0.96,50000,435.6178089044593
2025-10-14,SYNGENE,SHORT,A_MOD_BREAK_C1_LOW,MODERATE,2025-10-14 11:15:00+05:30,2025-10-14 11:30:00+05:30,621.47568,627.6904368,615.2609232,2025-10-14 12:00:00+05:30,621.537827568,BE,-0.14007803901950341,-0.01000000000000005,43.257824277721916,19.656019654668057,6.773804843090306,2.463303973602434,3.2946714605820366,0.0043563106238879955,0.8588673641658287,50000,-70.03901950975171
2025-10-15,CYIENTDLM,SHORT,A_MOD_BREAK_C1_LOW,MODERATE,2025-10-15 10:15:00+05:30,2025-10-15 10:30:00+05:30,447.9104,452.389504,443.431296,2025-10-15 10:45:00+05:30,447.95519104,BE,-0.14007803901949267,-0.010000000000001539,35.016307978296126,6.382978723111719,12.674094707520958,1.7925595988250707,3.3668667843809374,0.012746861025796093,0.6989425494688293,50000,-70.03901950974632
2025-10-15,LAOPALA,SHORT,A_MOD_BREAK_C1_LOW,MODERATE,2025-10-15 10:00:00+05:30,2025-10-15 10:15:00+05:30,228.44,230.7244,226.1556,2025-10-15 13:30:00+05:30,228.462844,BE,-0.14007803901948868,-0.00999999999999654,40.90529116259717,30.215827332042664,9.77058010856925,1.1387649209023765,2.9357157037874195,0.0043018344496650865,0.6728632285968734,50000,-70.03901950974434
2025-10-15,SINDHUTRAD,SHORT,A_MOD_BREAK_C1_LOW,MODERATE,2025-10-15 10:30:00+05:30,2025-10-15 10:45:00+05:30,25.14,25.3914,24.8886,2025-10-15 13:30:00+05:30,24.8886,TARGET,0.8712356178089143,1.000000000000001,47.20580932456663,45.217391249300555,26.234567901234616,1.1768332280123057,1.6091892238152845,0.007140023800079312,0.754492415961417,50000,435.61780890445715
2025-10-16,RALLIS,SHORT,A_MOD_BREAK_C1_LOW,MODERATE,2025-10-16 10:00:00+05:30,2025-10-16 10:15:00+05:30,290.79183,293.6997483,287.8839117,2025-10-16 10:45:00+05:30,290.820909183,BE,-0.140078039019499,-0.010000000000007447,34.697536639480305,47.2222222130403,32.312925170067786,1.211702953180393,0.22817192680064577,0.004565537555228226,0.5039196627388056,50000,-70.0390195097495
2025-10-17,DCW,SHORT,A_MOD_BREAK_C1_LOW,MODERATE,2025-10-17 10:15:00+05:30,2025-10-17 10:30:00+05:30,64.74000000000001,65.38740000000001,64.0926,2025-10-17 13:00:00+05:30,64.0926,TARGET,0.8712356178089128,1.0000000000000069,34.35552901747652,30.041152246066673,18.692625276272807,1.0293093659385142,2.412116994775003,0.0046399365177331,0.5554620743013878,50000,435.6178089044564
2025-10-17,IRCON,SHORT,A_MOD_BREAK_C1_LOW,MODERATE,2025-10-17 10:15:00+05:30,2025-10-17 10:30:00+05:30,169.7,171.397,168.003,2025-10-17 14:30:00+05:30,168.75,EOD,0.4304745183434434,0.5598114319387087,30.075403767099306,11.59090908722142,12.731412731412581,1.5931613694445814,4.144651627487426,0.003700744354262169,0.5899342961592913,50000,215.2372591717217
2025-10-20,AVANTEL,SHORT,A_MOD_BREAK_C1_LOW,MODERATE,2025-10-20 10:00:00+05:30,2025-10-20 10:15:00+05:30,163.07,164.70069999999998,161.4393,2025-10-20 10:30:00+05:30,163.086307,BE,-0.14007803901951518,-0.01000000000000726,42.80385502552257,5.1305683561541,4.787879219023358,1.372047907118314,6.836675216451677,0.019581393324920596,0.7421662091285435,50000,-70.0390195097576
2025-10-20,GOODLUCK,SHORT,A_MOD_BREAK_C1_LOW,MODERATE,2025-10-20 11:00:00+05:30,2025-10-20 11:15:00+05:30,1212.45746,1224.5820346,1200.3328854000001,2025-10-20 12:45:00+05:30,1224.5820346,SL,-1.1313656828413976,-0.9999999999999966,50.11519050265728,23.488773747273058,15.956558061821084,0.976231184432897,2.602303925428704,0.007857436922895969,0.780840457275757,50000,-565.6828414206988
2025-10-20,GULPOLY,SHORT,A_MOD_BREAK_C1_LOW,MODERATE,2025-10-20 10:15:00+05:30,2025-10-20 10:30:00+05:30,138.67999999999998,140.06679999999997,137.29319999999998,2025-10-20 13:45:00+05:30,138.69386799999998,BE,-0.1400780390194972,-0.010000000000001596,40.87222581917145,36.705882340849634,62.30620155038716,0.5927384961960709,1.1588299996713654,0.0063587029275777324,0.5347541241054524,50000,-70.0390195097486
2025-10-20,JSFB,SHORT,A_MOD_BREAK_C1_LOW,MODERATE,2025-10-20 10:00:00+05:30,2025-10-20 10:15:00+05:30,421.71564,425.93279640000003,417.4984836,2025-10-20 10:45:00+05:30,421.757811564,BE,-0.14007803901950053,-0.01000000000000005,30.02570391133468,8.142857142531355,6.45688513737175,1.3490910736526673,5.269367180913087,0.010172647257955308,0.546476496559237,50000,-70.03901950975026
2025-10-20,POONAWALLA,SHORT,A_MOD_BREAK_C1_LOW,MODERATE,2025-10-20 10:45:00+05:30,2025-10-20 11:00:00+05:30,511.3977,516.511677,506.283723,2025-10-20 11:30:00+05:30,511.44883977,BE,-0.14007803901950416,-0.010000000000003957,50.3530706382706,25.447042640010196,20.3059651633199,1.30779568392508,3.0048364537856593,0.008453870211102449,0.838864244686889,50000,-70.03901950975208
2025-10-20,POWERMECH,SHORT,A_MOD_BREAK_C1_LOW,MODERATE,2025-10-20 10:15:00+05:30,2025-10-20 10:30:00+05:30,2632.87332,2659.2020532,2606.5445868,2025-10-20 13:45:00+05:30,2633.136607332,BE,-0.1400780390194902,-0.009999999999995849,43.50841281370108,15.300546447795114,7.551566540381341,1.1257529611523138,3.007103852831363,0.005085397836877134,0.7096329604071709,50000,-70.0390195097451
2025-10-20,RICOAUTO,SHORT,A_MOD_BREAK_C1_LOW,MODERATE,2025-10-20 10:00:00+05:30,2025-10-20 10:15:00+05:30,84.31,85.15310000000001,83.4669,2025-10-20 13:15:00+05:30,85.15310000000001,SL,-1.1313656828414211,-1.0000000000000082,37.99912155253131,15.019762837538764,6.642242131999349,1.2235049245349157,3.580516572927553,0.004314136834269505,0.6441001850815797,50000,-565.6828414207105
2025-10-20,UTTAMSUGAR,SHORT,A_MOD_BREAK_C1_LOW,MODERATE,2025-10-20 10:15:00+05:30,2025-10-20 10:30:00+05:30,244.97,247.4197,242.5203,2025-10-20 12:45:00+05:30,247.4197,SL,-1.131365682841408,-1.0000000000000029,43.93832513080706,5.113636362958118,5.309157000499566,1.2841884814887603,4.4401462498350694,0.006328929416840593,0.7438078612226389,50000,-565.682841420704
2025-10-23,FORTIS,SHORT,A_MOD_BREAK_C1_LOW,MODERATE,2025-10-23 10:45:00+05:30,2025-10-23 11:00:00+05:30,1082.88338,1093.7122138,1072.0545462,2025-10-23 11:45:00+05:30,1072.0545462,TARGET,0.8712356178089286,0.9999999999999984,26.39656209332993,38.05031446373385,22.72727272727271,1.161325689900659,1.3326593308524457,0.0054341736694678055,0.42581339367518656,50000,435.61780890446425
2025-10-24,AEGISLOG,SHORT,A_MOD_BREAK_C1_LOW,MODERATE,2025-10-24 10:30:00+05:30,2025-10-24 10:45:00+05:30,794.44108,802.3854908000001,786.4966692,2025-10-24 14:00:00+05:30,786.4966692,TARGET,0.8712356178089298,1.0000000000000018,38.012075960963315,35.17915309125431,43.494805108861584,0.7810702016928386,1.431160899724224,0.0037220620852527566,0.5384264696969077,50000,435.6178089044649
2025-10-24,DALBHARAT,SHORT,A_MOD_BREAK_C1_LOW,MODERATE,2025-10-24 10:30:00+05:30,2025-10-24 10:45:00+05:30,2104.6789799999997,2125.7257698,2083.6321901999995,2025-10-24 14:30:00+05:30,2099.2,EOD,0.13059734351598237,0.2603237858155387,35.94739089496643,22.286541244121565,3.206653119281324,1.2250872635329297,3.6475340083895214,0.004076787410120784,0.6136011345427592,50000,65.29867175799119
2025-10-24,EICHERMOT,SHORT,A_MOD_BREAK_C1_LOW,MODERATE,2025-10-24 10:15:00+05:30,2025-10-24 10:30:00+05:30,6839.1319,6907.523219000001,6770.740581,2025-10-24 14:30:00+05:30,6825.0,EOD,0.0768366747067325,0.20663295000934714,43.508678759381986,25.135135134944917,11.854508237580978,1.8576728541351777,4.025459376447353,0.0030953772915187703,0.8377229308643859,50000,38.418337353366255
2025-10-24,PNBGILTS,SHORT,A_MOD_BREAK_C1_LOW,MODERATE,2025-10-24 10:30:00+05:30,2025-10-24 10:45:00+05:30,90.07000000000001,90.97070000000001,89.1693,2025-10-24 14:30:00+05:30,90.079007,BE,-0.14007803901949203,-0.009999999999996534,30.988397023796818,10.232558132871802,11.736631363311533,1.5622755866804747,3.366194405776855,0.0041271249544511,0.5982241830260353,50000,-70.03901950974601
2025-10-24,SHARDAMOTR,SHORT,A_PULLBACK_C2_THEN_BREAK_C2_LOW,MODERATE,2025-10-24 10:45:00+05:30,2025-10-24 11:15:00+05:30,1050.88978,1061.3986778,1040.3808821999999,2025-10-24 13:45:00+05:30,1050.9948689779999,BE,-0.1400780390194918,-0.00999999999999167,26.309260785833672,28.94736841971951,30.582524271844644,0.7696477968056437,1.5615755640518234,0.004612671279337946,0.36740605443108393,50000,-70.03901950974591
2025-10-24,UNIPARTS,SHORT,A_MOD_BREAK_C1_LOW,MODERATE,2025-10-24 10:15:00+05:30,2025-10-24 10:30:00+05:30,465.50688,470.1619488,460.85181120000004,2025-10-24 11:45:00+05:30,460.85181120000004,TARGET,0.8712356178089246,0.9999999999999959,36.94715714348036,11.16838487918794,6.490548975495677,1.6586882414832032,4.553810155927691,0.008126466213833373,0.7044777994117659,50000,435.61780890446227
2025-10-27,ABSLAMC,SHORT,A_MOD_BREAK_C1_LOW,MODERATE,2025-10-27 10:30:00+05:30,2025-10-27 10:45:00+05:30,826.3347,834.598047,818.071353,2025-10-27 11:15:00+05:30,818.071353,TARGET,0.8712356178089045,0.9999999999999943,45.59220441002758,19.732937684639936,20.907776183323065,0.7934504684224277,2.0951689017953092,0.008054619306887922,0.6827368981243385,50000,435.6178089044522
2025-10-27,BLS,SHORT,A_MOD_BREAK_C1_LOW,MODERATE,2025-10-27 10:00:00+05:30,2025-10-27 10:15:00+05:30,314.03718000000003,317.17755180000006,310.8968082,2025-10-27 14:30:00+05:30,314.55,EOD,-0.2935765630616813,-0.163299135471786,36.03233431541911,11.475409834309843,4.6788892761704775,1.234288309640796,3.510318468859372,0.004793711377680823,0.6164854689184258,50000,-146.78828153084066
2025-10-27,GHCLTEXTIL,SHORT,A_MOD_BREAK_C1_LOW,MODERATE,2025-10-27 10:45:00+05:30,2025-10-27 11:00:00+05:30,77.55,78.32549999999999,76.7745,2025-10-27 14:30:00+05:30,77.4,EOD,0.06361014162787897,0.19342359767890582,46.89138107386807,19.047619040564342,29.308176100628874,1.162209150015482,2.1939412811535304,0.009697225949960513,0.7667573173607303,50000,31.805070813939484
2025-10-27,INDIGOPNTS,SHORT,A_MOD_BREAK_C1_LOW,MODERATE,2025-10-27 10:15:00+05:30,2025-10-27 10:30:00+05:30,1020.99576,1031.2057176,1010.7858024,2025-10-27 14:00:00+05:30,1010.7858024,TARGET,0.871235617808932,1.000000000000005,26.32584186368419,28.464419474162767,4.545214312139666,1.0951549882827012,2.702979476508443,0.003560237255889412,0.4465397509047356,50000,435.617808904466
2025-10-27,KPIL,SHORT,A_PULLBACK_C2_THEN_BREAK_C2_LOW,MODERATE,2025-10-27 11:00:00+05:30,2025-10-27 11:30:00+05:30,1235.7528,1248.110328,1223.395272,2025-10-27 12:15:00+05:30,1223.395272,TARGET,0.8712356178089246,1.0000000000000002,34.16343796120475,35.665914220091935,13.644710110954975,1.5830934890347725,1.796376663037043,0.0055957867017774904,0.6393117631510086,50000,435.61780890446227
2025-10-27,NLCINDIA,SHORT,A_MOD_BREAK_C1_LOW,MODERATE,2025-10-27 11:15:00+05:30,2025-10-27 11:30:00+05:30,262.59747,265.2234447,259.97149529999996,2025-10-27 14:15:00+05:30,262.62372974699997,BE,-0.14007803901949042,-0.009999999999993616,27.98919931909672,25.714285703998982,26.282051282051928,1.2236757019727988,1.5549337748737224,0.0030181086519114595,0.4717279263753767,50000,-70.03901950974522
2025-10-28,ADANIENSOL,SHORT,A_MOD_BREAK_C1_LOW,MODERATE,2025-10-28 11:15:00+05:30,2025-10-28 11:30:00+05:30,924.3151,933.558251,915.071949,2025-10-28 13:45:00+05:30,924.40753151,BE,-0.14007803901949495,-0.009999999999998167,29.81382755464615,25.343320848052883,9.2399805460259,1.7623042336595585,2.4817827633971437,0.005400376752516825,0.615610654210115,50000,-70.03901950974748
2025-10-28,BSE,SHORT,A_MOD_BREAK_C1_LOW,MODERATE,2025-10-28 11:00:00+05:30,2025-10-28 11:15:00+05:30,2429.514,2453.8091400000003,2405.21886,2025-10-28 13:00:00+05:30,2429.7569514,BE,-0.14007803901949697,-0.010000000000001568,28.062148992881223,17.295308187449862,2.259187826198158,2.7380677665567594,3.4855443961245833,0.0051263962375073515,0.6309322348932183,50000,-70.03901950974848
2025-10-28,HINDZINC,SHORT,A_MOD_BREAK_C1_LOW,MODERATE,2025-10-28 11:15:00+05:30,2025-10-28 11:30:00+05:30,471.15575,475.86730750000004,466.4441925,2025-10-28 14:30:00+05:30,468.5,EOD,0.4343352113736097,0.5636671100798434,32.46674902510163,16.66666666547009,6.723239044049305,2.3580383073713156,3.583880128043972,0.004718981972428391,0.6970012353765243,50000,217.16760568680485
2025-10-28,KSB,SHORT,A_MOD_BREAK_C1_LOW,MODERATE,2025-10-28 10:00:00+05:30,2025-10-28 10:15:00+05:30,789.842,797.74042,781.94358,2025-10-28 11:30:00+05:30,781.94358,TARGET,0.8712356178089183,0.9999999999999984,26.453653803032616,37.83102143624306,28.205007313918255,1.07262591071848,1.9685351151572839,0.005363915477695511,0.4429410971790874,50000,435.61780890445914
2025-10-29,ANGELONE,SHORT,A_MOD_BREAK_C1_LOW,MODERATE,2025-10-29 10:00:00+05:30,2025-10-29 10:15:00+05:30,2484.10308,2508.9441108,2459.2620491999996,2025-10-29 11:30:00+05:30,2484.351490308,BE,-0.14007803901950866,-0.01000000000000302,29.772794534816697,27.51615881774218,45.83333333333332,0.23822097796834638,2.2522225053116394,0.006709904439921334,0.34828058916671106,50000,-70.03901950975433
2025-10-29,CREDITACC,SHORT,A_MOD_BREAK_C1_LOW,MODERATE,2025-10-29 11:15:00+05:30,2025-10-29 11:30:00+05:30,1390.82178,1404.7299978,1376.9135622,2025-10-29 14:15:00+05:30,1390.960862178,BE,-0.1400780390195064,-0.010000000000005796,38.852160090368116,7.321772639593078,26.694444444444443,1.7468385697654918,2.7743249690089424,0.01346469622331693,0.7484791510644828,50000,-70.0390195097532
2025-10-29,KFINTECH,SHORT,A_MOD_BREAK_C1_LOW,MODERATE,2025-10-29 11:00:00+05:30,2025-10-29 11:15:00+05:30,1119.97596,1131.1757196,1108.7762003999999,2025-10-29 14:30:00+05:30,1122.9,EOD,-0.3914852109973092,-0.2610806039086861,31.030917001232734,19.788918205439458,18.051282051282218,1.5704248686264304,2.78263084095245,0.00914377534623921,0.6002881070281163,50000,-195.7426054986546
2025-10-29,MOTILALOFS,SHORT,A_MOD_BREAK_C1_LOW,MODERATE,2025-10-29 10:30:00+05:30,2025-10-29 10:45:00+05:30,1004.2991,1014.342091,994.2561089999999,2025-10-29 11:00:00+05:30,1004.39952991,BE,-0.14007803901948548,-0.010000000000000255,45.30942857588738,5.982490272292125,6.246312049962774,1.525221120304254,4.478962698542706,0.011612293614481826,0.806555124691555,50000,-70.03901950974274
2025-10-30,AIIL,SHORT,A_MOD_BREAK_C1_LOW,MODERATE,2025-10-30 10:15:00+05:30,2025-10-30 10:30:00+05:30,589.48208,595.3769008,583.5872592,2025-10-30 13:00:00+05:30,583.5872592,TARGET,0.871235617808936,1.0000000000000082,26.743264299152845,10.294117645999691,4.135874877810319,1.0075297297685355,2.8130681426412645,0.004188861985472172,0.43746666719678634,50000,435.617808904468
2025-10-30,UBL,SHORT,A_MOD_BREAK_C1_LOW,MODERATE,2025-10-30 10:45:00+05:30,2025-10-30 11:00:00+05:30,1785.84276,1803.7011876,1767.9843324,2025-10-30 11:15:00+05:30,1786.021344276,BE,-0.14007803901950627,-0.010000000000002117,34.06937764139029,9.63302752272952,47.61363636363649,0.7106748108809775,2.690682731437903,0.007110084409771064,0.4954087565250254,50000,-70.03901950975315
2025-10-31,BANDHANBNK,SHORT,A_MOD_BREAK_C1_LOW,MODERATE,2025-10-31 11:00:00+05:30,2025-10-31 11:15:00+05:30,159.97,161.5697,158.3703,2025-10-31 12:30:00+05:30,158.3703,TARGET,0.8712356178089335,1.000000000000008,45.217607047955994,8.150470218541429,6.389910733659274,1.159175773173785,3.9608930208138324,0.01000597504748825,0.7411198660247522,50000,435.6178089044668
2025-10-31,CHAMBLFERT,SHORT,A_MOD_BREAK_C1_LOW,MODERATE,2025-10-31 10:30:00+05:30,2025-10-31 10:45:00+05:30,477.4045,482.178545,472.630455,2025-10-31 13:00:00+05:30,482.178545,SL,-1.1313656828414047,-1.0000000000000002,42.91816983391446,23.175965662450906,7.500375857243607,1.3390436870776277,3.6040473335974847,0.0032593257083052846,0.7381051927473017,50000,-565.6828414207024
2025-10-31,COHANCE,SHORT,A_MOD_BREAK_C1_LOW,MODERATE,2025-10-31 10:15:00+05:30,2025-10-31 10:30:00+05:30,762.8474,770.475874,755.218926,2025-10-31 10:45:00+05:30,755.218926,TARGET,0.8712356178089196,0.9999999999999978,42.086709169400926,19.327731091527426,5.589862530501647,1.2759394819931862,3.671872836061143,0.004713536790863136,0.7145900468898214,50000,435.61780890445976
2025-10-31,HDFCBANK,SHORT,A_MOD_BREAK_C1_LOW,MODERATE,2025-10-31 10:45:00+05:30,2025-10-31 11:00:00+05:30,988.3023,998.1853229999999,978.419277,2025-10-31 11:30:00+05:30,988.4011302299999,BE,-0.14007803901949648,-0.009999999999997565,30.707830688884954,21.76591375644894,7.780980051899149,2.3429986221227512,2.8888092291978276,0.0037261429365761383,0.6706174603332742,50000,-70.03901950974824
2025-10-31,ICICIBANK,SHORT,A_MOD_BREAK_C1_LOW,MODERATE,2025-10-31 10:45:00+05:30,2025-10-31 11:00:00+05:30,1349.4300600000001,1362.9243606000002,1335.9357594,2025-10-31 14:30:00+05:30,1349.9,EOD,-0.16493540050062594,-0.03482507274218802,27.69265945881078,18.41004183992608,5.229934520417779,1.9664773102675943,3.175957425121735,0.0024537541380660172,0.6195234211789906,50000,-82.46770025031296
2025-10-31,NH,SHORT,A_MOD_BREAK_C1_LOW,MODERATE,2025-10-31 11:15:00+05:30,2025-10-31 11:30:00+05:30,1745.6508,1763.1073079999999,1728.194292,2025-10-31 12:15:00+05:30,1745.82536508,BE,-0.1400780390195083,-0.010000000000005333,29.661424394998733,24.03718459450674,3.416152130124754,2.239982737506749,2.5037229139701465,0.0059039986916346425,0.6549213659249808,50000,-70.03901950975416
2025-10-31,ROUTE,SHORT,A_MOD_BREAK_C1_LOW,MODERATE,2025-10-31 10:30:00+05:30,2025-10-31 10:45:00+05:30,716.3567,723.5202670000001,709.193133,2025-10-31 11:15:00+05:30,716.42833567,BE,-0.14007803901950416,-0.009999999999996905,37.01891393129514,25.213675210657755,11.836734693877476,1.717389201734804,1.5263344922732724,0.004720037481184635,0.6921435438866814,50000,-70.03901950975208
2025-10-31,TECHM,SHORT,A_MOD_BREAK_C1_LOW,MODERATE,2025-10-31 10:45:00+05:30,2025-10-31 11:00:00+05:30,1430.41386,1444.7179986,1416.1097214000001,2025-10-31 14:15:00+05:30,1430.5569013860002,BE,-0.1400780390195123,-0.010000000000003487,44.04501335511484,36.36363636106541,65.6703419786581,0.5296154558437038,1.4518051773731206,0.0027203753618847844,0.5859481639680268,50000,-70.03901950975614
2025-11-03,ACE,SHORT,A_MOD_BREAK_C1_LOW,MODERATE,2025-11-03 11:00:00+05:30,2025-11-03 11:15:00+05:30,1097.7804,1108.7582040000002,1086.802596,2025-11-03 14:30:00+05:30,1095.8,EOD,0.05056998409582433,0.18040037880072782,31.957779314190276,36.249999998413784,20.531216931217077,1.877036617531461,1.924892903580204,0.003948378367830166,0.66409274295987,50000,25.284992047912166
2025-11-03,EMIL,SHORT,A_MOD_BREAK_C1_LOW,MODERATE,2025-11-03 10:30:00+05:30,2025-11-03 10:45:00+05:30,147.32,148.79319999999998,145.8468,2025-11-03 13:45:00+05:30,148.79319999999998,SL,-1.1313656828414,-0.9999999999999943,25.659603198022896,10.373443980389467,6.956244310333093,2.726451358054613,4.839455924045608,0.0038433204737995386,0.5948940479703435,50000,-565.6828414207
2025-11-03,GREENPANEL,SHORT,A_MOD_BREAK_C1_LOW,MODERATE,2025-11-03 10:00:00+05:30,2025-11-03 10:15:00+05:30,281.84362,284.6620562,279.0251838,2025-11-03 12:45:00+05:30,281.871804362,BE,-0.14007803901950497,-0.0099999999999966,34.5545504404322,17.543859647398932,5.520381252477098,1.205352600736351,4.720186862676296,0.005435058024628778,0.5892549617353444,50000,-70.03901950975249
2025-11-03,HGS,SHORT,A_MOD_BREAK_C1_LOW,MODERATE,2025-11-03 10:00:00+05:30,2025-11-03 10:15:00+05:30,511.09776,516.2087376,505.9867824,2025-11-03 12:30:00+05:30,511.14886977599997,BE,-0.14007803901949356,-0.009999999999995242,66.90579568439018,39.71291865851359,23.888888888888903,0.9226414827990421,1.7865012270046154,0.006466209516361096,0.7607873208400631,50000,-70.03901950974678
2025-11-03,OLAELEC,SHORT,A_MOD_BREAK_C1_LOW,MODERATE,2025-11-03 10:45:00+05:30,2025-11-03 11:00:00+05:30,49.400000000000006,49.894000000000005,48.906000000000006,2025-11-03 12:00:00+05:30,49.40494,BE,-0.14007803901948865,-0.009999999999995391,46.70817195873914,27.12933752745073,47.6303143685118,0.1714070991213744,1.7785046036404712,0.009841269841269831,0.5795440519093513,50000,-70.03901950974432
2025-11-03,SHARDACROP,SHORT,A_MOD_BREAK_C1_LOW,MODERATE,2025-11-03 11:15:00+05:30,2025-11-03 11:30:00+05:30,835.8328,844.191128,827.474472,2025-11-03 11:45:00+05:30,827.474472,TARGET,0.8712356178089193,1.0000000000000033,28.974410158224423,14.744645798671527,4.790201393531951,1.6450834816606414,3.7091981377356626,0.008969107356204133,0.5825057616639786,50000,435.6178089044597
2025-11-04,AFFLE,SHORT,A_MOD_BREAK_C1_LOW,MODERATE,2025-11-04 10:15:00+05:30,2025-11-04 10:30:00+05:30,1825.6348,1843.8911480000002,1807.378452,2025-11-04 10:45:00+05:30,1807.378452,TARGET,0.8712356178089177,1.0000000000000062,25.695803223367868,16.85214626372347,9.902840059790812,1.3789822148248756,4.278155002934825,0.007600697512570096,0.48675893594487124,50000,435.6178089044588
2025-11-04,AHLUCONT,SHORT,A_MOD_BREAK_C1_LOW,MODERATE,2025-11-04 11:00:00+05:30,2025-11-04 11:15:00+05:30,929.56405,938.8596904999999,920.2684095,2025-11-04 12:00:00+05:30,920.2684095,TARGET,0.8712356178089197,0.999999999999999,31.8932199378799,35.23985239670344,11.41025641025623,1.538600415453843,1.906492440195405,0.004640264279952375,0.6029779937823914,50000,435.6178089044599
2025-11-04,KALAMANDIR,SHORT,A_MOD_BREAK_C1_LOW,MODERATE,2025-11-04 11:15:00+05:30,2025-11-04 11:30:00+05:30,175.45,177.2045,173.69549999999998,2025-11-04 13:15:00+05:30,175.46754499999997,BE,-0.14007803901948634,-0.009999999999990971,26.79306176693909,18.236173389307822,6.71909683845323,1.6709767830175888,2.4891196306027816,0.005665445665445613,0.5543168635321645,50000,-70.03901950974317
2025-11-04,KPRMILL,SHORT,A_PULLBACK_C2_THEN_BREAK_C2_LOW,MODERATE,2025-11-04 11:00:00+05:30,2025-11-04 11:30:00+05:30,1059.788,1070.38588,1049.19012,2025-11-04 12:30:00+05:30,1059.8939788,BE,-0.14007803901950733,-0.010000000000000245,30.849952073818127,32.20720720619184,20.873402312842085,1.9298329553261029,2.184648897014757,0.005734207373706105,0.6604700482893398,50000,-70.03901950975366
2025-11-04,NTPC,SHORT,A_MOD_BREAK_C1_LOW,MODERATE,2025-11-04 10:30:00+05:30,2025-11-04 10:45:00+05:30,330.68385,333.99068850000003,327.3770115,2025-11-04 14:30:00+05:30,330.2,EOD,0.016443277357324735,0.14631800131757813,42.636431046516876,15.671641787770156,8.562691131498363,1.195905167287392,3.486538593584763,0.0030103582218385695,0.7088298699730466,50000,8.221638678662368
2025-11-04,SPLPETRO,SHORT,A_MOD_BREAK_C1_LOW,MODERATE,2025-11-04 10:00:00+05:30,2025-11-04 10:15:00+05:30,709.858,716.9565799999999,702.75942,2025-11-04 11:00:00+05:30,709.9289858,BE,-0.14007803901949403,-0.010000000000002361,44.514146811473324,12.13114754042688,25.347472055680484,0.731363475036288,3.3834260080204968,0.006644869215291792,0.6557008103034503,50000,-70.03901950974702
2025-11-04,TATAPOWER,SHORT,A_MOD_BREAK_C1_LOW,MODERATE,2025-11-04 10:15:00+05:30,2025-11-04 10:30:00+05:30,400.56987,404.57556869999996,396.5641713,2025-11-04 13:15:00+05:30,400.609926987,BE,-0.14007803901949994,-0.010000000000003504,27.389568590192237,22.891566262485938,7.3210922787192745,1.2439167142567509,2.9460625123132,0.0038855716959272915,0.488528953847815,50000,-70.03901950974998
2025-11-04,WIPRO,SHORT,A_MOD_BREAK_C1_LOW,MODERATE,2025-11-04 11:15:00+05:30,2025-11-04 11:30:00+05:30,232.85,235.17849999999999,230.5215,2025-11-04 14:30:00+05:30,231.75,EOD,0.3429565330227986,0.472407129053036,35.32544529450096,33.720930221579536,15.93095642331631,1.4375360803676127,1.9804497488684085,0.00228436513046945,0.6404729809252672,50000,171.47826651139928
2025-11-06,BDL,SHORT,A_MOD_BREAK_C1_LOW,MODERATE,2025-11-06 10:15:00+05:30,2025-11-06 10:30:00+05:30,1438.01234,1452.3924634,1423.6322166,2025-11-06 13:00:00+05:30,1438.156141234,BE,-0.1400780390194862,-0.00999999999999763,52.13066383161018,1.5128593040526823,2.2650397038289394,2.204224202136561,5.685031640835075,0.005457832162970178,0.96,50000,-70.0390195097431
2025-11-06,CAMS,SHORT,A_MOD_BREAK_C1_LOW,MODERATE,2025-11-06 10:15:00+05:30,2025-11-06 10:30:00+05:30,748.0503600000001,755.5308636000001,740.5698564,2025-11-06 12:45:00+05:30,748.1251650360001,BE,-0.1400780390195127,-0.010000000000005801,68.95655746192256,14.999999999045684,7.2677796123034675,1.5780718257048552,4.334218001291784,0.0038473288272806963,0.8861625694983495,50000,-70.03901950975636
2025-11-06,CONCOR,SHORT,A_MOD_BREAK_C1_LOW,MODERATE,2025-11-06 10:30:00+05:30,2025-11-06 10:45:00+05:30,525.19494,530.4468894,519.9429905999999,2025-11-06 14:30:00+05:30,519.9429905999999,TARGET,0.8712356178089277,1.000000000000011,46.62628455623707,11.607142856417525,3.278870949348726,2.349467185353003,4.725160119898667,0.004915090619858866,0.9093942683435559,50000,435.61780890446386
2025-11-06,EMSLIMITED,SHORT,A_MOD_BREAK_C1_LOW,MODERATE,2025-11-06 11:00:00+05:30,2025-11-06 11:15:00+05:30,476.10476,480.8658076,471.3437124,2025-11-06 11:30:00+05:30,471.3437124,TARGET,0.8712356178089156,0.9999999999999966,68.61288255985156,7.642487046354788,4.400790278214512,1.527886749574196,4.11164160747242,0.011052907281299111,0.8773801811754842,50000,435.6178089044578
2025-11-06,JTLIND,SHORT,A_MOD_BREAK_C1_LOW,MODERATE,2025-11-06 10:30:00+05:30,2025-11-06 10:45:00+05:30,61.92,62.5392,61.3008,2025-11-06 11:00:00+05:30,61.926192,BE,-0.14007803901948687,-0.009999999999997808,53.242585130406226,1.9950124681313781,4.2276013526013925,1.8990714990673567,6.021623594027836,0.006963307398370237,0.9423375123367874,50000,-70.03901950974344
2025-11-06,MGL,SHORT,A_MOD_BREAK_C1_LOW,MODERATE,2025-11-06 11:00:00+05:30,2025-11-06 11:15:00+05:30,1242.45146,1254.8759746,1230.0269454,2025-11-06 13:45:00+05:30,1230.0269454,TARGET,0.8712356178089251,1.0000000000000053,42.71320238706072,10.397553516374046,4.64519474787558,2.121786929031702,3.741619477031273,0.003516554236528497,0.8506980358059106,50000,435.61780890446255
2025-11-06,NETWEB,SHORT,A_MOD_BREAK_C1_LOW,MODERATE,2025-11-06 10:00:00+05:30,2025-11-06 10:15:00+05:30,3424.315,3458.5581500000003,3390.07185,2025-11-06 10:30:00+05:30,3424.6574315,BE,-0.14007803901947902,-0.009999999999992633,49.039263672969994,9.237057220673236,4.640665417865074,1.8672605168825347,5.721033255894863,0.012397710550560078,0.9223595455489935,50000,-70.03901950973952
2025-11-06,TATAELXSI,SHORT,A_MOD_BREAK_C1_LOW,MODERATE,2025-11-06 10:30:00+05:30,2025-11-06 10:45:00+05:30,5253.949,5306.48849,5201.4095099999995,2025-11-06 13:00:00+05:30,5254.474394899999,BE,-0.14007803901950455,-0.009999999999996387,41.952497236958564,17.927170868206744,1.9125683060109289,2.150634001353082,4.257308758359754,0.004002990349327171,0.8392874585543784,50000,-70.03901950975228
2025-11-07,ABREL,SHORT,A_MOD_BREAK_C1_LOW,MODERATE,2025-11-07 10:00:00+05:30,2025-11-07 10:15:00+05:30,1775.3448600000002,1793.0983086,1757.5914114000002,2025-11-07 11:00:00+05:30,1793.0983086,SL,-1.131365682841399,-0.9999999999999974,33.2085886272765,12.636165576956941,11.405644660066725,0.9956976954378459,3.631060955179567,0.004910463342166553,0.5323759261107706,50000,-565.6828414206994
2025-11-07,KPIL,SHORT,A_MOD_BREAK_C1_LOW,MODERATE,2025-11-07 11:00:00+05:30,2025-11-07 11:15:00+05:30,1279.3440799999998,1292.1375208,1266.5506391999998,2025-11-07 12:00:00+05:30,1292.1375208,SL,-1.1313656828414003,-1.0000000000000078,36.339041450418634,12.114014251378862,13.310238588730314,0.9223605626394671,2.4701241341886693,0.005284598214285742,0.5664987202181861,50000,-565.6828414207001
2025-11-07,SUPREMEIND,SHORT,A_MOD_BREAK_C1_LOW,MODERATE,2025-11-07 10:00:00+05:30,2025-11-07 10:15:00+05:30,3803.2392,3841.271592,3765.206808,2025-11-07 11:00:00+05:30,3765.206808,TARGET,0.8712356178089214,1.000000000000002,27.233984851734448,21.88328912426209,12.955675630260929,0.6687700758839022,3.0131790208110125,0.0031677181913774936,0.38554453605569966,50000,435.61780890446073
2025-11-07,ZYDUSWELL,SHORT,A_MOD_BREAK_C1_LOW,MODERATE,2025-11-07 10:00:00+05:30,2025-11-07 10:15:00+05:30,438.46229,442.8469129,434.0776671,2025-11-07 11:30:00+05:30,442.8469129,SL,-1.13136568284141,-1.0000000000000024,25.517481390500247,21.658986173717963,20.056497175141093,0.8105509925164156,2.455188425367677,0.009688817964208367,0.3846086445478764,50000,-565.682841420705
2025-11-10,ESCORTS,SHORT,A_MOD_BREAK_C1_LOW,MODERATE,2025-11-10 11:00:00+05:30,2025-11-10 11:15:00+05:30,3587.48236,3623.3571836,3551.6075364,2025-11-10 12:45:00+05:30,3551.6075364,TARGET,0.8712356178089227,1.0000000000000036,32.17841715534144,31.009023789635535,20.848496642989073,0.958470300221881,2.00410743238604,0.004060929873314913,0.5104085598689507,50000,435.61780890446136
2025-11-10,GANECOS,SHORT,A_MOD_BREAK_C1_LOW,MODERATE,2025-11-10 10:30:00+05:30,2025-11-10 10:45:00+05:30,1078.98416,1089.7740016,1068.1943184,2025-11-10 11:00:00+05:30,1068.1943184,TARGET,0.8712356178089177,1.0000000000000042,61.98768612081492,8.316430020165924,20.84156209584402,1.5926362100101803,4.341591330767139,0.012952204911539495,0.8887113367517816,50000,435.6178089044588
2025-11-10,KAMATHOTEL,SHORT,A_MOD_BREAK_C1_LOW,MODERATE,2025-11-10 10:30:00+05:30,2025-11-10 10:45:00+05:30,230.04999999999998,232.35049999999998,227.74949999999998,2025-11-10 11:00:00+05:30,230.07300499999997,BE,-0.14007803901948446,-0.009999999999992832,43.30786629166493,4.0579710143829,8.273513443383736,1.3856761905755355,5.4888961882682,0.024410930175178872,0.7521113277256926,50000,-70.03901950974223
2025-11-10,MEDANTA,SHORT,A_MOD_BREAK_C1_LOW,MODERATE,2025-11-10 10:00:00+05:30,2025-11-10 10:15:00+05:30,1192.7614,1204.689014,1180.8337860000001,2025-11-10 10:45:00+05:30,1180.8337860000001,TARGET,0.8712356178089301,0.9999999999999957,29.748041171198388,13.65360303389231,6.877127544640854,2.0728112394101195,5.5632733935770355,0.007226679439588077,0.6562206175679759,50000,435.61780890446505
2025-11-10,OLECTRA,SHORT,A_MOD_BREAK_C1_LOW,MODERATE,2025-11-10 10:15:00+05:30,2025-11-10 10:30:00+05:30,1502.59942,1517.6254142,1487.5734258,2025-11-10 10:45:00+05:30,1502.749679942,BE,-0.14007803901950994,-0.010000000000003187,26.823473968416966,49.770290963710934,31.802472317473477,1.5506050421281117,0.24372978217911964,0.006786664133738574,0.44589448100763,50000,-70.03901950975498
2025-11-10,SHK,SHORT,A_MOD_BREAK_C1_LOW,MODERATE,2025-11-10 10:00:00+05:30,2025-11-10 10:15:00+05:30,192.98,194.9098,191.0502,2025-11-10 10:30:00+05:30,192.99929799999998,BE,-0.14007803901949537,-0.009999999999995879,28.41570897148301,7.796610169121635,3.627987188884125,1.5668288198144382,6.323075103573702,0.014663557333254619,0.5604306780397719,50000,-70.03901950974769
2025-11-11,CHALET,SHORT,A_MOD_BREAK_C1_LOW,MODERATE,2025-11-11 10:00:00+05:30,2025-11-11 10:15:00+05:30,895.22092,904.1731292,886.2687108,2025-11-11 12:30:00+05:30,895.310442092,BE,-0.14007803901950597,-0.010000000000004285,31.303468367048993,48.31858406840203,23.879190007432772,0.9343700296950744,1.6120535501543225,0.004473996637530584,0.47366945821008904,50000,-70.03901950975299
2025-11-11,ORIENTCEM,SHORT,A_MOD_BREAK_C1_LOW,MODERATE,2025-11-11 11:15:00+05:30,2025-11-11 11:30:00+05:30,192.04999999999998,193.9705,190.12949999999998,2025-11-11 12:30:00+05:30,192.06920499999998,BE,-0.14007803901949448,-0.009999999999999726,49.14107075737571,10.705882351177863,5.35534480739964,2.027573467562318,3.6019238793965895,0.005629215404864778,0.9471160613606355,50000,-70.03901950974725
2025-11-11,PETRONET,SHORT,A_MOD_BREAK_C1_LOW,MODERATE,2025-11-11 10:30:00+05:30,2025-11-11 10:45:00+05:30,266.19675,268.8587175,263.5347825,2025-11-11 11:00:00+05:30,266.223369675,BE,-0.14007803901949933,-0.01000000000000236,31.38156312481015,5.594405593310626,8.268979865298512,1.6191293889079388,3.336920404691538,0.0043042184022097545,0.6140710899310415,50000,-70.03901950974966
2025-11-11,POWERGRID,SHORT,A_MOD_BREAK_C1_LOW,MODERATE,2025-11-11 10:30:00+05:30,2025-11-11 10:45:00+05:30,265.04698,267.6974498,262.3965102,2025-11-11 12:00:00+05:30,267.6974498,SL,-1.1313656828413943,-0.9999999999999984,44.09182441493466,15.107913666021503,9.533239038189064,1.316919876583043,3.427077794918592,0.0035545980880570555,0.7518383446260524,50000,-565.6828414206972
2025-11-11,SUBROS,SHORT,A_MOD_BREAK_C1_LOW,MODERATE,2025-11-11 10:15:00+05:30,2025-11-11 10:30:00+05:30,909.818,918.9161799999999,900.71982,2025-11-11 10:45:00+05:30,900.71982,TARGET,0.8712356178089218,0.9999999999999953,37.9262231077574,18.131101812933167,3.5134468574581383,1.321405328325689,4.6439031542529845,0.015853849772620342,0.6601392790733567,50000,435.6178089044609
2025-11-11,UTIAMC,SHORT,A_MOD_BREAK_C1_LOW,MODERATE,2025-11-11 10:30:00+05:30,2025-11-11 10:45:00+05:30,1178.16432,1189.9459632,1166.3826768000001,2025-11-11 12:00:00+05:30,1178.282136432,BE,-0.1400780390194775,-0.009999999999993792,25.57683869453084,16.66666666601853,5.062319097406692,1.5147602166818845,3.3449668167851523,0.00396825396825394,0.5087356183372924,50000,-70.03901950973874
2025-11-12,SURYAROSNI,SHORT,A_MOD_BREAK_C1_LOW,MODERATE,2025-11-12 11:15:00+05:30,2025-11-12 11:30:00+05:30,278.4443,281.228743,275.659857,2025-11-12 12:00:00+05:30,281.228743,SL,-1.1313656828413998,-1.0000000000000036,26.416028240802756,27.13178294500024,3.280060882800608,1.6876006584654994,2.2674549916601756,0.021579783689579152,0.5515705388435037,50000,-565.6828414206999
2025-11-14,AGARIND,SHORT,A_MOD_BREAK_C1_LOW,MODERATE,2025-11-14 10:00:00+05:30,2025-11-14 10:15:00+05:30,811.6376399999999,819.7540164,803.5212635999999,2025-11-14 11:30:00+05:30,819.7540164,SL,-1.1313656828414096,-1.0000000000000044,35.346551284168434,31.014304290722748,9.42432683379759,0.5470315818889678,2.738191149792707,0.010285784676028588,0.48592879609309586,50000,-565.6828414207048
2025-11-14,BBL,SHORT,A_MOD_BREAK_C1_LOW,MODERATE,2025-11-14 10:30:00+05:30,2025-11-14 10:45:00+05:30,2918.4162,2947.600362,2889.232038,2025-11-14 14:30:00+05:30,2931.3,EOD,-0.5721047017950507,-0.4414654770625267,44.698835687182054,26.19372441969115,0.0,1.4574535226811127,2.5392367177573907,0.003335290950912755,0.7855369017769256,50000,-286.05235089752534
2025-11-14,COFORGE,SHORT,A_MOD_BREAK_C1_LOW,MODERATE,2025-11-14 10:15:00+05:30,2025-11-14 10:30:00+05:30,1777.94434,1795.7237834,1760.1648966,2025-11-14 12:45:00+05:30,1778.122134434,BE,-0.14007803901949872,-0.009999999999994751,32.8044742627516,14.166666666336113,7.408366206443337,1.459732109591418,4.264989228388836,0.004107674887370203,0.607520233119772,50000,-70.03901950974937
2025-11-14,GMMPFAUDLR,SHORT,A_MOD_BREAK_C1_LOW,MODERATE,2025-11-14 10:15:00+05:30,2025-11-14 10:30:00+05:30,1223.7552,1235.992752,1211.517648,2025-11-14 12:00:00+05:30,1235.992752,SL,-1.131365682841398,-1.000000000000004,37.56438939068404,21.25205930758237,2.070437607785079,1.3309400281023642,4.084663321927176,0.005992741022558851,0.6563803457781743,50000,-565.682841420699
2025-11-14,IEX,SHORT,A_MOD_BREAK_C1_LOW,MODERATE,2025-11-14 10:30:00+05:30,2025-11-14 10:45:00+05:30,137.29999999999998,138.67299999999997,135.927,2025-11-14 14:30:00+05:30,137.31,EOD,-0.13735782676480982,-0.007283321194478752,34.324291454127675,18.30985914770889,9.977972439936957,1.2071492265115995,2.7962341317623705,0.0038253240610804976,0.5861154864514451,50000,-68.67891338240491
2025-11-14,INFY,SHORT,A_MOD_BREAK_C1_LOW,MODERATE,2025-11-14 10:00:00+05:30,2025-11-14 10:15:00+05:30,1505.1989,1520.2508890000001,1490.146911,2025-11-14 14:00:00+05:30,1490.146911,TARGET,0.8712356178089236,1.000000000000003,28.227734193912045,14.358108107768544,1.8031071399822807,1.4623389312673016,5.3223293943563785,0.004052516826239475,0.5393253258804585,50000,435.61780890446175
2025-11-14,MARATHON,SHORT,A_MOD_BREAK_C1_LOW,MODERATE,2025-11-14 10:00:00+05:30,2025-11-14 10:15:00+05:30,563.8872,569.526072,558.248328,2025-11-14 10:45:00+05:30,563.94358872,BE,-0.1400780390194979,-0.009999999999995148,40.71241065515605,19.93517017737709,9.247858236424692,0.835626420151396,3.3219090902759536,0.006832573454913858,0.616920783353835,50000,-70.03901950974894
2025-11-14,NLCINDIA,SHORT,A_MOD_BREAK_C1_LOW,MODERATE,2025-11-14 10:30:00+05:30,2025-11-14 10:45:00+05:30,257.39851,259.9724951,254.82452489999997,2025-11-14 12:45:00+05:30,257.42424985099996,BE,-0.1400780390194722,-0.009999999999987916,30.26541649789961,13.076923074106091,6.933933933933983,1.4184603651051175,2.683316603769956,0.00450675319632802,0.5622118113618897,50000,-70.0390195097361
2025-11-17,GENESYS,SHORT,A_MOD_BREAK_C1_LOW,MODERATE,2025-11-17 10:45:00+05:30,2025-11-17 11:00:00+05:30,460.9078,465.516878,456.298722,2025-11-17 11:15:00+05:30,456.298722,TARGET,0.8712356178089173,1.0000000000000022,29.801927206914783,15.548281505015652,6.850177985022576,1.5243676273593265,3.3157803342057943,0.009833024118738407,0.5737932428916039,50000,435.6178089044586
2025-11-17,GMMPFAUDLR,SHORT,A_MOD_BREAK_C1_LOW,MODERATE,2025-11-17 11:00:00+05:30,2025-11-17 11:15:00+05:30,1202.55944,1214.5850344,1190.5338456,2025-11-17 12:15:00+05:30,1202.679695944,BE,-0.14007803901949062,-0.010000000000005333,48.96333974587835,28.29373650022457,7.436007436007355,1.950948521178998,2.7039903481489223,0.00556478405315613,0.9358660873945,50000,-70.03901950974532
2025-11-17,INDNIPPON,SHORT,A_MOD_BREAK_C1_LOW,MODERATE,2025-11-17 10:00:00+05:30,2025-11-17 10:15:00+05:30,902.76941,911.7971041,893.7417159,2025-11-17 10:45:00+05:30,902.859686941,BE,-0.14007803901948448,-0.009999999999995172,43.08882008169672,23.64818617362694,10.671237594314567,0.7733568486780089,2.6317508305262263,0.0191540303272147,0.6416697497441022,50000,-70.03901950974225
2025-11-17,VIPIND,SHORT,A_MOD_BREAK_C1_LOW,MODERATE,2025-11-17 10:00:00+05:30,2025-11-17 10:15:00+05:30,388.9222,392.811422,385.03297799999996,2025-11-17 13:00:00+05:30,388.96109221999995,BE,-0.1400780390194815,-0.009999999999994786,25.848272731125366,15.415019761140087,7.89473684210532,1.3457930247596075,2.531750738385885,0.006068674256334937,0.48323787029981174,50000,-70.03901950974075
2025-11-18,DBREALTY,SHORT,A_MOD_BREAK_C1_LOW,MODERATE,2025-11-18 10:00:00+05:30,2025-11-18 10:15:00+05:30,137.95,139.3295,136.57049999999998,2025-11-18 10:30:00+05:30,137.96379499999998,BE,-0.1400780390194789,-0.009999999999990988,41.13582779656808,14.213197967018274,1.7133655394523857,1.3860488099021606,5.443957321192872,0.006940993788819919,0.7195959586813994,50000,-70.03901950973946
2025-11-18,EMSLIMITED,SHORT,A_MOD_BREAK_C1_LOW,MODERATE,2025-11-18 10:15:00+05:30,2025-11-18 10:30:00+05:30,461.9076,466.526676,457.288524,2025-11-18 11:00:00+05:30,461.95379076,BE,-0.14007803901949342,-0.010000000000000384,57.841745646993566,21.83098591334047,5.3565062388591,1.2481216127084473,3.5233647620012793,0.0047077922077921885,0.8284212822239783,50000,-70.03901950974671
2025-11-18,LATENTVIEW,SHORT,A_MOD_BREAK_C1_LOW,MODERATE,2025-11-18 10:00:00+05:30,2025-11-18 10:15:00+05:30,467.4065,472.080565,462.732435,2025-11-18 10:45:00+05:30,467.45324065,BE,-0.14007803901949067,-0.010000000000000819,26.76859983926999,14.83870967652544,5.1592486729278075,1.9452449655773612,4.833692789715054,0.005798319327731091,0.601946866565088,50000,-70.03901950974533
2025-11-18,NATIONALUM,SHORT,A_MOD_BREAK_C1_LOW,MODERATE,2025-11-18 10:15:00+05:30,2025-11-18 10:30:00+05:30,255.528884,258.08417284,252.97359516,2025-11-18 14:30:00+05:30,256.4,EOD,-0.4714154910845989,-0.3409070576929269,32.07446064550106,24.32216905629582,17.734617379000138,1.0926454820783904,3.3423829817312694,0.005652620760534425,0.5323298690462344,50000,-235.70774554229945
2025-11-18,SKFINDIA,SHORT,A_MOD_BREAK_C1_LOW,MODERATE,2025-11-18 10:30:00+05:30,2025-11-18 10:45:00+05:30,2017.5964,2037.772364,1997.4204359999999,2025-11-18 12:15:00+05:30,1997.4204359999999,TARGET,0.871235617808918,1.000000000000001,32.27787786897978,8.350305498862866,7.752692342707378,0.9861386440119303,3.2857097134406503,0.007457140025765583,0.5167424307367845,50000,435.61780890445897
2025-11-18,VASCONEQ,SHORT,A_MOD_BREAK_C1_LOW,MODERATE,2025-11-18 10:00:00+05:30,2025-11-18 10:15:00+05:30,55.650000000000006,56.206500000000005,55.093500000000006,2025-11-18 11:15:00+05:30,55.655565,BE,-0.1400780390195,-0.009999999999994888,28.766332691377308,4.195804193750234,5.305569583344881,1.4405858327326377,4.417324815486087,0.006364288275367486,0.5435975110988711,50000,-70.03901950974999
2025-11-18,VINCOFE,SHORT,A_MOD_BREAK_C1_LOW,MODERATE,2025-11-18 10:00:00+05:30,2025-11-18 10:15:00+05:30,166.14999999999998,167.81149999999997,164.4885,2025-11-18 10:45:00+05:30,164.4885,TARGET,0.8712356178089118,0.9999999999999938,29.524586308657934,21.26514131497008,5.714277318973962,1.1764088193787798,3.6564317509617554,0.005503759398496242,0.5087403380211555,50000,435.61780890445584
2025-11-18,WHIRLPOOL,SHORT,A_MOD_BREAK_C1_LOW,MODERATE,2025-11-18 11:00:00+05:30,2025-11-18 11:15:00+05:30,1209.85798,1221.9565598,1197.7594002,2025-11-18 12:00:00+05:30,1209.978965798,BE,-0.1400780390194929,-0.009999999999999374,27.36978019912661,13.687150837453288,6.0005883600490515,1.6935911638236976,2.4916678172919657,0.0052870714580751975,0.5669251566560463,50000,-70.03901950974645
2025-11-19,CGPOWER,SHORT,A_MOD_BREAK_C1_LOW,MODERATE,2025-11-19 11:00:00+05:30,2025-11-19 11:15:00+05:30,723.6552399999999,730.8917924,716.4186875999999,2025-11-19 12:45:00+05:30,723.727605524,BE,-0.14007803901950786,-0.010000000000002741,47.309776655575035,4.675324674985106,2.831653691605013,1.793055681927506,4.265937343558818,0.0034384774007676384,0.8834313941709391,50000,-70.03901950975393
2025-11-19,COHANCE,SHORT,A_MOD_BREAK_C1_LOW,MODERATE,2025-11-19 10:45:00+05:30,2025-11-19 11:00:00+05:30,575.98478,581.7446278,570.2249322,2025-11-19 11:15:00+05:30,581.7446278,SL,-1.1313656828414018,-0.9999999999999981,26.744087959162584,16.041397153364684,2.595722738048622,2.0118899662525176,4.538746002830284,0.007175048906718193,0.6111613193874388,50000,-565.6828414207009
2025-11-19,DLF,SHORT,A_MOD_BREAK_C1_LOW,MODERATE,2025-11-19 11:00:00+05:30,2025-11-19 11:15:00+05:30,741.6516399999999,749.0681563999999,734.2351236,2025-11-19 14:30:00+05:30,744.3,EOD,-0.48761896313185665,-0.3570894820646558,44.88297293448956,10.948905108743162,14.859379198755981,1.3190835336548556,3.197947229306308,0.004149297700076089,0.7640842124069431,50000,-243.8094815659283
2025-11-19,FINPIPE,SHORT,A_MOD_BREAK_C1_LOW,MODERATE,2025-11-19 10:30:00+05:30,2025-11-19 10:45:00+05:30,181.2,183.012,179.38799999999998,2025-11-19 14:30:00+05:30,179.8,EOD,0.6435668165208428,0.7726269315673164,43.732164172756676,4.6403712281914125,8.105747256690945,2.2724724920957087,4.815471106764451,0.0031921182266009605,0.8659824625913501,50000,321.7834082604214
2025-11-19,GANECOS,SHORT,A_MOD_BREAK_C1_LOW,MODERATE,2025-11-19 11:15:00+05:30,2025-11-19 11:30:00+05:30,901.8196,910.837796,892.801404,2025-11-19 13:00:00+05:30,901.90978196,BE,-0.1400780390194991,-0.009999999999999483,30.831661870943066,23.632385119626207,7.604790244980823,1.729141657379408,2.2186215736348847,0.007938266719430133,0.6250747181055423,50000,-70.03901950974955
2025-11-19,ICICIPRULI,SHORT,A_MOD_BREAK_C1_LOW,MODERATE,2025-11-19 11:15:00+05:30,2025-11-19 11:30:00+05:30,618.8262100000001,625.0144721,612.6379479000001,2025-11-19 13:45:00+05:30,612.6379479000001,TARGET,0.8712356178089118,0.9999999999999959,31.274952040630573,14.545454543973563,4.606891717233395,1.671014382108844,2.6319816013577118,0.003259339594342017,0.6215517974785063,50000,435.61780890445584
2025-11-19,JKTYRE,SHORT,A_MOD_BREAK_C1_LOW,MODERATE,2025-11-19 11:00:00+05:30,2025-11-19 11:15:00+05:30,447.4105,451.884605,442.936395,2025-11-19 14:30:00+05:30,447.45524105,BE,-0.14007803901948945,-0.009999999999993413,60.34789404058583,24.27884615221204,18.93802893802891,1.664065237550552,2.9932698505410036,0.005881226359385237,0.9012114165713465,50000,-70.03901950974473
2025-11-19,VAIBHAVGBL,SHORT,A_MOD_BREAK_C1_LOW,MODERATE,2025-11-19 10:00:00+05:30,2025-11-19 10:15:00+05:30,249.99999000000003,252.49998990000003,247.49999010000002,2025-11-19 10:30:00+05:30,252.49998990000003,SL,-1.1313656828414176,-1.0000000000000022,64.39635046766043,10.416666665451771,6.415343915343947,1.4752048724825406,4.897644428428616,0.00609878024395124,0.8681608526844447,50000,-565.6828414207088
2025-11-20,SWARAJENG,SHORT,A_MOD_BREAK_C1_LOW,MODERATE,2025-11-20 11:15:00+05:30,2025-11-20 11:30:00+05:30,3681.3635799999997,3718.1772158,3644.5499441999996,2025-11-20 11:45:00+05:30,3681.7317163579996,BE,-0.14007803901949745,-0.009999999999997325,30.74755793235187,28.596338273583115,10.443620038330225,1.6660735785245244,3.3825718301665417,0.007259616130583858,0.6127762452270697,50000,-70.03901950974873
2025-11-20,WCIL,SHORT,A_MOD_BREAK_C1_LOW,MODERATE,2025-11-20 10:15:00+05:30,2025-11-20 10:30:00+05:30,116.15,117.31150000000001,114.9885,2025-11-20 11:45:00+05:30,114.9885,TARGET,0.8712356178089258,1.000000000000003,33.82671739695981,10.851063826555105,2.0664813877567614,1.4806608780592774,3.3054566346639978,0.007825178264076735,0.6265164146147706,50000,435.6178089044629
2025-11-21,ABSLAMC,SHORT,A_MOD_BREAK_C1_LOW,MODERATE,2025-11-21 10:45:00+05:30,2025-11-21 11:00:00+05:30,729.9039899999999,737.2030298999999,722.6049500999999,2025-11-21 14:30:00+05:30,734.05,EOD,-0.6988251113938351,-0.5680212818127007,35.305446817661206,25.107296135830495,4.697259491863872,2.918368836855585,2.7400293664459077,0.004787005163511192,0.739581702264918,50000,-349.41255569691754
2025-11-21,DIXON,SHORT,A_MOD_BREAK_C1_LOW,MODERATE,2025-11-21 10:45:00+05:30,2025-11-21 11:00:00+05:30,15049.9894,15200.489294,14899.489506,2025-11-21 11:30:00+05:30,15051.49439894,BE,-0.14007803901949029,-0.009999999999996649,47.06139630538512,9.382151029718216,6.990699069907009,1.443280846582526,3.7360312266034654,0.004297382675761054,0.8184950927327188,50000,-70.03901950974515
2025-11-21,GPTINFRA,SHORT,A_MOD_BREAK_C1_LOW,MODERATE,2025-11-21 10:45:00+05:30,2025-11-21 11:00:00+05:30,102.7,103.727,101.673,2025-11-21 11:15:00+05:30,102.71027000000001,BE,-0.14007803901950014,-0.010000000000005407,53.44385312431661,13.559322025854442,12.143684525400568,1.5610988017415,3.183742563132356,0.0033907726514730376,0.8831922903047624,50000,-70.03901950975008
2025-11-21,HINDZINC,SHORT,A_MOD_BREAK_C1_LOW,MODERATE,2025-11-21 10:15:00+05:30,2025-11-21 10:30:00+05:30,464.907,469.55607,460.25793,2025-11-21 14:30:00+05:30,462.25,EOD,0.44219045684269653,0.5715121518927404,33.403732989541474,11.59999999870071,4.285205911222097,1.5135420175639658,4.329195372378074,0.0033238658171489775,0.6259258479168162,50000,221.09522842134825
2025-11-21,HSCL,SHORT,A_MOD_BREAK_C1_LOW,MODERATE,2025-11-21 11:00:00+05:30,2025-11-21 11:15:00+05:30,440.9118,445.320918,436.50268200000005,2025-11-21 14:30:00+05:30,441.25,EOD,-0.20686948182786288,-0.07670468334028985,33.56416317891119,9.259259258058975,2.859164897381413,1.6852846990205286,3.1780124279684534,0.004016389460216692,0.6583872700122602,50000,-103.43474091393144
2025-11-21,MANINFRA,SHORT,A_MOD_BREAK_C1_LOW,MODERATE,2025-11-21 10:45:00+05:30,2025-11-21 11:00:00+05:30,122.89,124.1189,121.6611,2025-11-21 14:30:00+05:30,122.51,EOD,0.17955678140153197,0.3092196273089718,44.461067354470266,12.37373736936243,3.6386393046705883,1.7466567158172535,4.360170613734785,0.004465011496388507,0.8325809355850733,50000,89.77839070076598
2025-11-21,NHPC,SHORT,A_MOD_BREAK_C1_LOW,MODERATE,2025-11-21 11:00:00+05:30,2025-11-21 11:15:00+05:30,79.14,79.9314,78.3486,2025-11-21 14:30:00+05:30,78.95,EOD,0.1103280980899898,0.24008086934546088,31.249116352300533,8.33333332361073,9.506649506649447,1.9045964327381222,3.138599554571211,0.002840909090909083,0.6620411210136794,50000,55.164049044994904
2025-11-21,PNB,SHORT,A_MOD_BREAK_C1_LOW,MODERATE,2025-11-21 10:45:00+05:30,2025-11-21 11:00:00+05:30,122.28,123.50280000000001,121.0572,2025-11-21 14:30:00+05:30,123.22,EOD,-0.8997923888342492,-0.768727510631336,33.04683400910068,14.417177907918955,3.7464245835691155,1.6849507676786784,3.483077871509269,0.0034269367738922157,0.6505688944802788,50000,-449.89619441712455
2025-11-24,BAJAJCON,SHORT,B_HUGE_RED_FAILED_BOUNCE,HUGE,2025-11-24 10:00:00+05:30,2025-11-24 11:30:00+05:30,257.49849,260.0734749,254.9235051,2025-11-24 11:45:00+05:30,257.524239849,BE,-0.14007803901950866,-0.010000000000008405,45.036659816039084,16.37630661861124,13.863320732200762,1.7724268993979124,5.542412100507729,0.006614526998918369,0.8857246046352208,50000,-70.03901950975433
2025-11-24,CERA,SHORT,A_MOD_BREAK_C1_LOW,MODERATE,2025-11-24 10:45:00+05:30,2025-11-24 11:00:00+05:30,5449.9098,5504.408898000001,5395.410702,2025-11-24 11:15:00+05:30,5450.45479098,BE,-0.1400780390194904,-0.009999999999999374,53.606261915162186,5.141388174770185,2.41445249597422,2.0919877370167166,4.984258181181688,0.004327615555846536,0.96,50000,-70.0390195097452
2025-11-24,DEEPAKNTR,SHORT,A_MOD_BREAK_C1_LOW,MODERATE,2025-11-24 11:15:00+05:30,2025-11-24 11:30:00+05:30,1662.76738,1679.3950538,1646.1397062,2025-11-24 11:45:00+05:30,1646.1397062,TARGET,0.8712356178089046,0.9999999999999947,54.41820845354677,7.299270072744079,3.218957484028845,2.5058653238348825,4.7229781607684735,0.002876203068522328,0.96,50000,435.6178089044523
2025-11-24,EXIDEIND,SHORT,A_MOD_BREAK_C1_LOW,MODERATE,2025-11-24 11:15:00+05:30,2025-11-24 11:30:00+05:30,370.82581999999996,374.53407819999995,367.1175618,2025-11-24 12:30:00+05:30,367.1175618,TARGET,0.8712356178089161,0.9999999999999971,49.4515396428946,13.475177302287847,6.294898672257084,1.7972574836863957,3.2907303856753756,0.0031369681106984,0.9162931542885382,50000,435.61780890445806
2025-11-24,NCC,SHORT,A_MOD_BREAK_C1_LOW,MODERATE,2025-11-24 11:00:00+05:30,2025-11-24 11:15:00+05:30,173.7,175.43699999999998,171.963,2025-11-24 14:30:00+05:30,172.37,EOD,0.6366188275484905,0.7656879677604975,61.31376859872869,18.346253223336987,7.606372122501029,1.9137730560554278,3.399985662296843,0.0034939451984972157,0.9449102848096997,50000,318.30941377424523
2025-11-24,NHPC,SHORT,A_MOD_BREAK_C1_LOW,MODERATE,2025-11-24 11:15:00+05:30,2025-11-24 11:30:00+05:30,77.35000000000001,78.1235,76.57650000000001,2025-11-24 12:45:00+05:30,76.57650000000001,TARGET,0.8712356178089183,0.9999999999999979,59.154205153326636,10.526315781716974,8.609305953947784,1.9264604859438563,3.571623661912234,0.0036875875802050294,0.9471305850401748,50000,435.61780890445914
2025-11-24,PATELENG,SHORT,A_MOD_BREAK_C1_LOW,MODERATE,2025-11-24 10:00:00+05:30,2025-11-24 10:15:00+05:30,32.410000000000004,32.734100000000005,32.0859,2025-11-24 10:45:00+05:30,32.0859,TARGET,0.8712356178089145,1.0000000000000042,60.15617466770391,6.666666656296499,4.403327596098955,1.651247854642892,5.285453523126995,0.003605504990546527,0.8989683745625061,50000,435.61780890445726
2025-11-24,PREMEXPLN,SHORT,A_MOD_BREAK_C1_LOW,MODERATE,2025-11-24 10:00:00+05:30,2025-11-24 10:15:00+05:30,538.3923,543.776223,533.008377,2025-11-24 10:30:00+05:30,533.008377,TARGET,0.8712356178089168,0.9999999999999966,44.78178150971782,8.314087759277399,5.074293228139101,1.9221737810843005,5.187276253635493,0.005752458712191499,0.8681071343355198,50000,435.6178089044584
2025-11-25,INFY,SHORT,A_MOD_BREAK_C1_LOW,MODERATE,2025-11-25 11:00:00+05:30,2025-11-25 11:15:00+05:30,1529.694,1544.99094,1514.39706,2025-11-25 14:30:00+05:30,1530.7,EOD,-0.19591535645209104,-0.06576478694432256,36.715342892769115,7.5208913646093265,2.5713934099026763,1.2004158399385312,2.805798714052307,0.0041028369787436784,0.6208029153807797,50000,-97.95767822604552
2025-11-25,MGL,SHORT,A_MOD_BREAK_C1_LOW,MODERATE,2025-11-25 10:15:00+05:30,2025-11-25 10:30:00+05:30,1199.85998,1211.8585798,1187.8613802,2025-11-25 10:45:00+05:30,1199.979965998,BE,-0.14007803901948795,-0.009999999999995613,28.315918311474164,21.86836517981702,16.714770368119876,1.3129836203632854,3.392686882475286,0.004924057709004811,0.5145109082356873,50000,-70.03901950974398
2025-11-27,AVANTIFEED,SHORT,A_MOD_BREAK_C1_LOW,MODERATE,2025-11-27 10:45:00+05:30,2025-11-27 11:00:00+05:30,814.58705,822.7329205,806.4411795,2025-11-27 12:30:00+05:30,806.4411795,TARGET,0.8712356178089173,1.0000000000000002,26.879604824464206,5.629139072586867,4.338090544962674,2.1666074202927854,3.5404871204733435,0.005916952287449945,0.6131940723669631,50000,435.6178089044586
2025-11-28,FINPIPE,SHORT,A_MOD_BREAK_C1_LOW,MODERATE,2025-11-28 11:00:00+05:30,2025-11-28 11:15:00+05:30,177.85,179.6285,176.0715,2025-11-28 14:30:00+05:30,177.96,EOD,-0.19199535106320603,-0.06184987348890281,35.28509080713079,13.696060033925846,3.696969696969757,0.9449277445073969,2.539378689461712,0.004944097983032763,0.5546387173957563,50000,-95.99767553160302
2025-11-28,KAYNES,SHORT,A_MOD_BREAK_C1_LOW,MODERATE,2025-11-28 11:00:00+05:30,2025-11-28 11:15:00+05:30,5504.3989,5559.442889,5449.354911,2025-11-28 14:30:00+05:30,5484.0,EOD,0.24100966986258898,0.3705926908749317,28.667284541566122,34.65346534621442,4.667551231018705,2.1737426318577886,2.9841874720421626,0.004205873966353008,0.6400092681234919,50000,120.5048349312945
2025-11-28,OFSS,SHORT,A_PULLBACK_C2_THEN_BREAK_C2_LOW,MODERATE,2025-11-28 10:30:00+05:30,2025-11-28 11:00:00+05:30,8109.3778,8190.471578000001,8028.284022,2025-11-28 14:30:00+05:30,8119.5,EOD,-0.2550483011798563,-0.12482092029304384,26.10280934777343,38.17427385847764,16.202270381836943,1.223402447042189,0.9595380604822332,0.0037779382496433414,0.41361447147309616,50000,-127.52415058992813
2025-11-28,SKFINDIA,SHORT,A_MOD_BREAK_C1_LOW,MODERATE,2025-11-28 10:30:00+05:30,2025-11-28 10:45:00+05:30,1923.6152,1942.851352,1904.379048,2025-11-28 14:30:00+05:30,1919.0,EOD,0.11017026825392272,0.23992324452416258,29.723290329309737,38.688524588387914,9.587061894108833,0.9873486119620544,1.1306161473844396,0.0037523661062242647,0.4351661694022276,50000,55.08513412696136
2025-11-28,TITAGARH,SHORT,A_MOD_BREAK_C1_LOW,MODERATE,2025-11-28 10:15:00+05:30,2025-11-28 10:30:00+05:30,826.8346,835.102946,818.5662540000001,2025-11-28 13:00:00+05:30,826.91728346,BE,-0.14007803901950086,-0.009999999999999804,25.28673151934735,11.44278606885456,3.8288288288288754,1.6255668953524804,3.318122108889943,0.003998963551563326,0.5237751794768943,50000,-70.03901950975043
2025-12-01,AKZOINDIA,SHORT,A_MOD_BREAK_C1_LOW,MODERATE,2025-12-01 10:45:00+05:30,2025-12-01 11:00:00+05:30,3271.64554,3304.3619954,3238.9290846,2025-12-01 14:00:00+05:30,3304.3619954,SL,-1.1313656828414103,-1.0000000000000027,56.98875492723467,29.381107491588736,8.732563732563664,1.5635391342740996,2.749872713228169,0.005876758228334092,0.8836193484979673,50000,-565.6828414207051
2025-12-01,BHARTIHEXA,SHORT,A_MOD_BREAK_C1_LOW,MODERATE,2025-12-01 11:00:00+05:30,2025-12-01 11:15:00+05:30,1740.6518,1758.058318,1723.245282,2025-12-01 11:45:00+05:30,1740.8258651800002,BE,-0.14007803901950008,-0.01000000000000405,25.264216485286106,30.992366411551245,9.780391406897246,1.3015928046566394,2.292609920970649,0.004478884089921885,0.4667419880942035,50000,-70.03901950975003
2025-12-01,KAYNES,SHORT,A_MOD_BREAK_C1_LOW,MODERATE,2025-12-01 10:45:00+05:30,2025-12-01 11:00:00+05:30,5424.4149,5478.659049,5370.170751,2025-12-01 12:00:00+05:30,5370.170751,TARGET,0.8712356178089291,1.000000000000002,38.37207909183988,32.86219081239571,11.257275722195141,2.1621845900327243,2.532026618944346,0.004326215022091311,0.7855811863775981,50000,435.61780890446454
2025-12-01,ZUARI,SHORT,A_MOD_BREAK_C1_LOW,MODERATE,2025-12-01 10:30:00+05:30,2025-12-01 10:45:00+05:30,273.89520999999996,276.63416209999997,271.15625789999996,2025-12-01 11:00:00+05:30,271.15625789999996,TARGET,0.8712356178089223,1.0000000000000022,26.17338122554929,53.815261038125115,35.33346470485191,1.5244715858456528,0.046244496298805615,0.006153364795452789,0.4216954707211688,50000,435.6178089044612
2025-12-02,BHEL,SHORT,A_MOD_BREAK_C1_LOW,MODERATE,2025-12-02 11:00:00+05:30,2025-12-02 11:15:00+05:30,288.54228,291.4277028,285.6568572,2025-12-02 14:00:00+05:30,288.571134228,BE,-0.14007803901949636,-0.01000000000000005,26.913439098293136,22.727272722452184,23.643410852713064,1.3780968233067734,2.132069906033647,0.003933890840714514,0.5048685305530825,50000,-70.03901950974819
2025-12-02,GRSE,SHORT,A_MOD_BREAK_C1_LOW,MODERATE,2025-12-02 11:15:00+05:30,2025-12-02 11:30:00+05:30,2650.86972,2677.3784172,2624.3610228000002,2025-12-02 12:15:00+05:30,2624.3610228000002,TARGET,0.8712356178089089,0.9999999999999967,32.57662411967116,7.815126050328018,2.0401693651001946,2.5015828681184824,3.797738234621425,0.006704166218107473,0.6986493617950673,50000,435.6178089044545
2025-12-02,INDNIPPON,SHORT,A_MOD_BREAK_C1_LOW,MODERATE,2025-12-02 11:15:00+05:30,2025-12-02 11:30:00+05:30,855.12894,863.6802293999999,846.5776506,2025-12-02 12:45:00+05:30,846.5776506,TARGET,0.8712356178089145,0.9999999999999969,25.615628244374598,28.435114502297537,29.469696969697043,0.5124860837160513,1.024034336401689,0.006000400861853015,0.2851212051360124,50000,435.61780890445726
2025-12-02,IRCTC,SHORT,A_MOD_BREAK_C1_LOW,MODERATE,2025-12-02 10:00:00+05:30,2025-12-02 10:15:00+05:30,680.5638600000001,687.3694986,673.7582214000001,2025-12-02 14:30:00+05:30,680.1,EOD,-0.06181819383457187,0.06815818871135293,32.674673736614174,35.27508090295261,17.484669320581542,1.1847737267887197,2.4475562078069224,0.002481506741514072,0.5574555082372386,50000,-30.909096917285936
2025-12-02,MAXHEALTH,SHORT,A_MOD_BREAK_C1_LOW,MODERATE,2025-12-02 10:00:00+05:30,2025-12-02 10:15:00+05:30,1119.2761,1130.468861,1108.083339,2025-12-02 11:00:00+05:30,1119.38802761,BE,-0.14007803901949645,-0.010000000000005909,39.220781936299325,16.90427698526132,18.382352941176503,0.8988255836080429,4.198821939564601,0.005864728756295021,0.6056062061758973,50000,-70.03901950974823
2025-12-02,PCBL,SHORT,A_MOD_BREAK_C1_LOW,MODERATE,2025-12-02 11:15:00+05:30,2025-12-02 11:30:00+05:30,318.53628000000003,321.72164280000004,315.3509172,2025-12-02 14:30:00+05:30,317.6,EOD,0.1642492518366801,0.29393198162545586,29.51889824429075,24.043715843315653,5.710155857214898,1.600467926275737,2.7358113708785523,0.0036078431372549074,0.5828653607626153,50000,82.12462591834006
2025-12-02,PENIND,SHORT,A_MOD_BREAK_C1_LOW,MODERATE,2025-12-02 10:30:00+05:30,2025-12-02 10:45:00+05:30,217.95999999999998,220.13959999999997,215.7804,2025-12-02 14:30:00+05:30,218.94,EOD,-0.5802736200179192,-0.44962378418059196,42.88026864734024,16.527942922337928,4.744116021124727,1.2442404962824904,3.5671421132968857,0.005717299992791939,0.7209461165595394,50000,-290.13681000895957
2025-12-03,BHEL,SHORT,A_MOD_BREAK_C1_LOW,MODERATE,2025-12-03 10:15:00+05:30,2025-12-03 10:30:00+05:30,281.69365,284.5105865,278.8767135,2025-12-03 12:00:00+05:30,278.8767135,TARGET,0.8712356178089264,0.999999999999999,36.57248338204517,16.58767772291725,4.608100233100293,1.7562728961977494,3.7376038913952225,0.005044104227922532,0.7159350075652837,50000,435.61780890446323
2025-12-03,CANBK,SHORT,A_MOD_BREAK_C1_LOW,MODERATE,2025-12-03 10:30:00+05:30,2025-12-03 10:45:00+05:30,148.23,149.7123,146.74769999999998,2025-12-03 11:30:00+05:30,146.74769999999998,TARGET,0.8712356178089301,1.0000000000000062,36.28933262047826,10.060060057945194,3.4287106526045252,2.368747099728365,4.199058996370012,0.005468584522365348,0.7543399893071738,50000,435.61780890446505
2025-12-03,CENTRALBK,SHORT,A_MOD_BREAK_C1_LOW,MODERATE,2025-12-03 10:30:00+05:30,2025-12-03 10:45:00+05:30,37.36,37.7336,36.986399999999996,2025-12-03 11:45:00+05:30,37.363735999999996,BE,-0.14007803901948554,-0.009999999999990388,57.74204577462479,13.013698617657923,4.2494991524119605,2.108184021462005,4.379038946469996,0.0043723985183487845,0.96,50000,-70.03901950974277
2025-12-03,MAXHEALTH,SHORT,A_MOD_BREAK_C1_LOW,MODERATE,2025-12-03 10:00:00+05:30,2025-12-03 10:15:00+05:30,1094.48106,1105.4258706,1083.5362494,2025-12-03 10:45:00+05:30,1094.590508106,BE,-0.14007803901948973,-0.009999999999994997,50.723476146564536,18.15718157112653,4.898464132086251,0.9511059158178647,4.583876132508538,0.004220482713633402,0.7764435352681263,50000,-70.03901950974486
2025-12-03,PARACABLES,SHORT,A_MOD_BREAK_C1_LOW,MODERATE,2025-12-03 10:30:00+05:30,2025-12-03 10:45:00+05:30,38.11,38.4911,37.728899999999996,2025-12-03 12:30:00+05:30,38.4911,SL,-1.1313656828414151,-1.0000000000000093,44.912004159538064,21.917808198160742,12.967160229773839,0.9240701053259596,2.381303485562382,0.006787584143605103,0.695392330825114,50000,-565.6828414207076
2025-12-03,POLYMED,SHORT,A_MOD_BREAK_C1_LOW,MODERATE,2025-12-03 11:00:00+05:30,2025-12-03 11:15:00+05:30,1900.2198799999999,1919.2220788,1881.2176811999998,2025-12-03 14:30:00+05:30,1914.6,EOD,-0.8878101576621799,-0.7567608439082342,37.76644811043059,27.040816325565032,24.358845841644797,1.7550973213920933,2.6029369626803267,0.0032204485329485346,0.7336387529000752,50000,-443.9050788310899
2025-12-03,SBFC,SHORT,A_MOD_BREAK_C1_LOW,MODERATE,2025-12-03 10:15:00+05:30,2025-12-03 10:30:00+05:30,105.45,106.50450000000001,104.3955,2025-12-03 14:30:00+05:30,105.6,EOD,-0.2724975574557992,-0.14224751066855523,45.97531788665573,28.217821762621227,31.25000000000019,1.0119787965516402,1.8997599938223888,0.004549763033175345,0.7217140573874925,50000,-136.24877872789958
2025-12-03,SULA,SHORT,A_MOD_BREAK_C1_LOW,MODERATE,2025-12-03 11:15:00+05:30,2025-12-03 11:30:00+05:30,224.45,226.69449999999998,222.2055,2025-12-03 14:30:00+05:30,224.3,EOD,-0.063148081057677,0.06683002895966908,54.612545750570426,11.544011541679538,7.831715210356176,1.5899347810019968,3.337465795442898,0.004272987591473144,0.8882385866753493,50000,-31.5740405288385
2025-12-04,PRINCEPIPE,SHORT,A_MOD_BREAK_C1_LOW,MODERATE,2025-12-04 11:15:00+05:30,2025-12-04 11:30:00+05:30,263.64726,266.2837326,261.0107874,2025-12-04 13:15:00+05:30,261.0107874,TARGET,0.8712356178089118,0.9999999999999963,31.33522433514917,34.451219509254074,23.99267399267367,1.2429974475763403,2.2350697319970965,0.008350024359876567,0.5475529183530972,50000,435.61780890445584
2025-12-04,QUESS,SHORT,A_MOD_BREAK_C1_LOW,MODERATE,2025-12-04 10:45:00+05:30,2025-12-04 11:00:00+05:30,207.35,209.4235,205.2765,2025-12-04 11:30:00+05:30,205.2765,TARGET,0.8712356178089181,0.9999999999999979,25.72460284201042,39.365671631508796,68.6311043273068,0.3304768528948967,0.7932961345379055,0.0058467853010853365,0.24336729861365847,50000,435.6178089044591
2025-12-04,SHALPAINTS,SHORT,A_MOD_BREAK_C1_LOW,MODERATE,2025-12-04 11:15:00+05:30,2025-12-04 11:30:00+05:30,64.52,65.1652,63.87479999999999,2025-12-04 12:00:00+05:30,64.52645199999999,BE,-0.14007803901948812,-0.009999999999993655,29.991111752786434,39.736842090623206,56.54641654641667,0.6680540681852563,0.7972513119669998,0.007591495756718549,0.36663870382256636,50000,-70.03901950974407
2025-12-04,SUZLON,SHORT,A_MOD_BREAK_C1_LOW,MODERATE,2025-12-04 11:15:00+05:30,2025-12-04 11:30:00+05:30,52.11,52.631099999999996,51.5889,2025-12-04 12:15:00+05:30,51.5889,TARGET,0.8712356178089045,0.9999999999999943,33.99366725286242,40.12738849924935,30.7359307359303,1.266246215637567,1.5961615345189903,0.004256425697314785,0.5713061732554601,50000,435.6178089044522
2025-12-05,CAMS,SHORT,A_MOD_BREAK_C1_LOW,MODERATE,2025-12-05 10:45:00+05:30,2025-12-05 11:00:00+05:30,760.14794,767.7494194,752.5464605999999,2025-12-05 11:30:00+05:30,767.7494194,SL,-1.1313656828414116,-1.0000000000000022,41.74689361902804,13.2029339848781,3.4381027184623707,2.3115821752076235,3.2082982604539034,0.0070808760001502555,0.8362034042854205,50000,-565.6828414207058
2025-12-05,GODREJAGRO,SHORT,A_MOD_BREAK_C1_LOW,MODERATE,2025-12-05 10:00:00+05:30,2025-12-05 10:15:00+05:30,579.884,585.68284,574.08516,2025-12-05 14:30:00+05:30,580.6,EOD,-0.25369859813158835,-0.1234729704561616,33.510183051619805,30.718954245554997,3.291666666666515,1.1787723532106604,2.9484578853500176,0.003374384236453213,0.5689379075861627,50000,-126.84929906579417
2025-12-05,MEDANTA,SHORT,A_MOD_BREAK_C1_LOW,MODERATE,2025-12-05 10:15:00+05:30,2025-12-05 10:30:00+05:30,1160.96776,1172.5774376,1149.3580824,2025-12-05 14:30:00+05:30,1160.0,EOD,-0.04659857024698547,0.08335804260404255,25.502714597143942,23.14189189134447,3.2085425712313485,1.940199653847978,3.5466937484701595,0.0063229631816560375,0.5820756583805553,50000,-23.299285123492737
2025-12-05,MPSLTD,SHORT,A_MOD_BREAK_C1_LOW,MODERATE,2025-12-05 11:00:00+05:30,2025-12-05 11:15:00+05:30,2116.0767,2137.237467,2094.915933,2025-12-05 11:30:00+05:30,2094.915933,TARGET,0.8712356178089103,0.9999999999999929,38.61901262965144,23.076923076358014,5.022043319915693,1.4841927428588917,2.148598521393117,0.005325503695454106,0.6990189194450775,50000,435.61780890445516
2025-12-05,SUNTECK,SHORT,A_MOD_BREAK_C1_LOW,MODERATE,2025-12-05 10:15:00+05:30,2025-12-05 10:30:00+05:30,407.66845,411.7451345,403.5917655,2025-12-05 11:00:00+05:30,407.709216845,BE,-0.14007803901950236,-0.01000000000000181,25.773947632832314,21.238938050465862,10.384993541456977,0.7574703833012346,2.663209581437991,0.00462354857353017,0.37916653157020075,50000,-70.03901950975117
2025-12-08,EMSLIMITED,SHORT,A_MOD_BREAK_C1_LOW,MODERATE,2025-12-08 10:00:00+05:30,2025-12-08 10:15:00+05:30,408.06836999999996,412.14905369999997,403.98768629999995,2025-12-08 12:30:00+05:30,403.98768629999995,TARGET,0.8712356178089206,1.0000000000000022,45.04439239415772,24.155844154087475,37.26783921624756,1.400223699612765,2.9133451830647403,0.007952060187210225,0.7807050333445997,50000,435.6178089044603
2025-12-08,GOKULAGRO,SHORT,A_PULLBACK_C2_THEN_BREAK_C2_LOW,MODERATE,2025-12-08 10:15:00+05:30,2025-12-08 10:45:00+05:30,195.47,197.4247,193.5153,2025-12-08 12:30:00+05:30,193.5153,TARGET,0.8712356178089138,1.0000000000000013,39.87401952527985,15.241635683765992,11.769793579605222,2.0405758408914174,3.5903015951747177,0.004877015967116641,0.8081102928791977,50000,435.6178089044569
2025-12-08,MAHLIFE,SHORT,A_MOD_BREAK_C1_LOW,MODERATE,2025-12-08 10:45:00+05:30,2025-12-08 11:00:00+05:30,398.9202,402.909402,394.93099800000005,2025-12-08 11:15:00+05:30,398.96009202,BE,-0.14007803901948238,-0.009999999999991963,40.782399766473155,15.404699737777165,4.034391534391539,2.47028435266726,4.639303656871928,0.004946775203506571,0.8217359964970972,50000,-70.0390195097412
2025-12-08,MOTILALOFS,SHORT,A_MOD_BREAK_C1_LOW,MODERATE,2025-12-08 10:15:00+05:30,2025-12-08 10:30:00+05:30,870.22592,878.9281791999999,861.5236608,2025-12-08 11:30:00+05:30,861.5236608,TARGET,0.8712356178089159,0.9999999999999951,49.39336147079382,24.712643677365563,17.724878920392953,1.3002971370391279,2.9930945712249857,0.007544030749813556,0.8284524210437547,50000,435.61780890445795
2025-12-08,PANAMAPET,SHORT,A_MOD_BREAK_C1_LOW,MODERATE,2025-12-08 11:15:00+05:30,2025-12-08 11:30:00+05:30,280.4439,283.248339,277.639461,2025-12-08 12:30:00+05:30,280.47194439,BE,-0.14007803901950286,-0.009999999999996765,65.78998970892546,11.309523807638783,6.925287356321948,2.605717989341738,4.118589057532326,0.004048892284186396,0.96,50000,-70.03901950975143
2025-12-08,SJVN,SHORT,A_MOD_BREAK_C1_LOW,MODERATE,2025-12-08 10:00:00+05:30,2025-12-08 10:15:00+05:30,72.4,73.12400000000001,71.676,2025-12-08 12:45:00+05:30,71.676,TARGET,0.8712356178089298,1.000000000000005,47.87836396439539,15.420560737574789,6.444901922812388,2.0149053846746017,5.58047018437373,0.0034876847290640175,0.9281754594659308,50000,435.6178089044649
2025-12-08,TEXRAIL,SHORT,A_MOD_BREAK_C1_LOW,MODERATE,2025-12-08 10:00:00+05:30,2025-12-08 10:15:00+05:30,119.99000000000001,121.18990000000001,118.79010000000001,2025-12-08 12:45:00+05:30,118.79010000000001,TARGET,0.8712356178089187,0.9999999999999996,47.1489967982064,13.404825732234428,6.676827995156025,2.030788412180093,4.828342968008011,0.004256584031864912,0.9172349519730958,50000,435.6178089044593
2025-12-08,VPRPL,SHORT,A_MOD_BREAK_C1_LOW,MODERATE,2025-12-08 10:45:00+05:30,2025-12-08 11:00:00+05:30,74.95,75.6995,74.2005,2025-12-08 12:15:00+05:30,74.2005,TARGET,0.8712356178089157,0.9999999999999967,46.432377415230405,20.31249999259441,2.568406613240842,1.709462405760642,3.883079302869131,0.005613808064853776,0.8556415822365684,50000,435.6178089044579
2025-12-09,INFY,SHORT,A_MOD_BREAK_C1_LOW,MODERATE,2025-12-09 10:15:00+05:30,2025-12-09 10:30:00+05:30,1588.08232,1603.9631432,1572.2014967999999,2025-12-09 14:30:00+05:30,1594.0,EOD,-0.5031802519096737,-0.3726305573378601,33.21486799393142,15.445026177444547,7.451323406607841,1.1431872760310189,3.4411391256253157,0.0034246883174083548,0.5582807932143996,50000,-251.59012595483685
2025-12-09,SOBHA,SHORT,A_MOD_BREAK_C1_LOW,MODERATE,2025-12-09 10:00:00+05:30,2025-12-09 10:15:00+05:30,1434.713,1449.06013,1420.3658699999999,2025-12-09 13:00:00+05:30,1420.3658699999999,TARGET,0.8712356178089362,1.0000000000000075,45.88302621765271,20.880503144286493,5.3381595739432806,1.4391072420513402,4.051767205331647,0.007515917230401905,0.8000891606237752,50000,435.6178089044681
2025-12-12,DYNAMATECH,SHORT,A_PULLBACK_C2_THEN_BREAK_C2_LOW,MODERATE,2025-12-12 11:00:00+05:30,2025-12-12 11:30:00+05:30,9249.1498,9341.641297999999,9156.658302,2025-12-12 14:15:00+05:30,9250.074714979999,BE,-0.14007803901947963,-0.00999999999999797,28.2571239912357,29.935622317506628,44.31440420598898,0.6463610893414032,1.6065997387320032,0.007806105903608876,0.3773000374398813,50000,-70.03901950973982
2025-12-12,VLSFINANCE,SHORT,A_MOD_BREAK_C1_LOW,MODERATE,2025-12-12 10:45:00+05:30,2025-12-12 11:00:00+05:30,301.08977,304.1006677,298.0788723,2025-12-12 11:15:00+05:30,298.0788723,TARGET,0.8712356178089051,0.9999999999999957,43.91930024669694,6.733524355030667,4.1277048936822,1.8098354720607739,5.251772977910178,0.011334863579355871,0.8355107113110896,50000,435.61780890445254
2025-12-15,ACUTAAS,SHORT,A_MOD_BREAK_C1_LOW,MODERATE,2025-12-15 10:45:00+05:30,2025-12-15 11:00:00+05:30,1631.47364,1647.7883763999998,1615.1589036,2025-12-15 14:30:00+05:30,1624.4,EOD,0.3040725568698712,0.43357366166209355,25.36467807019601,26.254826254116722,4.215595193856169,1.4285324120841356,2.4188630738101544,0.005480363489923507,0.4904633431676639,50000,152.0362784349356
2025-12-16,AHLUCONT,SHORT,A_MOD_BREAK_C1_LOW,MODERATE,2025-12-16 10:00:00+05:30,2025-12-16 10:15:00+05:30,951.8096,961.3276960000001,942.291504,2025-12-16 11:00:00+05:30,951.90478096,BE,-0.14007803901949414,-0.009999999999999298,25.6717017327905,25.352112675056546,9.09239610963758,1.3351787600967429,3.0953853746827544,0.00512266648666083,0.4787318090087875,50000,-70.03901950974706
2025-12-16,HCLTECH,SHORT,A_MOD_BREAK_C1_LOW,MODERATE,2025-12-16 10:45:00+05:30,2025-12-16 11:00:00+05:30,1659.7679799999999,1676.3656597999998,1643.1703002,2025-12-16 14:30:00+05:30,1648.2,EOD,0.5678051539509176,0.6969636804295868,31.105490411749223,21.3457076559192,12.609238451935232,1.2422325969806867,2.401217025236417,0.0034378307675097457,0.5439730606478586,50000,283.90257697545877
2025-12-16,JUBLFOOD,SHORT,A_MOD_BREAK_C1_LOW,MODERATE,2025-12-16 10:45:00+05:30,2025-12-16 11:00:00+05:30,565.8868,571.545668,560.227932,2025-12-16 13:30:00+05:30,560.227932,TARGET,0.8712356178088974,0.9999999999999972,49.16459365304943,16.624040919525683,5.729632330017033,1.3706526909424126,3.64112902020249,0.004358246609902219,0.8373331257106635,50000,435.6178089044487
2025-12-16,LTTS,SHORT,A_MOD_BREAK_C1_LOW,MODERATE,2025-12-16 10:00:00+05:30,2025-12-16 10:15:00+05:30,4583.0832,4628.914032,4537.252368,2025-12-16 14:00:00+05:30,4583.54150832,BE,-0.1400780390194833,-0.009999999999990397,37.49208183587854,21.602288983830192,13.710225694685393,1.1432490856887638,2.676483474298264,0.0026801296434804146,0.6224498175337116,50000,-70.03901950974165
2025-12-16,MHRIL,SHORT,A_MOD_BREAK_C1_LOW,MODERATE,2025-12-16 11:15:00+05:30,2025-12-16 11:30:00+05:30,301.4397,304.45409700000005,298.425303,2025-12-16 12:30:00+05:30,301.46984397,BE,-0.14007803901949445,-0.009999999999994446,51.07713725854656,17.09677419200402,11.612304087551797,1.3853007165605384,3.0963953129210853,0.00633420946697922,0.8524276253980942,50000,-70.03901950974722
2025-12-16,NCC,SHORT,A_PULLBACK_C2_THEN_BREAK_C2_LOW,MODERATE,2025-12-16 10:30:00+05:30,2025-12-16 11:00:00+05:30,158.76,160.3476,157.17239999999998,2025-12-16 14:00:00+05:30,158.77587599999998,BE,-0.1400780390194886,-0.009999999999994687,27.02969699386293,16.230366486197823,9.121245828698642,1.1270960142228208,2.324413746898494,0.0038903863432165303,0.46268725739693756,50000,-70.03901950974429
2025-12-16,RADICO,SHORT,A_MOD_BREAK_C1_LOW,MODERATE,2025-12-16 10:45:00+05:30,2025-12-16 11:00:00+05:30,3167.3664,3199.040064,3135.692736,2025-12-16 12:00:00+05:30,3135.692736,TARGET,0.8712356178089103,0.9999999999999974,28.72111021381715,3.3730158729691055,4.280701754386059,1.3731515528120655,3.223289857734785,0.004175685425685421,0.5311181749493687,50000,435.61780890445516
2025-12-17,BDL,SHORT,A_MOD_BREAK_C1_LOW,MODERATE,2025-12-17 10:30:00+05:30,2025-12-17 10:45:00+05:30,1331.5336399999999,1344.8489763999999,1318.2183036,2025-12-17 14:30:00+05:30,1328.8,EOD,0.07550209906257378,0.20530010792667044,48.23988819051647,22.08333333268915,13.65629673373076,1.6887179046996934,3.4252589286041215,0.005335847681906341,0.8791239561801933,50000,37.75104953128689
2025-12-17,HIKAL,SHORT,A_MOD_BREAK_C1_LOW,MODERATE,2025-12-17 10:30:00+05:30,2025-12-17 10:45:00+05:30,238.67999999999998,241.06679999999997,236.29319999999998,2025-12-17 11:30:00+05:30,238.70386799999997,BE,-0.1400780390195002,-0.009999999999997117,46.79420029211115,17.13244228141123,9.153002958137394,2.1042074263721635,3.5438619281372232,0.005050806933652098,0.9119130043816672,50000,-70.03901950975009
2025-12-17,OFSS,SHORT,A_MOD_BREAK_C1_LOW,MODERATE,2025-12-17 10:30:00+05:30,2025-12-17 10:45:00+05:30,7786.4424,7864.306824,7708.577976,2025-12-17 14:30:00+05:30,7715.0,EOD,0.7886513453354649,0.9175230012617818,41.091431300159314,36.61710037155663,27.135678391959804,1.2645345584216137,1.8767612614892188,0.004053855748771003,0.691503080300633,50000,394.3256726677324
2025-12-17,ORIENTHOT,SHORT,A_MOD_BREAK_C1_LOW,MODERATE,2025-12-17 10:30:00+05:30,2025-12-17 10:45:00+05:30,102.19,103.2119,101.1681,2025-12-17 11:45:00+05:30,101.1681,TARGET,0.8712356178089206,1.0000000000000022,41.11701120329583,33.44709896012772,19.896750970919804,1.26898472678716,2.2311355322070394,0.0041215508208173384,0.6988274952371905,50000,435.6178089044603
2025-12-17,PARAS,SHORT,A_PULLBACK_C2_THEN_BREAK_C2_LOW,MODERATE,2025-12-17 10:30:00+05:30,2025-12-17 11:00:00+05:30,632.07356,638.3942956000001,625.7528244,2025-12-17 14:30:00+05:30,628.1,EOD,0.49940730486581675,0.6286546774714038,47.9948801869755,12.326043736888508,5.477119840796593,2.209816667270449,4.2437642507356985,0.004990470175596896,0.9299232028046325,50000,249.70365243290837
2025-12-17,POLYPLEX,SHORT,A_MOD_BREAK_C1_LOW,MODERATE,2025-12-17 10:45:00+05:30,2025-12-17 11:00:00+05:30,791.8416,799.760016,783.923184,2025-12-17 12:30:00+05:30,791.9207841599999,BE,-0.14007803901948934,-0.00999999999999423,35.44172177235948,33.46055979524566,4.520180232000895,1.5117124121146563,3.046267959687281,0.006926406926406953,0.6561754987054571,50000,-70.03901950974468
2025-12-17,QUICKHEAL,SHORT,A_MOD_BREAK_C1_LOW,MODERATE,2025-12-17 10:30:00+05:30,2025-12-17 10:45:00+05:30,270.04598000000004,272.7464398,267.34552020000007,2025-12-17 13:15:00+05:30,267.34552020000007,TARGET,0.8712356178089161,0.999999999999991,39.25798174362459,23.243243239725246,18.320895522387808,1.2384147532873546,2.5907062762768573,0.005978777320240729,0.665592307979656,50000,435.61780890445806
2025-12-17,SCI,SHORT,A_MOD_BREAK_C1_LOW,MODERATE,2025-12-17 10:45:00+05:30,2025-12-17 11:00:00+05:30,210.35,212.4535,208.2465,2025-12-17 12:00:00+05:30,208.2465,TARGET,0.8712356178089227,0.9999999999999984,53.8172232052722,10.47120418694685,10.88249765174205,1.6070424404959258,3.78781083331445,0.006936063461929607,0.8912324270867868,50000,435.61780890446136
2025-12-18,SUNPHARMA,SHORT,A_MOD_BREAK_C1_LOW,MODERATE,2025-12-18 11:15:00+05:30,2025-12-18 11:30:00+05:30,1746.55062,1764.0161262,1729.0851138,2025-12-18 11:45:00+05:30,1746.725275062,BE,-0.1400780390194915,-0.010000000000003218,43.080046614957354,18.063583814663502,10.6148867313918,1.0246209485060864,2.5430390342625473,0.004557791984826426,0.6855093652129254,50000,-70.03901950974576
2025-12-18,SUNTECK,SHORT,A_MOD_BREAK_C1_LOW,MODERATE,2025-12-18 11:00:00+05:30,2025-12-18 11:15:00+05:30,390.17195,394.0736695,386.27023049999997,2025-12-18 13:45:00+05:30,386.27023049999997,TARGET,0.8712356178089173,1.0000000000000033,34.83595705255438,16.874999997046572,12.436753693584324,1.4630115281253864,2.0767506958285735,0.004472288275105164,0.6385663732102582,50000,435.6178089044586
2025-12-19,ABSLAMC,SHORT,A_MOD_BREAK_C1_LOW,MODERATE,2025-12-19 11:15:00+05:30,2025-12-19 11:30:00+05:30,758.2483199999999,765.8308031999999,750.6658368,2025-12-19 12:15:00+05:30,758.3241448319999,BE,-0.14007803901948504,-0.009999999999995594,30.69477281099624,12.639999999433826,2.8803473890324685,2.104254380001363,2.371717197038371,0.007262806340843893,0.6704215921649435,50000,-70.03901950974252
2025-12-22,AUBANK,SHORT,A_MOD_BREAK_C1_LOW,MODERATE,2025-12-22 10:45:00+05:30,2025-12-22 11:00:00+05:30,975.60484,985.3608884,965.8487915999999,2025-12-22 14:30:00+05:30,981.9,EOD,-0.7761614378908815,-0.6452571514507872,26.816610070321996,23.575129531969083,6.511231237952505,1.6509706952267442,1.7322121020494707,0.0030947747325910076,0.5377796278219837,50000,-388.08071894544076
2025-12-23,MARICO,SHORT,A_PULLBACK_C2_THEN_BREAK_C2_LOW,MODERATE,2025-12-23 11:00:00+05:30,2025-12-23 11:30:00+05:30,733.05336,740.3838936,725.7228264,2025-12-23 14:30:00+05:30,733.126665336,BE,-0.140078039019501,-0.009999999999996697,28.46019257412422,12.704918031329342,21.80094786729822,1.0242623424723278,2.0414161398115174,0.003043139546207031,0.4661487985445207,50000,-70.03901950975049
2025-12-23,WEL,SHORT,A_MOD_BREAK_C1_LOW,MODERATE,2025-12-23 11:00:00+05:30,2025-12-23 11:15:00+05:30,141.85,143.2685,140.4315,2025-12-23 11:45:00+05:30,141.864185,BE,-0.1400780390194975,-0.00999999999999836,28.07304312247783,47.49596121704449,18.582046883933934,0.812722612861382,0.4479019970265201,0.007178093224604876,0.3457172039392353,50000,-70.03901950974875
2025-12-24,KAJARIACER,SHORT,A_MOD_BREAK_C1_LOW,MODERATE,2025-12-24 11:00:00+05:30,2025-12-24 11:15:00+05:30,995.3009,1005.2539089999999,985.347891,2025-12-24 11:30:00+05:30,985.347891,TARGET,0.8712356178089183,0.9999999999999951,59.13806002344437,6.574394463349265,3.1836661050144763,1.492916904773401,3.247783874414112,0.0061962134251290785,0.8712604583353452,50000,435.61780890445914
2025-12-26,ANDHRAPAP,SHORT,A_PULLBACK_C2_THEN_BREAK_C2_LOW,MODERATE,2025-12-26 10:30:00+05:30,2025-12-26 11:00:00+05:30,67.08,67.7508,66.4092,2025-12-26 14:30:00+05:30,66.66,EOD,0.4968673961309906,0.6261180679785356,45.92797697997388,13.953488349379768,67.01353055842203,0.7231329885436315,1.2446675121054893,0.005552600787150332,0.6377013033000181,50000,248.43369806549532
2025-12-26,ASIANPAINT,SHORT,A_MOD_BREAK_C1_LOW,MODERATE,2025-12-26 10:15:00+05:30,2025-12-26 10:30:00+05:30,2760.4478,2788.052278,2732.8433219999997,2025-12-26 14:30:00+05:30,2745.4,EOD,0.41576568110794276,0.5451217009066365,38.19090931518737,19.354838709162976,7.851338855251799,1.8001566860781688,3.3987695874388053,0.0027897139961424924,0.7478910597914901,50000,207.8828405539714
2025-12-26,AUTOAXLES,SHORT,A_MOD_BREAK_C1_LOW,MODERATE,2025-12-26 10:00:00+05:30,2025-12-26 10:15:00+05:30,1821.83556,1840.0539156,1803.6172044,2025-12-26 14:30:00+05:30,1810.8,EOD,0.4764613547885697,0.6057385332845315,25.10780185878988,50.081833059409036,28.884611428655287,0.9518496960289369,2.403107510760891,0.003367201342176677,0.40319072468691214,50000,238.23067739428484
2025-12-26,CLEAN,SHORT,A_MOD_BREAK_C1_LOW,MODERATE,2025-12-26 11:00:00+05:30,2025-12-26 11:15:00+05:30,891.07175,899.9824675,882.1610324999999,2025-12-26 14:15:00+05:30,882.1610324999999,TARGET,0.871235617808927,1.0000000000000036,40.78889865924198,26.89873417483217,19.023255813953224,1.342011306687078,2.070532234516122,0.003072842800253219,0.7066854585588682,50000,435.6178089044635
2025-12-26,LTF,SHORT,A_MOD_BREAK_C1_LOW,MODERATE,2025-12-26 11:00:00+05:30,2025-12-26 11:15:00+05:30,300.58986999999996,303.59576869999995,297.5839713,2025-12-26 14:30:00+05:30,301.5,EOD,-0.43324017307586743,-0.30278132792699836,28.269858159176874,27.071823200232117,10.502283105023201,1.530901707334193,2.4658430773794997,0.004276448646979165,0.5519556711711369,50000,-216.62008653793373
2025-12-26,OFSS,SHORT,A_MOD_BREAK_C1_LOW,MODERATE,2025-12-26 10:00:00+05:30,2025-12-26 10:15:00+05:30,7739.9517,7817.351216999999,7662.552183,2025-12-26 14:30:00+05:30,7759.5,EOD,-0.38295712101276913,-0.25256359157900665,26.555258276874277,26.52173913011191,24.23415225962997,1.2232908914437957,2.412268084734689,0.00272152774574473,0.4724047801557784,50000,-191.47856050638455
2025-12-26,SBILIFE,SHORT,A_MOD_BREAK_C1_LOW,MODERATE,2025-12-26 11:00:00+05:30,2025-12-26 11:15:00+05:30,2010.0979,2030.198879,1989.996921,2025-12-26 14:30:00+05:30,2018.0,EOD,-0.5236965003633895,-0.39312015598842315,35.8828180110968,24.119241191497338,22.161442257127884,1.5931541752488936,2.019521178046305,0.003072387582581524,0.6770442508350083,50000,-261.84825018169477
2025-12-29,ARE&M,SHORT,A_MOD_BREAK_C1_LOW,MODERATE,2025-12-29 11:00:00+05:30,2025-12-29 11:15:00+05:30,911.71762,920.8347962,902.6004438,2025-12-29 14:30:00+05:30,903.7,EOD,0.750476041161802,0.879397285312964,61.298967598473475,16.666666665326417,5.558524806125899,1.167093979536337,3.1930918723835084,0.0024938339271033446,0.814241446418859,50000,375.238020580901
2025-12-29,BLUEJET,SHORT,A_MOD_BREAK_C1_LOW,MODERATE,2025-12-29 11:15:00+05:30,2025-12-29 11:30:00+05:30,523.8952,529.1341520000001,518.656248,2025-12-29 13:15:00+05:30,523.9475895200001,BE,-0.14007803901949634,-0.010000000000003765,49.96612318343171,21.385542166870948,2.610393750996541,1.5782618787937908,2.6513620008618553,0.004920937840785172,0.8856876765403889,50000,-70.03901950974816
2025-12-29,EPIGRAL,SHORT,A_PULLBACK_C2_THEN_BREAK_C2_LOW,MODERATE,2025-12-29 10:45:00+05:30,2025-12-29 11:15:00+05:30,1260.7478,1273.355278,1248.1403220000002,2025-12-29 14:30:00+05:30,1253.0,EOD,0.48527430645300634,0.6145400372699518,68.22665142650997,15.32663316529029,10.185692179502896,0.9969116719886087,3.131815068008393,0.005313851098988178,0.7844595425980065,50000,242.63715322650316
2025-12-29,FINCABLES,SHORT,A_MOD_BREAK_C1_LOW,MODERATE,2025-12-29 10:15:00+05:30,2025-12-29 10:30:00+05:30,752.8494,760.377894,745.3209059999999,2025-12-29 12:45:00+05:30,745.3209059999999,TARGET,0.8712356178089319,1.000000000000003,58.48391259920365,4.545454545150747,2.3440622510398694,1.3699652970721432,4.861664426678258,0.0035166876783226087,0.849743926987625,50000,435.6178089044659
2025-12-29,GENUSPOWER,SHORT,A_MOD_BREAK_C1_LOW,MODERATE,2025-12-29 10:30:00+05:30,2025-12-29 10:45:00+05:30,296.59067,299.5565767,293.6247633,2025-12-29 13:30:00+05:30,293.6247633,TARGET,0.8712356178089055,1.0000000000000018,49.88762472062145,19.14893616641028,7.641957126493313,1.6808005780580142,3.663132913897047,0.0035154462931304108,0.9024544719694743,50000,435.6178089044528
2025-12-29,GOKULAGRO,SHORT,A_MOD_BREAK_C1_LOW,MODERATE,2025-12-29 10:45:00+05:30,2025-12-29 11:00:00+05:30,179.2,180.992,177.408,2025-12-29 12:00:00+05:30,179.21792,BE,-0.1400780390195028,-0.010000000000002071,59.54030841147614,20.566037730416227,20.85346215781006,1.2401380374874829,2.705703231135734,0.005378657487091222,0.8270241565603094,50000,-70.03901950975141
2025-12-29,SWSOLAR,SHORT,A_MOD_BREAK_C1_LOW,MODERATE,2025-12-29 10:45:00+05:30,2025-12-29 11:00:00+05:30,212.58999999999997,214.71589999999998,210.46409999999997,2025-12-29 12:00:00+05:30,212.61125899999996,BE,-0.140078039019487,-0.00999999999999359,46.43562978609604,17.921146950407447,16.42721205871662,1.210526690513376,2.8964236062863566,0.005881326118190459,0.7683766176312814,50000,-70.0390195097435
2025-12-29,TRACXN,SHORT,A_MOD_BREAK_C1_LOW,MODERATE,2025-12-29 10:15:00+05:30,2025-12-29 10:30:00+05:30,39.400000000000006,39.794000000000004,39.00600000000001,2025-12-29 14:30:00+05:30,39.18,EOD,0.4290368534521284,0.5583756345177816,43.11093288621045,38.28124995812966,8.530602143023597,1.5138108524473017,2.628084970980673,0.004451844076875735,0.7715808924714345,50000,214.5184267260642
2025-12-30,APARINDS,SHORT,A_MOD_BREAK_C1_LOW,MODERATE,2025-12-30 11:00:00+05:30,2025-12-30 11:15:00+05:30,8429.3138,8513.606938,8345.020661999999,2025-12-30 14:30:00+05:30,8386.5,EOD,0.3785111908875062,0.5079156028098029,42.999587512907695,23.899371069042104,7.789713691104699,1.2802639718881668,2.704999709277794,0.003730426903110524,0.7290400077740447,50000,189.2555954437531
2025-12-30,AURIONPRO,SHORT,A_MOD_BREAK_C1_LOW,MODERATE,2025-12-30 11:15:00+05:30,2025-12-30 11:30:00+05:30,1047.49046,1057.9653646,1037.0155554,2025-12-30 11:45:00+05:30,1047.595209046,BE,-0.1400780390195129,-0.01000000000000494,56.85251093043733,22.144112477486985,3.9609771033920205,1.452039088781515,2.3981699919321673,0.008615871198178662,0.8641068405367651,50000,-70.03901950975646
2025-12-30,INOXWIND,SHORT,A_MOD_BREAK_C1_LOW,MODERATE,2025-12-30 11:15:00+05:30,2025-12-30 11:30:00+05:30,122.47,123.6947,121.2453,2025-12-30 12:15:00+05:30,122.482247,BE,-0.14007803901949967,-0.010000000000001728,48.973626389968786,28.35249041385171,7.550572280246636,1.219983456925568,2.694149610457368,0.005061271083775975,0.8081015008115062,50000,-70.03901950974983
2025-12-30,KRN,SHORT,A_MOD_BREAK_C1_LOW,MODERATE,2025-12-30 11:00:00+05:30,2025-12-30 11:15:00+05:30,710.90779,718.0168679,703.7987121,2025-12-30 13:45:00+05:30,710.978880779,BE,-0.14007803901948865,-0.009999999999996305,46.869592902412265,28.59350849953519,16.71525753158412,0.7950422740770458,2.4665711468945855,0.005208490139996987,0.702176291499667,50000,-70.03901950974432
2025-12-30,MAZDOCK,SHORT,A_MOD_BREAK_C1_LOW,MODERATE,2025-12-30 11:15:00+05:30,2025-12-30 11:30:00+05:30,2459.508,2484.10308,2434.9129199999998,2025-12-30 12:00:00+05:30,2434.9129199999998,TARGET,0.8712356178089125,1.0000000000000022,35.0105818122065,10.793650793531071,2.7432537982121006,2.0765773456216383,3.748880908091339,0.006331465729961995,0.7351587271830975,50000,435.61780890445624
2025-12-30,PGEL,SHORT,A_MOD_BREAK_C1_LOW,MODERATE,2025-12-30 11:15:00+05:30,2025-12-30 11:30:00+05:30,562.1875399999999,567.8094153999999,556.5656645999999,2025-12-30 12:30:00+05:30,562.2437587539999,BE,-0.14007803901949734,-0.010000000000007522,38.6717684378793,27.253218882482656,13.699176760066871,1.9213809092832894,2.5023230084157517,0.005942857142857166,0.776318185692765,50000,-70.03901950974867
2025-12-30,SHANKARA,SHORT,A_MOD_BREAK_C1_LOW,MODERATE,2025-12-30 11:15:00+05:30,2025-12-30 11:30:00+05:30,103.16,104.1916,102.1284,2025-12-30 11:45:00+05:30,102.1284,TARGET,0.871235617808905,0.9999999999999976,34.66281479502115,13.527180781423695,0.8337086863776678,3.166768856531888,4.805134330608808,0.007322638639192359,0.7299422219253171,50000,435.6178089044525
2025-12-30,ZENSARTECH,SHORT,A_MOD_BREAK_C1_LOW,MODERATE,2025-12-30 10:30:00+05:30,2025-12-30 10:45:00+05:30,704.05916,711.0997516,697.0185684,2025-12-30 11:45:00+05:30,704.129565916,BE,-0.14007803901949623,-0.010000000000003834,45.788405731068046,22.029702968770394,1.477832512315069,1.6318680651742656,3.44420726158351,0.0036667748610378407,0.832402997371517,50000,-70.03901950974812
2025-12-31,GRMOVER,SHORT,A_MOD_BREAK_C1_LOW,MODERATE,2025-12-31 11:15:00+05:30,2025-12-31 11:30:00+05:30,159.29999999999998,160.89299999999997,157.707,2025-12-31 11:45:00+05:30,159.31592999999998,BE,-0.14007803901948812,-0.009999999999998328,29.438111839597145,12.888888887285063,14.338919925511947,1.1233653006523976,2.8425447877618457,0.008598298253470662,0.4981606052081267,50000,-70.03901950974407
2026-01-02,ABBOTINDIA,SHORT,A_PULLBACK_C2_THEN_BREAK_C2_LOW,MODERATE,2026-01-02 10:45:00+05:30,2026-01-02 11:15:00+05:30,28054.388,28334.93188,27773.844119999998,2026-01-02 14:30:00+05:30,28125.0,EOD,-0.3820892132638693,-0.2516968112082894,28.121386265851477,11.851851851827263,6.060606060606061,1.6732877669326849,3.7745422738172816,0.0035383362183077083,0.5746461532009921,50000,-191.04460663193464
2026-01-05,DBL,SHORT,A_MOD_BREAK_C1_LOW,MODERATE,2026-01-05 10:30:00+05:30,2026-01-05 10:45:00+05:30,465.00698,469.6570498,460.3569102,2026-01-05 14:00:00+05:30,465.053480698,BE,-0.14007803901949545,-0.00999999999999752,29.96855073301254,27.985074623941784,15.399669386231364,1.0534367401601648,2.2425564726869696,0.004475801498587402,0.49387969052321695,50000,-70.03901950974772
2026-01-05,HFCL,SHORT,A_MOD_BREAK_C1_LOW,MODERATE,2026-01-05 10:30:00+05:30,2026-01-05 10:45:00+05:30,67.75,68.4275,67.0725,2026-01-05 12:15:00+05:30,67.0725,TARGET,0.8712356178089066,0.9999999999999923,29.94775069052828,50.6578946901834,20.65727699530519,1.4697630326921425,0.3987420398182114,0.00602523858680766,0.48636189306995975,50000,435.6178089044533
2026-01-05,LXCHEM,SHORT,A_MOD_BREAK_C1_LOW,MODERATE,2026-01-05 10:45:00+05:30,2026-01-05 11:00:00+05:30,163.35,164.9835,161.7165,2026-01-05 11:15:00+05:30,161.7165,TARGET,0.8712356178089246,0.9999999999999988,27.800967647387647,26.421800943484357,13.056873161939114,1.3696535301959514,2.345016618826384,0.007680022341883149,0.5167038824951062,50000,435.61780890446227
2026-01-06,BALAMINES,SHORT,A_MOD_BREAK_C1_LOW,MODERATE,2026-01-06 11:15:00+05:30,2026-01-06 11:30:00+05:30,1068.7862,1079.474062,1058.098338,2026-01-06 14:30:00+05:30,1066.9,EOD,0.04664507907045218,0.17648057207324694,48.78091863061523,9.77995109990971,3.5572139303483987,1.4734799154699614,3.3669680259249914,0.005098222637979432,0.8495727646664717,50000,23.322539535226092
2026-01-06,HSCL,SHORT,A_MOD_BREAK_C1_LOW,MODERATE,2026-01-06 10:15:00+05:30,2026-01-06 10:30:00+05:30,481.35371,486.1672471,476.54017289999996,2026-01-06 14:30:00+05:30,480.5,EOD,0.047521710959585205,0.17735606525188685,27.747799934682345,22.941176468698714,4.259948600823711,1.1714056636350882,2.599178805380217,0.005330269108162187,0.4812129901563756,50000,23.760855479792603
2026-01-06,KNRCON,SHORT,A_MOD_BREAK_C1_LOW,MODERATE,2026-01-06 11:00:00+05:30,2026-01-06 11:15:00+05:30,154.45,155.9945,152.9055,2026-01-06 11:30:00+05:30,152.9055,TARGET,0.8712356178089072,0.9999999999999997,35.327784670504826,28.688524584677012,10.760489668085581,1.51834941837387,2.2213586502102154,0.007131771487694936,0.6556279182729996,50000,435.6178089044536
2026-01-06,PARAGMILK,SHORT,A_MOD_BREAK_C1_LOW,MODERATE,2026-01-06 10:30:00+05:30,2026-01-06 10:45:00+05:30,294.49109,297.4360009,291.54617909999996,2026-01-06 13:00:00+05:30,294.52053910899997,BE,-0.14007803901948088,-0.009999999999994487,26.743720659508895,23.791821558861855,12.062883353206052,1.3662539997775645,2.923772023361831,0.005317473776012012,0.5002502598537071,50000,-70.03901950974043
2026-01-06,SONATSOFTW,SHORT,A_MOD_BREAK_C1_LOW,MODERATE,2026-01-06 10:30:00+05:30,2026-01-06 10:45:00+05:30,352.57946999999996,356.10526469999996,349.05367529999995,2026-01-06 14:30:00+05:30,351.7,EOD,0.11969820042000319,0.24943880027954252,30.672716647692344,14.335664334260912,4.469913462005213,1.6409375546905776,3.8100050142132194,0.004979857891860186,0.6072548217862361,50000,59.849100210001595
2026-01-06,SRF,SHORT,A_MOD_BREAK_C1_LOW,MODERATE,2026-01-06 10:45:00+05:30,2026-01-06 11:00:00+05:30,3015.9966799999997,3046.1566467999996,2985.8367132,2026-01-06 11:15:00+05:30,2985.8367132,TARGET,0.8712356178089161,0.9999999999999966,30.538142991225808,22.019867549413576,10.821411756456582,2.0584086933763484,2.9561123814598274,0.00484357705733774,0.6680721448683871,50000,435.61780890445806
2026-01-06,TIMETECHNO,SHORT,A_MOD_BREAK_C1_LOW,MODERATE,2026-01-06 10:30:00+05:30,2026-01-06 10:45:00+05:30,183.97,185.8097,182.1303,2026-01-06 12:15:00+05:30,185.8097,SL,-1.1313656828414076,-0.9999999999999963,44.721253447402304,16.79626749245503,2.6334359982326543,1.641254105501861,3.5593506627373848,0.005424365411328306,0.8180382701738602,50000,-565.6828414207038
2026-01-07,CIPLA,SHORT,A_MOD_BREAK_C1_LOW,MODERATE,2026-01-07 11:15:00+05:30,2026-01-07 11:30:00+05:30,1478.00434,1492.7843834,1463.2242966,2026-01-07 11:45:00+05:30,1463.2242966,TARGET,0.871235617808927,1.0000000000000044,41.27907655072832,18.483412321968373,10.130114507407837,1.360732856140907,2.6997521351899954,0.007084463404982287,0.7173143980855836,50000,435.6178089044635
2026-01-07,JLHL,SHORT,A_MOD_BREAK_C1_LOW,MODERATE,2026-01-07 10:45:00+05:30,2026-01-07 11:00:00+05:30,1361.1277200000002,1374.7389972,1347.5164428000003,2026-01-07 11:45:00+05:30,1361.2638327720001,BE,-0.14007803901948085,-0.009999999999995084,34.56344514562296,24.45923460841547,7.318388955063907,1.954094936977974,3.049148382114851,0.00526867627785059,0.7204182911554897,50000,-70.03901950974043
2026-01-07,KSB,SHORT,A_MOD_BREAK_C1_LOW,MODERATE,2026-01-07 10:30:00+05:30,2026-01-07 10:45:00+05:30,743.3013100000001,750.7343231000001,735.8682969,2026-01-07 12:00:00+05:30,735.8682969,TARGET,0.8712356178089322,1.0000000000000053,29.87362682224047,24.942791760415744,37.53213367609245,0.977083214806989,1.5886084643413607,0.006073613151653101,0.45852438814189816,50000,435.6178089044661
2026-01-07,RGL,SHORT,A_MOD_BREAK_C1_LOW,MODERATE,2026-01-07 10:45:00+05:30,2026-01-07 11:00:00+05:30,122.05,123.2705,120.8295,2026-01-07 11:15:00+05:30,122.06220499999999,BE,-0.14007803901949112,-0.009999999999995469,28.432503423648896,54.43037973806641,61.701600180301995,0.8450344163376404,0.03161858101645809,0.008451494500099365,0.3359495032646434,50000,-70.03901950974556
2026-01-07,TRITURBINE,SHORT,A_MOD_BREAK_C1_LOW,MODERATE,2026-01-07 10:15:00+05:30,2026-01-07 10:30:00+05:30,530.19394,535.4958794,524.8920006,2026-01-07 11:45:00+05:30,530.246959394,BE,-0.14007803901949606,-0.009999999999997927,32.389645880344546,19.464720193321185,6.479845607856286,1.0686979198925224,3.3407855519010345,0.004484063396307695,0.5328668241863597,50000,-70.03901950974803
2026-01-08,GAIL,SHORT,A_MOD_BREAK_C1_LOW,MODERATE,2026-01-08 11:15:00+05:30,2026-01-08 11:30:00+05:30,165.7,167.357,164.04299999999998,2026-01-08 13:30:00+05:30,164.04299999999998,TARGET,0.871235617808934,1.0000000000000064,43.78848953125643,13.984168860269222,5.050724113834119,2.863125044474322,3.815521967266576,0.0029390217625511715,0.8668273429688464,50000,435.617808904467
2026-01-08,GRAVITA,SHORT,A_MOD_BREAK_C1_LOW,MODERATE,2026-01-08 11:00:00+05:30,2026-01-08 11:15:00+05:30,1739.75198,1757.1494998,1722.3544602,2026-01-08 11:45:00+05:30,1739.9259551979999,BE,-0.14007803901949076,-0.009999999999993105,48.1097975063596,11.56351791504595,7.982298193250185,1.8116121723168728,3.5331529076466714,0.005499552981897832,0.8986790927508468,50000,-70.03901950974537
2026-01-08,HINDALCO,SHORT,A_MOD_BREAK_C1_LOW,MODERATE,2026-01-08 11:00:00+05:30,2026-01-08 11:15:00+05:30,907.41848,916.4926648000001,898.3442952,2026-01-08 14:30:00+05:30,902.65,EOD,0.3961180054424495,0.5254995468022722,48.808056923105205,9.94694960175265,5.666955258174711,2.0104401900491418,4.281716754031067,0.0053795576808129,0.942120853846578,50000,198.05900272122477
2026-01-08,IXIGO,SHORT,A_MOD_BREAK_C1_LOW,MODERATE,2026-01-08 11:00:00+05:30,2026-01-08 11:15:00+05:30,222.04999999999998,224.2705,219.82949999999997,2026-01-08 12:00:00+05:30,219.82949999999997,TARGET,0.8712356178089254,1.0000000000000069,46.92022482416824,11.221122111174381,4.023419847539652,1.6380213417123164,3.949717988865501,0.008109583761562197,0.8504571071621789,50000,435.6178089044627
2026-01-08,JUBLINGREA,SHORT,A_MOD_BREAK_C1_LOW,MODERATE,2026-01-08 11:15:00+05:30,2026-01-08 11:30:00+05:30,710.9577800000001,718.0673578000001,703.8482022000001,2026-01-08 12:15:00+05:30,711.028875778,BE,-0.14007803901949525,-0.009999999999996017,40.70862326448329,12.769230768680671,2.9232995436648057,2.248261690546659,3.319089131793675,0.006751804664518148,0.8206293489672494,50000,-70.03901950974763
2026-01-08,LXCHEM,SHORT,A_MOD_BREAK_C1_LOW,MODERATE,2026-01-08 10:45:00+05:30,2026-01-08 11:00:00+05:30,159.47,161.0647,157.8753,2026-01-08 11:45:00+05:30,157.8753,TARGET,0.8712356178089118,0.9999999999999931,40.88917246660153,36.01036268123954,9.016546454464917,1.68807534253612,2.2953542949853434,0.0035371761692829856,0.7687507719428439,50000,435.61780890445584
2026-01-08,MOIL,SHORT,A_MOD_BREAK_C1_LOW,MODERATE,2026-01-08 11:15:00+05:30,2026-01-08 11:30:00+05:30,353.12935999999996,356.6606536,349.59806639999994,2026-01-08 11:45:00+05:30,353.16467293599993,BE,-0.14007803901948263,-0.009999999999991061,43.34592021964466,2.559055117969322,1.9423652020722537,3.1146982293514633,5.183356100578018,0.00799038325555082,0.8601888032946698,50000,-70.03901950974131
2026-01-08,RALLIS,SHORT,A_MOD_BREAK_C1_LOW,MODERATE,2026-01-08 11:15:00+05:30,2026-01-08 11:30:00+05:30,261.4477,264.062177,258.833223,2026-01-08 13:45:00+05:30,258.833223,TARGET,0.87123561780893,1.0000000000000084,46.49727071768502,19.999999997200007,2.3926715887337617,1.992710088054109,3.0400666303823676,0.004588910133843216,0.9061833261747443,50000,435.617808904465
2026-01-09,BLISSGVS,SHORT,A_MOD_BREAK_C1_LOW,MODERATE,2026-01-09 10:45:00+05:30,2026-01-09 11:00:00+05:30,174.29999999999998,176.04299999999998,172.557,2026-01-09 11:15:00+05:30,172.557,TARGET,0.8712356178089141,0.9999999999999972,36.82686940335264,18.950238580332083,4.912189090912007,1.489993236763759,3.4559446832551535,0.01021226125720827,0.6731518574839475,50000,435.6178089044571
2026-01-09,HEG,SHORT,A_MOD_BREAK_C1_LOW,MODERATE,2026-01-09 11:00:00+05:30,2026-01-09 11:15:00+05:30,586.3827,592.246527,580.518873,2026-01-09 11:45:00+05:30,586.44133827,BE,-0.14007803901947197,-0.00999999999999324,58.540805726063525,25.209080046946482,18.841090497286164,1.0369783321743355,2.7134005131567327,0.008740281827016553,0.7914712081305086,50000,-70.039019509736
2026-01-09,KDDL,SHORT,A_MOD_BREAK_C1_LOW,MODERATE,2026-01-09 11:00:00+05:30,2026-01-09 11:15:00+05:30,2337.5324,2360.907724,2314.157076,2026-01-09 12:15:00+05:30,2337.76615324,BE,-0.140078039019501,-0.010000000000007237,37.1076916393166,28.004410143113503,25.185185185185205,0.6852529520067137,2.2636120634311716,0.007845568429603648,0.536534641190924,50000,-70.03901950975049
2026-01-09,PARAGMILK,SHORT,A_MOD_BREAK_C1_LOW,MODERATE,2026-01-09 11:00:00+05:30,2026-01-09 11:15:00+05:30,275.99479,278.7547379,273.23484210000004,2026-01-09 11:30:00+05:30,273.23484210000004,TARGET,0.8712356178089328,0.9999999999999948,41.99331603400363,31.642512075154485,29.45384788986657,0.6055561210849967,1.9715557216544737,0.010336985734959673,0.5944498477826525,50000,435.61780890446636
2026-01-09,SHK,SHORT,A_MOD_BREAK_C1_LOW,MODERATE,2026-01-09 11:00:00+05:30,2026-01-09 11:15:00+05:30,175.29999999999998,177.053,173.54699999999997,2026-01-09 12:15:00+05:30,175.31752999999998,BE,-0.14007803901948832,-0.009999999999996354,42.43619388635439,8.134757599721809,15.026324730377235,1.7313418812475352,3.137421478791549,0.009554477210923135,0.7995277375136345,50000,-70.03901950974416
2026-01-09,VMART,SHORT,A_MOD_BREAK_C1_LOW,MODERATE,2026-01-09 11:00:00+05:30,2026-01-09 11:15:00+05:30,652.8694,659.398094,646.3407060000001,2026-01-09 14:00:00+05:30,646.3407060000001,TARGET,0.8712356178089183,0.9999999999999959,52.17303631721153,16.377952755183244,7.8616232433444155,1.5761112441264697,3.728121557487166,0.006490027119237163,0.885819467722132,50000,435.61780890445914
2026-01-12,EICHERMOT,SHORT,A_MOD_BREAK_C1_LOW,MODERATE,2026-01-12 10:30:00+05:30,2026-01-12 10:45:00+05:30,7379.5238,7453.319038,7305.728562,2026-01-12 12:30:00+05:30,7380.26175238,BE,-0.14007803901948915,-0.010000000000000328,43.89441788865355,16.87657430718575,1.2761220835755436,1.7961886347638114,3.9185736166410132,0.003637700508891082,0.8327492794134701,50000,-70.03901950974458
2026-01-12,GABRIEL,SHORT,A_MOD_BREAK_C1_LOW,MODERATE,2026-01-12 11:15:00+05:30,2026-01-12 11:30:00+05:30,945.8108,955.268908,936.3526919999999,2026-01-12 11:45:00+05:30,945.90538108,BE,-0.1400780390195,-0.010000000000001244,49.44896547636324,25.44589774036119,2.1730542457422977,1.447675135624835,2.9278076096908783,0.010221336473714397,0.8550776308797947,50000,-70.03901950974999
2026-01-12,JAGSNPHARM,SHORT,A_PULLBACK_C2_THEN_BREAK_C2_LOW,MODERATE,2026-01-12 11:00:00+05:30,2026-01-12 11:30:00+05:30,177.95999999999998,179.73959999999997,176.1804,2026-01-12 11:45:00+05:30,176.1804,TARGET,0.8712356178089085,0.9999999999999932,50.00414691885315,28.519195608781985,11.218620758084613,1.6744821999505861,2.9670410308135615,0.007041576928927734,0.9030343849913525,50000,435.6178089044542
2026-01-12,JSL,SHORT,A_MOD_BREAK_C1_LOW,MODERATE,2026-01-12 11:15:00+05:30,2026-01-12 11:30:00+05:30,752.19953,759.7215252999999,744.6775347,2026-01-12 12:15:00+05:30,752.274749953,BE,-0.14007803901948612,-0.009999999999998283,59.89445483670735,23.98523985157233,11.657316339758914,1.7539857133243926,3.0137484872156888,0.008008686746073888,0.9169474998317686,50000,-70.03901950974306
2026-01-12,LUMAXTECH,SHORT,A_MOD_BREAK_C1_LOW,MODERATE,2026-01-12 11:15:00+05:30,2026-01-12 11:30:00+05:30,1488.90216,1503.7911816,1474.0131384000001,2026-01-12 11:45:00+05:30,1474.0131384000001,TARGET,0.8712356178089161,0.9999999999999984,61.93302080080318,29.077540106679763,7.349670469012796,1.618935717283829,2.601322310171999,0.011633817676113777,0.89331375052467,50000,435.61780890445806
2026-01-12,NBCC,SHORT,A_MOD_BREAK_C1_LOW,MODERATE,2026-01-12 11:00:00+05:30,2026-01-12 11:15:00+05:30,105.05,106.1005,103.9995,2026-01-12 11:45:00+05:30,103.9995,TARGET,0.871235617808928,0.9999999999999997,48.48178872511408,20.0700116653327,4.51017745491642,1.4632597600755894,3.1389817865790075,0.010064286393845904,0.8432972888899393,50000,435.617808904464
2026-01-12,RADICO,SHORT,A_PULLBACK_C2_THEN_BREAK_C2_LOW,MODERATE,2026-01-12 10:30:00+05:30,2026-01-12 11:00:00+05:30,2830.4338,2858.7381379999997,2802.129462,2026-01-12 11:30:00+05:30,2802.129462,TARGET,0.8712356178089101,0.9999999999999971,72.86694172959082,10.628961482131317,0.8869234580045581,1.7244846778236682,5.119167949080926,0.008325596415452295,0.911784818619142,50000,435.6178089044551
2026-01-12,TVSHLTD,SHORT,A_MOD_BREAK_C1_LOW,MODERATE,2026-01-12 11:15:00+05:30,2026-01-12 11:30:00+05:30,14568.0858,14713.766658,14422.404942000001,2026-01-12 12:30:00+05:30,14569.54260858,BE,-0.1400780390194952,-0.010000000000000979,48.94300096785269,27.014218009433847,8.848207475209783,1.2162669659183698,2.4118108128380595,0.007872780571977607,0.8069917335535051,50000,-70.0390195097476
2026-01-14,CESC,SHORT,A_MOD_BREAK_C1_LOW,MODERATE,2026-01-14 10:00:00+05:30,2026-01-14 10:15:00+05:30,157.47,159.0447,155.8953,2026-01-14 10:30:00+05:30,157.485747,BE,-0.1400780390194998,-0.010000000000002934,43.911462554661895,15.116279065666532,8.225868813150935,0.9916577385068525,3.841042706465669,0.0045625481400933185,0.6922120425586276,50000,-70.03901950974989
2026-01-14,ICICIGI,SHORT,A_MOD_BREAK_C1_LOW,MODERATE,2026-01-14 11:00:00+05:30,2026-01-14 11:15:00+05:30,1852.1295,1870.650795,1833.608205,2026-01-14 11:30:00+05:30,1833.608205,TARGET,0.8712356178089224,1.0000000000000004,25.795009146536316,34.91124260297188,10.492678725236841,1.9149289349383884,1.8601024759568738,0.006605197886336677,0.5750428246101065,50000,435.61780890446124
2026-01-14,SHK,SHORT,A_MOD_BREAK_C1_LOW,MODERATE,2026-01-14 10:00:00+05:30,2026-01-14 10:15:00+05:30,164.17999999999998,165.82179999999997,162.5382,2026-01-14 10:30:00+05:30,164.19641799999997,BE,-0.14007803901949287,-0.009999999999992319,47.32904113743344,18.571428566785684,8.543812621046627,1.3031095449140606,4.735379797317292,0.004756108164507421,0.7979797874214622,50000,-70.03901950974642
2026-01-14,TANLA,SHORT,A_MOD_BREAK_C1_LOW,MODERATE,2026-01-14 10:00:00+05:30,2026-01-14 10:15:00+05:30,486.55267,491.4181967,481.68714329999995,2026-01-14 10:45:00+05:30,486.601325267,BE,-0.14007803901949148,-0.010000000000003104,39.22508407614286,16.20253164442103,4.004549900072359,1.3096564253645118,4.370499886574127,0.004821593694500304,0.6775661355809324,50000,-70.03901950974573
2026-01-16,AURIONPRO,SHORT,A_MOD_BREAK_C1_LOW,MODERATE,2026-01-16 11:15:00+05:30,2026-01-16 11:30:00+05:30,996.8006,1006.7686060000001,986.832594,2026-01-16 14:30:00+05:30,986.832594,TARGET,0.8712356178089221,1.000000000000006,40.43722861910196,29.60725075403468,9.244227994227993,1.6047153548657829,2.3013996617344215,0.0056283566058002,0.7473836163880414,50000,435.61780890446107
2026-01-16,GODIGIT,SHORT,A_MOD_BREAK_C1_LOW,MODERATE,2026-01-16 10:00:00+05:30,2026-01-16 10:15:00+05:30,320.48589,323.69074889999996,317.2810311,2026-01-16 10:30:00+05:30,317.2810311,TARGET,0.8712356178089041,0.9999999999999928,32.31996328358289,26.838235291354593,7.107633949739004,1.3589171588677567,2.9965071928910625,0.006439824408939974,0.5826099520556007,50000,435.61780890445203
2026-01-16,IGARASHI,SHORT,A_MOD_BREAK_C1_LOW,MODERATE,2026-01-16 11:15:00+05:30,2026-01-16 11:30:00+05:30,395.4209,399.375109,391.466691,2026-01-16 12:00:00+05:30,391.466691,TARGET,0.871235617808907,0.9999999999999978,35.73514733911612,25.39682539521293,12.400109203140909,1.5897486758328094,2.824439901929548,0.008374695424600674,0.6742332283574834,50000,435.6178089044535
2026-01-16,JSWINFRA,SHORT,A_MOD_BREAK_C1_LOW,MODERATE,2026-01-16 11:15:00+05:30,2026-01-16 11:30:00+05:30,258.14835999999997,260.7298436,255.56687639999996,2026-01-16 14:30:00+05:30,257.9,EOD,-0.03373165681138509,0.09620824242307449,32.892781199611626,26.02040815954804,13.531409168081682,1.5056277415943906,2.197012151721552,0.005417956656346694,0.6168765727731926,50000,-16.865828405692543
2026-01-16,MANKIND,SHORT,A_MOD_BREAK_C1_LOW,MODERATE,2026-01-16 11:15:00+05:30,2026-01-16 11:30:00+05:30,2196.86054,2218.8291454,2174.8919346000002,2026-01-16 12:00:00+05:30,2197.080226054,BE,-0.14007803901949592,-0.009999999999990633,29.918475915331207,20.615796519024286,8.810273685122882,2.197059974726312,2.6058422697551595,0.004975075877218605,0.6587771387299681,50000,-70.03901950974796
2026-01-16,MRF,SHORT,A_MOD_BREAK_C1_LOW,MODERATE,2026-01-16 10:30:00+05:30,2026-01-16 10:45:00+05:30,143781.238,145219.05038,142343.42562000002,2026-01-16 14:30:00+05:30,142660.0,EOD,0.6507714341785941,0.7798221907089241,49.69778297648176,9.540636042398106,4.381022203602835,1.9886763885285579,4.934216771348131,0.0023369127916794976,0.9534851126397239,50000,325.38571708929703
2026-01-16,POWERINDIA,SHORT,A_MOD_BREAK_C1_LOW,MODERATE,2026-01-16 11:00:00+05:30,2026-01-16 11:15:00+05:30,16558.6876,16724.274476000002,16393.100724,2026-01-16 11:45:00+05:30,16560.343468760002,BE,-0.14007803901951565,-0.010000000000005345,40.816695861490885,30.694444444384757,15.414707603415968,1.1893590120872868,2.005521084124069,0.006919804333597438,0.6803882650376385,50000,-70.03901950975782
2026-01-19,BODALCHEM,SHORT,A_MOD_BREAK_C1_LOW,MODERATE,2026-01-19 10:30:00+05:30,2026-01-19 10:45:00+05:30,49.03,49.5203,48.5397,2026-01-19 14:30:00+05:30,49.0,EOD,-0.06879842123792186,0.061187028349992116,47.2392303544018,20.744680835615668,7.165109034268045,1.035212378397224,2.732406799511269,0.0052101525206659765,0.7497506215355412,50000,-34.39921061896093
2026-01-19,CAPACITE,SHORT,A_MOD_BREAK_C1_LOW,MODERATE,2026-01-19 11:15:00+05:30,2026-01-19 11:30:00+05:30,232.6,234.926,230.274,2026-01-19 14:00:00+05:30,234.926,SL,-1.1313656828414067,-0.9999999999999972,42.30797117397529,16.66666666407407,5.464480874316965,0.7764764418126625,2.4554252845103623,0.005986920880537901,0.6305029449268453,50000,-565.6828414207033
2026-01-19,ETERNAL,SHORT,A_PULLBACK_C2_THEN_BREAK_C2_LOW,MODERATE,2026-01-19 10:45:00+05:30,2026-01-19 11:15:00+05:30,281.79363,284.6115663,278.9756937,2026-01-19 11:45:00+05:30,281.821809363,BE,-0.14007803901948826,-0.009999999999997325,46.84047891584836,19.520547943333526,7.434912833030597,1.992991880412399,3.3632902634113044,0.0073682078290373265,0.9113807628098951,50000,-70.03901950974414
2026-01-19,KIRLOSENG,SHORT,A_MOD_BREAK_C1_LOW,MODERATE,2026-01-19 10:45:00+05:30,2026-01-19 11:00:00+05:30,1129.2741,1140.566841,1117.981359,2026-01-19 12:00:00+05:30,1129.38702741,BE,-0.14007803901948152,-0.009999999999989712,37.594113358840666,9.147286821506995,5.21865659902479,1.544861180120094,3.796292482398116,0.007367355972933706,0.6942624069036263,50000,-70.03901950974075
2026-01-19,LTF,SHORT,A_MOD_BREAK_C1_LOW,MODERATE,2026-01-19 10:15:00+05:30,2026-01-19 10:30:00+05:30,285.64286,288.4992886,282.78643139999997,2026-01-19 10:45:00+05:30,282.78643139999997,TARGET,0.8712356178089249,1.0000000000000053,28.773449224041926,26.041666664767803,29.75460122699384,1.294901596823994,2.3220117748651394,0.010990932480703434,0.5182095178048278,50000,435.61780890446244
2026-01-19,SJVN,SHORT,A_MOD_BREAK_C1_LOW,MODERATE,2026-01-19 11:15:00+05:30,2026-01-19 11:30:00+05:30,75.45,76.20450000000001,74.6955,2026-01-19 12:30:00+05:30,74.6955,TARGET,0.871235617808924,1.0000000000000095,35.10211477115286,22.3277909664468,19.195046439628268,0.9754684988749279,2.289336090222027,0.008178122340928422,0.5572387088704054,50000,435.61780890446204
2026-01-19,SPENCERS,SHORT,A_MOD_BREAK_C1_LOW,MODERATE,2026-01-19 11:00:00+05:30,2026-01-19 11:15:00+05:30,37.470000000000006,37.8447,37.09530000000001,2026-01-19 11:45:00+05:30,37.473747,BE,-0.14007803901949284,-0.009999999999992147,27.220094269919095,36.39999997961589,35.185185185185325,1.8352256550022288,2.153364878186477,0.0072151995126408346,0.5894659036741765,50000,-70.03901950974642
2026-01-19,SRF,SHORT,A_MOD_BREAK_C1_LOW,MODERATE,2026-01-19 10:30:00+05:30,2026-01-19 10:45:00+05:30,2982.4034,3012.2274340000004,2952.579366,2026-01-19 11:00:00+05:30,2982.7016403400003,BE,-0.1400780390194942,-0.010000000000004035,30.154338144291216,14.20643729167729,7.199866743608833,1.2972217520069,3.282858595566919,0.004266285101739996,0.5393288787655757,50000,-70.0390195097471
2026-01-20,AWFIS,SHORT,A_PULLBACK_C2_THEN_BREAK_C2_LOW,MODERATE,2026-01-20 10:30:00+05:30,2026-01-20 11:00:00+05:30,429.914,434.21314,425.61485999999996,2026-01-20 11:15:00+05:30,425.61485999999996,TARGET,0.8712356178089227,1.0000000000000053,51.03952281694987,3.2154340833114503,5.207350849614404,0.896739678019944,3.970998575201064,0.005343245440817737,0.7669294436534901,50000,435.61780890446136
2026-01-20,BSOFT,SHORT,A_MOD_BREAK_C1_LOW,MODERATE,2026-01-20 10:45:00+05:30,2026-01-20 11:00:00+05:30,407.96839,412.0480739,403.8887061,2026-01-20 11:30:00+05:30,408.009186839,BE,-0.14007803901948773,-0.009999999999998796,33.57638852981607,9.843400446810861,5.105882275394443,1.8234897673831447,4.074882767734805,0.00682354999562595,0.6827565372392914,50000,-70.03901950974387
2026-01-20,HBLENGINE,SHORT,A_MOD_BREAK_C1_LOW,MODERATE,2026-01-20 10:45:00+05:30,2026-01-20 11:00:00+05:30,738.8522,746.240722,731.4636780000001,2026-01-20 11:30:00+05:30,731.4636780000001,TARGET,0.8712356178089157,0.9999999999999953,49.30929751401972,24.8054474701415,14.670981661272998,0.7729802411640924,2.860352052022635,0.009297450808033018,0.734911004914012,50000,435.6178089044579
2026-01-20,LAURUSLABS,SHORT,A_MOD_BREAK_C1_LOW,MODERATE,2026-01-20 11:15:00+05:30,2026-01-20 11:30:00+05:30,1033.8931799999998,1044.2321117999998,1023.5542481999998,2026-01-20 12:15:00+05:30,1023.5542481999998,TARGET,0.8712356178089212,0.9999999999999959,35.45633574342958,35.29411764639818,20.25948103792405,1.3070926297328758,1.9494164117275499,0.007701863354037277,0.6180570669410743,50000,435.6178089044606
2026-01-20,QUICKHEAL,SHORT,A_MOD_BREAK_C1_LOW,MODERATE,2026-01-20 10:15:00+05:30,2026-01-20 10:30:00+05:30,208.54999999999998,210.63549999999998,206.4645,2026-01-20 10:45:00+05:30,208.570855,BE,-0.1400780390195069,-0.010000000000005569,55.43955153110257,18.380062303692583,8.908450704225347,1.1625326761256065,3.3039549246595006,0.009737930091912364,0.8134432183219811,50000,-70.03901950975346
2026-01-20,TCPLPACK,SHORT,A_MOD_BREAK_C1_LOW,MODERATE,2026-01-20 11:00:00+05:30,2026-01-20 11:15:00+05:30,2593.4812,2619.416012,2567.546388,2026-01-20 11:30:00+05:30,2567.546388,TARGET,0.8712356178089184,0.9999999999999987,69.46333961440219,19.68449931403444,12.162272871950291,2.1276489460548795,3.6781713212634823,0.012399419601635688,0.96,50000,435.61780890445925
2026-01-20,TRITURBINE,SHORT,A_PULLBACK_C2_THEN_BREAK_C2_LOW,MODERATE,2026-01-20 10:00:00+05:30,2026-01-20 10:30:00+05:30,463.30732,467.9403932,458.6742468,2026-01-20 10:45:00+05:30,467.9403932,SL,-1.1313656828414094,-1.0000000000000027,58.88354298800277,1.4527845035335218,3.0949599374303163,1.7126785212387743,5.527349287435632,0.006812973870784177,0.9097187412167855,50000,-565.6828414207047
2026-01-20,VASCONEQ,SHORT,A_MOD_BREAK_C1_LOW,MODERATE,2026-01-20 10:45:00+05:30,2026-01-20 11:00:00+05:30,41.95,42.3695,41.5305,2026-01-20 11:15:00+05:30,41.5305,TARGET,0.8712356178089157,0.9999999999999983,46.10605900732988,16.165413525326656,11.048635515640527,1.1600015546395281,3.4100976554610183,0.008673469387755154,0.7545911571718655,50000,435.6178089044579
2026-01-21,ARIHANTSUP,SHORT,A_MOD_BREAK_C1_LOW,MODERATE,2026-01-21 10:45:00+05:30,2026-01-21 11:00:00+05:30,293.64126,296.57767259999997,290.7048474,2026-01-21 11:15:00+05:30,293.670624126,BE,-0.14007803901949967,-0.01000000000000633,45.22486296557341,14.24581005475153,5.8666666666666645,2.8647601727198433,4.702195609941319,0.006286784376671995,0.888372944483601,50000,-70.03901950974983
2026-01-21,BIKAJI,SHORT,A_MOD_BREAK_C1_LOW,MODERATE,2026-01-21 10:30:00+05:30,2026-01-21 10:45:00+05:30,671.71563,678.4327863000001,664.9984737,2026-01-21 11:00:00+05:30,664.9984737,TARGET,0.8712356178089254,1.0000000000000084,58.566708602644134,14.333333332664353,4.230341572674129,1.7781136554134849,3.1964360905248355,0.0062065593980487575,0.9211698896973597,50000,435.6178089044627
2026-01-21,GULPOLY,SHORT,A_MOD_BREAK_C1_LOW,MODERATE,2026-01-21 10:45:00+05:30,2026-01-21 11:00:00+05:30,127.45,128.7245,126.1755,2026-01-21 12:15:00+05:30,128.7245,SL,-1.131365682841414,-1.0000000000000027,66.60130673350476,13.16113160904969,0.5334000451286898,2.2594650785410306,4.587691195777839,0.008060992415160723,0.96,50000,-565.6828414207071
2026-01-21,LUMAXIND,SHORT,A_MOD_BREAK_C1_LOW,MODERATE,2026-01-21 10:00:00+05:30,2026-01-21 10:15:00+05:30,5028.994,5079.283939999999,4978.70406,2026-01-21 10:30:00+05:30,5029.4968994,BE,-0.1400780390195034,-0.01000000000000771,53.97002381324406,11.264367816019444,19.161994831929615,1.617131532205297,4.749761243596218,0.00673052398900445,0.8929980181359269,50000,-70.0390195097517
2026-01-21,PARACABLES,SHORT,A_MOD_BREAK_C1_LOW,MODERATE,2026-01-21 10:45:00+05:30,2026-01-21 11:00:00+05:30,31.58,31.895799999999998,31.2642,2026-01-21 11:15:00+05:30,31.895799999999998,SL,-1.1313656828414025,-0.9999999999999983,57.23552351931472,13.220338976776617,6.240457395648158,1.6950766419980994,3.5460893897023453,0.013567816507133845,0.9066384123496674,50000,-565.6828414207013
2026-01-21,POLYCAB,SHORT,A_MOD_BREAK_C1_LOW,MODERATE,2026-01-21 10:45:00+05:30,2026-01-21 11:00:00+05:30,6875.1247,6943.875947,6806.373453,2026-01-21 11:15:00+05:30,6875.81221247,BE,-0.14007803901949675,-0.010000000000000021,52.68899540376801,14.325842696572877,6.837433737913183,1.8832642245062425,4.1339225966266815,0.006760472766138489,0.9395712392885924,50000,-70.03901950974839
2026-01-21,RIIL,SHORT,A_MOD_BREAK_C1_LOW,MODERATE,2026-01-21 10:45:00+05:30,2026-01-21 11:00:00+05:30,693.3613,700.2949130000001,686.427687,2026-01-21 11:15:00+05:30,693.43063613,BE,-0.1400780390194914,-0.010000000000001528,76.89581603883913,9.797297296833875,4.761474814645037,2.1729247774605707,4.004201436169728,0.006466360509895198,0.96,50000,-70.0390195097457
2026-01-21,SASKEN,SHORT,A_MOD_BREAK_C1_LOW,MODERATE,2026-01-21 10:30:00+05:30,2026-01-21 10:45:00+05:30,1264.747,1277.3944700000002,1252.09953,2026-01-21 11:30:00+05:30,1264.8734747,BE,-0.14007803901948432,-0.010000000000001346,51.82179712424085,16.372391652922644,4.780377211527724,1.737092055212271,4.233573490606412,0.005704129993229515,0.9139911096621474,50000,-70.03901950974216
2026-01-22,HLEGLAS,SHORT,A_MOD_BREAK_C1_LOW,MODERATE,2026-01-22 11:00:00+05:30,2026-01-22 11:15:00+05:30,407.31852,411.3917052,403.24533479999997,2026-01-22 12:00:00+05:30,403.24533479999997,TARGET,0.8712356178089161,1.0000000000000029,28.710144313932265,31.447587352944154,25.502645502645578,2.033262160867164,1.8097524244626293,0.00930725317830001,0.6311397859321155,50000,435.61780890445806
2026-01-22,KEI,SHORT,A_MOD_BREAK_C1_LOW,MODERATE,2026-01-22 10:00:00+05:30,2026-01-22 10:15:00+05:30,3765.2468,3802.899268,3727.5943319999997,2026-01-22 10:30:00+05:30,3765.6233246799998,BE,-0.14007803901949842,-0.009999999999996678,45.860719997225104,27.819732034009903,10.621831061908303,1.4240495910136337,3.168233682619429,0.012837427964816505,0.7971194783857625,50000,-70.03901950974921
2026-01-22,RESPONIND,SHORT,A_MOD_BREAK_C1_LOW,MODERATE,2026-01-22 10:30:00+05:30,2026-01-22 10:45:00+05:30,170.75,172.4575,169.0425,2026-01-22 11:00:00+05:30,169.0425,TARGET,0.8712356178089128,1.000000000000006,39.771864944948014,29.046563188396078,34.29629629629645,1.2335355133840216,2.3405520525706187,0.007084309133489447,0.672446689016424,50000,435.6178089044564
2026-01-22,RTNINDIA,SHORT,A_MOD_BREAK_C1_LOW,MODERATE,2026-01-22 10:30:00+05:30,2026-01-22 10:45:00+05:30,34.510000000000005,34.85510000000001,34.1649,2026-01-22 11:15:00+05:30,34.1649,TARGET,0.87123561780893,1.000000000000006,25.011736176869498,38.70967739750268,27.860082304526983,1.7305087692379504,1.4791145471502871,0.00871432701441374,0.5119708046271981,50000,435.617808904465
2026-01-23,ENGINERSIN,SHORT,A_MOD_BREAK_C1_LOW,MODERATE,2026-01-23 11:15:00+05:30,2026-01-23 11:30:00+05:30,170.6,172.30599999999998,168.894,2026-01-23 12:30:00+05:30,168.894,TARGET,0.8712356178089199,0.9999999999999934,35.24615228580629,12.419974389578982,0.4393528783771911,2.862296642885225,4.3230924135540185,0.00592273240969403,0.7386922842870942,50000,435.61780890445993
2026-01-23,HGINFRA,SHORT,A_MOD_BREAK_C1_LOW,MODERATE,2026-01-23 10:30:00+05:30,2026-01-23 10:45:00+05:30,626.9745800000001,633.2443258000001,620.7048342,2026-01-23 11:00:00+05:30,620.7048342,TARGET,0.8712356178089206,1.0000000000000013,25.44378237045397,18.502673796237303,5.858619173262941,1.8704378975196811,3.5483146487165724,0.009437821743923084,0.5689833676227538,50000,435.6178089044603
2026-01-23,INDIGO,SHORT,A_MOD_BREAK_C1_LOW,MODERATE,2026-01-23 11:00:00+05:30,2026-01-23 11:15:00+05:30,4770.0458,4817.746258,4722.345342,2026-01-23 13:15:00+05:30,4722.345342,TARGET,0.8712356178089156,1.0000000000000053,38.76468041922483,19.12442396301026,31.41486810551559,1.275032530691954,2.424198765919103,0.007303749158123175,0.6646008991594643,50000,435.6178089044578
2026-01-23,NMDC,SHORT,A_MOD_BREAK_C1_LOW,MODERATE,2026-01-23 11:00:00+05:30,2026-01-23 11:15:00+05:30,77.7,78.477,76.923,2026-01-23 11:45:00+05:30,77.70777,BE,-0.14007803901948965,-0.009999999999991783,29.276281249016638,46.66666664374269,46.1279461279463,1.1205339073822724,1.3620564353070392,0.005325693717517882,0.4633404742924992,50000,-70.03901950974482
2026-01-23,NUVAMA,SHORT,A_MOD_BREAK_C1_LOW,MODERATE,2026-01-23 10:15:00+05:30,2026-01-23 10:30:00+05:30,1357.02854,1370.5988254000001,1343.4582546,2026-01-23 11:00:00+05:30,1357.164242854,BE,-0.1400780390194822,-0.009999999999990693,26.724604944262758,14.611872145651091,9.852665968852392,1.202279935441457,2.9491694118725325,0.0056640090876580364,0.4712680628661963,50000,-70.03901950974111
2026-01-23,RPEL,SHORT,A_MOD_BREAK_C1_LOW,MODERATE,2026-01-23 11:15:00+05:30,2026-01-23 11:30:00+05:30,709.20813,716.3002113,702.1160487,2026-01-23 12:00:00+05:30,702.1160487,TARGET,0.8712356178089126,1.0000000000000027,34.20632971571665,26.523297489708455,35.56701030927828,0.9588949113714981,1.725252219314161,0.008319576421323893,0.5271641661914699,50000,435.6178089044563
2026-01-23,SERVOTECH,SHORT,A_MOD_BREAK_C1_LOW,MODERATE,2026-01-23 10:00:00+05:30,2026-01-23 10:15:00+05:30,61.550000000000004,62.1655,60.93450000000001,2026-01-23 10:30:00+05:30,61.556155000000004,BE,-0.140078039019495,-0.009999999999999494,35.75343795710309,14.855072456233216,13.483738286979682,1.2903172305725557,3.5558288334126082,0.008269823252797156,0.6221070847067436,50000,-70.0390195097475
2026-01-23,SYNGENE,SHORT,A_MOD_BREAK_C1_LOW,MODERATE,2026-01-23 10:30:00+05:30,2026-01-23 10:45:00+05:30,578.98418,584.7740218,573.1943382000001,2026-01-23 11:00:00+05:30,573.1943382000001,TARGET,0.8712356178089107,0.9999999999999959,39.308799233749234,30.266666665536775,63.36760925449867,0.5541364083333314,1.6755959223243178,0.01263186433993886,0.5303856560807874,50000,435.61780890445533
2026-01-27,GMRAIRPORT,SHORT,A_MOD_BREAK_C1_LOW,MODERATE,2026-01-27 10:45:00+05:30,2026-01-27 11:00:00+05:30,89.56,90.4556,88.6644,2026-01-27 12:45:00+05:30,90.4556,SL,-1.131365682841399,-1.000000000000002,61.74737402312727,15.88366889882829,6.536169650339349,1.3804832814325791,4.095596438723472,0.006658595641646488,0.8515845742507013,50000,-565.6828414206994
2026-01-27,HLEGLAS,SHORT,A_MOD_BREAK_C1_LOW,MODERATE,2026-01-27 10:45:00+05:30,2026-01-27 11:00:00+05:30,377.9244,381.703644,374.145156,2026-01-27 11:15:00+05:30,377.96219243999997,BE,-0.14007803901948795,-0.009999999999993547,46.3547629062459,2.688172042875877,6.235174339274084,1.8463167980190327,4.584039357795485,0.009922728986053498,0.8784268832470192,50000,-70.03901950974398
2026-01-27,NEOGEN,SHORT,A_MOD_BREAK_C1_LOW,MODERATE,2026-01-27 10:45:00+05:30,2026-01-27 11:00:00+05:30,1102.8793799999999,1113.9081737999998,1091.8505862,2026-01-27 11:15:00+05:30,1113.9081737999998,SL,-1.1313656828414156,-0.9999999999999913,71.6876018054496,16.77524429929167,20.745428973277054,1.1683925307789746,3.6997228948362353,0.00877397464288952,0.8144686928863205,50000,-565.6828414207077
2026-01-27,REDTAPE,SHORT,A_MOD_BREAK_C1_LOW,MODERATE,2026-01-27 10:45:00+05:30,2026-01-27 11:00:00+05:30,109.01,110.10010000000001,107.9199,2026-01-27 11:45:00+05:30,109.02090100000001,BE,-0.1400780390194936,-0.01000000000000371,61.604951710442286,25.736434102940862,10.290525690266094,1.6126762723949655,3.0702353173053356,0.009165902841429872,0.892218347669119,50000,-70.0390195097468
2026-01-27,ROHLTD,SHORT,A_MOD_BREAK_C1_LOW,MODERATE,2026-01-27 10:45:00+05:30,2026-01-27 11:00:00+05:30,341.53168,344.9469968,338.11636319999997,2026-01-27 11:15:00+05:30,341.565833168,BE,-0.14007803901949142,-0.009999999999996753,44.58303788834278,16.30218687782022,7.3285605445260815,1.9810265858089604,3.5758400011588987,0.01024590163934425,0.8754252208417097,50000,-70.03901950974571
2026-01-27,RPTECH,SHORT,A_MOD_BREAK_C1_LOW,MODERATE,2026-01-27 10:30:00+05:30,2026-01-27 10:45:00+05:30,328.98419,332.2740319,325.6943481,2026-01-27 11:00:00+05:30,329.017088419,BE,-0.1400780390194891,-0.009999999999997405,52.84359223511237,24.215246635251006,28.288198725278928,1.4371558908162712,3.052230517727864,0.010406955315135616,0.8615022808928474,50000,-70.03901950974455
2026-01-27,SKIPPER,SHORT,A_MOD_BREAK_C1_LOW,MODERATE,2026-01-27 10:45:00+05:30,2026-01-27 11:00:00+05:30,330.08396999999997,333.38480969999995,326.7831303,2026-01-27 11:15:00+05:30,330.11697839699997,BE,-0.14007803901949178,-0.010000000000000984,50.19014756135496,30.382293760863703,25.848985845281405,1.8154097201672434,2.7402479897078384,0.01027663712988978,0.9276967010292676,50000,-70.0390195097459
2026-01-27,SUPRIYA,SHORT,A_MOD_BREAK_C1_LOW,MODERATE,2026-01-27 10:45:00+05:30,2026-01-27 11:00:00+05:30,698.8602,705.848802,691.871598,2026-01-27 11:45:00+05:30,698.93008602,BE,-0.14007803901949772,-0.010000000000001811,47.5041838063015,6.249999999739643,10.511846485760918,1.5892541522818544,3.543532902269118,0.008762081670562062,0.8506822337438469,50000,-70.03901950974885
2026-01-28,MARICO,SHORT,A_MOD_BREAK_C1_LOW,MODERATE,2026-01-28 10:30:00+05:30,2026-01-28 10:45:00+05:30,726.10475,733.3657975,718.8437025,2026-01-28 11:00:00+05:30,726.177360475,BE,-0.14007803901949553,-0.010000000000004564,27.708553603654504,21.664050234526528,15.415356982487644,2.452246152212662,2.640773835971524,0.007256345003095125,0.6256283040548176,50000,-70.03901950974776
2026-01-29,ASIANPAINT,SHORT,A_MOD_BREAK_C1_LOW,MODERATE,2026-01-29 10:30:00+05:30,2026-01-29 10:45:00+05:30,2434.513,2458.85813,2410.1678699999998,2026-01-29 11:00:00+05:30,2434.7564512999998,BE,-0.1400780390195029,-0.009999999999993153,50.4319001603128,20.437405731307337,4.622156275701132,1.8784892243374194,3.958277933143853,0.006167698037950572,0.9387356142590484,50000,-70.03901950975145
2026-01-29,GANECOS,SHORT,A_MOD_BREAK_C1_LOW,MODERATE,2026-01-29 10:15:00+05:30,2026-01-29 10:30:00+05:30,663.01737,669.6475437,656.3871963,2026-01-29 11:15:00+05:30,663.083671737,BE,-0.1400780390195007,-0.010000000000000514,25.104700268990598,21.943048575185387,3.263335076233451,2.4459549032296235,3.3534285495162677,0.005670558331897292,0.586570504034859,50000,-70.03901950975035
2026-01-29,HNDFDS,SHORT,A_MOD_BREAK_C1_LOW,MODERATE,2026-01-29 10:30:00+05:30,2026-01-29 10:45:00+05:30,448.76023000000004,453.2478323,444.27262770000004,2026-01-29 11:30:00+05:30,448.805106023,BE,-0.140078039019493,-0.009999999999993774,32.80387196776753,32.94460641130472,18.739635157545333,1.1669933307433455,1.871886867577579,0.005791935843172195,0.5498762557754773,50000,-70.03901950974651
2026-01-29,NEWGEN,SHORT,A_MOD_BREAK_C1_LOW,MODERATE,2026-01-29 10:15:00+05:30,2026-01-29 10:30:00+05:30,584.8330100000001,590.6813401,578.9846799000001,2026-01-29 12:30:00+05:30,578.9846799000001,TARGET,0.8712356178089027,0.9999999999999997,38.24724219430303,17.066666665392503,2.5023405295884342,2.4258227688577696,3.4334239303685004,0.00551889841567977,0.7837086329145453,50000,435.61780890445135
2026-01-29,SFL,SHORT,A_MOD_BREAK_C1_LOW,MODERATE,2026-01-29 10:00:00+05:30,2026-01-29 10:15:00+05:30,502.3995,507.423495,497.375505,2026-01-29 10:30:00+05:30,507.423495,SL,-1.1313656828414005,-1.0000000000000029,32.03778990709169,20.98214285626848,24.92153170119272,1.4305491131728436,3.704969444807331,0.008197535771065158,0.5909129434116229,50000,-565.6828414207002
2026-01-29,SSDL,SHORT,A_PULLBACK_C2_THEN_BREAK_C2_LOW,MODERATE,2026-01-29 10:00:00+05:30,2026-01-29 10:30:00+05:30,66.45,67.1145,65.7855,2026-01-29 12:00:00+05:30,66.45664500000001,BE,-0.14007803901950694,-0.01000000000000904,39.123681359398105,36.98113205593457,56.90476190476172,0.6870003147623459,1.3545967510104122,0.007563403853581095,0.5348101130249028,50000,-70.03901950975346
2026-01-29,TATACONSUM,SHORT,A_MOD_BREAK_C1_LOW,MODERATE,2026-01-29 10:15:00+05:30,2026-01-29 10:30:00+05:30,1111.7776,1122.895376,1100.6598239999998,2026-01-29 11:15:00+05:30,1100.6598239999998,TARGET,0.8712356178089135,1.0000000000000044,25.27679543965391,36.29807692185556,8.085775790693845,1.2231860140194764,2.308862469472406,0.005189200297993692,0.453209484048217,50000,435.61780890445675
2026-02-02,APOLLOTYRE,SHORT,A_MOD_BREAK_C1_LOW,MODERATE,2026-02-02 11:00:00+05:30,2026-02-02 11:15:00+05:30,481.20374000000004,486.01577740000005,476.39170260000003,2026-02-02 13:45:00+05:30,476.39170260000003,TARGET,0.8712356178089252,1.0000000000000016,44.49538023073259,23.300970871674878,25.74257425742572,1.246949827974558,2.074941383420387,0.005394615772758306,0.7456469233565364,50000,435.6178089044626
2026-02-02,DCW,SHORT,A_MOD_BREAK_C1_LOW,MODERATE,2026-02-02 10:45:00+05:30,2026-02-02 11:00:00+05:30,43.49,43.9249,43.0551,2026-02-02 11:30:00+05:30,43.0551,TARGET,0.871235617808928,0.9999999999999976,46.40326007218517,17.355371890786145,7.253169585139262,1.8026307828056745,2.774112654857531,0.009039103949695428,0.8715092880737705,50000,435.617808904464
2026-02-02,EXICOM,SHORT,A_MOD_BREAK_C1_LOW,MODERATE,2026-02-02 10:45:00+05:30,2026-02-02 11:00:00+05:30,93.66,94.5966,92.7234,2026-02-02 11:15:00+05:30,93.669366,BE,-0.14007803901950386,-0.009999999999999985,39.731544090473626,12.669126689085417,6.150947927498269,1.600570864687691,3.7964165708955258,0.01141153021012433,0.7360730626774503,50000,-70.03901950975192
2026-02-02,GLENMARK,SHORT,A_MOD_BREAK_C1_LOW,MODERATE,2026-02-02 11:00:00+05:30,2026-02-02 11:15:00+05:30,1864.92694,1883.5762094000002,1846.2776706,2026-02-02 11:45:00+05:30,1865.113432694,BE,-0.14007803901949809,-0.009999999999998952,46.743960090409644,19.53543776040887,8.702232311766922,1.7127677009564954,3.315238426683749,0.011308023986949637,0.8608937490235313,50000,-70.03901950974904
2026-02-02,INDHOTEL,SHORT,A_MOD_BREAK_C1_LOW,MODERATE,2026-02-02 10:45:00+05:30,2026-02-02 11:00:00+05:30,654.3691,660.912791,647.825409,2026-02-02 11:30:00+05:30,647.825409,TARGET,0.8712356178089067,0.999999999999995,58.8422062800196,35.33834586342161,26.807760141093357,0.7608528552786636,2.0143356063257856,0.007753544165757872,0.7431492496737662,50000,435.61780890445334
2026-02-02,INDIANB,SHORT,A_MOD_BREAK_C1_LOW,MODERATE,2026-02-02 10:30:00+05:30,2026-02-02 10:45:00+05:30,820.8358,829.0441579999999,812.627442,2026-02-02 11:30:00+05:30,812.627442,TARGET,0.8712356178089156,0.9999999999999971,48.839695770225525,12.283136710378969,4.10355717655134,1.386756228663824,4.306711321615704,0.011440921187664162,0.835277776569552,50000,435.6178089044578
2026-02-02,KRSNAA,SHORT,A_MOD_BREAK_C1_LOW,MODERATE,2026-02-02 11:00:00+05:30,2026-02-02 11:15:00+05:30,683.9631800000001,690.8028118000001,677.1235482000001,2026-02-02 11:45:00+05:30,684.031576318,BE,-0.14007803901948188,-0.009999999999991365,46.68724432044675,13.741721853667556,0.4377573449739766,1.2968343568750458,2.5421406843557213,0.007512477290287568,0.7872546772598343,50000,-70.03901950974094
2026-02-02,LICI,SHORT,A_MOD_BREAK_C1_LOW,MODERATE,2026-02-02 11:00:00+05:30,2026-02-02 11:15:00+05:30,790.8418,798.750218,782.933382,2026-02-02 14:30:00+05:30,794.85,EOD,-0.6375512663791129,-0.5068270291226372,56.091749782594775,16.966580975642714,7.69212178861454,1.7313073847172507,3.790000644168988,0.004233272256270948,0.9129787923255188,50000,-318.77563318955646
2026-02-04,ASAHIINDIA,SHORT,A_MOD_BREAK_C1_LOW,MODERATE,2026-02-04 11:00:00+05:30,2026-02-04 11:15:00+05:30,966.3067,975.9697669999999,956.643633,2026-02-04 12:30:00+05:30,966.40333067,BE,-0.1400780390194901,-0.009999999999996659,31.71728303946804,9.217877094611481,4.4022947171041755,1.9769319592993881,2.8999327397045946,0.00671443344659476,0.6817223384694135,50000,-70.03901950974505
2026-02-04,LTIM,SHORT,A_MOD_BREAK_C1_LOW,MODERATE,2026-02-04 10:45:00+05:30,2026-02-04 11:00:00+05:30,5629.8738,5686.172538000001,5573.575062,2026-02-04 11:30:00+05:30,5573.575062,TARGET,0.8712356178089246,1.0000000000000073,33.58339167631869,15.479331574280266,17.51737867922041,0.6699077570565076,4.193249546111174,0.010298236941835558,0.4809847326296692,50000,435.61780890446227
2026-02-04,MPHASIS,SHORT,A_MOD_BREAK_C1_LOW,MODERATE,2026-02-04 11:00:00+05:30,2026-02-04 11:15:00+05:30,2625.4748,2651.729548,2599.220052,2026-02-04 13:45:00+05:30,2651.729548,SL,-1.1313656828414147,-0.9999999999999938,47.36337304087698,11.690363349066459,5.177020708082815,1.6892763070713364,4.131491448410833,0.010159395060385159,0.8660739493506384,50000,-565.6828414207073
2026-02-04,NAUKRI,SHORT,A_MOD_BREAK_C1_LOW,MODERATE,2026-02-04 11:15:00+05:30,2026-02-04 11:30:00+05:30,1168.36628,1180.0499428,1156.6826171999999,2026-02-04 12:00:00+05:30,1168.4831166279998,BE,-0.1400780390194689,-0.00999999999998918,41.385794237704935,10.99009900974859,5.719222012761983,2.0793309862913274,3.868322361063358,0.009758001561280264,0.8307869135655739,50000,-70.03901950973444
2026-02-04,ZYDUSWELL,SHORT,A_MOD_BREAK_C1_LOW,MODERATE,2026-02-04 10:45:00+05:30,2026-02-04 11:00:00+05:30,405.76883000000004,409.82651830000003,401.71114170000004,2026-02-04 12:45:00+05:30,401.71114170000004,TARGET,0.8712356178089232,0.9999999999999988,26.48114503627205,36.04651162660304,3.2691254790702238,1.4180112969848504,2.8485713217482975,0.011589433112163188,0.5053691525164294,50000,435.6178089044616
2026-02-05,AIIL,SHORT,A_MOD_BREAK_C1_LOW,MODERATE,2026-02-05 10:45:00+05:30,2026-02-05 11:00:00+05:30,496.05077,501.0112777,491.0902623,2026-02-05 11:30:00+05:30,496.10037507699997,BE,-0.14007803901948912,-0.00999999999999334,45.49954102886412,25.525525523379358,32.65107212475624,1.1379940331354135,2.8672317907409153,0.0059379858352046995,0.7416420712316592,50000,-70.03901950974456
2026-02-05,CARTRADE,SHORT,A_MOD_BREAK_C1_LOW,MODERATE,2026-02-05 10:15:00+05:30,2026-02-05 10:30:00+05:30,2164.567,2186.21267,2142.92133,2026-02-05 10:45:00+05:30,2142.92133,TARGET,0.8712356178089189,0.9999999999999944,58.66147394060515,4.744657732681446,6.675054467045677,2.2372354059052815,5.516708345769538,0.017154572139368947,0.96,50000,435.6178089044594
2026-02-05,GENESYS,SHORT,A_MOD_BREAK_C1_LOW,MODERATE,2026-02-05 11:00:00+05:30,2026-02-05 11:15:00+05:30,310.13795999999996,313.2393396,307.03658039999993,2026-02-05 11:30:00+05:30,310.168973796,BE,-0.14007803901950525,-0.010000000000007978,25.696122722549646,31.501057080587742,5.048208728498038,1.507027319172822,2.2468966850996517,0.009263734493313986,0.5091716216934885,50000,-70.03901950975262
2026-02-06,DCXINDIA,SHORT,A_MOD_BREAK_C1_LOW,MODERATE,2026-02-06 10:30:00+05:30,2026-02-06 10:45:00+05:30,164.64999999999998,166.29649999999998,163.00349999999997,2026-02-06 11:15:00+05:30,164.666465,BE,-0.1400780390195129,-0.01000000000000658,37.846212338111634,16.363636359470746,10.977699979942562,1.2795358230137945,2.7362123004355583,0.006180067655477492,0.6516119540990886,50000,-70.03901950975646
2026-02-06,KHAICHEM,SHORT,A_MOD_BREAK_C1_LOW,MODERATE,2026-02-06 10:00:00+05:30,2026-02-06 10:15:00+05:30,64.72,65.3672,64.0728,2026-02-06 10:30:00+05:30,64.726472,BE,-0.14007803901949584,-0.010000000000003482,30.41629790715275,33.44594593012714,24.333333333333453,1.4609321853545694,2.932915025912591,0.006330091091554758,0.5719076010443409,50000,-70.03901950974792
2026-02-06,SOLARINDS,SHORT,A_MOD_BREAK_C1_LOW,MODERATE,2026-02-06 10:45:00+05:30,2026-02-06 11:00:00+05:30,12917.416,13046.59016,12788.241839999999,2026-02-06 11:15:00+05:30,12918.7077416,BE,-0.14007803901950222,-0.010000000000000179,32.21580680152172,20.61538461534022,4.1615919603340705,2.095884398084908,3.5954198113692315,0.006337786913326482,0.6932371020228258,50000,-70.03901950975111
2026-02-06,SYNGENE,SHORT,A_MOD_BREAK_C1_LOW,MODERATE,2026-02-06 10:00:00+05:30,2026-02-06 10:15:00+05:30,444.56107,449.0066807,440.11545929999994,2026-02-06 11:15:00+05:30,444.60552610699995,BE,-0.14007803901948895,-0.009999999999994062,40.96162080481545,20.60889929607241,5.451619955181708,1.5556057535311154,4.732956566723571,0.005691839025172358,0.746655318940177,50000,-70.03901950974448
2026-02-06,TATATECH,SHORT,A_MOD_BREAK_C1_LOW,MODERATE,2026-02-06 10:15:00+05:30,2026-02-06 10:30:00+05:30,621.72563,627.9428863,615.5083737,2026-02-06 11:45:00+05:30,621.787802563,BE,-0.14007803901948626,-0.009999999999998404,29.912099017915494,11.560693640994842,7.096665246642981,1.7960761127505132,4.877276747083177,0.004974582008881968,0.6229948050000722,50000,-70.03901950974313
2026-02-06,TATVA,SHORT,A_MOD_BREAK_C1_LOW,MODERATE,2026-02-06 10:00:00+05:30,2026-02-06 10:15:00+05:30,1145.7708,1157.228508,1134.313092,2026-02-06 11:15:00+05:30,1145.88537708,BE,-0.1400780390194833,-0.009999999999990397,33.41596483943709,20.17416545677412,5.295745920746007,1.5008452041785525,4.058181629371604,0.006731488406881091,0.6238873833228029,50000,-70.03901950974165
2026-02-06,TIRUMALCHM,SHORT,A_MOD_BREAK_C1_LOW,MODERATE,2026-02-06 10:00:00+05:30,2026-02-06 10:15:00+05:30,192.45,194.37449999999998,190.5255,2026-02-06 11:00:00+05:30,194.37449999999998,SL,-1.1313656828413974,-0.9999999999999974,34.3999817943044,12.482468440746658,4.999999999999972,1.6196028706991987,3.9466536561133467,0.005539888682745796,0.6594302292869259,50000,-565.6828414206988
2026-02-06,UTTAMSUGAR,SHORT,A_MOD_BREAK_C1_LOW,MODERATE,2026-02-06 10:00:00+05:30,2026-02-06 10:15:00+05:30,213.0,215.13,210.87,2026-02-06 14:30:00+05:30,213.41,EOD,-0.32280365534877664,-0.19248826291079654,38.03482169757123,23.59183673199773,22.39037640667449,0.7641060887672041,2.7147262969978514,0.00785529889026722,0.5642408909978291,50000,-161.40182767438833
2025-08-26,RTNINDIA,LONG,A_MOD_BREAK_C1_HIGH,MODERATE,2025-08-26 10:30:00+05:30,2025-08-26 10:45:00+05:30,54.93,54.3807,56.0286,2025-08-26 11:00:00+05:30,56.0286,TARGET,1.867466266866567,1.9999999999999956,41.41182641669647,88.9733839830558,72.20338983050858,1.9453329123136929,3.2327765490319127,0.00858654297180382,7.573710508343158,50000,933.7331334332835
2025-08-28,FIEMIND,LONG,A_MOD_BREAK_C1_HIGH,MODERATE,2025-08-28 10:30:00+05:30,2025-08-28 10:45:00+05:30,2145.429,2123.97471,2188.3375800000003,2025-08-28 11:00:00+05:30,2145.6435429000003,BE,-0.11994802598698664,0.010000000000009173,29.828644369249496,85.22099447431401,94.11538658168742,2.376853381481571,3.79766639709489,0.009272154218280466,7.971482908821907,50000,-59.974012993493325
2025-08-28,PDSL,LONG,A_MOD_BREAK_C1_HIGH,MODERATE,2025-08-28 10:00:00+05:30,2025-08-28 10:15:00+05:30,331.36626,328.0525974,337.99358520000004,2025-08-28 11:00:00+05:30,331.399396626,BE,-0.11994802598700016,0.009999999999996014,29.737731865578326,92.21902016546954,85.60649923235945,0.9677238042418667,3.3987201299474163,0.008279073778621023,6.275912358775648,50000,-59.974012993500075
2025-08-28,YASHO,LONG,A_MOD_BREAK_C1_HIGH,MODERATE,2025-08-28 11:00:00+05:30,2025-08-28 11:15:00+05:30,1811.3622,1793.248578,1847.589444,2025-08-28 11:30:00+05:30,1847.589444,TARGET,1.8674662668665787,1.9999999999999958,46.91365552432634,78.38850718232511,53.539501725011625,1.5989105078953811,1.86701489738266,0.015224422181904236,6.271698748365242,50000,933.7331334332894
2025-09-01,CCL,LONG,B_HUGE_GREEN_PULLBACK_HOLD_THEN_BREAK,HUGE,2025-09-01 10:30:00+05:30,2025-09-01 13:00:00+05:30,902.13039,893.1090861,920.1729978000001,2025-09-01 14:30:00+05:30,904.0,EOD,0.07703956257885636,0.20724387746210013,39.1718955899196,85.95166162778455,87.70445411781499,2.4827895680093977,4.3352065558010455,0.005039390169999703,9.38259951648188,50000,38.519781289428174
2025-09-01,SSWL,LONG,A_MOD_BREAK_C1_HIGH,MODERATE,2025-09-01 10:00:00+05:30,2025-09-01 10:15:00+05:30,217.84,215.6616,222.1968,2025-09-01 10:30:00+05:30,217.861784,BE,-0.11994802598699787,0.009999999999998482,34.00641496983224,63.9344262148347,57.68025078369891,0.3864305516362639,2.053347073790884,0.005346646373464884,3.8779693048606383,50000,-59.97401299349894
2025-09-02,AJMERA,LONG,A_MOD_BREAK_C1_HIGH,MODERATE,2025-09-02 10:00:00+05:30,2025-09-02 10:15:00+05:30,186.05,184.1895,189.77100000000002,2025-09-02 10:45:00+05:30,186.06860500000002,BE,-0.11994802598697897,0.010000000000004287,28.898460023878705,80.08658007687269,81.60211210921157,0.6172014886370315,4.607239015533273,0.0065685860254292615,6.487365366475842,50000,-59.97401299348949
2025-09-02,APOLLO,LONG,B_HUGE_GREEN_PULLBACK_HOLD_THEN_BREAK,HUGE,2025-09-02 11:00:00+05:30,2025-09-02 13:00:00+05:30,288.75774,285.8701626,294.5328948,2025-09-02 13:30:00+05:30,288.786615774,BE,-0.11994802598699014,0.009999999999989953,34.89284816390649,89.88764044472504,79.19239468635539,1.751916781919504,3.75850454856584,0.014118877462088154,7.8906168210777725,50000,-59.974012993495066
2025-09-02,FACT,LONG,A_MOD_BREAK_C1_HIGH,MODERATE,2025-09-02 10:00:00+05:30,2025-09-02 10:15:00+05:30,962.89254,953.2636146000001,982.1503908000001,2025-09-02 10:45:00+05:30,982.1503908000001,TARGET,1.8674662668665798,2.0000000000000027,32.35044633666233,77.77777777576132,84.09971177711371,1.3542460656609894,2.7766434529742785,0.0073840445269016865,5.674833077391314,50000,933.7331334332899
2025-09-02,GENESYS,LONG,B_HUGE_GREEN_PULLBACK_HOLD_THEN_BREAK,HUGE,2025-09-02 10:45:00+05:30,2025-09-02 13:15:00+05:30,630.126,623.82474,642.72852,2025-09-02 13:30:00+05:30,642.72852,TARGET,1.867466266866585,2.000000000000004,33.69108613028627,83.31005586429279,88.29385914000238,3.0899149889067985,4.533176454666308,0.01184012410457635,10.168558225719776,50000,933.7331334332926
2025-09-02,GNA,LONG,B_HUGE_GREEN_PULLBACK_HOLD_THEN_BREAK,HUGE,2025-09-02 10:00:00+05:30,2025-09-02 11:15:00+05:30,311.5623,308.44667699999997,317.793546,2025-09-02 11:30:00+05:30,317.793546,TARGET,1.8674662668665738,1.9999999999999998,34.724627298523316,71.27659573760354,88.50405388062103,2.5855961522559983,3.1271697575888133,0.005298786181139119,7.570945157546151,50000,933.733133433287
2025-09-02,TVSSCS,LONG,B_HUGE_GREEN_PULLBACK_HOLD_THEN_BREAK,HUGE,2025-09-02 10:30:00+05:30,2025-09-02 11:30:00+05:30,131.81,130.4919,134.4462,2025-09-02 11:45:00+05:30,131.823181,BE,-0.11994802598699493,0.010000000000002273,35.43198729553475,81.75270106669213,92.83743402004473,1.4592371840035678,4.070892564331193,0.008090246125797637,7.3349471383184035,50000,-59.97401299349747
2025-09-03,AVANTEL,LONG,B_HUGE_GREEN_PULLBACK_HOLD_THEN_BREAK,HUGE,2025-09-03 10:30:00+05:30,2025-09-03 11:30:00+05:30,161.55,159.9345,164.781,2025-09-03 11:45:00+05:30,161.566155,BE,-0.11994802598699159,0.009999999999998574,49.495591254456656,75.98078461918551,92.81877283328936,1.4294630345545725,3.5611190023179335,0.009452022014836078,7.551481029778391,50000,-59.9740129934958
2025-09-03,CCL,LONG,A_MOD_BREAK_C1_HIGH,MODERATE,2025-09-03 10:45:00+05:30,2025-09-03 11:00:00+05:30,938.6877,929.3008229999999,957.461454,2025-09-03 12:15:00+05:30,938.7815687699999,BE,-0.11994802598699184,0.009999999999997001,42.46535627431867,78.72093022999519,86.57525457856114,1.7682802165637053,2.5307308746429285,0.006845555724958078,6.324198793753727,50000,-59.97401299349591
2025-09-03,DELTACORP,LONG,B_HUGE_GREEN_PULLBACK_HOLD_THEN_BREAK,HUGE,2025-09-03 11:15:00+05:30,2025-09-03 13:00:00+05:30,90.8,89.892,92.616,2025-09-03 13:15:00+05:30,92.616,TARGET,1.8674662668665816,2.0000000000000027,36.58042570679763,88.4567126569839,88.59130925441828,2.151181865244057,4.8711941894092,0.009295120061967472,9.313378712917828,50000,933.7331334332907
2025-09-03,PPLPHARMA,LONG,B_HUGE_GREEN_PULLBACK_HOLD_THEN_BREAK,HUGE,2025-09-03 10:00:00+05:30,2025-09-03 11:00:00+05:30,195.69,193.7331,199.6038,2025-09-03 11:15:00+05:30,199.6038,TARGET,1.8674662668665951,2.0000000000000044,30.895190481634668,73.90971690103493,93.21075626145345,1.6683627933729706,4.359293526202538,0.006663236429122757,8.001893754821566,50000,933.7331334332976
2025-09-03,SCILAL,LONG,B_HUGE_GREEN_PULLBACK_HOLD_THEN_BREAK,HUGE,2025-09-03 11:30:00+05:30,2025-09-03 13:00:00+05:30,51.8,51.282,52.836,2025-09-03 13:15:00+05:30,52.836,TARGET,1.8674662668665787,2.0000000000000027,41.398892315281444,82.85714282031734,76.1549250188801,0.4412450625571908,2.2497209510999503,0.008741839105897995,4.9463995233124995,50000,933.7331334332894
2025-09-03,SIYSIL,LONG,A_MOD_BREAK_C1_HIGH,MODERATE,2025-09-03 11:00:00+05:30,2025-09-03 11:15:00+05:30,642.07839,635.6576061,654.9199578,2025-09-03 11:30:00+05:30,654.9199578,TARGET,1.8674662668665902,2.000000000000001,45.582043715229375,70.02012072040145,89.17514021248446,1.9176597278789098,2.241007370788144,0.005221044654697827,6.531223967666314,50000,933.733133433295
2025-09-03,SJS,LONG,B_HUGE_GREEN_PULLBACK_HOLD_THEN_BREAK,HUGE,2025-09-03 10:15:00+05:30,2025-09-03 13:00:00+05:30,1409.1817800000001,1395.0899622000002,1437.3654156000002,2025-09-03 13:15:00+05:30,1409.322698178,BE,-0.11994802598700209,0.009999999999999476,31.289851500357827,76.29127857657231,88.0897307660249,1.1813044992647048,3.4017411246267275,0.011003584229390686,6.864577538557999,50000,-59.97401299350104
2025-09-04,GALAXYSURF,LONG,B_HUGE_GREEN_PULLBACK_HOLD_THEN_BREAK,HUGE,2025-09-04 10:00:00+05:30,2025-09-04 11:15:00+05:30,2365.473,2341.8182699999998,2412.78246,2025-09-04 12:45:00+05:30,2365.7095473,BE,-0.11994802598699848,0.009999999999999317,47.10781082874677,89.35309972877224,89.31579776750084,1.7441603787756073,4.655293218898304,0.00403172185350402,9.046773266970868,50000,-59.974012993499244
2025-09-04,SAGCEM,LONG,A_MOD_BREAK_C1_HIGH,MODERATE,2025-09-04 10:30:00+05:30,2025-09-04 10:45:00+05:30,277.90557,275.1265143,283.46368140000004,2025-09-04 11:00:00+05:30,283.46368140000004,TARGET,1.8674662668665947,2.0000000000000107,44.01279693155559,67.62177649887263,56.13126079447323,1.5454864982646879,2.1357546398215694,0.009399511379709402,5.6405122580392515,50000,933.7331334332973
2025-09-05,GMDCLTD,LONG,B_HUGE_GREEN_PULLBACK_HOLD_THEN_BREAK,HUGE,2025-09-05 10:00:00+05:30,2025-09-05 11:15:00+05:30,503.6007,498.56469300000003,513.672714,2025-09-05 12:00:00+05:30,503.65106007,BE,-0.11994802598699211,0.010000000000002111,31.866905747578144,73.23340470653005,80.98862680886846,1.9667109148035997,2.782207879577918,0.007894337331106725,6.510352369917963,50000,-59.97401299349605
2025-09-05,JTEKTINDIA,LONG,B_HUGE_GREEN_PULLBACK_HOLD_THEN_BREAK,HUGE,2025-09-05 10:00:00+05:30,2025-09-05 11:00:00+05:30,151.89000000000001,150.3711,154.92780000000002,2025-09-05 11:15:00+05:30,154.92780000000002,TARGET,1.8674662668665818,2.0000000000000027,44.5405356904468,82.15053762204192,69.76314696872019,1.6206940502824945,4.031443011871272,0.010037395154888619,7.739134769620128,50000,933.733133433291
2025-09-05,KFINTECH,LONG,B_HUGE_GREEN_PULLBACK_HOLD_THEN_BREAK,HUGE,2025-09-05 10:00:00+05:30,2025-09-05 13:30:00+05:30,1092.61848,1081.6922952,1114.4708496,2025-09-05 14:00:00+05:30,1092.727741848,BE,-0.11994802598699356,0.009999999999996345,27.573260767457796,79.44111776225094,93.09903085663375,1.5616423956512275,3.7866188812611505,0.006035386631716901,6.960839384943935,50000,-59.97401299349678
2025-09-08,ABSLAMC,LONG,B_HUGE_GREEN_PULLBACK_HOLD_THEN_BREAK,HUGE,2025-09-08 10:00:00+05:30,2025-09-08 11:30:00+05:30,852.0203700000001,843.5001663,869.0607774000001,2025-09-08 14:30:00+05:30,854.9,EOD,0.20760247871730095,0.33797666128568105,25.751568019577086,82.89703315476278,70.64202208620736,1.3168768943368077,3.1997158734792794,0.005431350258936476,6.275280183542827,50000,103.80123935865048
2025-09-09,AFFLE,LONG,B_HUGE_GREEN_PULLBACK_HOLD_THEN_BREAK,HUGE,2025-09-09 11:30:00+05:30,2025-09-09 13:00:00+05:30,2010.402,1990.29798,2050.61004,2025-09-09 13:45:00+05:30,2050.61004,TARGET,1.8674662668665853,1.9999999999999991,50.24608451986496,71.78423236410269,42.73314203730259,2.803988474621622,2.532215138221794,0.007027533515929084,8.522532357443136,50000,933.7331334332927
2025-09-10,INDIANB,LONG,B_HUGE_GREEN_PULLBACK_HOLD_THEN_BREAK,HUGE,2025-09-10 10:15:00+05:30,2025-09-10 11:15:00+05:30,689.83794,682.9395606,703.6346988,2025-09-10 13:30:00+05:30,689.906923794,BE,-0.11994802598698592,0.010000000000002734,29.98157521103256,87.65743072429649,87.92558486809372,1.8444733740130543,4.629081556151176,0.0032673607854172555,8.091200221991187,50000,-59.97401299349296
2025-09-10,VRLLOG,LONG,B_HUGE_GREEN_PULLBACK_HOLD_THEN_BREAK,HUGE,2025-09-10 10:30:00+05:30,2025-09-10 13:00:00+05:30,270.40407000000005,267.70002930000004,275.81215140000006,2025-09-10 13:15:00+05:30,270.43111040700006,BE,-0.11994802598697975,0.0100000000000057,37.528228685472726,87.90697673273806,83.78378378378363,1.3737803903588808,3.653254108547716,0.006038264362348689,7.542770626434005,50000,-59.97401299348987
2025-09-11,FINOPB,LONG,A_MOD_BREAK_C1_HIGH,MODERATE,2025-09-11 11:00:00+05:30,2025-09-11 11:15:00+05:30,279.60591,276.8098509,285.1980282,2025-09-11 11:30:00+05:30,285.1980282,TARGET,1.867466266866575,2.0000000000000058,43.529514533213344,83.47107437372674,86.2205436964057,1.660241158201702,3.0912589195065543,0.008346134152585786,7.234934959376986,50000,933.7331334332874
2025-09-12,GRSE,LONG,B_HUGE_GREEN_PULLBACK_HOLD_THEN_BREAK,HUGE,2025-09-12 10:45:00+05:30,2025-09-12 13:00:00+05:30,2507.5014,2482.426386,2557.651428,2025-09-12 14:30:00+05:30,2536.6,EOD,1.0290190851346015,1.1604619642485465,33.22971902824534,91.5111378679825,93.02829246211341,1.109171405284296,4.200537840154539,0.00911100575221493,7.476021307735142,50000,514.5095425673007
2025-09-12,HAL,LONG,B_HUGE_GREEN_PULLBACK_HOLD_THEN_BREAK,HUGE,2025-09-12 10:30:00+05:30,2025-09-12 13:00:00+05:30,4709.54172,4662.4463028,4803.7325544000005,2025-09-12 14:30:00+05:30,4738.9,EOD,0.4926336812582026,0.6233787010596747,37.95295321866955,86.65413533758607,90.63207955730213,2.214687257829654,4.783252885626913,0.003956067391767965,9.23119646503369,50000,246.3168406291013
2025-09-12,MIDHANI,LONG,B_HUGE_GREEN_PULLBACK_HOLD_THEN_BREAK,HUGE,2025-09-12 10:30:00+05:30,2025-09-12 13:00:00+05:30,399.87996000000004,395.88116040000006,407.87755920000006,2025-09-12 14:00:00+05:30,399.919947996,BE,-0.11994802598698526,0.009999999999994841,34.27429177720025,79.09604519148398,78.60201941368733,1.0848669638028967,2.922007600118427,0.0064363812635774365,5.967580967360204,50000,-59.97401299349263
2025-09-12,TRITURBINE,LONG,A_MOD_BREAK_C1_HIGH,MODERATE,2025-09-12 10:30:00+05:30,2025-09-12 10:45:00+05:30,518.6037,513.417663,528.975774,2025-09-12 11:00:00+05:30,518.65556037,BE,-0.11994802598699664,0.009999999999997258,27.13655973386917,76.71755724370897,79.20792079207902,1.5814928217978792,1.9928355829892637,0.0037140652131970047,4.840584399302956,50000,-59.97401299349832
2025-09-15,BANCOINDIA,LONG,B_HUGE_GREEN_PULLBACK_HOLD_THEN_BREAK,HUGE,2025-09-15 10:00:00+05:30,2025-09-15 11:30:00+05:30,662.33244,655.7091156,675.5790888,2025-09-15 11:45:00+05:30,675.5790888,TARGET,1.8674662668665785,2.0000000000000004,26.510830673322204,78.04232804040116,80.17696455003414,2.5070905624501245,4.115396374490078,0.010181391986329896,9.057829989993138,50000,933.7331334332893
2025-09-15,HEG,LONG,A_MOD_BREAK_C1_HIGH,MODERATE,2025-09-15 10:45:00+05:30,2025-09-15 11:00:00+05:30,518.9037599999999,513.7147223999999,529.2818351999999,2025-09-15 14:15:00+05:30,513.7147223999999,SL,-1.128635682158894,-1.0000000000000013,29.675251438327866,62.04986149103201,56.22895622895612,0.35562425656765523,1.1127278076057197,0.0057721449235431845,2.7587051588503604,50000,-564.317841079447
2025-09-15,WELCORP,LONG,A_MOD_BREAK_C1_HIGH,MODERATE,2025-09-15 10:15:00+05:30,2025-09-15 10:30:00+05:30,899.92995,890.9306505,917.928549,2025-09-15 11:00:00+05:30,917.928549,TARGET,1.8674662668665811,2.0000000000000013,38.79662393929643,87.43362831425118,91.51989562948467,1.7748891864525476,3.22945437233206,0.00586833955372031,7.189610301068731,50000,933.7331334332906
2025-09-16,AHLUCONT,LONG,A_MOD_BREAK_C1_HIGH,MODERATE,2025-09-16 10:15:00+05:30,2025-09-16 10:30:00+05:30,943.48866,934.0537734,962.3584332,2025-09-16 14:30:00+05:30,955.2,EOD,1.1097325292404978,1.241280419840983,28.788850048341626,66.15969581396885,54.36698717948716,1.1782783432661386,1.3716102652314146,0.006640820220805375,4.972944095515895,50000,554.8662646202489
2025-09-16,JKTYRE,LONG,A_MOD_BREAK_C1_HIGH,MODERATE,2025-09-16 10:00:00+05:30,2025-09-16 10:15:00+05:30,376.0752,372.31444799999997,383.596704,2025-09-16 10:30:00+05:30,376.11280752,BE,-0.11994802598699209,0.009999999999998555,34.30183792442378,84.75609754650455,81.28832354859757,0.7100873064763907,2.5616008383682476,0.004669963857713527,4.850157483568749,50000,-59.974012993496046
2025-09-17,CHAMBLFERT,LONG,A_MOD_BREAK_C1_HIGH,MODERATE,2025-09-17 10:15:00+05:30,2025-09-17 10:30:00+05:30,554.1108,548.569692,565.1930160000001,2025-09-17 14:00:00+05:30,554.16621108,BE,-0.11994802598699779,0.00999999999999981,34.178727055524426,69.42148759795074,87.6190476190477,1.3079766750121,3.231574797475726,0.0037020316027088097,5.926447872425971,50000,-59.974012993498896
2025-09-17,JKCEMENT,LONG,A_MOD_BREAK_C1_HIGH,MODERATE,2025-09-17 10:00:00+05:30,2025-09-17 10:15:00+05:30,6770.3538,6702.650262,6905.760876,2025-09-17 10:45:00+05:30,6771.03083538,BE,-0.1199480259869784,0.010000000000003456,52.176490479428054,78.04878048704343,86.52338811630845,0.8900027670711614,3.710207007118325,0.0036126251742933197,6.680923713715384,50000,-59.974012993489204
2025-09-17,PNB,LONG,B_HUGE_GREEN_PULLBACK_HOLD_THEN_BREAK,HUGE,2025-09-17 10:45:00+05:30,2025-09-17 13:15:00+05:30,110.52,109.4148,112.7304,2025-09-17 14:30:00+05:30,111.45,EOD,0.7104482503590988,0.8414766558089096,28.48570439709989,82.28346452157633,70.66642066642042,1.947553794487216,3.5084200200419304,0.0031861629494765262,7.502063289076506,50000,355.22412517954933
2025-09-17,SCHAEFFLER,LONG,A_MOD_BREAK_C1_HIGH,MODERATE,2025-09-17 10:15:00+05:30,2025-09-17 10:30:00+05:30,4109.8218,4068.7235819999996,4192.018236,2025-09-17 10:45:00+05:30,4110.23278218,BE,-0.11994802598697726,0.010000000000005997,35.30457513044325,63.33955223797885,89.24244024022305,1.025187245773152,2.126168971187002,0.00408526311392089,4.634928933755194,50000,-59.97401299348863
2025-09-18,ETERNAL,LONG,B_HUGE_GREEN_PULLBACK_HOLD_THEN_BREAK,HUGE,2025-09-18 10:00:00+05:30,2025-09-18 13:00:00+05:30,333.51669,330.1815231,340.18702379999996,2025-09-18 13:30:00+05:30,333.550041669,BE,-0.11994802598698721,0.010000000000003721,38.81471539226688,83.85093166243574,83.6658177702319,2.253834018769196,3.5070456765885343,0.0035213542676229173,8.38908769766031,50000,-59.9740129934936
2025-09-18,GHCL,LONG,A_MOD_BREAK_C1_HIGH,MODERATE,2025-09-18 11:15:00+05:30,2025-09-18 11:30:00+05:30,580.81614,575.0079786,592.4324628,2025-09-18 13:00:00+05:30,580.874221614,BE,-0.11994802598699786,0.01000000000000042,34.254085741586664,81.77570092387947,75.47169811320784,1.279328204085866,1.2296896616060726,0.0046561119927175385,4.563195511374859,50000,-59.97401299349893
2025-09-18,KFINTECH,LONG,B_HUGE_GREEN_PULLBACK_HOLD_THEN_BREAK,HUGE,2025-09-18 10:00:00+05:30,2025-09-18 11:15:00+05:30,1144.12878,1132.6874922,1167.0113556000001,2025-09-18 14:00:00+05:30,1132.6874922,SL,-1.1286356821589172,-1.0000000000000047,27.63052883396773,80.62953994884029,83.52279635258326,1.3870982760083745,4.794093350432933,0.004355630311170252,7.7785567919087395,50000,-564.3178410794586
2025-09-18,SOBHA,LONG,A_MOD_BREAK_C1_HIGH,MODERATE,2025-09-18 10:30:00+05:30,2025-09-18 10:45:00+05:30,1638.3276,1621.944324,1671.0941520000001,2025-09-18 11:15:00+05:30,1638.49143276,BE,-0.11994802598698866,0.00999999999999252,33.50471221658577,80.08048289512844,89.19140499646126,1.6793083966440265,2.7763584173442806,0.004962865880297099,6.406712956986015,50000,-59.974012993494334
2025-09-19,EXICOM,LONG,A_MOD_BREAK_C1_HIGH,MODERATE,2025-09-19 11:00:00+05:30,2025-09-19 11:15:00+05:30,148.44,146.9556,151.4088,2025-09-19 12:15:00+05:30,151.4088,TARGET,1.8674662668665958,2.0000000000000107,32.42608649094028,77.37909514690635,80.51595383570957,1.7529730437446442,2.0566197444155208,0.006560896479354581,5.747275710763518,50000,933.7331334332979
2025-09-19,FLUOROCHEM,LONG,B_HUGE_GREEN_PULLBACK_HOLD_THEN_BREAK,HUGE,2025-09-19 10:15:00+05:30,2025-09-19 11:15:00+05:30,3836.66718,3798.3005082,3913.4005236,2025-09-19 11:30:00+05:30,3837.050846718,BE,-0.11994802598699532,0.009999999999996312,25.595373385502015,90.14404852065077,87.42318400404962,1.5697966064986808,3.823251431726603,0.005775323583290787,7.395462912228144,50000,-59.97401299349766
2025-09-19,SBILIFE,LONG,B_HUGE_GREEN_PULLBACK_HOLD_THEN_BREAK,HUGE,2025-09-19 10:15:00+05:30,2025-09-19 11:30:00+05:30,1846.76928,1828.3015871999999,1883.7046656,2025-09-19 14:30:00+05:30,1838.0,EOD,-0.6041624158406717,-0.47484437254663353,27.904683147247972,67.1232876693939,72.15363511659808,1.832712087057652,2.593009201137201,0.0037034161490683355,6.088388506944016,50000,-302.0812079203358
2025-09-22,ATGL,LONG,B_HUGE_GREEN_PULLBACK_HOLD_THEN_BREAK,HUGE,2025-09-22 11:00:00+05:30,2025-09-22 13:00:00+05:30,765.153,757.50147,780.45606,2025-09-22 13:15:00+05:30,765.2295153,BE,-0.11994802598699227,0.009999999999997743,45.24040189936313,73.7671786572088,89.28531587305429,2.063425470198945,4.50807364243335,0.01655261788585959,8.566658105889552,50000,-59.97401299349613
2025-09-23,GMDCLTD,LONG,B_HUGE_GREEN_PULLBACK_HOLD_THEN_BREAK,HUGE,2025-09-23 10:45:00+05:30,2025-09-23 13:00:00+05:30,610.92216,604.8129384,623.1406032,2025-09-23 13:15:00+05:30,623.1406032,TARGET,1.8674662668665842,2.000000000000004,40.26966131737694,67.82437745616059,89.42173769439388,2.1949356778429077,2.9057551187664172,0.014463344626388097,7.348117930302394,50000,933.7331334332921
2025-09-24,IFBIND,LONG,B_HUGE_GREEN_PULLBACK_HOLD_THEN_BREAK,HUGE,2025-09-24 10:30:00+05:30,2025-09-24 13:00:00+05:30,1843.56864,1825.1329535999998,1880.4400128,2025-09-24 13:30:00+05:30,1843.752996864,BE,-0.11994802598699039,0.009999999999996614,50.91016367837113,75.92295345047464,90.63605906843623,0.40749210397039515,4.027501200764498,0.010898981258262684,6.714040026195408,50000,-59.9740129934952
2025-09-24,NSIL,LONG,B_HUGE_GREEN_PULLBACK_HOLD_THEN_BREAK,HUGE,2025-09-24 10:15:00+05:30,2025-09-24 13:15:00+05:30,7634.0265,7557.686235,7786.7070300000005,2025-09-24 13:45:00+05:30,7634.78990265,BE,-0.11994802598700145,0.009999999999999856,25.662518814050355,89.85255854271328,88.27156296731073,1.367119243606022,5.5432512272242835,0.008908400569530139,8.570703193115447,50000,-59.97401299350073
2025-09-30,BHEL,LONG,B_HUGE_GREEN_PULLBACK_HOLD_THEN_BREAK,HUGE,2025-09-30 10:00:00+05:30,2025-09-30 11:00:00+05:30,237.29000000000002,234.9171,242.03580000000002,2025-09-30 12:45:00+05:30,237.31372900000002,BE,-0.11994802598699486,0.010000000000001261,26.709758317035394,71.63198246437196,61.34158926728606,1.2345626881912015,2.065942919443318,0.005803326355667872,5.2156554969197035,50000,-59.97401299349743
2025-10-03,ABDL,LONG,B_HUGE_GREEN_PULLBACK_HOLD_THEN_BREAK,HUGE,2025-10-03 10:45:00+05:30,2025-10-03 13:00:00+05:30,550.11,544.6089000000001,561.1122,2025-10-03 14:30:00+05:30,552.2,EOD,0.24949532832066976,0.3799240151969664,55.65410958119704,88.7596899192694,84.41361467300679,2.2116101938837724,4.103210389782735,0.010404052241624034,9.417555431678277,50000,124.74766416033488
2025-10-03,ADSL,LONG,B_HUGE_GREEN_PULLBACK_HOLD_THEN_BREAK,HUGE,2025-10-03 11:15:00+05:30,2025-10-03 13:00:00+05:30,189.05,187.1595,192.83100000000002,2025-10-03 13:15:00+05:30,192.83100000000002,TARGET,1.8674662668665865,2.000000000000003,39.558476115193976,78.33474935346908,73.24983273539526,2.8171564041242334,2.4686165247679313,0.009788021380602143,7.828566797291973,50000,933.7331334332932
2025-10-03,BATAINDIA,LONG,B_HUGE_GREEN_PULLBACK_HOLD_THEN_BREAK,HUGE,2025-10-03 10:00:00+05:30,2025-10-03 11:30:00+05:30,1221.2442,1209.031758,1245.669084,2025-10-03 12:15:00+05:30,1221.3663244200002,BE,-0.11994802598699465,0.010000000000007454,40.80628048640001,84.53608247117651,91.48732816464438,2.256622659405942,4.820196532273946,0.004354683049690464,9.381370112965316,50000,-59.974012993497325
2025-10-03,JPPOWER,LONG,A_MOD_BREAK_C1_HIGH,MODERATE,2025-10-03 10:00:00+05:30,2025-10-03 10:15:00+05:30,17.990000000000002,17.810100000000002,18.349800000000002,2025-10-03 10:30:00+05:30,17.991799,BE,-0.11994802598700406,0.009999999999990714,36.76324810175746,81.81818160991807,81.64529914529875,1.2057709264639258,2.930753735516526,0.005298382598996075,6.204550061830229,50000,-59.97401299350203
2025-10-03,MOIL,LONG,A_MOD_BREAK_C1_HIGH,MODERATE,2025-10-03 10:00:00+05:30,2025-10-03 10:15:00+05:30,373.17462,369.44287380000003,380.6381124,2025-10-03 10:30:00+05:30,373.211937462,BE,-0.11994802598699948,0.009999999999993537,30.618940996723428,89.16083915211037,78.06292590981586,0.8753340419247542,2.990592541124819,0.0067839871037076675,5.482205862249777,50000,-59.97401299349974
2025-10-06,ANUP,LONG,A_MOD_BREAK_C1_HIGH,MODERATE,2025-10-06 10:30:00+05:30,2025-10-06 10:45:00+05:30,2437.4874,2413.112526,2486.237148,2025-10-06 11:15:00+05:30,2437.7311487399998,BE,-0.11994802598700291,0.009999999999990709,41.050248889131844,81.41912206786535,90.42660393045692,1.5116820994101703,3.372136823602572,0.009822894675111438,7.250338248313504,50000,-59.974012993501454
2025-10-06,AUBANK,LONG,B_HUGE_GREEN_PULLBACK_HOLD_THEN_BREAK,HUGE,2025-10-06 11:00:00+05:30,2025-10-06 13:00:00+05:30,759.80193,752.2039106999999,774.9979686,2025-10-06 14:30:00+05:30,763.05,EOD,0.2969985525876209,0.42748904309837493,40.39375691126699,84.55882352505932,85.13299837446415,1.6087969888061797,3.6116894967821302,0.004991484837365104,7.690855254555764,50000,148.49927629381048
2025-10-06,GRMOVER,LONG,B_HUGE_GREEN_PULLBACK_HOLD_THEN_BREAK,HUGE,2025-10-06 11:15:00+05:30,2025-10-06 13:00:00+05:30,126.7,125.433,129.234,2025-10-06 14:30:00+05:30,127.4,EOD,0.4218332822539088,0.5524861878453061,51.72397886583115,84.37499998154296,86.24442462087416,1.2585157834419245,4.177085483046616,0.006293390528870564,7.9735725357414955,50000,210.9166411269544
2025-10-06,ITDC,LONG,B_HUGE_GREEN_PULLBACK_HOLD_THEN_BREAK,HUGE,2025-10-06 10:00:00+05:30,2025-10-06 13:00:00+05:30,619.17381,612.9820719,631.5572862,2025-10-06 13:15:00+05:30,631.5572862,TARGET,1.8674662668665922,2.0000000000000027,53.32482926126747,80.72289156237477,86.87584930754338,1.1314461910598699,3.2920726918365086,0.007290422317475906,6.88342341148301,50000,933.7331334332962
2025-10-06,SONATSOFTW,LONG,A_MOD_BREAK_C1_HIGH,MODERATE,2025-10-06 10:00:00+05:30,2025-10-06 10:15:00+05:30,351.62031,348.10410690000003,358.65271620000004,2025-10-06 11:00:00+05:30,351.655472031,BE,-0.11994802598698849,0.009999999999991547,26.21260504265532,64.25120772077776,68.78376705841794,1.3892293011940247,1.1709730079807568,0.004717172949453072,3.982634726019568,50000,-59.97401299349424
2025-10-06,THYROCARE,LONG,A_MOD_BREAK_C1_HIGH,MODERATE,2025-10-06 10:15:00+05:30,2025-10-06 10:30:00+05:30,402.0804,398.059596,410.122008,2025-10-06 11:15:00+05:30,402.12060804,BE,-0.11994802598699277,0.00999999999999547,35.68278824320926,90.69767441122244,85.66763791763793,1.3000491794433133,3.4647496285815356,0.00756470043786265,6.693443371297377,50000,-59.97401299349638
2025-10-09,MAITHANALL,LONG,B_HUGE_GREEN_PULLBACK_HOLD_THEN_BREAK,HUGE,2025-10-09 11:15:00+05:30,2025-10-09 13:30:00+05:30,1172.1343800000002,1160.4130362,1195.5770676000002,2025-10-09 14:30:00+05:30,1160.4130362,SL,-1.1286356821589256,-1.0000000000000095,35.31055976815585,84.90066225008145,78.42674499878886,1.0066125624132676,3.6187440401279525,0.008086138396665641,6.6057823143418055,50000,-564.3178410794628
2025-10-10,ANGELONE,LONG,B_HUGE_GREEN_PULLBACK_HOLD_THEN_BREAK,HUGE,2025-10-10 10:15:00+05:30,2025-10-10 11:30:00+05:30,2304.26076,2281.2181524000002,2350.3459752000003,2025-10-10 12:00:00+05:30,2304.4911860760003,BE,-0.11994802598698757,0.01000000000000804,40.17267332606588,72.1224920791872,74.41773962804028,1.4980316508981204,2.3828432481243116,0.0062736698329918785,6.186777444711433,50000,-59.97401299349379
2025-10-10,BANKINDIA,LONG,A_MOD_BREAK_C1_HIGH,MODERATE,2025-10-10 10:00:00+05:30,2025-10-10 10:15:00+05:30,126.6,125.33399999999999,129.132,2025-10-10 14:30:00+05:30,126.93,EOD,0.13038978141263058,0.26066350710901465,34.10725242959699,72.90836649319857,86.19266055045917,1.3377378700885825,1.7580173914215367,0.0034204436417000555,4.879965972593717,50000,65.19489070631529
2025-10-10,SBIN,LONG,A_MOD_BREAK_C1_HIGH,MODERATE,2025-10-10 10:00:00+05:30,2025-10-10 10:15:00+05:30,873.22461,864.4923639,890.6891022,2025-10-10 14:30:00+05:30,880.4,EOD,0.6907091148076006,0.8217118388360577,30.15088100354028,92.99999999131894,93.89105268852086,1.74477193855835,3.4761748983636673,0.0030885156307526164,7.280704024318286,50000,345.35455740380024
2025-10-10,UNIONBANK,LONG,A_MOD_BREAK_C1_HIGH,MODERATE,2025-10-10 10:00:00+05:30,2025-10-10 10:15:00+05:30,139.24,137.8476,142.0248,2025-10-10 10:45:00+05:30,139.253924,BE,-0.11994802598697929,0.010000000000002106,40.16393909736129,70.94017091187558,66.23479640401887,0.9579747107364843,2.0831549800670484,0.004041285816986739,4.9759888124386595,50000,-59.974012993489644
2025-10-13,CHOICEIN,LONG,B_HUGE_GREEN_PULLBACK_HOLD_THEN_BREAK,HUGE,2025-10-13 11:30:00+05:30,2025-10-13 13:00:00+05:30,821.1642,812.9525580000001,837.587484,2025-10-13 14:30:00+05:30,824.0,EOD,0.2149552223944856,0.3453389711826148,25.691609125074116,78.30769230431892,92.64853977844895,2.949212674458196,3.5341772245352576,0.004161566707466362,8.206685160683545,50000,107.47761119724281
2025-10-13,ORIENTELEC,LONG,A_MOD_BREAK_C1_HIGH,MODERATE,2025-10-13 10:15:00+05:30,2025-10-13 10:30:00+05:30,204.33,202.28670000000002,208.41660000000002,2025-10-13 11:30:00+05:30,204.350433,BE,-0.11994802598699031,0.009999999999998548,43.157787192790614,78.04878044973249,64.12625096227862,1.4881599338598785,1.63155245652894,0.003919455195727819,5.9639694809184185,50000,-59.97401299349516
2025-10-15,OLAELEC,LONG,A_MOD_BREAK_C1_HIGH,MODERATE,2025-10-15 10:00:00+05:30,2025-10-15 10:15:00+05:30,51.699999999999996,51.18299999999999,52.733999999999995,2025-10-15 10:30:00+05:30,52.733999999999995,TARGET,1.8674662668665802,1.999999999999998,29.063968235157564,81.7708333035211,85.88110403397013,1.8065521445216284,4.138804198607953,0.009307149771815789,7.707557902843687,50000,933.73313343329
2025-10-20,BANDHANBNK,LONG,A_MOD_BREAK_C1_HIGH,MODERATE,2025-10-20 10:15:00+05:30,2025-10-20 10:30:00+05:30,164.44,162.7956,167.7288,2025-10-20 11:00:00+05:30,167.7288,TARGET,1.8674662668665964,2.0000000000000058,25.126138766075872,64.08227846681717,91.51623687826093,2.0073566909022533,2.352832871836796,0.005328998270031552,5.945496573159539,50000,933.7331334332982
2025-10-20,EQUITASBNK,LONG,B_HUGE_GREEN_PULLBACK_HOLD_THEN_BREAK,HUGE,2025-10-20 10:15:00+05:30,2025-10-20 13:00:00+05:30,57.72,57.1428,58.8744,2025-10-20 14:30:00+05:30,58.0,EOD,0.35453513714385926,0.4851004851004871,35.1393966364438,90.71428562357124,73.5324551836004,1.6608968564329853,3.678854127759379,0.005123462961111695,7.574157246746871,50000,177.26756857192962
2025-10-23,ELECON,LONG,B_HUGE_GREEN_PULLBACK_HOLD_THEN_BREAK,HUGE,2025-10-23 10:30:00+05:30,2025-10-23 13:00:00+05:30,569.1138,563.422662,580.496076,2025-10-23 13:15:00+05:30,569.17071138,BE,-0.11994802598699178,0.009999999999995447,25.177875345376208,80.39215685959269,87.86781198065596,2.2407355312543067,3.3601023813757065,0.008446307415379554,7.609362827133674,50000,-59.97401299349589
2025-10-24,GRAVITA,LONG,A_MOD_BREAK_C1_HIGH,MODERATE,2025-10-24 10:00:00+05:30,2025-10-24 10:15:00+05:30,1662.53244,1645.9071156,1695.7830888,2025-10-24 10:30:00+05:30,1695.7830888,TARGET,1.8674662668665944,2.0000000000000084,42.14589484144472,68.12227074152507,70.09159697331746,1.3774048801279604,2.8002437372621456,0.008269588587967768,5.965364842387322,50000,933.7331334332972
2025-10-24,NOCIL,LONG,B_HUGE_GREEN_PULLBACK_HOLD_THEN_BREAK,HUGE,2025-10-24 10:15:00+05:30,2025-10-24 13:00:00+05:30,188.79000000000002,186.90210000000002,192.56580000000002,2025-10-24 13:45:00+05:30,188.80887900000002,BE,-0.11994802598698777,0.009999999999999107,51.857250837171414,86.95136416112322,91.76012523314692,1.3796991118592925,4.91055363764271,0.005484301329573524,8.372064617356383,50000,-59.974012993493886
2025-10-27,AXISBANK,LONG,A_MOD_BREAK_C1_HIGH,MODERATE,2025-10-27 11:00:00+05:30,2025-10-27 11:15:00+05:30,1246.2492,1233.7867079999999,1271.174184,2025-10-27 14:30:00+05:30,1255.0,EOD,0.5713235637245725,0.7021709622762468,25.87742573095974,61.7924528261084,42.99065420560785,1.1619791759102767,0.16563235187077732,0.0025628970483682605,2.817106777676129,50000,285.6617818622862
2025-10-27,FIEMIND,LONG,B_HUGE_GREEN_PULLBACK_HOLD_THEN_BREAK,HUGE,2025-10-27 10:00:00+05:30,2025-10-27 11:15:00+05:30,2080.416,2059.61184,2122.02432,2025-10-27 14:30:00+05:30,2087.5,EOD,0.2101313485813352,0.3405088213126525,30.903953475301872,80.81334723552493,79.94475247645566,1.3840817730967176,3.3162427146347233,0.0066721837178028345,7.073838419144305,50000,105.06567429066759
2025-10-29,AJANTPHARM,LONG,B_HUGE_GREEN_PULLBACK_HOLD_THEN_BREAK,HUGE,2025-10-29 11:00:00+05:30,2025-10-29 13:00:00+05:30,2445.18894,2420.7370506,2494.0927188,2025-10-29 13:15:00+05:30,2445.433458894,BE,-0.11994802598699322,0.010000000000002708,30.179739214376784,77.61904761775388,92.77286135693232,2.5926655875272537,3.5976861950985537,0.0037767838872811463,8.147173811271493,50000,-59.97401299349661
2025-10-29,IGARASHI,LONG,A_MOD_BREAK_C1_HIGH,MODERATE,2025-10-29 11:00:00+05:30,2025-10-29 11:15:00+05:30,507.75153,502.6740147,517.9065606,2025-10-29 11:45:00+05:30,507.802305153,BE,-0.11994802598698799,0.010000000000003503,25.318758363601123,70.76648841001521,76.45687645687626,0.9769786046850495,1.6895822072054227,0.006190992106485064,4.352805410949134,50000,-59.97401299349399
2025-10-30,ASALCBR,LONG,B_HUGE_GREEN_PULLBACK_HOLD_THEN_BREAK,HUGE,2025-10-30 10:15:00+05:30,2025-10-30 13:30:00+05:30,1165.233,1153.5806699999998,1188.53766,2025-10-30 13:45:00+05:30,1188.53766,TARGET,1.8674662668665798,2.000000000000001,35.75530416610065,90.37232042025936,88.56692592814774,2.6051867329750396,6.225810504171119,0.011888790657129281,10.998493729185938,50000,933.7331334332899
2025-10-31,LATENTVIEW,LONG,A_MOD_BREAK_C1_HIGH,MODERATE,2025-10-31 11:00:00+05:30,2025-10-31 11:15:00+05:30,433.33665,429.0032835,442.00338300000004,2025-10-31 12:30:00+05:30,442.00338300000004,TARGET,1.8674662668665822,2.000000000000005,36.8011020078939,72.4719101085594,92.4411437206714,1.7813564510610091,3.0925394035779745,0.006977895084130643,6.940394899802568,50000,933.7331334332911
2025-10-31,MUFIN,LONG,B_HUGE_GREEN_PULLBACK_HOLD_THEN_BREAK,HUGE,2025-10-31 11:15:00+05:30,2025-10-31 13:00:00+05:30,104.55,103.5045,106.641,2025-10-31 13:15:00+05:30,106.641,TARGET,1.867466266866583,2.000000000000008,31.42469296362253,70.5263157746261,70.07936507936515,2.7322009149918975,2.156057309290029,0.009572395621645103,7.002367242661752,50000,933.7331334332914
2025-10-31,VISHNU,LONG,B_HUGE_GREEN_PULLBACK_HOLD_THEN_BREAK,HUGE,2025-10-31 11:00:00+05:30,2025-10-31 13:00:00+05:30,513.85275,508.7142225,524.129805,2025-10-31 13:15:00+05:30,513.904135275,BE,-0.1199480259869851,0.01000000000000577,27.911852181488552,88.09523809104307,92.25427350427344,1.1896718748235584,4.540519743729921,0.00784805489411467,7.74795573954048,50000,-59.97401299349255
2025-11-03,HLEGLAS,LONG,B_HUGE_GREEN_PULLBACK_HOLD_THEN_BREAK,HUGE,2025-11-03 10:30:00+05:30,2025-11-03 11:30:00+05:30,591.21822,585.3060378,603.0425844,2025-11-03 11:45:00+05:30,603.0425844,TARGET,1.8674662668665771,2.000000000000006,25.44257137226327,70.71339173719645,86.7143083771869,2.8999713452803757,2.858551394629164,0.008337871362013699,7.779047214052778,50000,933.7331334332885
2025-11-03,TAJGVK,LONG,B_HUGE_GREEN_PULLBACK_HOLD_THEN_BREAK,HUGE,2025-11-03 10:30:00+05:30,2025-11-03 13:30:00+05:30,426.0852,421.824348,434.606904,2025-11-03 14:30:00+05:30,421.824348,SL,-1.128635682158914,-1.0,40.14455121699856,60.43956043026189,47.28132387706873,0.9629722963508617,1.3404808479595365,0.004410524540394657,4.57518881422013,50000,-564.317841079457
2025-11-03,VASCONEQ,LONG,B_HUGE_GREEN_PULLBACK_HOLD_THEN_BREAK,HUGE,2025-11-03 10:30:00+05:30,2025-11-03 13:00:00+05:30,69.19,68.4981,70.5738,2025-11-03 14:30:00+05:30,69.36,EOD,0.11544596252243715,0.24570024570024818,29.882346497146635,78.9571694393779,78.83320561941223,1.2765788573855186,2.597563131769799,0.01057813154587352,5.493775865429108,50000,57.72298126121857
2025-11-04,DYNAMATECH,LONG,B_HUGE_GREEN_PULLBACK_HOLD_THEN_BREAK,HUGE,2025-11-04 10:45:00+05:30,2025-11-04 13:00:00+05:30,8571.714,8485.99686,8743.14828,2025-11-04 13:15:00+05:30,8572.571171399999,BE,-0.11994802598699134,0.009999999999989042,62.99767657346459,86.78943154504162,91.20786828807825,1.7353617852392313,5.921443111863055,0.00718167701863354,10.388558889926944,50000,-59.97401299349566
2025-11-04,SINDHUTRAD,LONG,A_MOD_BREAK_C1_HIGH,MODERATE,2025-11-04 13:00:00+05:30,2025-11-04 13:15:00+05:30,24.7,24.453,25.194,2025-11-04 13:30:00+05:30,25.194,TARGET,1.8674662668665836,1.9999999999999991,29.86605885677775,79.57746471027576,88.5876576861466,2.2396364652010488,3.4464418110841706,0.008507549361207886,7.53936000147125,50000,933.7331334332918
2025-11-11,AVANTIFEED,LONG,B_HUGE_GREEN_PULLBACK_HOLD_THEN_BREAK,HUGE,2025-11-11 10:15:00+05:30,2025-11-11 11:15:00+05:30,722.4444599999999,715.2200154,736.8933492,2025-11-11 11:30:00+05:30,722.516704446,BE,-0.1199480259869833,0.010000000000001848,31.05788023686416,88.0597014888572,82.9136297711832,1.5183907868181445,4.086700257592744,0.0063293650793650865,7.835039959446469,50000,-59.974012993491655
2025-11-12,KRBL,LONG,B_HUGE_GREEN_PULLBACK_HOLD_THEN_BREAK,HUGE,2025-11-12 10:30:00+05:30,2025-11-12 13:00:00+05:30,388.0776,384.196824,395.839152,2025-11-12 14:30:00+05:30,387.8,EOD,-0.20137417258094067,-0.07153208533551195,27.719967462931926,85.01628663719715,86.8093753819827,2.053494955277053,3.1767219615773783,0.0053817318041791936,7.643445222109628,50000,-100.68708629047035
2025-11-12,TITAN,LONG,B_HUGE_GREEN_PULLBACK_HOLD_THEN_BREAK,HUGE,2025-11-12 11:15:00+05:30,2025-11-12 13:00:00+05:30,3870.57396,3831.8682204,3947.9854392,2025-11-12 14:30:00+05:30,3864.7,EOD,-0.28149724854760166,-0.15175940469563723,38.87269383425236,85.86538461422822,92.07300874269401,2.15375712110612,3.7767119908966382,0.0033602572870266175,8.21812643455901,50000,-140.74862427380083
2025-11-13,ALKEM,LONG,A_MOD_BREAK_C1_HIGH,MODERATE,2025-11-13 10:00:00+05:30,2025-11-13 10:15:00+05:30,5837.1672,5778.795528,5953.910544,2025-11-13 13:15:00+05:30,5837.75091672,BE,-0.11994802598699116,0.00999999999999583,28.61885292601952,83.92282958123799,77.56410256410255,0.6021799119788657,2.696472510069907,0.0042852245457661985,4.694158877942214,50000,-59.97401299349558
2025-11-13,GLENMARK,LONG,A_MOD_BREAK_C1_HIGH,MODERATE,2025-11-13 10:15:00+05:30,2025-11-13 10:30:00+05:30,1876.67526,1857.9085074,1914.2087652,2025-11-13 10:45:00+05:30,1914.2087652,TARGET,1.8674662668665825,2.0000000000000018,27.223667193416077,69.95153473185901,91.6032780549959,1.9437106041204562,2.4617021786447837,0.0048218284861134345,5.94646563671794,50000,933.7331334332913
2025-11-13,SUPRAJIT,LONG,A_MOD_BREAK_C1_HIGH,MODERATE,2025-11-13 10:45:00+05:30,2025-11-13 11:00:00+05:30,457.84155,453.2631345,466.998381,2025-11-13 14:15:00+05:30,457.88733415499996,BE,-0.11994802598698584,0.009999999999995296,39.88398322647506,74.02862985261193,79.36073059360736,0.942693843251936,2.142598141329329,0.007872357025825066,5.093655262995016,50000,-59.97401299349292
2025-11-17,SAKSOFT,LONG,B_HUGE_GREEN_PULLBACK_HOLD_THEN_BREAK,HUGE,2025-11-17 10:00:00+05:30,2025-11-17 11:00:00+05:30,212.79000000000002,210.6621,217.0458,2025-11-17 13:00:00+05:30,217.0458,TARGET,1.867466266866575,1.999999999999997,32.11135158016511,94.58668616441682,89.92805325171678,1.658412866355768,5.270872338805429,0.008281671159029655,9.041506788184972,50000,933.7331334332874
2025-11-18,GOKULAGRO,LONG,A_MOD_BREAK_C1_HIGH,MODERATE,2025-11-18 10:15:00+05:30,2025-11-18 10:30:00+05:30,214.95000000000002,212.80050000000003,219.24900000000002,2025-11-18 10:45:00+05:30,214.971495,BE,-0.11994802598699639,0.009999999999994132,35.26514229476797,85.23639606961066,82.57215012026869,1.2913714736178459,3.737144823141436,0.01446493773991199,7.042266931957234,50000,-59.97401299349819
2025-11-19,LINDEINDIA,LONG,B_HUGE_GREEN_PULLBACK_HOLD_THEN_BREAK,HUGE,2025-11-19 11:15:00+05:30,2025-11-19 13:00:00+05:30,5976.195,5916.43305,6095.7189,2025-11-19 13:15:00+05:30,5976.7926195,BE,-0.11994802598698309,0.010000000000004882,30.460803725211917,83.83458646572419,94.21635085570627,1.0595384354613764,3.988159861737628,0.005542239040237507,6.672020945934254,50000,-59.97401299349154
2025-11-19,LTTS,LONG,B_HUGE_GREEN_PULLBACK_HOLD_THEN_BREAK,HUGE,2025-11-19 10:45:00+05:30,2025-11-19 13:00:00+05:30,4347.76938,4304.291686199999,4434.7247676,2025-11-19 14:30:00+05:30,4378.0,EOD,0.5644748406103856,0.695313328693627,30.58481547288937,89.11340206134102,93.07129462921121,1.5344827018123133,6.151835300528986,0.005605227305440544,9.62211035184285,50000,282.23742030519276
2025-11-20,TEAMLEASE,LONG,A_MOD_BREAK_C1_HIGH,MODERATE,2025-11-20 11:15:00+05:30,2025-11-20 11:30:00+05:30,1717.04334,1699.8729065999999,1751.3842068,2025-11-20 12:00:00+05:30,1699.8729065999999,SL,-1.1286356821589054,-1.0000000000000053,32.437103696962296,68.57923497005427,75.88235294117615,1.434822113621081,1.742449749120424,0.0035464535464535575,5.2886530720127105,50000,-564.3178410794527
2025-11-26,JAMNAAUTO,LONG,B_HUGE_GREEN_PULLBACK_HOLD_THEN_BREAK,HUGE,2025-11-26 11:15:00+05:30,2025-11-26 13:30:00+05:30,109.55,108.4545,111.741,2025-11-26 14:15:00+05:30,109.56095499999999,BE,-0.11994802598699766,0.00999999999999599,41.68940253234657,89.41605837131728,94.23773450184875,2.0941303020098614,4.473489807776333,0.006094588005850795,9.2584584378978,50000,-59.97401299349883
2025-11-27,ZFCVINDIA,LONG,A_MOD_BREAK_C1_HIGH,MODERATE,2025-11-27 11:15:00+05:30,2025-11-27 11:30:00+05:30,13052.61,12922.0839,13313.6622,2025-11-27 12:30:00+05:30,13053.915261,BE,-0.11994802598699411,0.00999999999999631,33.65552842813748,56.923076922954316,68.20367713481058,0.8741495034711945,1.3700606098279209,0.006431308155446087,3.8500311823801274,50000,-59.974012993497055
2025-12-10,AFFLE,LONG,A_MOD_BREAK_C1_HIGH,MODERATE,2025-12-10 10:15:00+05:30,2025-12-10 10:30:00+05:30,1655.8311,1639.272789,1688.947722,2025-12-10 11:00:00+05:30,1655.99668311,BE,-0.11994802598700122,0.009999999999996569,39.73563121481108,74.95327102607571,83.89200091863114,1.4082669109859134,2.6805102424720846,0.005376019329507717,5.7416836950215355,50000,-59.97401299350061
2025-12-12,ASIANENE,LONG,A_MOD_BREAK_C1_HIGH,MODERATE,2025-12-12 10:00:00+05:30,2025-12-12 10:15:00+05:30,285.00699,282.1569201,290.70712979999996,2025-12-12 10:30:00+05:30,290.70712979999996,TARGET,1.8674662668665896,1.9999999999999958,30.845021805844787,79.8353909419024,88.23662226236178,0.9076617794633751,4.078933226425433,0.008776549060909222,6.400956280993103,50000,933.7331334332947
2025-12-15,MOLDTECH,LONG,B_HUGE_GREEN_PULLBACK_HOLD_THEN_BREAK,HUGE,2025-12-15 10:00:00+05:30,2025-12-15 11:00:00+05:30,167.33,165.6567,170.6766,2025-12-15 11:15:00+05:30,167.346733,BE,-0.11994802598699562,0.009999999999992766,26.681237805870015,76.51282050183414,79.3285561575438,1.1390279841703492,4.267183463333676,0.00700237994999529,6.955504576289851,50000,-59.97401299349781
2025-12-15,TARC,LONG,B_HUGE_GREEN_PULLBACK_HOLD_THEN_BREAK,HUGE,2025-12-15 10:30:00+05:30,2025-12-15 13:00:00+05:30,150.77,149.2623,153.7854,2025-12-15 13:15:00+05:30,150.785077,BE,-0.11994802598698337,0.009999999999993965,29.162626273201194,80.17241377928067,83.10223231628946,1.4930615951646828,3.4320659864255525,0.006301955049261054,6.665486210209091,50000,-59.974012993491684
2025-12-16,ASHOKA,LONG,A_MOD_BREAK_C1_HIGH,MODERATE,2025-12-16 10:30:00+05:30,2025-12-16 10:45:00+05:30,172.74,171.01260000000002,176.19480000000001,2025-12-16 14:30:00+05:30,175.31,EOD,1.3559169240203446,1.487785110570796,43.85991152480682,80.65693428596359,87.65432098765429,1.7784606829060723,2.293368358219046,0.006523988905907186,6.524549670663529,50000,677.9584620101723
2025-12-16,ONMOBILE,LONG,B_HUGE_GREEN_PULLBACK_HOLD_THEN_BREAK,HUGE,2025-12-16 11:15:00+05:30,2025-12-16 13:15:00+05:30,59.699999999999996,59.102999999999994,60.894,2025-12-16 13:45:00+05:30,59.70596999999999,BE,-0.11994802598699363,0.009999999999996333,44.62871246056132,59.09090905957307,63.0989150233627,2.2286737786589725,1.821419600864906,0.008785787196811359,6.430694560647719,50000,-59.974012993496814
2025-12-16,TCIEXP,LONG,A_MOD_BREAK_C1_HIGH,MODERATE,2025-12-16 10:30:00+05:30,2025-12-16 10:45:00+05:30,578.1156,572.334444,589.677912,2025-12-16 12:30:00+05:30,578.17341156,BE,-0.11994802598700406,0.010000000000000803,45.92472676738065,69.11976911697647,46.85385002127089,1.5746898966449734,1.6085335353883181,0.008540775715027303,6.066760997175493,50000,-59.97401299350203
2025-12-18,HINDALCO,LONG,B_HUGE_GREEN_PULLBACK_HOLD_THEN_BREAK,HUGE,2025-12-18 10:30:00+05:30,2025-12-18 13:00:00+05:30,858.9717599999999,850.3820423999999,876.1511952,2025-12-18 14:30:00+05:30,854.8,EOD,-0.6149730298084463,-0.485669051564623,33.223933997293315,77.74936060824265,83.26459651741906,2.4566304497410276,3.410242642393079,0.0030798596350845547,8.069110285660845,50000,-307.4865149042231
2025-12-19,AEROFLEX,LONG,B_HUGE_GREEN_PULLBACK_HOLD_THEN_BREAK,HUGE,2025-12-19 10:00:00+05:30,2025-12-19 13:00:00+05:30,199.95000000000002,197.9505,203.949,2025-12-19 13:45:00+05:30,199.969995,BE,-0.11994802598700248,0.009999999999997216,30.4817212258407,84.32293890995084,88.95630542154201,1.08569538013472,6.131892815745677,0.0113197209336304,8.939117354688712,50000,-59.97401299350124
2025-12-19,APOLLO,LONG,B_HUGE_GREEN_PULLBACK_HOLD_THEN_BREAK,HUGE,2025-12-19 11:30:00+05:30,2025-12-19 13:00:00+05:30,233.75,231.4125,238.425,2025-12-19 14:30:00+05:30,237.95,EOD,1.6645217498202878,1.7967914438502626,30.995040279495154,75.27272726506325,57.480225988700504,2.2870617382933407,2.7394929113610558,0.008223533367980165,6.885026049579853,50000,832.2608749101439
2025-12-22,CONFIPET,LONG,B_HUGE_GREEN_PULLBACK_HOLD_THEN_BREAK,HUGE,2025-12-22 10:00:00+05:30,2025-12-22 11:00:00+05:30,35.379999999999995,35.026199999999996,36.087599999999995,2025-12-22 11:15:00+05:30,36.087599999999995,TARGET,1.8674662668665882,1.9999999999999982,38.21880479462832,95.55555545646125,86.961257933125,2.1308694817692087,4.451779981734546,0.006010105125906571,9.28001247505342,50000,933.733133433294
2025-12-22,IREDA,LONG,A_MOD_BREAK_C1_HIGH,MODERATE,2025-12-22 10:00:00+05:30,2025-12-22 10:15:00+05:30,135.42000000000002,134.06580000000002,138.12840000000003,2025-12-22 14:30:00+05:30,135.83,EOD,0.17243335207305163,0.3027617781716117,34.67433244212388,91.11617309167107,91.83192498381352,1.160867661407814,4.457765873959048,0.004357977475859432,7.573678691541259,50000,86.21667603652583
2025-12-22,JKPAPER,LONG,B_HUGE_GREEN_PULLBACK_HOLD_THEN_BREAK,HUGE,2025-12-22 10:45:00+05:30,2025-12-22 13:30:00+05:30,365.22303,361.5707997,372.5274906,2025-12-22 14:30:00+05:30,367.0,EOD,0.35597657430986257,0.48654379763510686,45.69051883243208,79.80456025330805,82.7133162146991,2.4061022788901796,3.5640929262123953,0.0050566303476066304,8.496060060644066,50000,177.98828715493127
2025-12-22,MUNJALAU,LONG,A_MOD_BREAK_C1_HIGH,MODERATE,2025-12-22 10:45:00+05:30,2025-12-22 11:00:00+05:30,80.28999999999999,79.4871,81.8958,2025-12-22 11:15:00+05:30,80.29802899999999,BE,-0.11994802598700345,0.009999999999991783,43.67259985933078,94.18181813387116,94.68570155836589,1.6096408234065585,2.782407492623625,0.006311172915440991,6.56481942268843,50000,-59.974012993501724
2025-12-22,SUNTECK,LONG,B_HUGE_GREEN_PULLBACK_HOLD_THEN_BREAK,HUGE,2025-12-22 10:00:00+05:30,2025-12-22 13:15:00+05:30,412.0824,407.961576,420.324048,2025-12-22 14:30:00+05:30,415.45,EOD,0.6862183164207722,0.8172151977371471,40.935824415275036,95.14348785283894,86.48091584735425,1.2526663733862964,5.952609959841916,0.0068243302207871386,9.43313758041769,50000,343.1091582103861
2025-12-23,GRANULES,LONG,A_MOD_BREAK_C1_HIGH,MODERATE,2025-12-23 10:30:00+05:30,2025-12-23 10:45:00+05:30,606.42126,600.3570473999999,618.5496852,2025-12-23 11:00:00+05:30,606.4819021259999,BE,-0.1199480259869955,0.009999999999991408,44.45108128897508,87.20379146340775,75.72345494951188,0.8920004937808507,2.7102414203023666,0.006009332139322241,5.437722432760625,50000,-59.974012993497745
2025-12-23,GSFC,LONG,B_HUGE_GREEN_PULLBACK_HOLD_THEN_BREAK,HUGE,2025-12-23 10:00:00+05:30,2025-12-23 13:00:00+05:30,178.25,176.4675,181.815,2025-12-23 14:30:00+05:30,178.5,EOD,0.010135184861992722,0.1402524544179523,61.575878819898165,78.32957108134039,93.72179154668119,1.1515202069788242,4.08618441181495,0.003442824239408683,7.696201532895326,50000,5.067592430996361
2025-12-23,NAVKARCORP,LONG,A_MOD_BREAK_C1_HIGH,MODERATE,2025-12-23 10:15:00+05:30,2025-12-23 10:30:00+05:30,102.92,101.8908,104.97840000000001,2025-12-23 10:45:00+05:30,104.97840000000001,TARGET,1.867466266866586,2.0000000000000058,53.37735107046073,70.15228425398851,70.5922865013775,1.3542049942330243,2.39817020295049,0.009616853448874462,5.983661713777864,50000,933.733133433293
2025-12-23,SANDUMA,LONG,A_MOD_BREAK_C1_HIGH,MODERATE,2025-12-23 10:15:00+05:30,2025-12-23 10:30:00+05:30,227.8,225.52200000000002,232.35600000000002,2025-12-23 10:45:00+05:30,232.35600000000002,TARGET,1.8674662668665853,2.000000000000005,35.26016941744631,79.14937758186633,80.42827824921375,2.3394650010733034,2.9436884950133324,0.007686547440754102,7.1944740326106995,50000,933.7331334332927
2025-12-23,UNITDSPR,LONG,A_MOD_BREAK_C1_HIGH,MODERATE,2025-12-23 10:15:00+05:30,2025-12-23 10:30:00+05:30,1447.98954,1433.5096446,1476.9493308,2025-12-23 12:30:00+05:30,1433.5096446,SL,-1.1286356821589132,-1.0000000000000022,42.19544742881472,82.52427184185633,82.17512482178374,1.897851044960192,4.227736273523677,0.0037864202284687482,8.051241331815085,50000,-564.3178410794567
2025-12-24,CARERATING,LONG,A_MOD_BREAK_C1_HIGH,MODERATE,2025-12-24 10:15:00+05:30,2025-12-24 10:30:00+05:30,1607.2213800000002,1591.1491662,1639.3658076000002,2025-12-24 10:45:00+05:30,1607.3821021380002,BE,-0.11994802598699887,0.009999999999998928,40.88516714793563,62.411347515664815,83.58810039024178,0.8445037268144917,2.075809721582986,0.004488753647946487,4.802838769652391,50000,-59.974012993499436
2025-12-24,GMBREW,LONG,B_HUGE_GREEN_PULLBACK_HOLD_THEN_BREAK,HUGE,2025-12-24 10:00:00+05:30,2025-12-24 11:00:00+05:30,1099.2198,1088.2276020000002,1121.2041960000001,2025-12-24 11:15:00+05:30,1121.2041960000001,TARGET,1.8674662668665842,2.0000000000000053,34.640485255922776,78.80597014760677,80.39588616511695,2.3887667053978348,3.124689883445773,0.009295774647887365,7.758831106814352,50000,933.7331334332921
2025-12-24,RAIN,LONG,B_HUGE_GREEN_PULLBACK_HOLD_THEN_BREAK,HUGE,2025-12-24 10:15:00+05:30,2025-12-24 13:00:00+05:30,128.89000000000001,127.60110000000002,131.4678,2025-12-24 13:30:00+05:30,128.90288900000002,BE,-0.11994802598700757,0.010000000000000977,35.4196311741867,70.30201340630484,74.43444373119164,0.8588489351787376,2.244674039188249,0.007336720369008648,5.2971099461880735,50000,-59.974012993503784
2025-12-24,RAMCOIND,LONG,A_MOD_BREAK_C1_HIGH,MODERATE,2025-12-24 10:15:00+05:30,2025-12-24 10:30:00+05:30,321.96438,318.7447362,328.4036676,2025-12-24 10:45:00+05:30,321.996576438,BE,-0.11994802598699114,0.009999999999991084,27.391345497162934,65.87030716094067,58.14447055256583,1.0543254666371855,1.8764565122680779,0.006213109661385524,4.6686027070158955,50000,-59.97401299349557
2025-12-26,HINDCOPPER,LONG,A_MOD_BREAK_C1_HIGH,MODERATE,2025-12-26 10:15:00+05:30,2025-12-26 10:30:00+05:30,455.44107,450.8866593,464.54989140000004,2025-12-26 11:00:00+05:30,464.54989140000004,TARGET,1.8674662668665762,2.000000000000002,59.30393773733137,80.60109289309185,80.81494057724957,1.5307429745795638,4.2071248148233735,0.009870387265234233,8.225042342948202,50000,933.7331334332881
2025-12-30,AUTOAXLES,LONG,A_MOD_BREAK_C1_HIGH,MODERATE,2025-12-30 11:15:00+05:30,2025-12-30 11:30:00+05:30,1872.57444,1853.8486956000002,1910.0259288000002,2025-12-30 12:15:00+05:30,1872.761697444,BE,-0.11994802598700599,0.009999999999994503,35.07524422885115,75.46948356683525,94.16529087761353,2.1948642937602765,4.24572267578652,0.005062168320920046,8.372722132418467,50000,-59.974012993502996
2025-12-31,SYMPHONY,LONG,A_MOD_BREAK_C1_HIGH,MODERATE,2025-12-31 10:30:00+05:30,2025-12-31 10:45:00+05:30,869.0737799999999,860.3830422,886.4552556,2025-12-31 12:00:00+05:30,886.4552556,TARGET,1.8674662668665742,2.0000000000000053,46.17695065297048,75.60483870540978,75.19607843137258,1.1560747988210927,1.8454761042634855,0.004941573403554985,5.1459936536857676,50000,933.7331334332871
2026-01-01,POCL,LONG,A_MOD_BREAK_C1_HIGH,MODERATE,2026-01-01 10:15:00+05:30,2026-01-01 10:30:00+05:30,1523.3046,1508.0715539999999,1553.770692,2026-01-01 10:45:00+05:30,1553.770692,TARGET,1.8674662668665944,2.0000000000000075,25.87852007695127,81.18433619757725,89.68223467432809,2.248551461991439,3.718619091360722,0.008557698637351074,7.902784904069376,50000,933.7331334332972
2026-01-02,CLSEL,LONG,A_MOD_BREAK_C1_HIGH,MODERATE,2026-01-02 11:00:00+05:30,2026-01-02 11:15:00+05:30,266.20322999999996,263.54119769999994,271.52729459999995,2026-01-02 11:30:00+05:30,271.52729459999995,TARGET,1.8674662668665691,1.999999999999995,29.368505183378684,64.95327101953879,55.87301587301556,0.8383287396266247,1.7320727791972892,0.005568825313330307,4.3957682921678645,50000,933.7331334332845
2026-01-02,IDBI,LONG,A_MOD_BREAK_C1_HIGH,MODERATE,2026-01-02 11:15:00+05:30,2026-01-02 11:30:00+05:30,106.0,104.94,108.12,2026-01-02 11:45:00+05:30,108.12,TARGET,1.8674662668665767,2.000000000000004,43.73971615864586,76.11940295856543,65.13994910941493,2.829302381938677,2.4442695120592624,0.005669469904563918,8.12479277162383,50000,933.7331334332883
2026-01-02,TORNTPOWER,LONG,A_MOD_BREAK_C1_HIGH,MODERATE,2026-01-02 10:15:00+05:30,2026-01-02 10:30:00+05:30,1350.27,1336.7673,1377.2754,2026-01-02 11:00:00+05:30,1377.2754,TARGET,1.8674662668665791,2.000000000000001,43.53606465373858,81.09890109640554,86.5933675262839,1.5141390832726964,3.7234317432208224,0.004570538825747554,7.3458357474878895,50000,933.7331334332896
2026-01-02,TVSHLTD,LONG,B_HUGE_GREEN_PULLBACK_HOLD_THEN_BREAK,HUGE,2026-01-02 10:00:00+05:30,2026-01-02 11:15:00+05:30,14502.9,14357.871,14792.958,2026-01-02 14:30:00+05:30,14612.0,EOD,0.6213508543358639,0.7522633404353637,36.27576959681146,76.8707482991733,92.08327133859052,2.4286978412304396,4.430658274923232,0.005164295732318172,9.044270262301794,50000,310.67542716793196
2026-01-05,ABSLAMC,LONG,A_MOD_BREAK_C1_HIGH,MODERATE,2026-01-05 10:45:00+05:30,2026-01-05 11:00:00+05:30,847.1193900000001,838.6481961000001,864.0617778000001,2026-01-05 14:30:00+05:30,853.35,EOD,0.6046148229826165,0.7355055348219518,36.51451163599963,92.68292682531238,75.94202898550725,0.8237307517359008,3.1201396242948993,0.006116298309892451,5.7427092319627295,50000,302.30741149130824
2026-01-05,JKCEMENT,LONG,A_MOD_BREAK_C1_HIGH,MODERATE,2026-01-05 10:15:00+05:30,2026-01-05 10:30:00+05:30,5689.1376,5632.2462239999995,5802.920352,2026-01-05 13:00:00+05:30,5802.920352,TARGET,1.867466266866591,2.0000000000000013,42.386789951725376,85.02538071005566,91.47805410963304,1.7280453719097932,3.7779569638731423,0.004985432991762106,7.303163771914345,50000,933.7331334332954
2026-01-05,SUMICHEM,LONG,B_HUGE_GREEN_PULLBACK_HOLD_THEN_BREAK,HUGE,2026-01-05 10:30:00+05:30,2026-01-05 13:00:00+05:30,476.69532000000004,471.92836680000005,486.2292264000001,2026-01-05 14:30:00+05:30,476.75,EOD,-0.11847929771291396,0.011470639149543589,26.045956502658747,82.11678831277672,75.79297245963912,1.418275810597428,2.7325733966093035,0.004679777053317906,6.166223388602182,50000,-59.23964885645698
2026-01-06,KAJARIACER,LONG,B_HUGE_GREEN_PULLBACK_HOLD_THEN_BREAK,HUGE,2026-01-06 11:30:00+05:30,2026-01-06 13:00:00+05:30,1003.2506099999999,993.2181039,1023.3156222,2026-01-06 14:30:00+05:30,1001.95,EOD,-0.2594061774824873,-0.1296395922450416,37.89398284324565,92.57731958228435,81.08770030744144,2.0455013120489935,4.0789684534307815,0.004354792764563443,8.044877838323675,50000,-129.70308874124365
2026-01-06,THYROCARE,LONG,A_MOD_BREAK_C1_HIGH,MODERATE,2026-01-06 10:30:00+05:30,2026-01-06 10:45:00+05:30,478.0956,473.314644,487.657512,2026-01-06 11:00:00+05:30,487.657512,TARGET,1.8674662668665822,2.0000000000000013,37.730815353754366,69.69147005090504,94.80584884014853,2.8395282637300596,2.579020275333167,0.008372579801151222,7.603312195931536,50000,933.7331334332911
2026-01-07,POWERINDIA,LONG,B_HUGE_GREEN_PULLBACK_HOLD_THEN_BREAK,HUGE,2026-01-07 10:15:00+05:30,2026-01-07 13:00:00+05:30,19582.9158,19387.086642,19974.574116,2026-01-07 13:45:00+05:30,19584.874091579997,BE,-0.11994802598700535,0.00999999999999148,26.618895564540825,72.79549718564549,89.10399424253323,3.148115794478402,3.081663641984925,0.00688063229428276,8.002480489541448,50000,-59.97401299350268
2026-01-13,DBL,LONG,B_HUGE_GREEN_PULLBACK_HOLD_THEN_BREAK,HUGE,2026-01-13 10:00:00+05:30,2026-01-13 13:15:00+05:30,471.0942,466.383258,480.51608400000003,2026-01-13 14:30:00+05:30,466.383258,SL,-1.1286356821589043,-0.9999999999999976,29.20654662334747,79.47494032881774,77.64276427642771,0.8183547549005435,3.6261610302287464,0.0066140404659717844,5.6257036445561415,50000,-564.3178410794521
2026-01-16,WOCKPHARMA,LONG,B_HUGE_GREEN_PULLBACK_HOLD_THEN_BREAK,HUGE,2026-01-16 10:15:00+05:30,2026-01-16 13:00:00+05:30,1439.98794,1425.5880606,1468.7876988,2026-01-16 14:15:00+05:30,1440.131938794,BE,-0.11994802598698368,0.010000000000001839,25.54827392213063,77.23735408349933,80.252530389851,1.214908499692609,3.3418708802409554,0.005649604727301756,6.126589701691587,50000,-59.97401299349184
2026-01-16,XPROINDIA,LONG,B_HUGE_GREEN_PULLBACK_HOLD_THEN_BREAK,HUGE,2026-01-16 10:15:00+05:30,2026-01-16 11:30:00+05:30,1065.01296,1054.3628304000001,1086.3132192,2026-01-16 11:45:00+05:30,1086.3132192,TARGET,1.8674662668665747,2.0000000000000027,75.6895134078119,77.1346254577895,68.45517592702579,1.7667923331972555,3.0328401571295704,0.024181529897721016,8.408325761477258,50000,933.7331334332873
2026-01-19,JINDALSAW,LONG,B_HUGE_GREEN_PULLBACK_HOLD_THEN_BREAK,HUGE,2026-01-19 10:00:00+05:30,2026-01-19 11:15:00+05:30,174.05,172.3095,177.531,2026-01-19 11:30:00+05:30,177.531,TARGET,1.867466266866589,1.9999999999999967,45.6738234626434,86.84771032366419,92.18779109281927,1.3803158664129993,4.94622167543483,0.011962103920515582,8.458665453876808,50000,933.7331334332944
2026-01-23,MAYURUNIQ,LONG,B_HUGE_GREEN_PULLBACK_HOLD_THEN_BREAK,HUGE,2026-01-23 10:15:00+05:30,2026-01-23 13:00:00+05:30,504.55089,499.50538109999997,514.6419078,2026-01-23 14:00:00+05:30,499.50538109999997,SL,-1.128635682158909,-1.000000000000003,27.461011374458547,78.48699763073843,81.59749933492951,2.485263665069827,3.3164521607820525,0.006409435599755266,8.075070401751116,50000,-564.3178410794544
2026-01-28,ADVENZYMES,LONG,B_HUGE_GREEN_PULLBACK_HOLD_THEN_BREAK,HUGE,2026-01-28 11:30:00+05:30,2026-01-28 13:00:00+05:30,278.40567000000004,275.62161330000004,283.97378340000006,2026-01-28 13:30:00+05:30,278.43351056700004,BE,-0.11994802598699138,0.009999999999999414,34.65679236213431,87.49999999287778,90.40496900266369,1.9842730863860973,3.4995476416584763,0.008227913195515772,7.488875504589137,50000,-59.974012993495684
2026-01-28,BHARATWIRE,LONG,A_MOD_BREAK_C1_HIGH,MODERATE,2026-01-28 11:15:00+05:30,2026-01-28 11:30:00+05:30,168.63000000000002,166.94370000000004,172.00260000000003,2026-01-28 12:15:00+05:30,172.00260000000003,TARGET,1.8674662668665714,2.000000000000003,40.161685726331676,78.13283207334683,76.87225464054316,0.3381530985912621,1.8565720974354358,0.011329932376319827,3.781321036078388,50000,933.7331334332857
2026-01-28,PARAS,LONG,A_MOD_BREAK_C1_HIGH,MODERATE,2026-01-28 11:15:00+05:30,2026-01-28 11:30:00+05:30,666.4332599999999,659.7689273999999,679.7619252,2026-01-28 11:45:00+05:30,666.4999033259999,BE,-0.1199480259869922,0.00999999999999432,39.88620827392619,75.58593749793305,71.67755991285402,0.5774986799014175,2.2229067867499093,0.00889702644945826,4.689115501794544,50000,-59.974012993496096
2026-01-29,ALLDIGI,LONG,A_MOD_BREAK_C1_HIGH,MODERATE,2026-01-29 10:15:00+05:30,2026-01-29 10:30:00+05:30,880.176,871.37424,897.77952,2026-01-29 10:45:00+05:30,897.77952,TARGET,1.867466266866581,2.0000000000000004,28.13697348301195,73.36476134233692,92.84116331096203,1.9710804960727604,3.4513169596702356,0.010035318475216177,6.808833906944244,50000,933.7331334332904
2026-01-29,DREDGECORP,LONG,B_HUGE_GREEN_PULLBACK_HOLD_THEN_BREAK,HUGE,2026-01-29 11:30:00+05:30,2026-01-29 13:00:00+05:30,1103.62068,1092.5844732,1125.6930936,2026-01-29 13:15:00+05:30,1125.6930936,TARGET,1.8674662668665816,2.0000000000000107,42.63130527138536,77.83505154498746,81.2549911178474,1.456189109278514,3.179810479912719,0.010167706109692615,6.780765795499034,50000,933.7331334332907
2026-01-30,KRBL,LONG,B_HUGE_GREEN_PULLBACK_HOLD_THEN_BREAK,HUGE,2026-01-30 10:00:00+05:30,2026-01-30 11:00:00+05:30,338.36766,334.9839834,345.1350132,2026-01-30 11:15:00+05:30,338.401496766,BE,-0.11994802598701443,0.009999999999993788,29.68781920552779,80.49450548831334,76.47133546350842,1.9955899653785236,3.794736350421739,0.006760641355961052,7.864233429560509,50000,-59.97401299350721
2026-01-30,SSWL,LONG,B_HUGE_GREEN_PULLBACK_HOLD_THEN_BREAK,HUGE,2026-01-30 10:00:00+05:30,2026-01-30 11:00:00+05:30,200.79000000000002,198.7821,204.80580000000003,2026-01-30 12:00:00+05:30,204.80580000000003,TARGET,1.8674662668665873,2.000000000000006,43.297639937779095,84.70839259469457,85.02614379084962,1.529615213348591,3.4373603421163623,0.011320903098502925,7.44632313070684,50000,933.7331334332937
2026-02-01,ELGIEQUIP,LONG,A_MOD_BREAK_C1_HIGH,MODERATE,2026-02-01 10:30:00+05:30,2026-02-01 10:45:00+05:30,441.83835,437.4199665,450.675117,2026-02-01 12:15:00+05:30,441.882533835,BE,-0.11994802598698426,0.010000000000002842,42.949228225582665,74.99999999596153,94.73782663750423,1.562985499704245,2.671532780332822,0.007065965196276826,6.398582446800646,50000,-59.97401299349213
2026-02-01,FILATEX,LONG,A_MOD_BREAK_C1_HIGH,MODERATE,2026-02-01 10:15:00+05:30,2026-02-01 10:30:00+05:30,46.209999999999994,45.747899999999994,47.13419999999999,2026-02-01 11:45:00+05:30,46.214620999999994,BE,-0.11994802598698194,0.010000000000000451,35.35852683446173,55.33333328168878,35.84905660377357,0.9248457962799206,1.0767264880454366,0.006994305521168601,3.7879173386297165,50000,-59.97401299349097
2026-02-01,HIMATSEIDE,LONG,B_HUGE_GREEN_PULLBACK_HOLD_THEN_BREAK,HUGE,2026-02-01 10:00:00+05:30,2026-02-01 11:30:00+05:30,107.31,106.2369,109.45620000000001,2026-02-01 11:45:00+05:30,107.320731,BE,-0.11994802598699109,0.009999999999993214,29.780044704588278,72.4782067121458,81.7914566834653,1.0796255864690474,3.35849660614218,0.009245660881174877,6.050671023638913,50000,-59.97401299349555
2026-02-01,ISGEC,LONG,A_MOD_BREAK_C1_HIGH,MODERATE,2026-02-01 10:00:00+05:30,2026-02-01 10:15:00+05:30,771.1542,763.4426579999999,786.577284,2026-02-01 10:30:00+05:30,786.577284,TARGET,1.8674662668665836,2.0000000000000027,52.859272544247894,77.46113989356371,86.71862777964002,1.9619745730938905,3.5912192654502606,0.00793496386881604,8.00047345767143,50000,933.7331334332918
2026-02-01,TRACXN,LONG,A_MOD_BREAK_C1_HIGH,MODERATE,2026-02-01 10:30:00+05:30,2026-02-01 10:45:00+05:30,35.8,35.442,36.516,2026-02-01 11:00:00+05:30,36.516,TARGET,1.8674662668665878,2.000000000000003,40.34341757763059,62.068965483947764,83.87205387205383,1.1276701313136526,2.58450413934095,0.008220986518382233,5.529631059468661,50000,933.7331334332939
2026-02-03,DBCORP,LONG,A_MOD_BREAK_C1_HIGH,MODERATE,2026-02-03 11:00:00+05:30,2026-02-03 11:15:00+05:30,245.14000000000001,242.6886,250.04280000000003,2026-02-03 11:45:00+05:30,245.16451400000003,BE,-0.11994802598698981,0.010000000000004316,40.008729435470244,73.04170904871522,73.40752242926152,0.4520438238280561,1.377988501977388,0.012746355685131204,4.16123684016979,50000,-59.9740129934949
2026-02-03,LXCHEM,LONG,A_MOD_BREAK_C1_HIGH,MODERATE,2026-02-03 10:30:00+05:30,2026-02-03 10:45:00+05:30,144.83,143.38170000000002,147.72660000000002,2026-02-03 11:00:00+05:30,147.72660000000002,TARGET,1.8674662668665951,2.000000000000004,47.76013874132411,97.25050915110499,68.44444444444447,1.1909460565284233,3.905487809910781,0.009773916477441046,7.334937631898888,50000,933.7331334332976
2026-02-03,PARKHOTELS,LONG,A_MOD_BREAK_C1_HIGH,MODERATE,2026-02-03 11:00:00+05:30,2026-02-03 11:15:00+05:30,125.42,124.1658,127.92840000000001,2026-02-03 14:30:00+05:30,126.4,EOD,0.6504242696065569,0.7813745814064774,32.32610297213476,79.6912113881748,62.709876543209894,0.3380480342410936,2.312780813744549,0.008637290762201034,4.2203866385217275,50000,325.21213480327845
2026-02-04,EIHAHOTELS,LONG,A_MOD_BREAK_C1_HIGH,MODERATE,2026-02-04 10:00:00+05:30,2026-02-04 10:15:00+05:30,341.31825,337.9050675,348.144615,2026-02-04 10:30:00+05:30,337.9050675,SL,-1.1286356821589054,-1.0000000000000016,37.95420180602657,65.21739129867666,70.8441558441561,0.7413861664770358,1.7432628993341233,0.007671376242804809,4.272976825020064,50000,-564.3178410794527
2026-02-04,UDS,LONG,B_HUGE_GREEN_PULLBACK_HOLD_THEN_BREAK,HUGE,2026-02-04 10:00:00+05:30,2026-02-04 13:00:00+05:30,154.69,153.1431,157.7838,2026-02-04 13:45:00+05:30,157.7838,TARGET,1.8674662668666064,2.0000000000000107,27.654372456987883,73.19422149238027,87.92569659442734,1.8832899903161713,2.6578250919129167,0.006549590418672815,6.270402855139038,50000,933.7331334333032
2026-02-06,CONCORDBIO,LONG,B_HUGE_GREEN_PULLBACK_HOLD_THEN_BREAK,HUGE,2026-02-06 10:15:00+05:30,2026-02-06 13:00:00+05:30,1264.1527800000001,1251.5112522000002,1289.4358356000002,2026-02-06 14:15:00+05:30,1289.4358356000002,TARGET,1.8674662668665976,2.0000000000000098,41.76223981295394,82.25806451535506,92.27489695870572,0.9571716907022839,3.6792484703573916,0.01519365590162051,7.202349849585074,50000,933.7331334332987
2026-02-06,HIMATSEIDE,LONG,A_MOD_BREAK_C1_HIGH,MODERATE,2026-02-06 10:45:00+05:30,2026-02-06 11:00:00+05:30,119.89999999999999,118.701,122.29799999999999,2026-02-06 13:45:00+05:30,119.91198999999999,BE,-0.11994802598698935,0.009999999999997733,28.006834074516206,62.633996923784345,43.620844564240734,0.761116805148476,0.8721925135140026,0.01046983067016457,3.0249249279364765,50000,-59.974012993494675
2026-02-06,NYKAA,LONG,A_MOD_BREAK_C1_HIGH,MODERATE,2026-02-06 10:00:00+05:30,2026-02-06 10:15:00+05:30,270.054,267.35346,275.45507999999995,2026-02-06 10:30:00+05:30,270.0810054,BE,-0.1199480259869799,0.0100000000000027,34.16802969390537,72.94172062432375,79.78142076502719,1.0687798767524672,3.8119063858444004,0.009082101562830886,6.728092662954294,50000,-59.97401299348995
2026-02-09,AEGISLOG,LONG,B_HUGE_GREEN_PULLBACK_HOLD_THEN_BREAK,HUGE,2026-02-09 10:45:00+05:30,2026-02-09 13:00:00+05:30,711.54228,704.4268572,725.7731256000001,2026-02-09 14:30:00+05:30,718.9,EOD,0.9027737679164004,1.0340523967177286,33.052093305217056,89.88095237595951,69.62676962676943,2.331087469581253,3.2031192196448592,0.005981006263891688,8.245490195208168,50000,451.3868839582002
2026-02-09,GULPOLY,LONG,B_HUGE_GREEN_PULLBACK_HOLD_THEN_BREAK,HUGE,2026-02-09 10:00:00+05:30,2026-02-09 11:00:00+05:30,137.52,136.1448,140.27040000000002,2026-02-09 11:15:00+05:30,137.53375200000002,BE,-0.11994802598697789,0.010000000000007902,29.36879657281431,86.08837968567539,72.5706647986439,3.303577680382636,4.2764605161313165,0.006465239953681894,10.146880695166988,50000,-59.97401299348894
2026-02-09,HPL,LONG,B_HUGE_GREEN_PULLBACK_HOLD_THEN_BREAK,HUGE,2026-02-09 10:00:00+05:30,2026-02-09 13:00:00+05:30,345.069,341.61831,351.97038000000003,2026-02-09 13:30:00+05:30,345.1035069,BE,-0.11994802598700001,0.009999999999999037,41.942294032385874,96.81020733219987,93.65911508036807,1.301011614120885,5.007458471699123,0.01212223251115412,8.5052735935822,50000,-59.974012993500004
2026-02-09,TOLINS,LONG,A_MOD_BREAK_C1_HIGH,MODERATE,2026-02-09 10:00:00+05:30,2026-02-09 10:15:00+05:30,129.54000000000002,128.24460000000002,132.13080000000002,2026-02-09 11:15:00+05:30,129.55295400000003,BE,-0.11994802598697168,0.010000000000005928,25.13925229547497,90.0144717617916,90.6235671212899,0.4273466526365576,3.980937735193245,0.007402125001382017,5.74196752165026,50000,-59.97401299348584
