trade_date,ticker,side,setup,impulse_type,signal_time_ist,entry_time_ist,entry_price,sl_price,target_price,exit_time_ist,exit_price,outcome,pnl_pct,pnl_pct_gross,adx_signal,rsi_signal,stochk_signal,avwap_dist_atr_signal,ema20_gap_atr_signal,atr_pct_signal,quality_score,position_size_rs,leverage,notional_rs,pnl_rs_gross,pnl_rs,pnl_pct_on_margin,pnl_pct_gross_on_margin
2025-08-26,BHARATRAS,SHORT,A_MOD_BREAK_C1_LOW,MODERATE,2025-08-26 09:30:00+05:30,2025-08-26 09:35:00+05:30,2541.4916,2560.552787,2510.9937007999997,2025-08-26 10:30:00+05:30,2560.552787,SL,-0.8810405202601358,-0.7500000000000097,54.19639587402344,29.824562072753906,51.440330505371094,1.220871754579786,2.373219511023315,0.00643475350200614,0.8236525570514626,50000,5.0,250000.0,-1875.0000000000243,-2202.6013006503395,-4.4052026013006795,-3.7500000000000484
2025-08-26,DEEPAKFERT,SHORT,A_MOD_BREAK_C1_LOW,MODERATE,2025-08-26 09:30:00+05:30,2025-08-26 09:35:00+05:30,1473.7052,1484.7579890000002,1456.0207376,2025-08-26 09:45:00+05:30,1469.5955510253905,BE,0.14916273914967282,0.2788650657275028,55.96985626220703,12.526538848876953,4.320713043212891,1.5374510945519417,4.8220247606506135,0.0043429420640564214,0.8790539415465897,50000,5.0,250000.0,697.162664318757,372.90684787418206,0.7458136957483642,1.3943253286375141
2025-08-26,GLOBUSSPR,SHORT,A_MOD_BREAK_C1_LOW,MODERATE,2025-08-26 09:40:00+05:30,2025-08-26 09:45:00+05:30,1210.2579,1219.33483425,1195.7348052,2025-08-26 09:50:00+05:30,1219.33483425,SL,-0.8810405202601099,-0.7500000000000018,41.47246551513672,28.13559341430664,6.850689888000488,3.083704843266783,2.580792659354232,0.0032882718236439956,0.8320869827270507,50000,5.0,250000.0,-1875.0000000000045,-2202.601300650275,-4.40520260130055,-3.750000000000009
2025-08-26,GOODLUCK,SHORT,A_MOD_BREAK_C1_LOW,MODERATE,2025-08-26 13:20:00+05:30,2025-08-26 13:25:00+05:30,1116.4766111816407,1124.850185765503,1103.078891847461,2025-08-26 14:15:00+05:30,1124.850185765503,SL,-0.8810405202601181,-0.7500000000000052,42.96451950073242,41.10429382324219,25.952381134033203,4.478845244998063,2.2428913665275343,0.0030697210024951786,0.8544677925109863,50000,5.0,250000.0,-1875.000000000013,-2202.6013006502953,-4.405202601300591,-3.750000000000026
2025-08-26,HINDPETRO,SHORT,A_MOD_BREAK_C1_LOW,MODERATE,2025-08-26 09:40:00+05:30,2025-08-26 09:45:00+05:30,386.62267220458983,389.52234224612425,381.98320013813475,2025-08-26 11:00:00+05:30,383.6976377563476,BE,0.627479494954873,0.7565605068019351,44.413692474365234,0.0,11.619232177734375,1.7255109349467475,3.1846240905949226,0.002493627361975241,0.8281698007311593,50000,5.0,250000.0,1891.4012670048378,1568.6987373871825,3.137397474774365,3.782802534009676
2025-08-26,KEC,SHORT,A_MOD_BREAK_C1_LOW,MODERATE,2025-08-26 09:35:00+05:30,2025-08-26 09:40:00+05:30,808.3882777954102,814.4511898788759,798.6876184618653,2025-08-26 11:55:00+05:30,814.4511898788759,SL,-0.8810405202601207,-0.7500000000000123,44.53861618041992,16.5289249420166,4.87594747543335,1.7179112174042912,3.886437325277512,0.0038946589304026395,0.8287137057520497,50000,5.0,250000.0,-1875.0000000000307,-2202.6013006503017,-4.405202601300603,-3.7500000000000617
2025-08-26,KSOLVES,SHORT,A_MOD_BREAK_C1_LOW,MODERATE,2025-08-26 09:40:00+05:30,2025-08-26 09:45:00+05:30,319.936,322.33552,316.096768,2025-08-26 10:10:00+05:30,322.33552,SL,-0.881040520260111,-0.7499999999999986,46.6063232421875,16.477272033691406,1.6370227336883545,1.9668685192385051,3.403754358989678,0.004630972856064965,0.9032968394995509,50000,5.0,250000.0,-1874.9999999999964,-2202.6013006502776,-4.405202601300555,-3.749999999999993
2025-08-26,MGL,SHORT,A_MOD_BREAK_C1_LOW,MODERATE,2025-08-26 09:35:00+05:30,2025-08-26 09:40:00+05:30,1300.0399888183595,1309.7902887344972,1284.4395089525392,2025-08-26 10:50:00+05:30,1294.8729999999998,BE,0.26790036151357877,0.3974484525707592,44.872005462646484,12.711864471435547,6.92741584777832,1.9245888375228124,5.007304111560775,0.0031853430359101284,0.8698831285061894,50000,5.0,250000.0,993.621131426898,669.7509037839469,1.339501807567894,1.9872422628537962
2025-08-26,PGIL,SHORT,A_MOD_BREAK_C1_LOW,MODERATE,2025-08-26 09:35:00+05:30,2025-08-26 09:40:00+05:30,1302.6394444091798,1312.4092402422486,1287.0077710762696,2025-08-26 09:45:00+05:30,1289.858,BE,0.8524070286465667,0.9811958684374797,44.099327087402344,5.642633438110352,2.9643185138702393,1.6234072220807112,5.21787842471629,0.005968808650530688,0.8055861701751597,50000,5.0,250000.0,2452.989671093699,2131.0175716164167,4.262035143232834,4.905979342187399
2025-08-26,RCF,SHORT,A_MOD_BREAK_C1_LOW,MODERATE,2025-08-26 09:35:00+05:30,2025-08-26 09:40:00+05:30,152.97000427246093,154.1172793045044,151.1343642211914,2025-08-26 14:30:00+05:30,152.77000427246094,EOD,0.0008496072639427453,0.13074458679085915,57.9224853515625,10.458453178405762,4.6147027015686035,1.555652647067932,5.431388472556786,0.005388634586475869,0.8822392132368879,50000,5.0,250000.0,326.86146697714787,2.1240181598568633,0.004248036319713727,0.6537229339542957
2025-08-28,AAVAS,SHORT,A_MOD_BREAK_C1_LOW,MODERATE,2025-08-28 09:30:00+05:30,2025-08-28 09:35:00+05:30,1537.1925,1548.7214437500002,1518.74619,2025-08-28 10:00:00+05:30,1548.7214437500002,SL,-0.8810405202601271,-0.7500000000000034,44.57096481323242,15.165441513061523,0.9429801106452942,1.2619496981180736,5.52922205663003,0.006997520444376236,0.7494056693691491,50000,5.0,250000.0,-1875.0000000000086,-2202.6013006503176,-4.405202601300635,-3.7500000000000173
2025-08-28,ELECON,SHORT,A_MOD_BREAK_C1_LOW,MODERATE,2025-08-28 09:30:00+05:30,2025-08-28 09:35:00+05:30,544.5910722045899,548.6755052461243,538.0559793381348,2025-08-28 09:55:00+05:30,548.6755052461243,SL,-0.8810405202601294,-0.7500000000000053,54.67660140991211,18.00766372680664,4.3172149658203125,1.4945328942652616,4.911618866093471,0.004992072843913469,0.8715432564964207,50000,5.0,250000.0,-1875.0000000000134,-2202.6013006503235,-4.405202601300648,-3.750000000000027
2025-08-28,ETERNAL,SHORT,A_MOD_BREAK_C1_LOW,MODERATE,2025-08-28 14:00:00+05:30,2025-08-28 14:05:00+05:30,314.4371,316.79537825,310.66385479999997,2025-08-28 14:25:00+05:30,316.79537825,SL,-0.881040520260126,-0.7500000000000039,53.7156867980957,8.035714149475098,1.7676767110824585,7.382709795823449,3.737320955660328,0.0021452408231827104,0.96,50000,5.0,250000.0,-1875.0000000000098,-2202.6013006503154,-4.405202601300631,-3.750000000000019
2025-08-28,GMRP&UI,SHORT,A_MOD_BREAK_C1_LOW,MODERATE,2025-08-28 09:30:00+05:30,2025-08-28 09:35:00+05:30,111.95,112.78962500000002,110.6066,2025-08-28 09:45:00+05:30,112.78962500000002,SL,-0.8810405202601223,-0.750000000000011,56.31503677368164,17.843137741088867,4.277041435241699,1.4625408226442473,5.85990314995239,0.004323593455994415,0.8659446439627432,50000,5.0,250000.0,-1875.0000000000275,-2202.601300650306,-4.405202601300612,-3.7500000000000546
2025-08-28,IREDA,SHORT,A_MOD_BREAK_C1_LOW,MODERATE,2025-08-28 09:30:00+05:30,2025-08-28 09:35:00+05:30,141.95,143.014625,140.2466,2025-08-28 09:55:00+05:30,143.014625,SL,-0.8810405202601214,-0.7500000000000048,42.808467864990234,14.19558334350586,11.244518280029297,1.7188437408693062,4.807217703062229,0.0031158596429252386,0.8029246726269821,50000,5.0,250000.0,-1875.0000000000118,-2202.6013006503035,-4.405202601300607,-3.7500000000000235
2025-08-28,JWL,SHORT,A_MOD_BREAK_C1_LOW,MODERATE,2025-08-28 13:00:00+05:30,2025-08-28 13:05:00+05:30,321.9356,324.35011700000007,318.07237280000004,2025-08-28 14:15:00+05:30,321.26088775634764,BE,0.0797874374657831,0.20957987984316725,42.38331985473633,25.490196228027344,7.477288722991943,4.611025110806621,2.891149937144758,0.002074090590388138,0.8457497978210449,50000,5.0,250000.0,523.9496996079182,199.46859366445776,0.3989371873289155,1.0478993992158365
2025-08-28,TIINDIA,SHORT,A_MOD_BREAK_C1_LOW,MODERATE,2025-08-28 14:00:00+05:30,2025-08-28 14:05:00+05:30,2937.8122223632813,2959.8458140310063,2902.558475694922,2025-08-28 14:30:00+05:30,2940.0,EOD,-0.20463151276090003,-0.07446962130747642,53.890926361083984,17.782426834106445,1.6887233257293701,5.520037059854022,3.0250407452563097,0.0024909597500735736,0.96,50000,5.0,250000.0,-186.17405326869104,-511.57878190225006,-1.0231575638045003,-0.3723481065373821
2025-08-28,USHAMART,SHORT,A_MOD_BREAK_C1_LOW,MODERATE,2025-08-28 10:40:00+05:30,2025-08-28 10:45:00+05:30,382.0235861022949,384.8887629980622,377.43930306906736,2025-08-28 11:15:00+05:30,380.9393877563476,BE,0.1541081307050946,0.28380403341300053,29.755067825317383,31.707317352294922,2.572373867034912,2.7837036050892583,3.3722006494618384,0.003539674258765604,0.6563260173797607,50000,5.0,250000.0,709.5100835325013,385.2703267627365,0.770540653525473,1.4190201670650027
2025-08-28,WABAG,SHORT,A_MOD_BREAK_C1_LOW,MODERATE,2025-08-28 09:30:00+05:30,2025-08-28 09:35:00+05:30,1489.702,1500.874765,1471.825576,2025-08-28 09:45:00+05:30,1500.874765,SL,-0.8810405202601141,-0.7500000000000018,62.295345306396484,9.636651039123535,3.005150079727173,1.3239676243982736,6.394273665922728,0.004810133854037838,0.8416943342696979,50000,5.0,250000.0,-1875.0000000000045,-2202.6013006502853,-4.405202601300571,-3.750000000000009
2025-08-28,WOCKPHARMA,SHORT,A_MOD_BREAK_C1_LOW,MODERATE,2025-08-28 13:50:00+05:30,2025-08-28 13:55:00+05:30,1442.2115,1453.02808625,1424.9049619999998,2025-08-28 14:30:00+05:30,1447.199951171875,EOD,-0.47640392958605204,-0.3458890164081422,45.780006408691406,23.371646881103516,12.018255233764648,7.5794236233169565,3.3997314048532195,0.0022332260885519627,0.896700096130371,50000,5.0,250000.0,-864.7225410203554,-1191.0098239651302,-2.38201964793026,-1.7294450820407106
2025-08-29,BIKAJI,SHORT,A_MOD_BREAK_C1_LOW,MODERATE,2025-08-29 09:35:00+05:30,2025-08-29 09:40:00+05:30,779.844,785.6928300000001,770.4858720000001,2025-08-29 10:25:00+05:30,774.3661377563476,BE,0.5732791013054963,0.7024305173409621,37.77387619018555,11.990407943725586,6.601012229919434,1.7931410069640268,4.781217663230364,0.003154357668530504,0.7404078190714878,50000,5.0,250000.0,1756.0762933524052,1433.1977532637409,2.866395506527482,3.51215258670481
2025-08-29,CSBBANK,SHORT,A_MOD_BREAK_C1_LOW,MODERATE,2025-08-29 09:45:00+05:30,2025-08-29 09:50:00+05:30,372.12557220458984,374.9165139961243,367.66006533813476,2025-08-29 09:55:00+05:30,369.9063877563476,BE,0.46706426930845596,0.5963536542503862,42.65207290649414,40.80882263183594,61.500946044921875,0.4166917745816662,1.2823055378704566,0.0052828379125403075,0.5368174310427265,50000,5.0,250000.0,1490.8841356259657,1167.6606732711398,2.3353213465422797,2.9817682712519313
2025-08-29,ICICIPRULI,SHORT,A_MOD_BREAK_C1_LOW,MODERATE,2025-08-29 09:35:00+05:30,2025-08-29 09:40:00+05:30,602.6794277954101,607.1995235038758,595.4472746618652,2025-08-29 09:55:00+05:30,600.3957755126952,BE,0.24934438654480467,0.37891658108664295,50.91927719116211,11.231884002685547,21.15359115600586,1.275717865084944,3.857760776299577,0.0037915144405075013,0.8332506263898651,50000,5.0,250000.0,947.2914527166073,623.3609663620117,1.2467219327240235,1.8945829054332148
2025-08-29,MUFTI,SHORT,A_MOD_BREAK_C1_LOW,MODERATE,2025-08-29 10:10:00+05:30,2025-08-29 10:15:00+05:30,117.28999633789063,118.16967131042482,115.88251638183594,2025-08-29 10:40:00+05:30,118.16967131042482,SL,-0.8810405202601309,-0.7500000000000084,38.68012619018555,7.640068054199219,3.6054422855377197,1.7698398791565917,2.804849432211309,0.006148189838477117,0.7499238717051866,50000,5.0,250000.0,-1875.0000000000211,-2202.601300650327,-4.405202601300654,-3.750000000000042
2025-08-29,NAM-INDIA,SHORT,A_MOD_BREAK_C1_LOW,MODERATE,2025-08-29 13:55:00+05:30,2025-08-29 14:00:00+05:30,786.9425555908203,792.8446247577516,777.4992449237305,2025-08-29 14:15:00+05:30,782.59075,BE,0.4236559141042691,0.5530016847993617,26.236799240112305,21.35416603088379,3.012345790863037,3.2604178303895237,2.556915137899041,0.003394014436896967,0.6035519886016845,50000,5.0,250000.0,1382.5042119984043,1059.1397852606729,2.118279570521346,2.7650084239968087
2025-08-29,PANAMAPET,SHORT,A_MOD_BREAK_C1_LOW,MODERATE,2025-08-29 10:10:00+05:30,2025-08-29 10:15:00+05:30,314.937,317.2990275,311.157756,2025-08-29 10:25:00+05:30,317.2990275,SL,-0.8810405202601166,-0.7500000000000033,43.526973724365234,6.730769157409668,4.494598865509033,2.6485354680019184,4.839693210664018,0.00404761897193061,0.8629046058654786,50000,5.0,250000.0,-1875.0000000000084,-2202.6013006502913,-4.405202601300583,-3.7500000000000164
2025-08-29,RITES,SHORT,A_MOD_BREAK_C1_LOW,MODERATE,2025-08-29 09:35:00+05:30,2025-08-29 09:40:00+05:30,242.95,244.77212500000002,240.03459999999998,2025-08-29 10:40:00+05:30,244.77212500000002,SL,-0.8810405202601281,-0.7500000000000117,40.437679290771484,26.923076629638672,8.458049774169922,1.6056597009504112,3.395141207439217,0.0025420989525866333,0.7475556370278942,50000,5.0,250000.0,-1875.000000000029,-2202.6013006503204,-4.405202601300641,-3.750000000000058
2025-08-29,SIGNATURE,SHORT,A_MOD_BREAK_C1_LOW,MODERATE,2025-08-29 09:45:00+05:30,2025-08-29 09:50:00+05:30,1083.3832555908202,1091.5086300077514,1070.3826565237305,2025-08-29 09:55:00+05:30,1079.6292244873046,BE,0.21689563591694325,0.34650998011487827,28.21659278869629,20.40816307067871,2.597402572631836,1.611256350422173,3.2015958059155096,0.004449454489125705,0.5652187531543247,50000,5.0,250000.0,866.2749502871957,542.2390897923582,1.0844781795847163,1.7325499005743914
2025-08-29,TAJGVK,SHORT,A_MOD_BREAK_C1_LOW,MODERATE,2025-08-29 09:35:00+05:30,2025-08-29 09:40:00+05:30,410.66785,413.747858875,405.7398358,2025-08-29 10:00:00+05:30,413.747858875,SL,-0.8810405202601328,-0.750000000000008,35.643001556396484,39.58333206176758,17.004281997680664,1.390827750677101,1.546813748720964,0.004588112633883808,0.6153805671504882,50000,5.0,250000.0,-1875.0000000000198,-2202.601300650332,-4.405202601300664,-3.7500000000000395
2025-08-29,TATACOMM,SHORT,A_MOD_BREAK_C1_LOW,MODERATE,2025-08-29 10:00:00+05:30,2025-08-29 10:05:00+05:30,1527.9943888183593,1539.454346734497,1509.658456152539,2025-08-29 10:25:00+05:30,1524.660275512695,BE,0.08842070575935386,0.21820193385936418,38.422088623046875,13.225057601928711,3.600823163986206,2.072151228346945,2.554534135578026,0.003967994216716452,0.786331329345703,50000,5.0,250000.0,545.5048346484105,221.05176439838465,0.44210352879676934,1.0910096692968207
2025-09-02,ADANIENT,SHORT,A_MOD_BREAK_C1_LOW,MODERATE,2025-09-02 14:00:00+05:30,2025-09-02 14:05:00+05:30,2200.359888818359,2216.862587984497,2173.9555701525387,2025-09-02 14:30:00+05:30,2196.89990234375,EOD,0.02738587925269345,0.15724638920169023,34.618751525878906,18.058691024780273,6.836104869842529,3.3086299203780722,3.0480926991818116,0.0023236192393877027,0.7292812728881835,50000,5.0,250000.0,393.11597300422557,68.46469813173363,0.13692939626346726,0.7862319460084511
2025-09-02,AEGISLOG,SHORT,A_MOD_BREAK_C1_LOW,MODERATE,2025-09-02 13:25:00+05:30,2025-09-02 13:30:00+05:30,688.8622,694.0286665000001,680.5958536,2025-09-02 13:35:00+05:30,687.0048622436523,BE,0.13990964504691702,0.26962399103155327,32.00813293457031,15.086206436157227,6.1915788650512695,6.038013981809104,3.8982981441931117,0.002187435270566899,0.6901219940185546,50000,5.0,250000.0,674.0599775788831,349.7741126172926,0.6995482252345852,1.3481199551577663
2025-09-02,GARFIBRES,SHORT,A_MOD_BREAK_C1_LOW,MODERATE,2025-09-02 13:55:00+05:30,2025-09-02 14:00:00+05:30,765.8468,771.5906510000001,756.6566384,2025-09-02 14:30:00+05:30,765.8499755859375,EOD,-0.13048022211609103,-0.0004146502848180347,32.88800811767578,29.357797622680664,19.654380798339844,2.18115957295806,1.8413502046378356,0.002578160766677824,0.6953876319970285,50000,5.0,250000.0,-1.0366257120450868,-326.2005552902276,-0.6524011105804552,-0.0020732514240901735
2025-09-02,GOODLUCK,SHORT,A_MOD_BREAK_C1_LOW,MODERATE,2025-09-02 13:55:00+05:30,2025-09-02 14:00:00+05:30,1142.2715,1150.83853625,1128.5642420000001,2025-09-02 14:05:00+05:30,1139.0067755126952,BE,0.1561165584865051,0.28580985232537753,27.917158126831055,20.64777374267578,20.07059669494629,5.220737783486684,2.7368192125388333,0.00282588307654049,0.6287573719024657,50000,5.0,250000.0,714.5246308134438,390.2913962162628,0.7805827924325256,1.4290492616268875
2025-09-02,MAXHEALTH,SHORT,A_PULLBACK_C2_THEN_BREAK_C2_LOW,MODERATE,2025-09-02 10:25:00+05:30,2025-09-02 10:35:00+05:30,1164.3670555908202,1173.0998085077515,1150.3946509237303,2025-09-02 10:45:00+05:30,1173.0998085077515,SL,-0.8810405202601382,-0.7500000000000131,51.861392974853516,26.060606002807617,23.67346954345703,0.37322411145170714,1.311827414380162,0.0034580013782681313,0.6409055902230569,50000,5.0,250000.0,-1875.0000000000327,-2202.6013006503454,-4.405202601300691,-3.7500000000000657
2025-09-02,POONAWALLA,SHORT,A_MOD_BREAK_C1_LOW,MODERATE,2025-09-02 13:25:00+05:30,2025-09-02 13:30:00+05:30,425.11497220458983,428.3033344961243,420.01359253813473,2025-09-02 14:30:00+05:30,426.1000061035156,EOD,-0.36207640545656666,-0.2317099992544457,28.986263275146484,11.409396171569824,2.9827311038970947,4.231948458440145,3.2120292488315467,0.0023851515194165712,0.6447939491271972,50000,5.0,250000.0,-579.2749981361142,-905.1910136414166,-1.8103820272828333,-1.1585499962722283
2025-09-02,TALBROAUTO,SHORT,A_MOD_BREAK_C1_LOW,MODERATE,2025-09-02 13:50:00+05:30,2025-09-02 13:55:00+05:30,262.64747220458986,264.6173282461243,259.49570253813476,2025-09-02 14:30:00+05:30,263.79998779296875,EOD,-0.5694428032090892,-0.4388070361785683,36.53864288330078,22.727272033691406,10.631793022155762,3.4558831533393484,3.247129583159509,0.004200880714378483,0.7580796432495116,50000,5.0,250000.0,-1097.0175904464209,-1423.607008022723,-2.847214016045446,-2.1940351808928416
2025-09-02,WELCORP,SHORT,A_MOD_BREAK_C1_LOW,MODERATE,2025-09-02 10:10:00+05:30,2025-09-02 10:15:00+05:30,836.0327722045898,842.3030179961243,826.0003789381348,2025-09-02 10:20:00+05:30,830.9353622436522,BE,0.4804421244462279,0.609714132078331,38.94088363647461,37.336814880371094,2.8896572589874268,1.600629240075179,1.6406585715030588,0.005747911075545253,0.7062563001354285,50000,5.0,250000.0,1524.2853301958276,1201.1053111155697,2.4022106222311397,3.048570660391655
2025-09-03,GLOBUSSPR,SHORT,A_MOD_BREAK_C1_LOW,MODERATE,2025-09-03 09:40:00+05:30,2025-09-03 09:45:00+05:30,1179.0641888183593,1187.907170234497,1164.915418552539,2025-09-03 10:10:00+05:30,1173.9112244873045,BE,0.30754189208711746,0.43703849034877756,36.49897766113281,15.817694664001465,7.939424991607666,1.704230045645365,3.5882632572332014,0.004561072011686206,0.7057249229049309,50000,5.0,250000.0,1092.596225871944,768.8547302177936,1.5377094604355874,2.185192451743888
2025-09-03,GODREJAGRO,SHORT,A_MOD_BREAK_C1_LOW,MODERATE,2025-09-03 09:45:00+05:30,2025-09-03 09:50:00+05:30,725.1549277954101,730.5935897538758,716.4530686618651,2025-09-03 10:00:00+05:30,730.5935897538758,SL,-0.8810405202601332,-0.7500000000000133,37.55821228027344,13.9937105178833,20.4761905670166,1.0338232494949209,3.1200745427456438,0.00693782037470974,0.6042922528657126,50000,5.0,250000.0,-1875.0000000000334,-2202.601300650333,-4.405202601300666,-3.750000000000067
2025-09-04,KFINTECH,SHORT,A_MOD_BREAK_C1_LOW,MODERATE,2025-09-04 10:10:00+05:30,2025-09-04 10:15:00+05:30,1057.7884,1065.7218129999999,1045.0949392,2025-09-04 12:30:00+05:30,1054.3535510253905,BE,0.19507717097598415,0.3247198565052703,31.159027099609375,36.47416305541992,19.88555145263672,0.6130665501420569,0.8866902108463182,0.004110754210312785,0.3790065633113165,50000,5.0,250000.0,811.7996412631758,487.69292743996033,0.9753858548799207,1.6235992825263514
2025-09-04,RENUKA,SHORT,A_MOD_BREAK_C1_LOW,MODERATE,2025-09-04 10:10:00+05:30,2025-09-04 10:15:00+05:30,31.490000915527343,31.7261759223938,31.112120904541015,2025-09-04 10:35:00+05:30,31.303629081726072,BE,0.4625492353845426,0.5918444851787008,25.579235076904297,26.373626708984375,2.9539294242858887,2.2342202480496463,2.2107399731691597,0.00705690778953815,0.5936885261535645,50000,5.0,250000.0,1479.6112129467522,1156.3730884613565,2.3127461769227127,2.9592224258935045
2025-09-05,GALAXYSURF,SHORT,A_MOD_BREAK_C1_LOW,MODERATE,2025-09-05 09:35:00+05:30,2025-09-05 09:40:00+05:30,2327.934222363281,2345.393729031006,2299.9990116949216,2025-09-05 10:05:00+05:30,2345.393729031006,SL,-0.8810405202601352,-0.7500000000000074,41.63370895385742,25.039873123168945,29.143646240234375,1.2103612891371187,2.4748195760394127,0.004301042106530185,0.696318859906857,50000,5.0,250000.0,-1875.0000000000186,-2202.601300650338,-4.405202601300676,-3.7500000000000373
2025-09-05,KIRLOSBROS,SHORT,A_MOD_BREAK_C1_LOW,MODERATE,2025-09-05 10:15:00+05:30,2025-09-05 10:20:00+05:30,1994.7009555908203,2009.6612127577516,1970.7645441237305,2025-09-05 10:25:00+05:30,1985.2379489746093,BE,0.344959288913275,0.4744072834420505,27.624794006347656,33.9237060546875,27.57501983642578,0.8171208489796601,1.2526796178988628,0.0049538595651350565,0.3800020395615985,50000,5.0,250000.0,1186.0182086051263,862.3982222831875,1.724796444566375,2.3720364172102526
2025-09-05,POLYPLEX,SHORT,A_MOD_BREAK_C1_LOW,MODERATE,2025-09-05 09:35:00+05:30,2025-09-05 09:40:00+05:30,1008.6982444091797,1016.2634812422485,996.5938654762695,2025-09-05 10:35:00+05:30,1016.2634812422485,SL,-0.8810405202601169,-0.7500000000000018,61.779293060302734,31.899641036987305,19.588163375854492,0.5610163786290321,2.380818807797703,0.0035894820121431465,0.7081778662600806,50000,5.0,250000.0,-1875.0000000000045,-2202.601300650292,-4.405202601300584,-3.750000000000009
2025-09-05,VBL,SHORT,A_PULLBACK_C2_THEN_BREAK_C2_LOW,MODERATE,2025-09-05 09:30:00+05:30,2025-09-05 09:40:00+05:30,479.904,483.50328,474.145152,2025-09-05 09:45:00+05:30,478.02980612182614,BE,0.2609780821589724,0.39053516498588375,41.00548553466797,13.774105072021484,10.88752269744873,1.7320802184579662,4.5306252206298625,0.004991161619847767,0.7781963212501635,50000,5.0,250000.0,976.3379124647093,652.445205397431,1.3048904107948618,1.9526758249294187
2025-09-08,ASIANENE,SHORT,A_MOD_BREAK_C1_LOW,MODERATE,2025-09-08 09:30:00+05:30,2025-09-08 09:35:00+05:30,369.2761361022949,372.04570712306213,364.84482246906737,2025-09-08 09:40:00+05:30,367.7499438781738,BE,0.2837654637252935,0.41329294663610616,26.101905822753906,28.24561309814453,4.594820499420166,1.688786147079995,2.484936587737784,0.00989189469849319,0.5470661630803078,50000,5.0,250000.0,1033.2323665902654,709.4136593132337,1.4188273186264673,2.066464733180531
2025-09-08,DEEPINDS,SHORT,A_MOD_BREAK_C1_LOW,MODERATE,2025-09-08 10:10:00+05:30,2025-09-08 10:15:00+05:30,539.892,543.9411900000001,533.4132960000001,2025-09-08 10:20:00+05:30,537.608,BE,0.2935327769239328,0.42304757247747793,26.87517738342285,24.91103172302246,12.023310661315918,1.413072533413628,1.7531936166647422,0.005363913741630456,0.4980750349319648,50000,5.0,250000.0,1057.6189311936948,733.831942309832,1.4676638846196641,2.1152378623873895
2025-09-08,PARADEEP,SHORT,A_MOD_BREAK_C1_LOW,MODERATE,2025-09-08 09:55:00+05:30,2025-09-08 10:00:00+05:30,195.72999877929686,197.1979737701416,193.3812387939453,2025-09-08 10:05:00+05:30,194.8929275512695,BE,0.29815750374268724,0.42766629195723244,28.122970581054688,10.948904991149902,3.8716557025909424,2.6473590829010996,3.3320078676147684,0.005512173139834156,0.6318445587158203,50000,5.0,250000.0,1069.165729893081,745.3937593567182,1.4907875187134365,2.138331459786162
2025-09-08,SHK,SHORT,A_MOD_BREAK_C1_LOW,MODERATE,2025-09-08 11:00:00+05:30,2025-09-08 11:05:00+05:30,254.99899305114747,256.9114854990311,251.9390051345337,2025-09-08 11:55:00+05:30,256.9114854990311,SL,-0.881040520260125,-0.7500000000000008,34.00330352783203,16.260162353515625,10.804420471191406,2.937790806316774,3.90027174296357,0.004469880118627285,0.7200495529174804,50000,5.0,250000.0,-1875.0000000000018,-2202.6013006503126,-4.405202601300625,-3.7500000000000036
2025-09-09,BHARTIHEXA,SHORT,A_MOD_BREAK_C1_LOW,MODERATE,2025-09-09 09:30:00+05:30,2025-09-09 09:35:00+05:30,1737.6524,1750.6847930000001,1716.8005712,2025-09-09 11:40:00+05:30,1750.6847930000001,SL,-0.8810405202601285,-0.7500000000000107,33.99514389038086,24.88262939453125,44.37367248535156,1.1656414081893556,2.2896154898094303,0.0021612648006477508,0.57391440478885,50000,5.0,250000.0,-1875.0000000000266,-2202.6013006503213,-4.405202601300642,-3.7500000000000533
2025-09-09,KALYANKJIL,SHORT,A_MOD_BREAK_C1_LOW,MODERATE,2025-09-09 10:05:00+05:30,2025-09-09 10:10:00+05:30,500.4998861022949,504.25363524806215,494.4938874690674,2025-09-09 10:35:00+05:30,497.9393622436523,BE,0.3821936664413653,0.5115932949721574,38.261322021484375,21.6931209564209,13.238770484924316,1.134737872050667,2.178715314020828,0.002803218398749968,0.6324989579311324,50000,5.0,250000.0,1278.9832374303935,955.4841661034133,1.9109683322068267,2.5579664748607867
2025-09-09,SUPREMEIND,SHORT,A_MOD_BREAK_C1_LOW,MODERATE,2025-09-09 10:20:00+05:30,2025-09-09 10:25:00+05:30,4419.116,4452.259370000001,4366.086608,2025-09-09 14:10:00+05:30,4403.169999999999,BE,0.23124569501582776,0.3608413990490592,28.60469627380371,30.21664810180664,5.516705513000488,2.0435731110725435,2.7878766281148497,0.0026648350970238043,0.6390704441070556,50000,5.0,250000.0,902.103497622648,578.1142375395694,1.1562284750791387,1.8042069952452962
2025-09-09,TECHNOE,SHORT,A_MOD_BREAK_C1_LOW,MODERATE,2025-09-09 10:10:00+05:30,2025-09-09 10:15:00+05:30,1511.2976555908203,1522.6323880077516,1493.1620837237306,2025-09-09 10:20:00+05:30,1505.503,BE,0.2538561884314906,0.3834225223194086,34.27803421020508,23.076923370361328,25.97402572631836,0.7752382174179726,1.3242549180804326,0.004030733963513122,0.476049947105243,50000,5.0,250000.0,958.5563057985215,634.6404710787265,1.269280942157453,1.9171126115970432
2025-09-10,BHARTIHEXA,SHORT,A_MOD_BREAK_C1_LOW,MODERATE,2025-09-10 11:25:00+05:30,2025-09-10 11:30:00+05:30,1739.7519555908202,1752.8000952577515,1718.8749321237303,2025-09-10 11:55:00+05:30,1730.275275512695,BE,0.41535788795563816,0.5447144374616808,27.616975784301758,25.77777862548828,11.098440170288086,3.0902037618577354,2.1935456991402034,0.002183280639078589,0.6242546367645263,50000,5.0,250000.0,1361.786093654202,1038.3947198890953,2.0767894397781905,2.7235721873084042
2025-09-11,APLAPOLLO,SHORT,A_MOD_BREAK_C1_LOW,MODERATE,2025-09-11 10:00:00+05:30,2025-09-11 10:05:00+05:30,1682.5634444091797,1695.1826702422486,1662.3726830762696,2025-09-11 10:20:00+05:30,1678.0189999999998,BE,0.1403767839512686,0.27009052314076093,31.354511260986328,25.925926208496094,41.51515197753906,1.360836955596789,0.9769344824404012,0.0027369707073137905,0.5173108602662531,50000,5.0,250000.0,675.2263078519023,350.9419598781715,0.701883919756343,1.3504526157038046
2025-09-11,BSE,SHORT,B_HUGE_RED_FAILED_BOUNCE,HUGE,2025-09-11 10:10:00+05:30,2025-09-11 13:00:00+05:30,2218.756111181641,2235.396782015503,2192.131037847461,2025-09-11 13:05:00+05:30,2179.0175,BE,1.6632955364380821,1.7910310638187859,34.150794982910156,25.957855224609375,33.874267578125,2.7909284333534132,3.5805555755636798,0.005916436011858919,0.7622619247436523,50000,5.0,250000.0,4477.577659546965,4158.238841095205,8.316477682190412,8.95515531909393
2025-09-11,GILLETTE,SHORT,A_PULLBACK_C2_THEN_BREAK_C2_LOW,MODERATE,2025-09-11 09:35:00+05:30,2025-09-11 09:45:00+05:30,10070.9854,10146.5177905,9950.1335752,2025-09-11 10:25:00+05:30,10146.5177905,SL,-0.8810405202601185,-0.7500000000000048,25.802921295166016,42.0,28.149274826049805,1.1571549836364454,0.46924745539018387,0.0037146258231144473,0.37300831433337733,50000,5.0,250000.0,-1875.0000000000118,-2202.6013006502963,-4.4052026013005925,-3.7500000000000235
2025-09-11,INDIAGLYCO,SHORT,A_MOD_BREAK_C1_LOW,MODERATE,2025-09-11 13:15:00+05:30,2025-09-11 13:20:00+05:30,832.8833777954102,839.1300031288758,822.8887772618652,2025-09-11 14:05:00+05:30,830.8350255126952,BE,0.1161899087465368,0.24593506573955554,30.253801345825195,18.08873748779297,5.2063493728637695,4.6767481657554715,2.2815863487057326,0.002469411203517612,0.6638070201873778,50000,5.0,250000.0,614.8376643488889,290.474771866342,0.580949543732684,1.2296753286977777
2025-09-11,IRCON,SHORT,A_MOD_BREAK_C1_LOW,MODERATE,2025-09-11 09:30:00+05:30,2025-09-11 09:35:00+05:30,171.2399932861328,172.5242932357788,169.1851133666992,2025-09-11 13:00:00+05:30,170.2090969390869,BE,0.47273642928367376,0.6020184463119771,42.73527908325195,25.732898712158203,37.25490188598633,1.2418202687696014,2.6747476581699456,0.0031567183438017594,0.7183477332834596,50000,5.0,250000.0,1505.0461157799427,1181.8410732091845,2.363682146418369,3.0100922315598853
2025-09-11,NAUKRI,SHORT,A_MOD_BREAK_C1_LOW,MODERATE,2025-09-11 10:05:00+05:30,2025-09-11 10:10:00+05:30,1365.6268444091797,1375.8690457422488,1349.2393222762696,2025-09-11 10:15:00+05:30,1359.1652755126952,BE,0.3437081043152852,0.47315772408384826,32.64424514770508,19.09385108947754,13.084245681762695,1.3381498469430115,1.867200637966633,0.0029361364158781767,0.577199932328935,50000,5.0,250000.0,1182.8943102096207,859.270260788213,1.7185405215764262,2.365788620419241
2025-09-11,NUVOCO,SHORT,A_MOD_BREAK_C1_LOW,MODERATE,2025-09-11 10:05:00+05:30,2025-09-11 10:10:00+05:30,438.11237220458986,441.3982149961243,432.8550237381348,2025-09-11 11:15:00+05:30,436.90680612182615,BE,0.14546567130911142,0.2751728002332548,32.365699768066406,23.69942283630371,13.207547187805176,1.202674825176486,1.7343111582914728,0.0037654037658460533,0.5426691488414548,50000,5.0,250000.0,687.932000583137,363.6641782727786,0.7273283565455573,1.375864001166274
2025-09-11,PRUDENT,SHORT,A_MOD_BREAK_C1_LOW,MODERATE,2025-09-11 10:10:00+05:30,2025-09-11 10:15:00+05:30,2875.7247888183592,2897.292724734497,2841.216091352539,2025-09-11 10:55:00+05:30,2867.7775510253905,BE,0.14665040288737383,0.27635599289159624,27.586284637451172,26.333711624145508,19.689876556396484,1.2676391148166084,1.6546829369210057,0.004562809330803711,0.47836526150072434,50000,5.0,250000.0,690.8899822289906,366.62600721843455,0.733252014436869,1.3817799644579811
2025-09-11,SONACOMS,SHORT,A_MOD_BREAK_C1_LOW,MODERATE,2025-09-11 09:55:00+05:30,2025-09-11 10:00:00+05:30,442.06156389770507,445.3770256269379,436.7568251309326,2025-09-11 11:40:00+05:30,439.81549999999993,BE,0.3786842967885773,0.5080884838530976,31.714805603027344,4.651162624359131,8.898837089538574,1.7390402454825893,3.4333871928069706,0.003439422547891762,0.6400541270048632,50000,5.0,250000.0,1270.221209632744,946.7107419714432,1.8934214839428865,2.540442419265488
2025-09-12,JUBLFOOD,SHORT,A_MOD_BREAK_C1_LOW,MODERATE,2025-09-12 10:00:00+05:30,2025-09-12 10:05:00+05:30,641.5216944091796,646.3331071172486,633.8234340762695,2025-09-12 10:30:00+05:30,639.5127755126953,BE,0.18349128444553287,0.3131490195876419,32.82842254638672,14.453125,4.216027736663818,2.8772221494717254,3.725072817332195,0.003038329829811005,0.7024263381958007,50000,5.0,250000.0,782.8725489691047,458.7282111138322,0.9174564222276643,1.5657450979382097
2025-09-12,SDBL,SHORT,A_MOD_BREAK_C1_LOW,MODERATE,2025-09-12 13:45:00+05:30,2025-09-12 13:50:00+05:30,132.34999389648436,133.342618850708,130.76179396972654,2025-09-12 14:30:00+05:30,132.5399932861328,EOD,-0.273810042859933,-0.1435582912055547,45.75831604003906,23.404254913330078,14.981199264526367,4.98624649076912,2.868291288420482,0.002545434976949954,0.896374740600586,50000,5.0,250000.0,-358.8957280138867,-684.5251071498325,-1.369050214299665,-0.7177914560277734
2025-09-12,SRHHYPOLTD,SHORT,A_MOD_BREAK_C1_LOW,MODERATE,2025-09-12 14:05:00+05:30,2025-09-12 14:10:00+05:30,603.9791555908204,608.5089992577516,596.7314057237305,2025-09-12 14:30:00+05:30,604.5999755859375,EOD,-0.23298703886221864,-0.10278831469106522,33.30326843261719,25.850339889526367,14.420876502990723,4.350840599992555,2.8401636972402686,0.0022288173612670134,0.7095490264892577,50000,5.0,250000.0,-256.9707867276631,-582.4675971555466,-1.1649351943110933,-0.5139415734553262
2025-09-12,TEGA,SHORT,A_MOD_BREAK_C1_LOW,MODERATE,2025-09-12 10:55:00+05:30,2025-09-12 11:00:00+05:30,1945.6108,1960.202881,1922.2634704,2025-09-12 11:45:00+05:30,1931.9785510253905,BE,0.5715130921359687,0.7006668021481691,31.02760887145996,11.402623176574707,3.6353085041046143,3.5066795009620604,2.8557533697710253,0.007839900380718934,0.6754141330718992,50000,5.0,250000.0,1751.6670053704229,1428.7827303399217,2.8575654606798433,3.503334010740846
2025-09-15,COROMANDEL,SHORT,A_MOD_BREAK_C1_LOW,MODERATE,2025-09-15 11:20:00+05:30,2025-09-15 11:25:00+05:30,2199.7599111816407,2216.258110515503,2173.362792247461,2025-09-15 12:35:00+05:30,2216.258110515503,SL,-0.8810405202601114,-0.7500000000000057,41.83747863769531,24.27350425720215,2.204277515411377,3.9069324442750166,3.350030031318066,0.002891017637965965,0.8375621795654296,50000,5.0,250000.0,-1875.0000000000143,-2202.6013006502785,-4.405202601300557,-3.7500000000000284
2025-09-16,GLENMARK,SHORT,A_MOD_BREAK_C1_LOW,MODERATE,2025-09-16 09:40:00+05:30,2025-09-16 09:45:00+05:30,2096.3806888183594,2112.1035439844973,2071.2241205525393,2025-09-16 09:50:00+05:30,2081.3253979492183,BE,0.5890253797600787,0.7181563419966029,28.76385498046875,45.04716873168945,21.294719696044922,1.9695758414566638,0.6986337849857696,0.003647894587348112,0.571065286211236,50000,5.0,250000.0,1795.3908549915072,1472.5634494001968,2.9451268988003934,3.5907817099830144
2025-09-16,MAXHEALTH,SHORT,A_MOD_BREAK_C1_LOW,MODERATE,2025-09-16 09:50:00+05:30,2025-09-16 09:55:00+05:30,1161.1677444091797,1169.8765024922486,1147.2337314762694,2025-09-16 10:35:00+05:30,1158.7659489746093,BE,0.07704710456839825,0.2068431065308744,27.593481063842773,21.212121963500977,19.10569190979004,1.6900759272066042,2.968948835545895,0.002644136193115428,0.5696655032187974,50000,5.0,250000.0,517.107766327186,192.61776142099563,0.38523552284199125,1.034215532654372
2025-09-16,PFOCUS,SHORT,A_MOD_BREAK_C1_LOW,MODERATE,2025-09-16 10:00:00+05:30,2025-09-16 10:05:00+05:30,189.0699951171875,190.4880200805664,186.80115517578125,2025-09-16 10:50:00+05:30,188.61415306091305,BE,0.11134553456514937,0.24109698421047668,28.897563934326172,34.993446350097656,24.466350555419922,0.9897689836403779,1.4459103042946875,0.004968024756942846,0.4389685463666931,50000,5.0,250000.0,602.7424605261917,278.3638364128734,0.5567276728257469,1.2054849210523835
2025-09-16,PRICOLLTD,SHORT,A_MOD_BREAK_C1_LOW,MODERATE,2025-09-16 13:20:00+05:30,2025-09-16 13:25:00+05:30,523.8952,527.824414,517.6084576000001,2025-09-16 13:55:00+05:30,522.7134744873047,BE,0.09579359805867213,0.2255652490603807,36.833988189697266,13.793103218078613,1.8337749242782593,4.7101364001384765,3.5390397621445553,0.002336671480861913,0.762509822845459,50000,5.0,250000.0,563.9131226509518,239.48399514668034,0.4789679902933607,1.1278262453019037
2025-09-17,BLKASHYAP,SHORT,A_MOD_BREAK_C1_LOW,MODERATE,2025-09-17 13:30:00+05:30,2025-09-17 13:35:00+05:30,66.45,66.94837500000001,65.6526,2025-09-17 13:40:00+05:30,66.18796785736083,BE,0.26477763841030305,0.3943297857624848,32.251346588134766,25.786163330078125,14.591160774230957,3.8403111188282217,2.202693372672843,0.002438238464800039,0.6937701988220215,50000,5.0,250000.0,985.824464406212,661.9440960257576,1.3238881920515153,1.971648928812424
2025-09-17,BOROSCI,SHORT,A_MOD_BREAK_C1_LOW,MODERATE,2025-09-17 09:50:00+05:30,2025-09-17 09:55:00+05:30,139.97000427246093,141.0197793045044,138.2903642211914,2025-09-17 14:30:00+05:30,139.99000549316406,EOD,-0.14437326619921173,-0.0142896478478365,31.987377166748047,39.84962463378906,17.878787994384766,0.9796887056911723,1.07734379989307,0.0053866007265877345,0.4651233709918293,50000,5.0,250000.0,-35.72411961959125,-360.9331654980293,-0.7218663309960587,-0.0714482392391825
2025-09-17,LEMONTREE,SHORT,A_MOD_BREAK_C1_LOW,MODERATE,2025-09-17 10:00:00+05:30,2025-09-17 10:05:00+05:30,174.37999267578124,175.6878426208496,172.28743276367186,2025-09-17 14:05:00+05:30,174.02049999999997,BE,0.07635787444888029,0.20615477169428553,28.74428939819336,26.455026626586914,4.307539463043213,1.598384914829663,1.694980393531828,0.003034373394231735,0.5556307207446829,50000,5.0,250000.0,515.3869292357139,190.8946861222007,0.3817893722444014,1.0307738584714277
2025-09-17,NHPC,SHORT,A_MOD_BREAK_C1_LOW,MODERATE,2025-09-17 09:45:00+05:30,2025-09-17 09:50:00+05:30,87.32999725341797,87.9849722328186,86.28203728637696,2025-09-17 09:55:00+05:30,87.11054846954345,BE,0.12154863623149197,0.2512868324474121,38.79884338378906,16.94915199279785,13.043478012084961,1.2764493854719912,3.110280319934534,0.0024850407070950665,0.6653612932144344,50000,5.0,250000.0,628.2170811185304,303.8715905787299,0.6077431811574598,1.2564341622370607
2025-09-18,ARVINDFASN,SHORT,A_MOD_BREAK_C1_LOW,MODERATE,2025-09-18 13:15:00+05:30,2025-09-18 13:20:00+05:30,563.4872555908203,567.7134100077515,556.7254085237304,2025-09-18 14:30:00+05:30,563.0999755859375,EOD,-0.06124648925737052,0.06872915066671788,35.620059967041016,17.22222137451172,13.026087760925293,5.390120311726882,3.379903793093619,0.0022109598383935223,0.7443008995056151,50000,5.0,250000.0,171.82287666679468,-153.1162231434263,-0.3062324462868526,0.3436457533335894
2025-09-18,BHARTIARTL,SHORT,A_MOD_BREAK_C1_LOW,MODERATE,2025-09-18 10:00:00+05:30,2025-09-18 10:05:00+05:30,1926.2146555908203,1940.6612655077515,1903.1000797237305,2025-09-18 12:50:00+05:30,1940.6612655077515,SL,-0.8810405202601226,-0.7500000000000059,28.945955276489258,30.2702693939209,3.493942975997925,2.7657550657183387,3.3176052568647107,0.0020053376790211495,0.6441893291473388,50000,5.0,250000.0,-1875.0000000000148,-2202.6013006503067,-4.405202601300613,-3.7500000000000298
2025-09-19,CEATLTD,SHORT,A_MOD_BREAK_C1_LOW,MODERATE,2025-09-19 09:55:00+05:30,2025-09-19 10:00:00+05:30,3405.6187888183595,3431.1609297344976,3364.751363352539,2025-09-19 10:05:00+05:30,3392.446948974609,BE,0.25720590470166627,0.3867678874393575,34.80632400512695,10.18329906463623,9.407182693481445,1.6010262425741784,1.7315910021633039,0.002793061975698604,0.6488540026355507,50000,5.0,250000.0,966.9197185983938,643.0147617541656,1.2860295235083312,1.9338394371967877
2025-09-19,DCMSRIND,SHORT,A_MOD_BREAK_C1_LOW,MODERATE,2025-09-19 09:45:00+05:30,2025-09-19 09:50:00+05:30,166.84999389648436,168.101368850708,164.84779396972655,2025-09-19 14:30:00+05:30,167.1199951171875,EOD,-0.29209824064830936,-0.16182273334133185,33.08348083496094,32.06951141357422,10.88664436340332,0.9115334452508508,2.164559423994192,0.004570743960504328,0.5157705654433129,50000,5.0,250000.0,-404.55683335332964,-730.2456016207734,-1.460491203241547,-0.8091136667066593
2025-09-19,HGINFRA,SHORT,A_MOD_BREAK_C1_LOW,MODERATE,2025-09-19 09:30:00+05:30,2025-09-19 09:35:00+05:30,1004.3490777954102,1011.8816958788758,992.2968888618652,2025-09-19 09:40:00+05:30,1001.4453622436522,BE,0.1594251790660339,0.2891141751363716,43.38352966308594,12.9296236038208,6.539779186248779,0.9488779173590558,4.513192212517168,0.003980891768107952,0.6768065804841237,50000,5.0,250000.0,722.7854378409289,398.5629476650847,0.7971258953301694,1.4455708756818577
2025-09-19,KNRCON,SHORT,A_MOD_BREAK_C1_LOW,MODERATE,2025-09-19 09:50:00+05:30,2025-09-19 09:55:00+05:30,203.45999450683593,204.9859444656372,201.0184745727539,2025-09-19 14:30:00+05:30,203.5800018310547,EOD,-0.1891250025488356,-0.058983253444808925,25.439546585083008,23.407407760620117,4.959883213043213,0.9759156803706506,1.9743694347967142,0.004675095169210911,0.41109691458094466,50000,5.0,250000.0,-147.45813361202232,-472.812506372089,-0.9456250127441781,-0.2949162672240446
2025-09-22,CLEAN,SHORT,A_MOD_BREAK_C1_LOW,MODERATE,2025-09-22 09:30:00+05:30,2025-09-22 09:35:00+05:30,1161.7676,1170.480857,1147.8263888,2025-09-22 10:05:00+05:30,1158.465,BE,0.15457843040731004,0.284273722214321,29.38751220703125,7.865168571472168,19.568851470947266,0.8295587431566668,4.427175442169878,0.0030033166103084234,0.4459854631578854,50000,5.0,250000.0,710.6843055358025,386.4460760182751,0.7728921520365503,1.421368611071605
2025-09-22,GOKEX,SHORT,A_MOD_BREAK_C1_LOW,MODERATE,2025-09-22 09:40:00+05:30,2025-09-22 09:45:00+05:30,817.8364,823.970173,808.0223632,2025-09-22 12:25:00+05:30,814.8372244873046,BE,0.23713266023761628,0.3667207173336119,43.08271789550781,27.0992374420166,7.661927223205566,1.1857705577145226,2.426086946346868,0.004287460613950249,0.7137506160326585,50000,5.0,250000.0,916.8017933340298,592.8316505940408,1.1856633011880815,1.8336035866680596
2025-09-22,KFINTECH,SHORT,A_MOD_BREAK_C1_LOW,MODERATE,2025-09-22 10:05:00+05:30,2025-09-22 10:10:00+05:30,1131.0737888183594,1139.5568422344973,1117.5009033525391,2025-09-22 10:20:00+05:30,1128.4752755126951,BE,0.09997239639088062,0.2297386192972379,25.983745574951172,24.56647491455078,12.172844886779785,1.9925993091483925,2.168429782912818,0.004138957994780769,0.5984610627252362,50000,5.0,250000.0,574.3465482430948,249.93099097720153,0.49986198195440307,1.1486930964861897
2025-09-22,POONAWALLA,SHORT,A_MOD_BREAK_C1_LOW,MODERATE,2025-09-22 10:25:00+05:30,2025-09-22 10:30:00+05:30,486.35272220458984,490.00036762112427,480.51648953813475,2025-09-22 10:35:00+05:30,483.7468877563476,BE,0.40642291307133854,0.5357910687597814,47.40264892578125,11.873351097106934,2.295543909072876,2.6873914984623917,2.6851995234083597,0.005145558674600631,0.9210397338867187,50000,5.0,250000.0,1339.4776718994535,1016.0572826783464,2.032114565356693,2.678955343798907
2025-09-22,REDINGTON,SHORT,A_MOD_BREAK_C1_LOW,MODERATE,2025-09-22 13:25:00+05:30,2025-09-22 13:30:00+05:30,291.24172779541016,293.4260407538757,287.74682706186525,2025-09-22 14:30:00+05:30,291.79998779296875,EOD,-0.32199704131088114,-0.19168269663293472,30.851940155029297,23.82495880126953,26.454227447509766,6.460181547838195,3.1792136323669937,0.0028829323123546495,0.6727791023254395,50000,5.0,250000.0,-479.2067415823368,-804.9926032772029,-1.6099852065544058,-0.9584134831646736
2025-09-22,SAKSOFT,SHORT,A_MOD_BREAK_C1_LOW,MODERATE,2025-09-22 14:00:00+05:30,2025-09-22 14:05:00+05:30,212.8199951171875,214.4161450805664,210.26615517578125,2025-09-22 14:30:00+05:30,212.6699981689453,EOD,-0.05949269661379166,0.07048066520233759,36.63835144042969,22.09944725036621,7.035175800323486,2.6336846319575353,2.235010673170634,0.0023287184121751907,0.7595752716064452,50000,5.0,250000.0,176.20166300584398,-148.73174153447914,-0.2974634830689583,0.35240332601168795
2025-09-23,ANGELONE,SHORT,A_MOD_BREAK_C1_LOW,MODERATE,2025-09-23 09:55:00+05:30,2025-09-23 10:00:00+05:30,2200.5598,2217.0639985000003,2174.1530824,2025-09-23 10:05:00+05:30,2193.360448974609,BE,0.19752046930212405,0.3271599810825875,36.12049865722656,23.105134963989258,5.012365341186523,2.1981041319312586,2.5406234608932103,0.004952294238314526,0.7518074798583985,50000,5.0,250000.0,817.8999527064688,493.8011732553102,0.9876023465106203,1.6357999054129375
2025-09-23,ASIANPAINT,SHORT,A_MOD_BREAK_C1_LOW,MODERATE,2025-09-23 09:40:00+05:30,2025-09-23 09:45:00+05:30,2447.9102223632813,2466.269549031006,2418.535299694922,2025-09-23 10:30:00+05:30,2435.2839999999997,BE,0.38640181124318884,0.5157959735586995,45.946807861328125,22.24371337890625,3.9268617630004883,1.9737604716622528,4.528733593283918,0.0025935305333716035,0.8946102004608161,50000,5.0,250000.0,1289.4899338967489,966.0045281079721,1.9320090562159442,2.578979867793498
2025-09-23,FILATEX,SHORT,A_MOD_BREAK_C1_LOW,MODERATE,2025-09-23 09:50:00+05:30,2025-09-23 09:55:00+05:30,54.959998321533206,55.37219830894471,54.300478341674804,2025-09-23 11:15:00+05:30,54.593290306091305,BE,0.5380299193672763,0.6672271227094011,50.892276763916016,23.033708572387695,4.133141994476318,2.991684632188976,3.9621685991610227,0.0032461632117338733,0.96,50000,5.0,250000.0,1668.0678067735028,1345.0747984181905,2.690149596836381,3.3361356135470053
2025-09-23,IEX,SHORT,A_MOD_BREAK_C1_LOW,MODERATE,2025-09-23 09:30:00+05:30,2025-09-23 09:35:00+05:30,145.0500061035156,146.13788114929199,143.30940603027344,2025-09-23 11:00:00+05:30,144.68274999999997,BE,0.12345703560671388,0.25319275288657994,54.697784423828125,20.394737243652344,22.763246536254883,0.9701763791263079,4.708276177888442,0.0030264260683912306,0.7797808663471038,50000,5.0,250000.0,632.9818822164499,308.6425890167847,0.6172851780335694,1.2659637644328998
2025-09-23,IRFC,SHORT,A_MOD_BREAK_C1_LOW,MODERATE,2025-09-23 09:30:00+05:30,2025-09-23 09:35:00+05:30,128.0699951171875,129.0305200805664,126.53315517578123,2025-09-23 11:50:00+05:30,127.38099999999999,BE,0.40861794180528666,0.5379832462373826,42.12172317504883,29.696969985961914,32.857704162597656,1.2043994836086325,3.076383036977079,0.002363301952324349,0.7025957572572432,50000,5.0,250000.0,1344.9581155934566,1021.5448545132166,2.0430897090264333,2.6899162311869134
2025-09-23,LALPATHLAB,SHORT,A_PULLBACK_C2_THEN_BREAK_C2_LOW,MODERATE,2025-09-23 10:05:00+05:30,2025-09-23 10:15:00+05:30,1655.6688,1668.0863160000001,1635.8007744,2025-09-23 10:30:00+05:30,1668.0863160000001,SL,-0.8810405202601262,-0.7500000000000124,43.375667572021484,13.498099327087402,6.032197952270508,1.3825438361942637,2.2774761063610995,0.004688012192566992,0.7525801849143183,50000,5.0,250000.0,-1875.0000000000312,-2202.601300650316,-4.405202601300632,-3.750000000000062
2025-09-23,MAHABANK,SHORT,A_MOD_BREAK_C1_LOW,MODERATE,2025-09-23 09:30:00+05:30,2025-09-23 09:35:00+05:30,56.7,57.12525000000001,56.019600000000004,2025-09-23 09:55:00+05:30,56.53910892868041,BE,0.15406254128237606,0.28375850320915286,39.96995544433594,20.61855697631836,15.401938438415527,1.2120417524695573,2.944494935321129,0.0027927338060790073,0.6716566383472116,50000,5.0,250000.0,709.3962580228822,385.1563532059402,0.7703127064118803,1.4187925160457644
2025-09-23,PARADEEP,SHORT,A_MOD_BREAK_C1_LOW,MODERATE,2025-09-23 11:15:00+05:30,2025-09-23 11:20:00+05:30,174.5500061035156,175.85913114929198,172.45540603027342,2025-09-23 12:30:00+05:30,175.85913114929198,SL,-0.8810405202601262,-0.7500000000000012,27.5391902923584,27.247957229614258,5.074786186218262,4.552159867812779,2.9407020027222592,0.002596733517742765,0.623087854385376,50000,5.0,250000.0,-1875.000000000003,-2202.601300650316,-4.405202601300632,-3.750000000000006
2025-09-23,SUNTECK,SHORT,A_PULLBACK_C2_THEN_BREAK_C2_LOW,MODERATE,2025-09-23 09:50:00+05:30,2025-09-23 10:00:00+05:30,441.16175,444.47046312500004,435.86780899999997,2025-09-23 10:15:00+05:30,444.47046312500004,SL,-0.8810405202601389,-0.7500000000000122,44.038211822509766,33.33333206176758,13.408119201660156,0.9300741606064937,2.4605558550592033,0.003952537251940648,0.6833361554437829,50000,5.0,250000.0,-1875.0000000000305,-2202.601300650347,-4.405202601300695,-3.750000000000061
2025-09-23,SYMPHONY,SHORT,A_MOD_BREAK_C1_LOW,MODERATE,2025-09-23 10:20:00+05:30,2025-09-23 10:25:00+05:30,925.0149722045899,931.9525844961244,913.9147925381347,2025-09-23 10:40:00+05:30,922.7599999999999,BE,0.1140288689629819,0.24377683306203252,65.17897033691406,11.575562477111816,4.611330509185791,1.941784375126257,3.169087130516226,0.002292940403907332,0.9498122656470949,50000,5.0,250000.0,609.4420826550813,285.07217240745473,0.5701443448149095,1.2188841653101627
2025-09-24,ADANIENSOL,SHORT,A_MOD_BREAK_C1_LOW,MODERATE,2025-09-24 10:10:00+05:30,2025-09-24 10:15:00+05:30,897.3205,904.0504037500001,886.5526540000001,2025-09-24 10:20:00+05:30,894.5757244873046,BE,0.176218564688824,0.30588574680902403,41.600738525390625,21.81818199157715,8.491421699523926,2.0729627024333377,2.737382841015795,0.006701153832225746,0.8340110778808594,50000,5.0,250000.0,764.71436702256,440.54641172206,0.88109282344412,1.52942873404512
2025-09-24,ADANIGREEN,SHORT,A_MOD_BREAK_C1_LOW,MODERATE,2025-09-24 09:35:00+05:30,2025-09-24 09:40:00+05:30,1111.7776,1120.115932,1098.4362687999999,2025-09-24 09:45:00+05:30,1099.5889489746094,BE,0.9676818728279363,1.0963209751114367,27.548254013061523,23.264312744140625,16.787128448486328,1.8448089812253443,3.3639299333878565,0.005646362373728923,0.5960653819103581,50000,5.0,250000.0,2740.802437778592,2419.2046820698406,4.8384093641396815,5.481604875557184
2025-09-24,ATGL,SHORT,A_PULLBACK_C2_THEN_BREAK_C2_LOW,MODERATE,2025-09-24 09:35:00+05:30,2025-09-24 09:45:00+05:30,693.4612555908203,698.6622150077515,685.1397205237305,2025-09-24 10:30:00+05:30,698.6622150077515,SL,-0.8810405202601275,-0.7499999999999984,46.51218795776367,7.990599155426025,6.968733787536621,1.5027397323848524,5.255578428838881,0.009161713133583452,0.8206622725338042,50000,5.0,250000.0,-1874.9999999999961,-2202.6013006503185,-4.405202601300637,-3.749999999999992
2025-09-24,DBREALTY,SHORT,A_PULLBACK_C2_THEN_BREAK_C2_LOW,MODERATE,2025-09-24 11:15:00+05:30,2025-09-24 11:25:00+05:30,172.8000061035156,174.09600614929198,170.72640603027344,2025-09-24 14:30:00+05:30,172.14999389648438,EOD,0.24658868428384012,0.3761644583749897,41.16783905029297,28.323699951171875,3.898923635482788,3.9466136609661815,3.6133281790991045,0.002095127845541159,0.8275175857543944,50000,5.0,250000.0,940.4111459374742,616.4717107096003,1.2329434214192005,1.8808222918749486
2025-09-24,ESCORTS,SHORT,A_MOD_BREAK_C1_LOW,MODERATE,2025-09-24 11:10:00+05:30,2025-09-24 11:15:00+05:30,3663.2672,3690.741704,3619.3079936,2025-09-24 14:30:00+05:30,3690.741704,SL,-0.881040520260128,-0.7500000000000069,33.16257858276367,12.171052932739258,5.1322503089904785,3.8850974796106,2.886255657067923,0.002288677546655247,0.707438678741455,50000,5.0,250000.0,-1875.0000000000173,-2202.60130065032,-4.40520260130064,-3.7500000000000346
2025-09-25,ASIANPAINT,SHORT,B_HUGE_RED_FAILED_BOUNCE,HUGE,2025-09-25 09:30:00+05:30,2025-09-25 09:50:00+05:30,2428.114377636719,2446.3252354689944,2398.977005105078,2025-09-25 10:35:00+05:30,2422.245,BE,0.11197511595365942,0.24172574779742032,33.53581619262695,19.398906707763672,29.556915283203125,0.19903594539723676,3.8614195749170697,0.0026188911375282695,0.43786853333392073,50000,5.0,250000.0,604.3143694935508,279.9377898841486,0.5598755797682972,1.2086287389871015
2025-09-25,ETERNAL,SHORT,A_PULLBACK_C2_THEN_BREAK_C2_LOW,MODERATE,2025-09-25 09:50:00+05:30,2025-09-25 10:00:00+05:30,332.08356389770506,334.5741906269379,328.0985611309326,2025-09-25 11:20:00+05:30,334.5741906269379,SL,-0.8810405202601252,-0.7500000000000082,31.049713134765625,21.481481552124023,9.707613945007324,2.0232834862376885,3.5312406143170234,0.002622809779652982,0.6757456970214843,50000,5.0,250000.0,-1875.0000000000205,-2202.601300650313,-4.405202601300626,-3.750000000000041
2025-09-25,GMRP&UI,SHORT,A_MOD_BREAK_C1_LOW,MODERATE,2025-09-25 09:35:00+05:30,2025-09-25 09:40:00+05:30,115.45,116.315875,114.0646,2025-09-25 10:00:00+05:30,116.315875,SL,-0.8810405202601129,-0.7500000000000022,33.376182556152344,14.69648551940918,15.279146194458008,0.6466222852213882,3.080757590545887,0.005278885330413645,0.4738016382560281,50000,5.0,250000.0,-1875.0000000000055,-2202.601300650282,-4.405202601300565,-3.750000000000011
2025-09-25,JKTYRE,SHORT,A_MOD_BREAK_C1_LOW,MODERATE,2025-09-25 09:45:00+05:30,2025-09-25 09:50:00+05:30,370.4259,373.20409425,365.9807892,2025-09-25 10:35:00+05:30,373.20409425,SL,-0.8810405202601161,-0.7500000000000034,38.53901672363281,3.6363637447357178,18.95311164855957,1.2415286338453286,2.941146881661841,0.00312024500076654,0.6553527617774246,50000,5.0,250000.0,-1875.0000000000086,-2202.6013006502903,-4.405202601300581,-3.7500000000000173
2025-09-25,LAOPALA,SHORT,A_MOD_BREAK_C1_LOW,MODERATE,2025-09-25 11:00:00+05:30,2025-09-25 11:05:00+05:30,247.5000030517578,249.356253074646,244.5300030151367,2025-09-25 14:30:00+05:30,248.97999572753906,EOD,-0.7288196226025974,-0.5979768313262451,31.646440505981445,28.87029266357422,15.581853866577148,3.0625179742994026,2.8787175671670715,0.002656934991197232,0.6846966075897216,50000,5.0,250000.0,-1494.942078315613,-1822.0490565064933,-3.644098113012987,-2.9898841566312258
2025-09-25,MOLDTKPAC,SHORT,A_MOD_BREAK_C1_LOW,MODERATE,2025-09-25 10:10:00+05:30,2025-09-25 10:15:00+05:30,774.6950055908203,780.5052181327515,765.3986655237304,2025-09-25 10:20:00+05:30,772.6610255126952,BE,0.13282882381135835,0.26255236750543604,43.56203079223633,25.586854934692383,4.019741058349609,2.2981519697729986,2.324922103383477,0.0038474300337941534,0.8634304618835449,50000,5.0,250000.0,656.3809187635901,332.07205952839587,0.6641441190567917,1.3127618375271801
2025-09-25,MOTILALOFS,SHORT,A_MOD_BREAK_C1_LOW,MODERATE,2025-09-25 09:35:00+05:30,2025-09-25 09:40:00+05:30,935.3628777954101,942.3780993788757,924.1385232618652,2025-09-25 12:15:00+05:30,931.7869999999999,BE,0.25273065534198397,0.3822984512533031,42.00872802734375,18.15286636352539,30.393041610717773,0.887911866151053,3.2080324203937423,0.004838672418756745,0.6455154969865906,50000,5.0,250000.0,955.7461281332577,631.8266383549599,1.2636532767099198,1.9114922562665153
2025-09-25,NAUKRI,SHORT,A_PULLBACK_C2_THEN_BREAK_C2_LOW,MODERATE,2025-09-25 10:20:00+05:30,2025-09-25 10:30:00+05:30,1354.729,1364.8894675000001,1338.472252,2025-09-25 11:25:00+05:30,1364.8894675000001,SL,-0.881040520260112,-0.750000000000007,56.798301696777344,2.8481013774871826,2.120100498199463,2.749344412011561,4.214063447902452,0.003329610120846724,0.96,50000,5.0,250000.0,-1875.0000000000175,-2202.60130065028,-4.40520260130056,-3.750000000000035
2025-09-25,PSPPROJECT,SHORT,A_MOD_BREAK_C1_LOW,MODERATE,2025-09-25 09:35:00+05:30,2025-09-25 09:40:00+05:30,767.9963944091797,773.7563673672487,758.7804376762696,2025-09-25 09:55:00+05:30,765.3892755126952,BE,0.20984669956074314,0.3394702000508956,44.11681365966797,21.728395462036133,18.568986892700195,1.2555703731962857,3.0765006343937413,0.0038593720707688745,0.7414770202043695,50000,5.0,250000.0,848.675500127239,524.6167489018578,1.0492334978037157,1.697351000254478
2025-09-25,VPRPL,SHORT,A_MOD_BREAK_C1_LOW,MODERATE,2025-09-25 10:25:00+05:30,2025-09-25 10:30:00+05:30,97.4300033569336,98.1607283821106,96.2608433166504,2025-09-25 11:45:00+05:30,97.09040306091308,BE,0.2189465507126199,0.3485582308525634,33.246368408203125,27.513227462768555,11.598166465759277,1.5905143456142734,1.9776814661458826,0.007223443495921599,0.6359196099128388,50000,5.0,250000.0,871.3955771314085,547.3663767815498,1.0947327535630995,1.742791154262817
2025-09-26,AWFIS,SHORT,A_MOD_BREAK_C1_LOW,MODERATE,2025-09-26 09:30:00+05:30,2025-09-26 09:35:00+05:30,575.7348055908203,580.0528166327515,568.8259879237305,2025-09-26 09:50:00+05:30,580.0528166327515,SL,-0.881040520260132,-0.7500000000000058,43.79513931274414,23.225807189941406,8.630325317382812,1.5513018062670088,3.0621554350366473,0.00526348398421097,0.7884049057878886,50000,5.0,250000.0,-1875.0000000000146,-2202.60130065033,-4.40520260130066,-3.750000000000029
2025-09-26,BDL,SHORT,A_MOD_BREAK_C1_LOW,MODERATE,2025-09-26 09:30:00+05:30,2025-09-26 09:35:00+05:30,1535.9927888183595,1547.5127347344974,1517.5608753525391,2025-09-26 10:00:00+05:30,1547.5127347344974,SL,-0.8810405202601245,-0.7500000000000123,66.87993621826172,7.579462051391602,1.73531973361969,1.4439038851377952,5.956555292238573,0.0033876409554362747,0.8626831798991141,50000,5.0,250000.0,-1875.0000000000307,-2202.6013006503113,-4.405202601300622,-3.7500000000000617
2025-09-26,CGPOWER,SHORT,A_MOD_BREAK_C1_LOW,MODERATE,2025-09-26 09:30:00+05:30,2025-09-26 09:35:00+05:30,751.1997055908203,756.8337033827514,742.1853091237305,2025-09-26 11:55:00+05:30,746.232,BE,0.5320980117038122,0.6613029203616602,60.51932907104492,17.342342376708984,7.917997360229492,1.4293507363052487,5.085625016827761,0.003288660855271066,0.8601363788534184,50000,5.0,250000.0,1653.2573009041503,1330.2450292595304,2.660490058519061,3.3065146018083005
2025-09-26,CHALET,SHORT,A_MOD_BREAK_C1_LOW,MODERATE,2025-09-26 13:45:00+05:30,2025-09-26 13:50:00+05:30,957.1085277954102,964.2868417538758,945.6232254618652,2025-09-26 14:30:00+05:30,964.2868417538758,SL,-0.8810405202601248,-0.7500000000000078,54.67233657836914,36.4485969543457,5.672454833984375,5.141479327934824,2.7343180174910398,0.002871462843216,0.96,50000,5.0,250000.0,-1875.0000000000196,-2202.601300650312,-4.4052026013006245,-3.7500000000000395
2025-09-26,HINDZINC,SHORT,A_MOD_BREAK_C1_LOW,MODERATE,2025-09-26 14:05:00+05:30,2025-09-26 14:10:00+05:30,447.8104138977051,451.1689920019379,442.43668893093263,2025-09-26 14:30:00+05:30,446.79998779296875,EOD,0.09586546940574005,0.22563702704938446,43.52275848388672,11.299434661865234,8.080856323242188,7.41370922541228,3.1633829620077782,0.002559277941313326,0.8628413772583008,50000,5.0,250000.0,564.0925676234612,239.66367351435014,0.4793273470287003,1.1281851352469223
2025-09-26,KOLTEPATIL,SHORT,A_MOD_BREAK_C1_LOW,MODERATE,2025-09-26 10:20:00+05:30,2025-09-26 10:25:00+05:30,440.96177779541017,444.26899112887577,435.6702364618653,2025-09-26 10:30:00+05:30,437.6590561218261,BE,0.6198905251142185,0.7489813947358526,48.50050354003906,8.679244995117188,2.044025182723999,2.5391772242242903,3.0391858688177167,0.006137950129965239,0.9375075531005859,50000,5.0,250000.0,1872.4534868396313,1549.726312785546,3.099452625571092,3.744906973679263
2025-09-26,RECLTD,SHORT,A_MOD_BREAK_C1_LOW,MODERATE,2025-09-26 09:30:00+05:30,2025-09-26 09:35:00+05:30,369.7260277954102,372.4989730038758,365.28931546186527,2025-09-26 11:55:00+05:30,368.8031122436523,BE,0.11988110940961089,0.2496214716775508,48.92325973510742,10.9375,6.940646171569824,1.3286932516788814,5.81926471003389,0.002981416812493945,0.8263702150704155,50000,5.0,250000.0,624.053679193877,299.70277352402724,0.5994055470480545,1.2481073583877538
2025-09-26,SHANTIGEAR,SHORT,A_MOD_BREAK_C1_LOW,MODERATE,2025-09-26 09:30:00+05:30,2025-09-26 09:35:00+05:30,534.9429777954101,538.9550501288758,528.5236620618651,2025-09-26 09:40:00+05:30,533.3953877563476,BE,0.1596112464277657,0.2893000008038892,42.2286376953125,20.092378616333008,5.020190715789795,2.0885306569726247,4.731486521233503,0.0044054630016635375,0.8434295654296875,50000,5.0,250000.0,723.250002009723,399.02811606941424,0.7980562321388284,1.446500004019446
2025-09-26,SKIPPER,SHORT,A_MOD_BREAK_C1_LOW,MODERATE,2025-09-26 10:10:00+05:30,2025-09-26 10:15:00+05:30,513.64725,517.499604375,507.483483,2025-09-26 11:20:00+05:30,511.78074999999995,BE,0.23378927875127284,0.36338167876884975,50.31159210205078,23.566879272460938,25.338886260986328,0.9546124433114622,2.3470859102053403,0.007583860175726653,0.7770571775795059,50000,5.0,250000.0,908.4541969221244,584.4731968781821,1.1689463937563642,1.816908393844249
2025-09-26,SYRMA,SHORT,A_MOD_BREAK_C1_LOW,MODERATE,2025-09-26 13:35:00+05:30,2025-09-26 13:40:00+05:30,808.8382,814.9044865000001,799.1321416000001,2025-09-26 14:30:00+05:30,809.0,EOD,-0.15009505152653654,-0.020004000800156456,38.18854904174805,33.595802307128906,12.016908645629883,4.856857803261471,2.382435772858454,0.0026432147616887586,0.7828282356262206,50000,5.0,250000.0,-50.01000200039114,-375.2376288163413,-0.7504752576326826,-0.10002000400078227
2025-09-29,ANGELONE,SHORT,A_MOD_BREAK_C1_LOW,MODERATE,2025-09-29 09:40:00+05:30,2025-09-29 09:45:00+05:30,2117.0765,2132.9545737500002,2091.671582,2025-09-29 09:55:00+05:30,2108.4063979492184,BE,0.27999945130533965,0.4095318261187859,43.28422164916992,37.31490707397461,24.571428298950195,1.1793633366828082,1.607632512903779,0.00568231603539088,0.6960335343022293,50000,5.0,250000.0,1023.8295652969648,699.9986282633491,1.3999972565266983,2.04765913059393
2025-09-29,CHOICEIN,SHORT,A_MOD_BREAK_C1_LOW,MODERATE,2025-09-29 10:45:00+05:30,2025-09-29 10:50:00+05:30,789.1921055908203,795.1110463827515,779.7218003237305,2025-09-29 10:55:00+05:30,785.6498877563475,BE,0.31935976483341333,0.4488410121412662,33.25603485107422,13.195876121520996,22.63993263244629,2.1969804280517082,2.441020137396815,0.004687471755499692,0.7088405227661132,50000,5.0,250000.0,1122.1025303531655,798.3994120835333,1.5967988241670665,2.244205060706331
2025-09-29,FSL,SHORT,A_MOD_BREAK_C1_LOW,MODERATE,2025-09-29 10:40:00+05:30,2025-09-29 10:45:00+05:30,347.18055,349.784404125,343.0143834,2025-09-29 10:50:00+05:30,349.784404125,SL,-0.8810405202601117,-0.7499999999999994,36.838523864746094,24.62311553955078,23.742008209228516,2.867195963723899,3.71177848209204,0.0032990750648992525,0.7625778579711913,50000,5.0,250000.0,-1874.9999999999986,-2202.601300650279,-4.405202601300558,-3.749999999999997
2025-09-30,AEGISLOG,SHORT,A_MOD_BREAK_C1_LOW,MODERATE,2025-09-30 13:45:00+05:30,2025-09-30 13:50:00+05:30,748.9001777954102,754.5169291288757,739.9133756618652,2025-09-30 14:10:00+05:30,754.5169291288757,SL,-0.8810405202601155,-0.7499999999999994,27.251203536987305,21.933961868286133,4.811507701873779,3.8997731412715386,3.2661404202557827,0.003045293305618834,0.6187680530548096,50000,5.0,250000.0,-1874.9999999999986,-2202.6013006502885,-4.405202601300577,-3.749999999999997
2025-09-30,CIEINDIA,SHORT,A_MOD_BREAK_C1_LOW,MODERATE,2025-09-30 13:35:00+05:30,2025-09-30 13:40:00+05:30,399.0701638977051,402.0631901269379,394.2813219309326,2025-09-30 14:30:00+05:30,399.20001220703125,EOD,-0.1626450668896698,-0.03253771418488264,27.098033905029297,17.14285659790039,2.4712319374084473,5.509597686750476,3.139983961417172,0.0022441571101714714,0.6164705085754394,50000,5.0,250000.0,-81.3442854622066,-406.61266722417446,-0.8132253344483489,-0.1626885709244132
2025-09-30,HAPPYFORGE,SHORT,A_MOD_BREAK_C1_LOW,MODERATE,2025-09-30 09:30:00+05:30,2025-09-30 09:35:00+05:30,943.9111555908203,950.9904892577515,932.5842217237304,2025-09-30 09:40:00+05:30,939.8611377563476,BE,0.29956072913159176,0.4290676946113271,32.89524459838867,24.387096405029297,13.630053520202637,0.9265287780102844,2.574030030989447,0.005545098249744096,0.5155712051276298,50000,5.0,250000.0,1072.669236528318,748.9018228289793,1.4978036456579586,2.145338473056636
2025-09-30,KPRMILL,SHORT,A_MOD_BREAK_C1_LOW,MODERATE,2025-09-30 13:45:00+05:30,2025-09-30 13:50:00+05:30,1045.8907555908204,1053.7349362577515,1033.3400665237305,2025-09-30 13:55:00+05:30,1043.3707499999998,BE,0.11119183139840483,0.2409434806981376,46.337013244628906,1.5661706924438477,0.7610461115837097,5.129429445239271,4.5582270569385726,0.006506851384284196,0.9050551986694335,50000,5.0,250000.0,602.358701745344,277.9795784960121,0.5559591569920243,1.204717403490688
2025-09-30,MUNJALAU,SHORT,A_MOD_BREAK_C1_LOW,MODERATE,2025-09-30 13:45:00+05:30,2025-09-30 13:50:00+05:30,102.6800033569336,103.45010338211061,101.44784331665039,2025-09-30 13:55:00+05:30,101.76437908172606,BE,0.7628207799547658,0.8917259887737486,40.59591293334961,5.138339996337891,7.969535827636719,10.06173570274466,4.934193240571645,0.006444212874066801,0.8189386940002441,50000,5.0,250000.0,2229.3149719343714,1907.0519498869146,3.814103899773829,4.458629943868743
2025-09-30,NAZARA,SHORT,A_MOD_BREAK_C1_LOW,MODERATE,2025-09-30 10:00:00+05:30,2025-09-30 10:05:00+05:30,258.4483,260.38666225000003,255.34692040000002,2025-09-30 10:10:00+05:30,254.86230612182615,BE,1.2592488079220763,1.3875091761771565,32.624359130859375,30.810810089111328,10.382513999938965,0.9756303322602492,2.1336211344628695,0.00945012389575951,0.5201006951084342,50000,5.0,250000.0,3468.7729404428915,3148.1220198051906,6.296244039610381,6.937545880885783
2025-09-30,SOLARA,SHORT,A_MOD_BREAK_C1_LOW,MODERATE,2025-09-30 13:35:00+05:30,2025-09-30 13:40:00+05:30,604.879,609.4155925,597.620452,2025-09-30 13:55:00+05:30,601.9504744873046,BE,0.3547153120412049,0.4841506338780792,26.889896392822266,25.0,4.858335971832275,4.4685896457859675,2.24434204024474,0.002284344978606171,0.613348445892334,50000,5.0,250000.0,1210.376584695198,886.7882801030122,1.7735765602060243,2.4207531693903963
2025-09-30,SUBROS,SHORT,A_MOD_BREAK_C1_LOW,MODERATE,2025-09-30 14:05:00+05:30,2025-09-30 14:10:00+05:30,1102.7794,1111.0502455,1089.5460472,2025-09-30 14:15:00+05:30,1087.0012499999998,BE,1.3025580157496361,1.430762127040104,39.73392868041992,24.695863723754883,6.746427059173584,6.9005807894103395,2.563662933981373,0.00428163626076598,0.8060089302062987,50000,5.0,250000.0,3576.9053176002603,3256.39503937409,6.51279007874818,7.153810635200521
2025-09-30,SUDARSCHEM,SHORT,A_MOD_BREAK_C1_LOW,MODERATE,2025-09-30 10:10:00+05:30,2025-09-30 10:15:00+05:30,1294.9409111816406,1304.652968015503,1279.4016202474609,2025-09-30 10:20:00+05:30,1290.8609999999999,BE,0.18541018987964275,0.3150654324387467,38.34235763549805,13.730255126953125,1.7708879709243774,2.54455309097732,3.7074216197701957,0.007174289214697668,0.7851353645324706,50000,5.0,250000.0,787.6635810968667,463.52547469910684,0.9270509493982136,1.5753271621937335
2025-09-30,TATATECH,SHORT,A_MOD_BREAK_C1_LOW,MODERATE,2025-09-30 13:30:00+05:30,2025-09-30 13:35:00+05:30,670.1659277954102,675.1921722538758,662.1239366618653,2025-09-30 14:00:00+05:30,668.4493622436522,BE,0.12640849620450817,0.25614037965266684,25.082658767700195,23.72881317138672,5.720432281494141,3.9439409809404213,2.5901036695565063,0.0021038167092174236,0.586239881515503,50000,5.0,250000.0,640.3509491316671,316.02124051127043,0.6320424810225408,1.2807018982633342
2025-10-01,COFORGE,SHORT,A_MOD_BREAK_C1_LOW,MODERATE,2025-10-01 10:45:00+05:30,2025-10-01 10:50:00+05:30,1556.1887,1567.86011525,1537.5144355999998,2025-10-01 11:20:00+05:30,1567.86011525,SL,-0.8810405202601262,-0.7500000000000071,32.948944091796875,12.200957298278809,6.68402624130249,2.820536074643797,2.4688878325781776,0.003623720300332017,0.7042341613769532,50000,5.0,250000.0,-1875.0000000000177,-2202.601300650316,-4.405202601300632,-3.750000000000035
2025-10-01,SBICARD,SHORT,A_MOD_BREAK_C1_LOW,MODERATE,2025-10-01 10:00:00+05:30,2025-10-01 10:05:00+05:30,862.8274,869.2986055000001,852.4734712,2025-10-01 10:10:00+05:30,855.4587244873046,BE,0.7250607531156181,0.8540150107304664,30.759504318237305,13.908872604370117,6.655890941619873,1.375446592892469,1.8610353947353688,0.0036250177331158635,0.5551474882665102,50000,5.0,250000.0,2135.037526826166,1812.6518827890454,3.625303765578091,4.270075053652332
2025-10-03,MAXHEALTH,SHORT,A_MOD_BREAK_C1_LOW,MODERATE,2025-10-03 10:20:00+05:30,2025-10-03 10:25:00+05:30,1084.783,1092.9188725,1071.765604,2025-10-03 10:30:00+05:30,1079.9300510253904,BE,0.3178827104214184,0.4473658763650878,44.375953674316406,11.048158645629883,7.358024597167969,1.6896035104688494,2.528483014483485,0.0041684200146486616,0.8213199194467946,50000,5.0,250000.0,1118.4146909127194,794.706776053546,1.589413552107092,2.236829381825439
2025-10-03,OLAELEC,SHORT,A_MOD_BREAK_C1_LOW,MODERATE,2025-10-03 09:40:00+05:30,2025-10-03 09:45:00+05:30,54.459998321533206,54.86844830894471,53.806478341674804,2025-10-03 10:20:00+05:30,54.32247984695434,BE,0.12277621293252294,0.25251281457438934,29.00821304321289,35.98820114135742,30.14354133605957,0.6036539325895801,2.0075337084777454,0.007385099179507908,0.40076263385136984,50000,5.0,250000.0,631.2820364359733,306.94053233130734,0.6138810646626146,1.2625640728719465
2025-10-06,ESCORTS,SHORT,A_MOD_BREAK_C1_LOW,MODERATE,2025-10-06 11:10:00+05:30,2025-10-06 11:15:00+05:30,3539.4919111816407,3566.038100515503,3497.018008247461,2025-10-06 14:30:00+05:30,3542.60009765625,EOD,-0.21799373009361117,-0.08781448164326025,38.30995178222656,18.405797958374023,8.500168800354004,3.2066628393484864,2.0991233700022676,0.002104400856454179,0.7846492767333983,50000,5.0,250000.0,-219.53620410815063,-544.984325234028,-1.089968650468056,-0.4390724082163013
2025-10-06,GREAVESCOT,SHORT,A_MOD_BREAK_C1_LOW,MODERATE,2025-10-06 13:25:00+05:30,2025-10-06 13:30:00+05:30,210.64999694824218,212.22987192535402,208.12219698486328,2025-10-06 13:45:00+05:30,209.92790306091305,BE,0.21317403202365431,0.3427932104392793,49.73740005493164,11.167512893676758,4.961848258972168,7.148196828405175,3.925787520082042,0.0024815241440286316,0.9560610008239745,50000,5.0,250000.0,856.9830260981983,532.9350800591358,1.0658701601182716,1.7139660521963966
2025-10-06,INDIANHUME,SHORT,A_MOD_BREAK_C1_LOW,MODERATE,2025-10-06 09:55:00+05:30,2025-10-06 10:00:00+05:30,369.2761361022949,372.04570712306213,364.84482246906737,2025-10-06 10:05:00+05:30,368.10099999999994,BE,0.1885757970451253,0.318226927604507,42.29938507080078,28.991596221923828,54.21052551269531,1.1368281021521798,1.9836145753156522,0.005113087100492279,0.6926164227044258,50000,5.0,250000.0,795.5673190112674,471.43949261281324,0.9428789852256265,1.5911346380225349
2025-10-06,JAGSNPHARM,SHORT,A_MOD_BREAK_C1_LOW,MODERATE,2025-10-06 09:55:00+05:30,2025-10-06 10:00:00+05:30,218.39999694824218,220.037996925354,215.77919698486326,2025-10-06 10:10:00+05:30,217.0592336730957,BE,0.4846360471977946,0.6139026070885105,32.149105072021484,18.568994522094727,16.179336547851562,1.3582396827583407,2.260274919493916,0.004473073399299221,0.5799285205630318,50000,5.0,250000.0,1534.7565177212764,1211.5901179944865,2.423180235988973,3.0695130354425526
2025-10-06,KIRLPNU,SHORT,A_MOD_BREAK_C1_LOW,MODERATE,2025-10-06 11:25:00+05:30,2025-10-06 11:30:00+05:30,1202.8593555908203,1211.8808007577516,1188.4250433237305,2025-10-06 11:35:00+05:30,1199.588,BE,0.14225362762540492,0.2719649288684731,42.80274963378906,19.933555603027344,1.1695905923843384,3.2631543732900847,2.4830087536949144,0.0035978483978207744,0.8520412445068359,50000,5.0,250000.0,679.9123221711828,355.6340690635123,0.7112681381270246,1.3598246443423656
2025-10-06,MUNJALAU,SHORT,A_MOD_BREAK_C1_LOW,MODERATE,2025-10-06 11:10:00+05:30,2025-10-06 11:15:00+05:30,101.96000213623047,102.7247021522522,100.7364821105957,2025-10-06 11:20:00+05:30,101.60390306091307,BE,0.21964291984245715,0.34925369542618534,45.289024353027344,12.631579399108887,7.556147575378418,3.7510678062588205,3.0526942726826647,0.0034380383174010547,0.8893353652954101,50000,5.0,250000.0,873.1342385654633,549.1072996061429,1.0982145992122858,1.7462684771309265
2025-10-06,OMINFRAL,SHORT,A_MOD_BREAK_C1_LOW,MODERATE,2025-10-06 10:10:00+05:30,2025-10-06 10:15:00+05:30,122.7,123.62025000000001,121.2276,2025-10-06 13:20:00+05:30,122.37603214263915,BE,0.1343108650060641,0.26403248358667947,28.978574752807617,11.967545509338379,7.745098114013672,2.177677219550081,2.665821606004305,0.005970323158621545,0.6446786212921143,50000,5.0,250000.0,660.0812089666986,335.7771625151602,0.6715543250303204,1.320162417933397
2025-10-06,REDTAPE,SHORT,A_MOD_BREAK_C1_LOW,MODERATE,2025-10-06 09:50:00+05:30,2025-10-06 09:55:00+05:30,141.44000549316405,142.5008055343628,139.74272542724609,2025-10-06 10:10:00+05:30,140.57044387817382,BE,0.48552643861785066,0.6147918419249913,28.49395751953125,23.076923370361328,6.743699550628662,1.6688731507801189,2.4944390334999205,0.005042610392469214,0.5794621641794895,50000,5.0,250000.0,1536.979604812478,1213.8160965446266,2.4276321930892535,3.0739592096249564
2025-10-06,SULA,SHORT,A_MOD_BREAK_C1_LOW,MODERATE,2025-10-06 10:50:00+05:30,2025-10-06 10:55:00+05:30,260.49787779541015,262.4516118788757,257.3719032618652,2025-10-06 14:30:00+05:30,261.3999938964844,EOD,-0.4768200411631395,-0.34630458747258264,27.077831268310547,28.47222137451172,11.267605781555176,2.5724900775308974,2.049639370242111,0.00305672077729464,0.6161674690246581,50000,5.0,250000.0,-865.7614686814566,-1192.0501029078487,-2.384100205815697,-1.7315229373629133
2025-10-07,BHARATFORG,SHORT,A_MOD_BREAK_C1_LOW,MODERATE,2025-10-07 13:55:00+05:30,2025-10-07 14:00:00+05:30,1223.0553888183595,1232.2283042344973,1208.3787241525392,2025-10-07 14:30:00+05:30,1222.5,EOD,-0.08459602186545936,0.04540994818689636,33.70280456542969,17.43119239807129,9.060602188110352,3.3026675430975247,2.736394399524631,0.0022410794697890696,0.7155420684814453,50000,5.0,250000.0,113.5248704672409,-211.4900546636484,-0.42298010932729685,0.22704974093448183
2025-10-07,DEEPAKNTR,SHORT,A_MOD_BREAK_C1_LOW,MODERATE,2025-10-07 10:10:00+05:30,2025-10-07 10:15:00+05:30,1817.7363555908203,1831.3693782577516,1795.9235193237305,2025-10-07 11:05:00+05:30,1811.9194999999997,BE,0.19035664293861798,0.32000546024892956,26.773679733276367,19.090909957885742,4.3377180099487305,1.4271548013109625,1.5646831536392918,0.0032506791142287326,0.4895914439105285,50000,5.0,250000.0,800.0136506223239,475.89160734654496,0.9517832146930898,1.6000273012446478
2025-10-07,GOODLUCK,SHORT,A_PULLBACK_C2_THEN_BREAK_C2_LOW,MODERATE,2025-10-07 10:10:00+05:30,2025-10-07 10:20:00+05:30,1234.753,1244.0136475,1219.935964,2025-10-07 10:50:00+05:30,1244.0136475,SL,-0.8810405202601099,-0.7500000000000004,34.890602111816406,17.554859161376953,3.913630247116089,2.320625376183328,2.612641098450114,0.007167653072009366,0.733359031677246,50000,5.0,250000.0,-1875.000000000001,-2202.601300650275,-4.40520260130055,-3.7500000000000018
2025-10-07,JKPAPER,SHORT,A_MOD_BREAK_C1_LOW,MODERATE,2025-10-07 10:00:00+05:30,2025-10-07 10:05:00+05:30,414.16715,417.273403625,409.19714419999997,2025-10-07 11:15:00+05:30,412.4336122436523,BE,0.28903930320767485,0.4185599356075649,39.50978088378906,24.870466232299805,9.195876121520996,1.4902859449951695,2.205939853684223,0.003616636528028933,0.7134467536309905,50000,5.0,250000.0,1046.3998390189122,722.5982580191871,1.4451965160383744,2.0927996780378244
2025-10-07,JUNIPER,SHORT,A_MOD_BREAK_C1_LOW,MODERATE,2025-10-07 10:45:00+05:30,2025-10-07 10:50:00+05:30,279.69405,281.79175537500004,276.3377214,2025-10-07 10:55:00+05:30,278.83399999999995,BE,0.17783162252957382,0.3074967093508274,34.47429275512695,21.7391300201416,0.3921568691730499,2.127903809634519,2.094283247488654,0.0029868274376898215,0.7271143913269043,50000,5.0,250000.0,768.7417733770685,444.5790563239346,0.8891581126478691,1.537483546754137
2025-10-07,NIITMTS,SHORT,A_MOD_BREAK_C1_LOW,MODERATE,2025-10-07 11:05:00+05:30,2025-10-07 11:10:00+05:30,327.18455,329.638434125,323.2583354,2025-10-07 12:15:00+05:30,324.0191377563476,BE,0.8386632702463327,0.9674699626410793,34.459983825683594,12.745098114013672,1.2254902124404907,4.108343778130918,4.499469919010236,0.0027283640468821805,0.7268997573852538,50000,5.0,250000.0,2418.6749066026982,2096.6581756158316,4.193316351231663,4.837349813205397
2025-10-07,SHYAMMETL,SHORT,A_PULLBACK_C2_THEN_BREAK_C2_LOW,MODERATE,2025-10-07 10:05:00+05:30,2025-10-07 10:15:00+05:30,950.0099722045899,957.1350469961244,938.6098525381348,2025-10-07 10:55:00+05:30,945.1268877563475,BE,0.38460700005951487,0.514003493764459,51.947322845458984,26.73796844482422,37.712894439697266,1.3118249700313864,1.5277816217989988,0.005034943871094264,0.8159584508454425,50000,5.0,250000.0,1285.0087344111473,961.5175001487871,1.9230350002975742,2.5700174688222948
2025-10-08,CGPOWER,SHORT,A_MOD_BREAK_C1_LOW,MODERATE,2025-10-08 10:15:00+05:30,2025-10-08 10:20:00+05:30,742.3515,747.9191362500001,733.443282,2025-10-08 11:35:00+05:30,738.5088877563476,BE,0.3882352791981751,0.5176270599106234,25.272369384765625,25.65217399597168,22.06572723388672,1.2711829904330454,1.5052806895479967,0.0029858066220639465,0.43680659857466714,50000,5.0,250000.0,1294.0676497765587,970.5881979954378,1.9411763959908754,2.5881352995531173
2025-10-08,CUB,SHORT,B_HUGE_RED_FAILED_BOUNCE,HUGE,2025-10-08 09:30:00+05:30,2025-10-08 10:20:00+05:30,216.34999389648436,217.97261885070802,213.75379396972656,2025-10-08 14:30:00+05:30,215.99000549316406,EOD,0.03654307126146331,0.1663916863767246,25.365589141845703,35.91433334350586,36.760650634765625,0.3751043193596507,2.3049920634084526,0.0040180417880027585,0.34612709301562444,50000,5.0,250000.0,415.9792159418115,91.35767815365828,0.18271535630731658,0.831958431883623
2025-10-08,EMAMILTD,SHORT,A_MOD_BREAK_C1_LOW,MODERATE,2025-10-08 09:50:00+05:30,2025-10-08 09:55:00+05:30,543.9411777954101,548.0207366288757,537.4138836618652,2025-10-08 10:45:00+05:30,542.0713622436523,BE,0.2141353340659197,0.34375326378785553,33.36842346191406,18.627450942993164,7.685406684875488,1.574525590275612,1.9013415927743231,0.0038436310788269325,0.6311354098656592,50000,5.0,250000.0,859.3831594696388,535.3383351647992,1.0706766703295985,1.718766318939278
2025-10-08,JGCHEM,SHORT,A_MOD_BREAK_C1_LOW,MODERATE,2025-10-08 11:05:00+05:30,2025-10-08 11:10:00+05:30,425.0149861022949,428.2025984980622,419.91480626906736,2025-10-08 11:20:00+05:30,423.41644387817377,BE,0.24653848051835453,0.3761143198222227,27.047645568847656,27.5510196685791,0.680272102355957,4.275346103082644,2.699826897880845,0.0025540209941694986,0.6157146835327147,50000,5.0,250000.0,940.2857995555568,616.3462012958863,1.2326924025917725,1.8805715991111134
2025-10-08,MAZDOCK,SHORT,A_MOD_BREAK_C1_LOW,MODERATE,2025-10-08 10:20:00+05:30,2025-10-08 10:25:00+05:30,2842.031577636719,2863.3468144689946,2807.9271987050784,2025-10-08 10:30:00+05:30,2834.3776020507808,BE,0.13959878093601163,0.26931353072095976,41.71826934814453,20.0,10.90777587890625,2.10991532014645,2.1468284142177323,0.0035851206213379123,0.8357740402221678,50000,5.0,250000.0,673.2838268023994,348.99695234002905,0.6979939046800581,1.3465676536047988
2025-10-08,METROPOLIS,SHORT,A_PULLBACK_C2_THEN_BREAK_C2_LOW,MODERATE,2025-10-08 09:35:00+05:30,2025-10-08 09:45:00+05:30,2026.3946888183593,2041.5926489844971,2002.077952552539,2025-10-08 09:50:00+05:30,2015.0269999999998,BE,0.4316455892755443,0.5609809816955398,28.442081451416016,15.477145195007324,6.011641502380371,1.9969850722195488,4.476865318741942,0.007027262994001402,0.6361036094096613,50000,5.0,250000.0,1402.4524542388494,1079.1139731888607,2.158227946377721,2.804904908477699
2025-10-08,SAIL,SHORT,A_MOD_BREAK_C1_LOW,MODERATE,2025-10-08 11:10:00+05:30,2025-10-08 11:15:00+05:30,130.3699981689453,131.3477731552124,128.80555819091796,2025-10-08 11:50:00+05:30,131.3477731552124,SL,-0.8810405202601269,-0.7500000000000024,29.816038131713867,27.47252655029297,11.204994201660156,3.8997711476433956,2.879777223315427,0.0023873406208771587,0.657240571975708,50000,5.0,250000.0,-1875.000000000006,-2202.601300650317,-4.405202601300634,-3.7500000000000115
2025-10-08,SBCL,SHORT,A_MOD_BREAK_C1_LOW,MODERATE,2025-10-08 11:15:00+05:30,2025-10-08 11:20:00+05:30,501.94957779541016,505.71419962887575,495.92618286186524,2025-10-08 12:30:00+05:30,505.71419962887575,SL,-0.8810405202601228,-0.7500000000000012,28.20490074157715,14.723926544189453,2.8673834800720215,3.201882040791775,3.1507933774008183,0.0020487431759429447,0.6330735111236572,50000,5.0,250000.0,-1875.000000000003,-2202.601300650307,-4.405202601300615,-3.750000000000006
2025-10-08,WHIRLPOOL,SHORT,A_MOD_BREAK_C1_LOW,MODERATE,2025-10-08 10:25:00+05:30,2025-10-08 10:30:00+05:30,1182.7634,1191.6341255000002,1168.5702392,2025-10-08 11:30:00+05:30,1172.2060510253905,BE,0.7636961706108081,0.8926002423316081,48.34815216064453,26.12244987487793,6.523378372192383,1.8096618204485162,2.5051143943853855,0.003132884878663167,0.9019131009881582,50000,5.0,250000.0,2231.50060582902,1909.2404265270202,3.8184808530540404,4.46300121165804
2025-10-09,FINOPB,SHORT,A_MOD_BREAK_C1_LOW,MODERATE,2025-10-09 10:05:00+05:30,2025-10-09 10:10:00+05:30,299.98997779541014,302.2399026288757,296.3900980618652,2025-10-09 11:20:00+05:30,299.24505612182617,BE,0.118573459236853,0.24831552009114202,34.67232894897461,38.538204193115234,51.449275970458984,0.9388909312596551,1.4949264771435478,0.0070037335515235975,0.5191371710622361,50000,5.0,250000.0,620.7888002278551,296.4336480921325,0.592867296184265,1.2415776004557102
2025-10-09,GENUSPOWER,SHORT,A_MOD_BREAK_C1_LOW,MODERATE,2025-10-09 10:15:00+05:30,2025-10-09 10:20:00+05:30,300.98979,303.24721342500004,297.37791252000005,2025-10-09 11:40:00+05:30,303.24721342500004,SL,-0.8810405202601247,-0.7500000000000043,53.010855899480866,18.18181817950412,12.425023593350717,1.6728598434679915,2.499141673789377,0.0052010520579105456,0.9027504726068984,50000,5.0,250000.0,-1875.0000000000107,-2202.6013006503117,-4.405202601300624,-3.7500000000000213
2025-10-09,GOKULAGRO,SHORT,A_MOD_BREAK_C1_LOW,MODERATE,2025-10-09 09:50:00+05:30,2025-10-09 09:55:00+05:30,188.7,190.11525,186.4356,2025-10-09 10:00:00+05:30,187.56099999999998,BE,0.4743236483106627,0.603603603603609,31.135814666748047,29.6610164642334,9.153491020202637,1.3849496919191269,2.623916339448997,0.00739633772500349,0.5694034160870678,50000,5.0,250000.0,1509.0090090090225,1185.8091207766568,2.3716182415533136,3.018018018018045
2025-10-09,LUMAXTECH,SHORT,A_MOD_BREAK_C1_LOW,MODERATE,2025-10-09 09:40:00+05:30,2025-10-09 09:45:00+05:30,1219.756,1228.9041700000002,1205.118928,2025-10-09 09:55:00+05:30,1228.9041700000002,SL,-0.8810405202601284,-0.7500000000000134,35.1032829284668,23.543123245239258,34.64773178100586,0.8377492280016586,2.2737357034936125,0.005736976322717361,0.5331553588272921,50000,5.0,250000.0,-1875.0000000000337,-2202.601300650321,-4.405202601300641,-3.750000000000067
2025-10-09,MSUMI,SHORT,A_MOD_BREAK_C1_LOW,MODERATE,2025-10-09 10:05:00+05:30,2025-10-09 10:10:00+05:30,45.220000457763675,45.55915046119691,44.67736045227051,2025-10-09 14:30:00+05:30,45.06999969482422,EOD,0.20207972635176089,0.3317133158358976,29.624052047729492,26.829267501831055,3.8615665435791016,1.7798159808566407,2.066297420651855,0.003941974301024082,0.6158285773658545,50000,5.0,250000.0,829.283289589744,505.1993158794022,1.0103986317588045,1.658566579179488
2025-10-10,CARTRADE,SHORT,A_MOD_BREAK_C1_LOW,MODERATE,2025-10-10 10:20:00+05:30,2025-10-10 10:25:00+05:30,2424.6150776367185,2442.799690718994,2395.519696705078,2025-10-10 11:20:00+05:30,2442.799690718994,SL,-0.8810405202601237,-0.7500000000000053,44.858760833740234,18.670438766479492,7.514919281005859,1.882987800056769,2.2750622240754037,0.0035880590946937066,0.8624042775160381,50000,5.0,250000.0,-1875.0000000000134,-2202.601300650309,-4.405202601300618,-3.750000000000027
2025-10-10,TDPOWERSYS,SHORT,A_MOD_BREAK_C1_LOW,MODERATE,2025-10-10 10:20:00+05:30,2025-10-10 10:25:00+05:30,604.2291055908203,608.7608238827514,596.9783563237304,2025-10-10 10:45:00+05:30,599.8942755126952,BE,0.588283047063861,0.7174149735614613,35.8948974609375,34.63114929199219,2.868797779083252,1.8224444236162816,1.653191833897519,0.0050514002690342855,0.7000108277417876,50000,5.0,250000.0,1793.5374339036532,1470.7076176596524,2.941415235319305,3.5870748678073063
2025-10-13,AVANTEL,SHORT,A_MOD_BREAK_C1_LOW,MODERATE,2025-10-13 10:25:00+05:30,2025-10-13 10:30:00+05:30,196.34999389648436,197.822618850708,193.99379396972654,2025-10-13 10:35:00+05:30,195.09352449035643,BE,0.5106804080631024,0.6399131373491889,28.675098419189453,18.146718978881836,5.861248970031738,2.1784904585256353,2.6603457165010647,0.008003048898680634,0.6401264762878418,50000,5.0,250000.0,1599.7828433729724,1276.7010201577561,2.553402040315512,3.1995656867459448
2025-10-13,CONFIPET,SHORT,A_MOD_BREAK_C1_LOW,MODERATE,2025-10-13 10:00:00+05:30,2025-10-13 10:05:00+05:30,42.17999954223633,42.49634953880311,41.67383954772949,2025-10-13 12:35:00+05:30,42.49634953880311,SL,-0.8810405202601164,-0.7500000000000135,26.79823875427246,41.062801361083984,42.08754348754883,0.6138931372208356,1.2668175709859535,0.00611713776530398,0.3327457588770308,50000,5.0,250000.0,-1875.0000000000337,-2202.601300650291,-4.405202601300581,-3.750000000000067
2025-10-13,DABUR,SHORT,A_MOD_BREAK_C1_LOW,MODERATE,2025-10-13 10:10:00+05:30,2025-10-13 10:15:00+05:30,485.3029138977051,488.9426857519379,479.4792789309326,2025-10-13 11:10:00+05:30,483.9976377563476,BE,0.1392459095298773,0.26896111768094616,28.725723266601562,24.561403274536133,16.078432083129883,1.6405328373850192,2.058891088799059,0.002435399399673209,0.5779790955414017,50000,5.0,250000.0,672.4027942023655,348.1147738246933,0.6962295476493866,1.344805588404731
2025-10-13,KPRMILL,SHORT,A_MOD_BREAK_C1_LOW,MODERATE,2025-10-13 10:05:00+05:30,2025-10-13 10:10:00+05:30,987.8024,995.2109180000001,975.9487712,2025-10-13 14:30:00+05:30,990.0999755859375,EOD,-0.3629622119896315,-0.23259465515952032,39.88072204589844,22.727272033691406,15.149797439575195,1.4807801561144296,2.2433954754747347,0.003967451015336225,0.7173473580085017,50000,5.0,250000.0,-581.4866378988008,-907.4055299740788,-1.8148110599481577,-1.1629732757976017
2025-10-13,KSCL,SHORT,A_MOD_BREAK_C1_LOW,MODERATE,2025-10-13 10:20:00+05:30,2025-10-13 10:25:00+05:30,1049.4900111816405,1057.361186265503,1036.8961310474608,2025-10-13 11:05:00+05:30,1043.12,BE,0.4776869489984504,0.6069625354955503,26.44542121887207,19.5035457611084,5.992509365081787,1.8508691943773592,1.5723938437588492,0.003871854762515842,0.5592031194870614,50000,5.0,250000.0,1517.406338738876,1194.217372496126,2.388434744992252,3.0348126774777517
2025-10-13,OMINFRAL,SHORT,A_MOD_BREAK_C1_LOW,MODERATE,2025-10-13 09:50:00+05:30,2025-10-13 09:55:00+05:30,126.7,127.65025000000001,125.17960000000001,2025-10-13 10:00:00+05:30,126.18742755126952,BE,0.27501715079282574,0.4045559974194797,36.09958267211914,20.08733558654785,19.033445358276367,1.1382335042234812,1.957594702743557,0.0060355028457190155,0.5985643384580741,50000,5.0,250000.0,1011.3899935486992,687.5428769820643,1.3750857539641286,2.0227799870973984
2025-10-13,PRAJIND,SHORT,B_HUGE_RED_FAILED_BOUNCE,HUGE,2025-10-13 09:30:00+05:30,2025-10-13 09:55:00+05:30,345.6308722045898,348.22310374612425,341.48330173813474,2025-10-13 10:15:00+05:30,344.68094387817376,BE,0.14513140608189412,0.27483896920346984,28.785926818847656,31.967212677001953,41.612388610839844,1.1380806548291498,2.242927629459869,0.0032233481485781958,0.530953016877816,50000,5.0,250000.0,687.0974230086747,362.8285152047353,0.7256570304094706,1.3741948460173494
2025-10-13,SIEMENS,SHORT,A_MOD_BREAK_C1_LOW,MODERATE,2025-10-13 10:20:00+05:30,2025-10-13 10:25:00+05:30,3065.3868,3088.3772010000002,3028.6021584,2025-10-13 10:40:00+05:30,3059.1499999999996,BE,0.07365842241441571,0.20345882614228603,60.877506256103516,12.93345832824707,2.6510801315307617,1.5128929454544124,2.6532809782230973,0.004311509061439141,0.874756265454522,50000,5.0,250000.0,508.6470653557151,184.14605603603928,0.36829211207207857,1.0172941307114303
2025-10-14,ADSL,SHORT,A_MOD_BREAK_C1_LOW,MODERATE,2025-10-14 10:05:00+05:30,2025-10-14 10:10:00+05:30,183.53000183105468,184.9064768447876,181.32764180908202,2025-10-14 11:20:00+05:30,183.07758877563475,BE,0.11676190699664968,0.24650632098635597,40.917816162109375,18.990703582763672,4.9780497550964355,2.1036164701648574,2.6623788521891383,0.005768587549740843,0.8237672424316405,50000,5.0,250000.0,616.2658024658899,291.90476749162417,0.5838095349832483,1.2325316049317798
2025-10-14,AVALON,SHORT,A_MOD_BREAK_C1_LOW,MODERATE,2025-10-14 11:25:00+05:30,2025-10-14 11:30:00+05:30,1169.3660555908202,1178.1363010077514,1155.3336629237303,2025-10-14 11:35:00+05:30,1163.4799999999998,BE,0.37394406393052915,0.5033544083718519,44.33394241333008,0.6451612710952759,5.990996360778809,5.549869944664025,4.3772541286937425,0.005175188174144679,0.875009136199951,50000,5.0,250000.0,1258.3860209296295,934.8601598263228,1.8697203196526457,2.5167720418592587
2025-10-14,COHANCE,SHORT,A_MOD_BREAK_C1_LOW,MODERATE,2025-10-14 10:05:00+05:30,2025-10-14 10:10:00+05:30,874.825,881.3861875000001,864.3271000000001,2025-10-14 11:30:00+05:30,881.3861875000001,SL,-0.8810405202601259,-0.7500000000000084,42.45476531982422,24.65483283996582,15.430212020874023,1.5036189607052584,2.1214832578447647,0.004115075213788578,0.7599547979207835,50000,5.0,250000.0,-1875.0000000000211,-2202.601300650315,-4.40520260130063,-3.750000000000042
2025-10-14,DCW,SHORT,A_MOD_BREAK_C1_LOW,MODERATE,2025-10-14 10:25:00+05:30,2025-10-14 10:30:00+05:30,66.1800033569336,66.6763533821106,65.3858433166504,2025-10-14 10:40:00+05:30,65.74665306091308,BE,0.5255921316027996,0.6548054911440546,49.238712310791016,19.083969116210938,2.7243590354919434,2.687591727933027,2.480754637775256,0.005004205659603919,0.9485806846618652,50000,5.0,250000.0,1637.0137278601367,1313.980329006999,2.6279606580139983,3.2740274557202733
2025-10-14,PARKHOTELS,SHORT,A_MOD_BREAK_C1_LOW,MODERATE,2025-10-14 10:25:00+05:30,2025-10-14 10:30:00+05:30,148.3699981689453,149.4827731552124,146.58955819091796,2025-10-14 11:15:00+05:30,147.4610642852783,BE,0.48334475386256315,0.6126129910927295,32.4029541015625,13.935970306396484,4.4666666984558105,2.1812540104287277,2.308143147805722,0.0050965409560008775,0.6960443115234374,50000,5.0,250000.0,1531.5324777318237,1208.361884656408,2.416723769312816,3.0630649554636475
2025-10-14,PPLPHARMA,SHORT,A_PULLBACK_C2_THEN_BREAK_C2_LOW,MODERATE,2025-10-14 09:30:00+05:30,2025-10-14 09:40:00+05:30,194.95,196.412125,192.61059999999998,2025-10-14 09:45:00+05:30,194.18080612182615,BE,0.2650077196979585,0.39455956818355337,34.529441833496094,12.13017749786377,10.842302322387695,1.448060202788873,3.9289543772089086,0.0027945220327679527,0.6313521629904941,50000,5.0,250000.0,986.3989204588835,662.5192992448962,1.3250385984897923,1.972797840917767
2025-10-14,SUMMITSEC,SHORT,A_MOD_BREAK_C1_LOW,MODERATE,2025-10-14 13:30:00+05:30,2025-10-14 13:35:00+05:30,2065.5868,2081.0787010000004,2040.7997584,2025-10-14 13:45:00+05:30,2081.0787010000004,SL,-0.8810405202601241,-0.7500000000000158,49.949134826660156,12.970711708068848,5.449039459228516,5.774701328499718,4.526156512847355,0.0038272713645499303,0.9592370223999023,50000,5.0,250000.0,-1875.0000000000393,-2202.6013006503103,-4.405202601300621,-3.750000000000079
2025-10-14,TEAMLEASE,SHORT,A_MOD_BREAK_C1_LOW,MODERATE,2025-10-14 09:40:00+05:30,2025-10-14 09:45:00+05:30,1761.0477444091796,1774.2556024922485,1739.9151714762695,2025-10-14 10:50:00+05:30,1753.7454999999998,BE,0.2851276900523301,0.41465340348450785,37.32707977294922,25.328330993652344,25.264169692993164,1.5289476715214003,2.3621646011205617,0.004679718896967848,0.6874720391104834,50000,5.0,250000.0,1036.6335087112695,712.8192251308252,1.4256384502616504,2.073267017422539
2025-10-14,TIMETECHNO,SHORT,A_MOD_BREAK_C1_LOW,MODERATE,2025-10-14 10:05:00+05:30,2025-10-14 10:10:00+05:30,212.95,214.547125,210.3946,2025-10-14 10:40:00+05:30,212.1545642852783,BE,0.24395248260124539,0.37353168101511675,33.15934753417969,17.380952835083008,8.026198387145996,2.2902319933576947,2.701796281109187,0.0036403129736372174,0.7073902130126952,50000,5.0,250000.0,933.8292025377918,609.8812065031135,1.219762413006227,1.8676584050755836
2025-10-14,ZYDUSLIFE,SHORT,A_MOD_BREAK_C1_LOW,MODERATE,2025-10-14 11:05:00+05:30,2025-10-14 11:10:00+05:30,978.1043277954102,985.4401102538758,966.3670758618653,2025-10-14 14:30:00+05:30,984.0,EOD,-0.7336141882454194,-0.6027651690161008,31.971372604370117,18.475072860717773,4.989533424377441,3.874204915702228,3.209321440831039,0.002127783818781813,0.6895705890655517,50000,5.0,250000.0,-1506.9129225402519,-1834.0354706135486,-3.6680709412270973,-3.0138258450805036
2025-10-15,CHAMBLFERT,SHORT,A_MOD_BREAK_C1_LOW,MODERATE,2025-10-15 10:00:00+05:30,2025-10-15 10:05:00+05:30,479.60407220458984,483.2011027461243,473.84882333813476,2025-10-15 14:30:00+05:30,481.3999938964844,EOD,-0.5050112980391824,-0.3744592250101723,33.57574462890625,25.628141403198242,26.616989135742188,1.143004791836767,2.0617295221209875,0.002761855232274551,0.5636620080050279,50000,5.0,250000.0,-936.1480625254309,-1262.528245097956,-2.5250564901959116,-1.8722961250508616
2025-10-15,DENORA,SHORT,A_MOD_BREAK_C1_LOW,MODERATE,2025-10-15 09:30:00+05:30,2025-10-15 09:35:00+05:30,749.9999944091796,755.6249943672485,740.9999944762694,2025-10-15 09:40:00+05:30,744.3764744873046,BE,0.6207128603990477,0.749802661839359,42.15437698364258,15.29411792755127,16.210739135742188,0.7724411212946518,3.824183657232991,0.004099180094122612,0.6274928509812028,50000,5.0,250000.0,1874.5066545983973,1551.7821509976193,3.1035643019952386,3.749013309196795
2025-10-15,HLEGLAS,SHORT,A_MOD_BREAK_C1_LOW,MODERATE,2025-10-15 10:00:00+05:30,2025-10-15 10:05:00+05:30,496.9006,500.6273545,490.9377928,2025-10-15 10:10:00+05:30,495.73274999999995,BE,0.10526753993030272,0.2350268846525933,47.63836669921875,17.548076629638672,8.938525199890137,1.6210798259666896,2.9843806607344243,0.00576975613765273,0.858264470032452,50000,5.0,250000.0,587.5672116314832,263.1688498257568,0.5263376996515137,1.1751344232629664
2025-10-15,INDIAGLYCO,SHORT,A_MOD_BREAK_C1_LOW,MODERATE,2025-10-15 09:40:00+05:30,2025-10-15 09:45:00+05:30,941.0117722045899,948.0693604961243,929.7196309381347,2025-10-15 10:15:00+05:30,948.0693604961243,SL,-0.8810405202601259,-0.750000000000002,29.96343994140625,21.153846740722656,5.434472560882568,1.0132195026705328,2.6903135982730944,0.005216863757738895,0.486765012088437,50000,5.0,250000.0,-1875.000000000005,-2202.601300650315,-4.40520260130063,-3.75000000000001
2025-10-15,JKCEMENT,SHORT,A_MOD_BREAK_C1_LOW,MODERATE,2025-10-15 14:00:00+05:30,2025-10-15 14:05:00+05:30,6549.6898,6598.8124735,6471.0935224,2025-10-15 14:30:00+05:30,6532.0,EOD,0.1403723284122296,0.2700860733893093,39.481048583984375,31.16883087158203,14.583333015441895,3.542081980135311,1.986638534973968,0.002584120241344803,0.801547655508464,50000,5.0,250000.0,675.2151834732732,350.930821030574,0.701861642061148,1.3504303669465465
2025-10-15,LAOPALA,SHORT,A_PULLBACK_C2_THEN_BREAK_C2_LOW,MODERATE,2025-10-15 09:50:00+05:30,2025-10-15 10:00:00+05:30,228.7500030517578,230.465628074646,226.0050030151367,2025-10-15 10:20:00+05:30,227.66093571472166,BE,0.3466492049805924,0.47609500437459007,32.486446380615234,22.16905975341797,12.704341888427734,1.5099185790626657,2.4265627463383694,0.0034277981094952233,0.611532447045195,50000,5.0,250000.0,1190.2375109364752,866.6230124514809,1.7332460249029618,2.3804750218729507
2025-10-15,UNICHEMLAB,SHORT,A_MOD_BREAK_C1_LOW,MODERATE,2025-10-15 10:10:00+05:30,2025-10-15 10:15:00+05:30,467.80641389770506,471.3149620019379,462.1927369309326,2025-10-15 12:30:00+05:30,466.3949999999999,BE,0.17203635208750567,0.30170896673805847,25.419021606445312,36.85897445678711,4.415010929107666,1.556891580168702,1.9274441749043938,0.0032134460583863435,0.5101135593714221,50000,5.0,250000.0,754.2724168451462,430.0908802187642,0.8601817604375284,1.5085448336902925
2025-10-16,FEDFINA,SHORT,A_MOD_BREAK_C1_LOW,MODERATE,2025-10-16 13:40:00+05:30,2025-10-16 13:45:00+05:30,148.95,150.067125,147.1626,2025-10-16 13:50:00+05:30,148.10298367309568,BE,0.43933275128055077,0.5686581583781872,64.56982421875,23.723228454589844,7.462657451629639,6.9915261632126295,2.8726766101055237,0.004515517013227869,0.96,50000,5.0,250000.0,1421.645395945468,1098.331878201377,2.1966637564027542,2.843290791890936
2025-10-16,KKCL,SHORT,A_MOD_BREAK_C1_LOW,MODERATE,2025-10-16 09:55:00+05:30,2025-10-16 10:00:00+05:30,539.892,543.9411900000001,533.4132960000001,2025-10-16 10:05:00+05:30,538.7112755126952,BE,0.08891583717494271,0.21869642211864868,37.5600471496582,28.252300262451172,24.231678009033203,0.5319472564719909,2.575760131017168,0.007466930813259548,0.5164914771274713,50000,5.0,250000.0,546.7410552966217,222.28959293735676,0.4445791858747135,1.0934821105932433
2025-10-16,TEGA,SHORT,A_MOD_BREAK_C1_LOW,MODERATE,2025-10-16 10:25:00+05:30,2025-10-16 10:30:00+05:30,1907.7183555908202,1922.0262432577515,1884.8257353237304,2025-10-16 10:45:00+05:30,1895.5697244873045,BE,0.507577950205045,0.636814709462358,30.26444435119629,31.50684928894043,2.4526047706604004,2.1863827506630518,2.1444523738295524,0.003140745797415482,0.6639666652679443,50000,5.0,250000.0,1592.036773655895,1268.9448755126127,2.5378897510252254,3.1840735473117903
2025-10-17,ARIHANTCAP,SHORT,A_MOD_BREAK_C1_LOW,MODERATE,2025-10-17 10:20:00+05:30,2025-10-17 10:25:00+05:30,100.53999633789063,101.29404631042482,99.33351638183593,2025-10-17 10:35:00+05:30,100.29999999999998,BE,0.10895276931253282,0.23870732706621078,26.91412353515625,38.414634704589844,34.855403900146484,1.9849734251113533,1.4205290513412718,0.004544615531764798,0.5821086549888941,50000,5.0,250000.0,596.768317665527,272.3819232813321,0.5447638465626642,1.193536635331054
2025-10-17,BIGBLOC,SHORT,A_MOD_BREAK_C1_LOW,MODERATE,2025-10-17 10:15:00+05:30,2025-10-17 10:20:00+05:30,51.45,51.83587500000001,50.8326,2025-10-17 10:25:00+05:30,51.263330612182614,BE,0.2332239459431468,0.3628170803059068,30.24813461303711,19.16666603088379,15.833333015441895,1.9471562269210665,3.130395442467084,0.0033841885409308867,0.6544743589067432,50000,5.0,250000.0,907.042700764767,583.059864857867,1.1661197297157337,1.814085401529534
2025-10-17,FIEMIND,SHORT,A_MOD_BREAK_C1_LOW,MODERATE,2025-10-17 10:45:00+05:30,2025-10-17 10:50:00+05:30,1963.5072444091797,1978.2335487422488,1939.9451574762695,2025-10-17 11:20:00+05:30,1953.2422244873044,BE,0.3934049548057223,0.522790020312052,37.854393005371094,35.975608825683594,8.71826457977295,2.1683657123025233,1.9566944126982904,0.002931037146801207,0.7756506157154808,50000,5.0,250000.0,1306.97505078013,983.5123870143058,1.9670247740286115,2.61395010156026
2025-10-17,IPL,SHORT,A_MOD_BREAK_C1_LOW,MODERATE,2025-10-17 10:20:00+05:30,2025-10-17 10:25:00+05:30,194.5500061035156,196.009131149292,192.2154060302734,2025-10-17 10:30:00+05:30,193.82975,BE,0.24063292802101716,0.3702164384062737,32.62172317504883,18.848167419433594,8.196370124816895,1.7540166005106856,2.1340284483169265,0.003929323417236686,0.6562787527151024,50000,5.0,250000.0,925.5410960156843,601.5823200525429,1.2031646401050857,1.8510821920313687
2025-10-17,MANORAMA,SHORT,A_MOD_BREAK_C1_LOW,MODERATE,2025-10-17 13:40:00+05:30,2025-10-17 13:45:00+05:30,1492.7014,1503.8966605,1474.7889831999998,2025-10-17 13:50:00+05:30,1484.7409489746092,BE,0.40392018305368427,0.5332915896903921,51.26080322265625,7.2727274894714355,18.23466682434082,7.090779312363754,3.1688305489312256,0.00425005020306108,0.96,50000,5.0,250000.0,1333.2289742259804,1009.8004576342106,2.0196009152684216,2.666457948451961
2025-10-17,PNBGILTS,SHORT,A_MOD_BREAK_C1_LOW,MODERATE,2025-10-17 13:10:00+05:30,2025-10-17 13:15:00+05:30,90.35000152587891,91.027626537323,89.26580150756836,2025-10-17 13:45:00+05:30,89.98916122436522,BE,0.2698349370102615,0.399380515129637,47.721046447753906,21.387283325195312,14.780211448669434,3.0552438995202182,3.348924957962043,0.002417825451271505,0.9258156967163085,50000,5.0,250000.0,998.4512878240924,674.5873425256539,1.3491746850513078,1.9969025756481846
2025-10-17,PRECWIRE,SHORT,A_MOD_BREAK_C1_LOW,MODERATE,2025-10-17 13:35:00+05:30,2025-10-17 13:40:00+05:30,200.16000671386718,201.6612067642212,197.75808663330076,2025-10-17 14:00:00+05:30,199.7073306121826,BE,0.09638623636852764,0.2261571175562977,44.561065673828125,9.798271179199219,3.200000047683716,6.914625166434121,3.205751832848183,0.0022262338542719767,0.8784159851074218,50000,5.0,250000.0,565.3927938907442,240.9655909213191,0.48193118184263817,1.1307855877814883
2025-10-17,SUBROS,SHORT,A_MOD_BREAK_C1_LOW,MODERATE,2025-10-17 11:10:00+05:30,2025-10-17 11:15:00+05:30,1034.793,1042.5539475,1022.3754839999999,2025-10-17 11:30:00+05:30,1027.673775512695,BE,0.5588151695095851,0.6879853736259128,37.22600173950195,10.738255500793457,6.01677131652832,3.620394231036385,3.0993765008155676,0.0035721180471750234,0.7683900260925292,50000,5.0,250000.0,1719.9634340647822,1397.0379237739628,2.7940758475479255,3.439926868129564
2025-10-17,UDS,SHORT,A_MOD_BREAK_C1_LOW,MODERATE,2025-10-17 10:35:00+05:30,2025-10-17 10:40:00+05:30,226.2,227.8965,223.48559999999998,2025-10-17 10:45:00+05:30,223.36809693908688,BE,1.123509846595212,1.2519465344443441,26.33694076538086,35.076045989990234,0.0,2.834417233687083,2.6841910931779114,0.005660615573271862,0.6050541114807129,50000,5.0,250000.0,3129.86633611086,2808.77461648803,5.61754923297606,6.25973267222172
2025-10-17,UPL,SHORT,A_MOD_BREAK_C1_LOW,MODERATE,2025-10-17 13:35:00+05:30,2025-10-17 13:40:00+05:30,673.4652555908203,678.5162450077515,665.3836725237305,2025-10-17 14:30:00+05:30,674.25,EOD,-0.24673995831642967,-0.1165233696415745,28.976764678955078,19.576719284057617,7.293322563171387,2.964994112111058,2.165318446822538,0.002210442608495369,0.6446514701843262,50000,5.0,250000.0,-291.30842410393626,-616.8498957910741,-1.2336997915821482,-0.5826168482078725
2025-10-20,AARTIDRUGS,SHORT,A_MOD_BREAK_C1_LOW,MODERATE,2025-10-20 09:30:00+05:30,2025-10-20 09:35:00+05:30,511.94757779541015,515.7871846288757,505.8042068618652,2025-10-20 10:30:00+05:30,509.8750561218261,BE,0.2752923496808102,0.40483083883488785,25.082849502563477,39.0,15.509259223937988,0.8471658335941032,1.3078281813828483,0.004289480694718483,0.3498881724865626,50000,5.0,250000.0,1012.0770970872197,688.2308742020253,1.3764617484040507,2.0241541941744394
2025-10-20,AKZOINDIA,SHORT,A_MOD_BREAK_C1_LOW,MODERATE,2025-10-20 09:45:00+05:30,2025-10-20 09:50:00+05:30,3381.623588818359,3406.985765734497,3341.0441057525386,2025-10-20 12:45:00+05:30,3358.9466020507807,BE,0.5414018236079092,0.6705946469785088,37.33709716796875,26.93602752685547,41.377471923828125,0.49211539988588066,1.4058622601448936,0.002483516984674569,0.47646976550680503,50000,5.0,250000.0,1676.4866174462718,1353.504559019773,2.707009118039546,3.3529732348925436
2025-10-20,DEEPAKFERT,SHORT,A_MOD_BREAK_C1_LOW,MODERATE,2025-10-20 11:25:00+05:30,2025-10-20 11:30:00+05:30,1414.1171444091797,1424.7230229922486,1397.1477386762695,2025-10-20 12:00:00+05:30,1424.7230229922486,SL,-0.8810405202601198,-0.7500000000000068,30.217491149902344,6.840390682220459,2.9214279651641846,4.918059518812371,3.289811145121327,0.002918130737791977,0.6632623672485352,50000,5.0,250000.0,-1875.0000000000168,-2202.6013006502994,-4.405202601300599,-3.7500000000000338
2025-10-20,KKCL,SHORT,A_MOD_BREAK_C1_LOW,MODERATE,2025-10-20 10:00:00+05:30,2025-10-20 10:05:00+05:30,528.3443222045898,532.3069046211243,522.0041903381348,2025-10-20 10:45:00+05:30,513.6362755126953,BE,2.6573552346602187,2.7837995174289327,30.542001724243164,36.768802642822266,23.026315689086914,1.0516181761802932,1.8508599972261475,0.0036481062585191175,0.4947062065565061,50000,5.0,250000.0,6959.498793572332,6643.388086650547,13.286776173301092,13.918997587144663
2025-10-20,MANINFRA,SHORT,B_HUGE_RED_FAILED_BOUNCE,HUGE,2025-10-20 09:30:00+05:30,2025-10-20 10:00:00+05:30,143.59999389648436,144.67699385070802,141.87679396972655,2025-10-20 10:10:00+05:30,143.1280969390869,BE,0.19898145105752071,0.3286190650799289,30.64927101135254,50.63694381713867,30.586519241333008,1.128849749240564,0.16891932637800383,0.0039420835420537195,0.465733737606287,50000,5.0,250000.0,821.5476626998222,497.4536276438018,0.9949072552876036,1.6430953253996443
2025-10-20,ORIENTCEM,SHORT,A_MOD_BREAK_C1_LOW,MODERATE,2025-10-20 09:50:00+05:30,2025-10-20 09:55:00+05:30,212.45,214.043375,209.9006,2025-10-20 14:30:00+05:30,213.08999633789062,EOD,-0.43170247630801095,-0.30124562856702114,27.044635772705078,22.22222137451172,10.909262657165527,1.2278125304267082,1.508752907114761,0.0029668108008815202,0.4559743747709882,50000,5.0,250000.0,-753.1140714175529,-1079.2561907700274,-2.1585123815400546,-1.5062281428351056
2025-10-23,BPCL,SHORT,A_MOD_BREAK_C1_LOW,MODERATE,2025-10-23 10:15:00+05:30,2025-10-23 10:20:00+05:30,326.78463610229494,329.23552087306217,322.8632204690674,2025-10-23 10:25:00+05:30,325.7743877563476,BE,0.1794851158176301,0.30914805481586016,25.060508728027344,22.613065719604492,7.456246376037598,1.9399046384515575,2.298097427682584,0.004017993673597015,0.5753909426494326,50000,5.0,250000.0,772.8701370396504,448.7127895440753,0.8974255790881507,1.545740274079301
2025-10-23,CHENNPETRO,SHORT,A_MOD_BREAK_C1_LOW,MODERATE,2025-10-23 10:25:00+05:30,2025-10-23 10:30:00+05:30,744.0511722045899,749.6315559961243,735.1225581381348,2025-10-23 10:35:00+05:30,741.8689744873046,BE,0.1636024026121221,0.2932859726327015,51.19499969482422,15.3125,5.724050045013428,1.5090933123722443,2.235132235950424,0.006546260131716931,0.8740913296651427,50000,5.0,250000.0,733.2149315817537,409.0060065303053,0.8180120130606104,1.4664298631635075
2025-10-23,GODFRYPHLP,SHORT,A_MOD_BREAK_C1_LOW,MODERATE,2025-10-23 10:30:00+05:30,2025-10-23 10:35:00+05:30,3208.9581776367186,3233.025363968994,3170.450679505078,2025-10-23 10:40:00+05:30,3174.69555102539,BE,0.9390417743863471,1.0677180790359069,49.718353271484375,3.8085434436798096,4.497960567474365,2.7050141234305904,4.4647100185533946,0.007140856683886475,0.9557752990722654,50000,5.0,250000.0,2669.295197589767,2347.6044359658677,4.695208871931735,5.338590395179534
2025-10-23,IOC,SHORT,A_MOD_BREAK_C1_LOW,MODERATE,2025-10-23 10:25:00+05:30,2025-10-23 10:30:00+05:30,146.0699951171875,147.1655200805664,144.31715517578124,2025-10-23 11:20:00+05:30,147.1655200805664,SL,-0.8810405202601127,-0.75000000000001,46.35873794555664,23.74798011779785,14.843419075012207,1.7102600791774987,2.2404804884258156,0.00490622486793793,0.8546765830394119,50000,5.0,250000.0,-1875.000000000025,-2202.6013006502817,-4.405202601300563,-3.7500000000000497
2025-10-23,IXIGO,SHORT,A_MOD_BREAK_C1_LOW,MODERATE,2025-10-23 09:55:00+05:30,2025-10-23 10:00:00+05:30,316.88662220458986,319.2632718711243,313.08398273813475,2025-10-23 10:10:00+05:30,316.0453061218261,BE,0.1357746343462007,0.26549435154778017,26.03689956665039,9.937888145446777,3.5447065830230713,2.133176280884952,3.467380793041676,0.007208181469247646,0.6005534934997558,50000,5.0,250000.0,663.7358788694504,339.43658586550174,0.6788731717310035,1.3274717577389008
2025-10-23,PLATIND,SHORT,A_MOD_BREAK_C1_LOW,MODERATE,2025-10-23 10:20:00+05:30,2025-10-23 10:25:00+05:30,285.6428722045898,287.78519374612426,282.21515773813474,2025-10-23 10:40:00+05:30,284.852,BE,0.1471695599901281,0.27687447562962075,37.719757080078125,12.867647171020508,0.0,2.156612725656236,2.219695894332606,0.006237811695602286,0.7757963562011718,50000,5.0,250000.0,692.1861890740519,367.92389997532024,0.7358477999506405,1.3843723781481037
2025-10-23,UTIAMC,SHORT,A_MOD_BREAK_C1_LOW,MODERATE,2025-10-23 09:45:00+05:30,2025-10-23 09:50:00+05:30,1304.739,1314.5245425,1289.082132,2025-10-23 14:30:00+05:30,1312.0,EOD,-0.6872986265155675,-0.556509769386825,33.65576171875,9.504950523376465,3.251521110534668,1.3533185267730492,3.342112317629635,0.005375873758746963,0.6016671679665335,50000,5.0,250000.0,-1391.2744234670622,-1718.2465662889188,-3.4364931325778376,-2.7825488469341244
2025-10-24,APOLLOTYRE,SHORT,A_MOD_BREAK_C1_LOW,MODERATE,2025-10-24 13:50:00+05:30,2025-10-24 13:55:00+05:30,498.65025,502.3901268750001,492.666447,2025-10-24 14:30:00+05:30,500.29998779296875,EOD,-0.4613360034955253,-0.3308406629634141,27.888957977294922,5.633802890777588,1.6226664781570435,9.602834044955017,5.5971547713913194,0.002133478484786512,0.6283343696594239,50000,5.0,250000.0,-827.1016574085352,-1153.3400087388131,-2.306680017477626,-1.6542033148170703
2025-10-24,CCL,SHORT,A_MOD_BREAK_C1_LOW,MODERATE,2025-10-24 13:40:00+05:30,2025-10-24 13:45:00+05:30,835.8328,842.1015460000001,825.8028064,2025-10-24 14:30:00+05:30,837.5499877929688,EOD,-0.33577857400803546,-0.20544632765892049,61.47400665283203,7.857142925262451,1.1029690504074097,5.710813030138113,4.6397773225986665,0.0022337444048218355,0.96,50000,5.0,250000.0,-513.6158191473013,-839.4464350200886,-1.6788928700401773,-1.0272316382946025
2025-10-24,HEROMOTOCO,SHORT,A_MOD_BREAK_C1_LOW,MODERATE,2025-10-24 11:20:00+05:30,2025-10-24 11:25:00+05:30,5548.89,5590.5066750000005,5482.30332,2025-10-24 12:10:00+05:30,5537.562999999999,BE,0.0743313866997453,0.2041309162733652,36.48481369018555,19.44444465637207,8.419116020202637,2.858241904429877,2.5239855091303225,0.0020843786902549214,0.7572722053527832,50000,5.0,250000.0,510.32729068341297,185.82846674936326,0.3716569334987265,1.020654581366826
2025-10-24,HGINFRA,SHORT,A_MOD_BREAK_C1_LOW,MODERATE,2025-10-24 09:50:00+05:30,2025-10-24 09:55:00+05:30,926.8146,933.7657095000001,915.6928248,2025-10-24 10:00:00+05:30,923.7629999999999,BE,0.19962000530387827,0.3292567898693138,31.20553970336914,21.58590316772461,13.93533992767334,0.6575392170868709,1.922839859073431,0.0031399292210287774,0.43929445149441104,50000,5.0,250000.0,823.1419746732845,499.0500132596957,0.9981000265193914,1.6462839493465689
2025-10-24,MBAPL,SHORT,A_MOD_BREAK_C1_LOW,MODERATE,2025-10-24 09:40:00+05:30,2025-10-24 09:45:00+05:30,409.1181722045898,412.1865584961243,404.20875413813474,2025-10-24 09:50:00+05:30,408.22099999999995,BE,0.08951433915250832,0.21929414666558128,65.81666564941406,15.543070793151855,3.3519392013549805,1.8205346112942897,4.495400023880026,0.007993653887695018,0.9285935569765007,50000,5.0,250000.0,548.2353666639532,223.7858478812708,0.4475716957625416,1.0964707333279062
2025-10-24,NAVINFLUOR,SHORT,A_MOD_BREAK_C1_LOW,MODERATE,2025-10-24 11:25:00+05:30,2025-10-24 11:30:00+05:30,4987.0024,5024.404918,4927.1583712,2025-10-24 11:55:00+05:30,5024.404918,SL,-0.8810405202601065,-0.7499999999999973,26.035396575927734,5.005324840545654,0.10368066281080246,4.9112788995221575,4.29205201756965,0.0023012373479921145,0.6005309486389161,50000,5.0,250000.0,-1874.9999999999934,-2202.6013006502662,-4.405202601300533,-3.7499999999999867
2025-10-24,PFC,SHORT,A_PULLBACK_C2_THEN_BREAK_C2_LOW,MODERATE,2025-10-24 10:20:00+05:30,2025-10-24 10:30:00+05:30,394.5710638977051,397.53034687693787,389.8362111309326,2025-10-24 14:30:00+05:30,393.20001220703125,EOD,0.2178659424366047,0.3474790262443768,32.53851318359375,37.77777862548828,20.09148406982422,1.4648517561628922,2.1809504263467923,0.002262115801186915,0.6044267550824123,50000,5.0,250000.0,868.6975656109421,544.6648560915118,1.0893297121830234,1.7373951312218843
2025-10-24,SWSOLAR,SHORT,A_PULLBACK_C2_THEN_BREAK_C2_LOW,MODERATE,2025-10-24 09:35:00+05:30,2025-10-24 09:45:00+05:30,227.14999694824218,228.85362192535402,224.42419698486327,2025-10-24 11:10:00+05:30,226.6880244903564,BE,0.07357719892905079,0.20337770816304615,27.936288833618164,41.84782791137695,20.321638107299805,0.8101648187697362,0.44409829528536127,0.00316288890590715,0.34302809055324435,50000,5.0,250000.0,508.4442704076154,183.94299732262698,0.36788599464525396,1.0168885408152308
2025-10-24,UCOBANK,SHORT,A_MOD_BREAK_C1_LOW,MODERATE,2025-10-24 10:15:00+05:30,2025-10-24 10:20:00+05:30,32.01999969482422,32.26014969253541,31.635759698486332,2025-10-24 12:20:00+05:30,31.895399234771727,BE,0.2595743268543358,0.38913323310441966,48.911521911621094,41.17647171020508,29.761905670166016,1.12607029862841,1.9931539815435606,0.003428927466502489,0.7903928300114662,50000,5.0,250000.0,972.8330827610492,648.9358171358394,1.297871634271679,1.9456661655220986
2025-10-24,VEEDOL,SHORT,A_MOD_BREAK_C1_LOW,MODERATE,2025-10-24 13:50:00+05:30,2025-10-24 13:55:00+05:30,1763.3472111816407,1776.572315265503,1742.1870446474609,2025-10-24 14:30:00+05:30,1758.0999755859375,EOD,0.16789446071741965,0.29757245552263767,36.65754318237305,9.762533187866211,3.5788633823394775,5.3141931573830306,3.3386747897109825,0.0024299564938058157,0.7598631477355957,50000,5.0,250000.0,743.9311388065942,419.73615179354914,0.8394723035870983,1.4878622776131885
2025-10-27,AVANTEL,SHORT,A_MOD_BREAK_C1_LOW,MODERATE,2025-10-27 09:45:00+05:30,2025-10-27 09:50:00+05:30,173.45,174.750875,171.3686,2025-10-27 10:25:00+05:30,174.750875,SL,-0.8810405202601391,-0.7500000000000111,37.709651947021484,12.589073181152344,7.288183212280273,1.557654872118617,3.6831068526791775,0.006438527416297252,0.6982343818260801,50000,5.0,250000.0,-1875.0000000000277,-2202.6013006503476,-4.4052026013006955,-3.7500000000000555
2025-10-27,BRITANNIA,SHORT,A_MOD_BREAK_C1_LOW,MODERATE,2025-10-27 10:00:00+05:30,2025-10-27 10:05:00+05:30,5981.8034,6026.6669255,5910.0217592,2025-10-27 13:05:00+05:30,5961.831999999999,BE,0.20423842867581138,0.3338692140901916,31.745895385742188,27.0,11.699779510498047,1.0293262986752476,1.6336581346195695,0.0025071034598027745,0.4980034397852796,50000,5.0,250000.0,834.673035225479,510.59607168952846,1.021192143379057,1.669346070450958
2025-10-27,GHCLTEXTIL,SHORT,A_MOD_BREAK_C1_LOW,MODERATE,2025-10-27 10:25:00+05:30,2025-10-27 10:30:00+05:30,78.26999969482422,78.8570246925354,77.33075969848633,2025-10-27 10:40:00+05:30,77.83279846954345,BE,0.42924233033473636,0.5585808444939657,48.89934539794922,30.617977142333984,47.6612548828125,1.152394786165974,1.697259320855755,0.006420545845335846,0.7800222345910715,50000,5.0,250000.0,1396.4521112349144,1073.105825836841,2.1462116516736818,2.7929042224698284
2025-10-27,HUHTAMAKI,SHORT,A_MOD_BREAK_C1_LOW,MODERATE,2025-10-27 10:15:00+05:30,2025-10-27 10:20:00+05:30,260.59786389770505,262.55234787693786,257.4706895309326,2025-10-27 10:25:00+05:30,260.02774999999997,BE,0.08899102880112601,0.2187715160738527,34.368743896484375,16.4073543548584,3.1308250427246094,2.372353398389326,2.635867134329101,0.004680606396233968,0.7255311584472657,50000,5.0,250000.0,546.9287901846317,222.477572002815,0.44495514400562997,1.0938575803692634
2025-10-27,MANORAMA,SHORT,A_MOD_BREAK_C1_LOW,MODERATE,2025-10-27 09:45:00+05:30,2025-10-27 09:50:00+05:30,1424.715,1435.4003625,1407.61842,2025-10-27 10:00:00+05:30,1419.4455510253904,BE,0.24027589076538503,0.36985986492804046,38.168514251708984,24.61197280883789,14.069454193115234,0.9833155082170849,2.3503445938039036,0.0037227432838207596,0.6046079277136247,50000,5.0,250000.0,924.6496623201011,600.6897269134626,1.2013794538269251,1.8492993246402023
2025-10-27,POLYMED,SHORT,A_MOD_BREAK_C1_LOW,MODERATE,2025-10-27 10:35:00+05:30,2025-10-27 10:40:00+05:30,1899.62,1913.86715,1876.8245599999998,2025-10-27 13:35:00+05:30,1889.7522755126952,BE,0.39006841240262174,0.5194578119468479,28.229110717773438,33.15217208862305,15.681568145751953,1.7250329524909325,2.5147245514133103,0.002917293247423674,0.5853174274525148,50000,5.0,250000.0,1298.64452986712,975.1710310065544,1.9503420620131087,2.59728905973424
2025-10-27,UNOMINDA,SHORT,A_MOD_BREAK_C1_LOW,MODERATE,2025-10-27 09:35:00+05:30,2025-10-27 09:40:00+05:30,1188.5622888183593,1197.4765059844972,1174.299541352539,2025-10-27 12:15:00+05:30,1197.4765059844972,SL,-0.881040520260125,-0.7500000000000139,30.009769439697266,43.209877014160156,65.3907470703125,0.501707805805761,0.26503370220192646,0.003004229803733064,0.3111970927215635,50000,5.0,250000.0,-1875.0000000000346,-2202.6013006503126,-4.405202601300625,-3.7500000000000693
2025-10-28,ALKEM,SHORT,A_MOD_BREAK_C1_LOW,MODERATE,2025-10-28 10:00:00+05:30,2025-10-28 10:05:00+05:30,5398.92,5439.4119,5334.13296,2025-10-28 10:55:00+05:30,5376.079999999999,BE,0.29353277692392865,0.42304757247747804,49.98572540283203,13.333333015441895,3.434474229812622,1.7739374037173206,3.6884243735982642,0.0025855000649000004,0.9202249266930116,50000,5.0,250000.0,1057.618931193695,733.8319423098217,1.4676638846196433,2.11523786238739
2025-10-28,KALAMANDIR,SHORT,A_MOD_BREAK_C1_LOW,MODERATE,2025-10-28 13:10:00+05:30,2025-10-28 13:15:00+05:30,202.5500061035156,204.069131149292,200.1194060302734,2025-10-28 13:20:00+05:30,204.069131149292,SL,-0.8810405202601108,-0.750000000000005,29.981544494628906,11.538461685180664,8.857369422912598,8.590284366592748,2.858398379078571,0.0063840272029561055,0.6597231674194335,50000,5.0,250000.0,-1875.0000000000125,-2202.601300650277,-4.405202601300554,-3.750000000000025
2025-10-28,PARAS,SHORT,A_MOD_BREAK_C1_LOW,MODERATE,2025-10-28 09:35:00+05:30,2025-10-28 09:40:00+05:30,717.0065944091797,722.3841438672486,708.4025152762695,2025-10-28 09:55:00+05:30,712.6816377563475,BE,0.47391573179978813,0.6031962169603143,25.118093490600586,33.61581802368164,29.712522506713867,1.2770939007062014,2.0379260936308947,0.003492815303494301,0.46026283498259407,50000,5.0,250000.0,1507.990542400786,1184.7893294994703,2.369578658998941,3.015981084801572
2025-10-28,POKARNA,SHORT,A_MOD_BREAK_C1_LOW,MODERATE,2025-10-28 13:35:00+05:30,2025-10-28 13:40:00+05:30,871.9755944091797,878.5154113672486,861.5118872762696,2025-10-28 13:45:00+05:30,868.3973877563476,BE,0.28082498223310765,0.4103562847142075,29.78754425048828,38.14655303955078,36.10179138183594,4.574525023325434,1.5963177694705544,0.002853049521459891,0.636629052230852,50000,5.0,250000.0,1025.8907117855188,702.0624555827692,1.4041249111655383,2.0517814235710374
2025-10-28,TATAELXSI,SHORT,A_MOD_BREAK_C1_LOW,MODERATE,2025-10-28 10:10:00+05:30,2025-10-28 10:15:00+05:30,5538.892,5580.43369,5472.425295999999,2025-10-28 14:30:00+05:30,5535.0,EOD,-0.05970687909737687,0.07026676093341097,42.84151840209961,26.66666603088379,21.62329864501953,1.1672277245589027,2.142716195731608,0.0026741413259269635,0.7068876278293021,50000,5.0,250000.0,175.66690233352742,-149.26719774344215,-0.2985343954868843,0.3513338046670548
2025-10-28,TBOTEK,SHORT,A_MOD_BREAK_C1_LOW,MODERATE,2025-10-28 09:30:00+05:30,2025-10-28 09:35:00+05:30,1591.1817,1603.1155627500002,1572.0875196000002,2025-10-28 09:45:00+05:30,1586.5454489746091,BE,0.1616855052629886,0.29137156525813157,36.05911636352539,32.5431022644043,31.619047164916992,0.6184829319450054,1.9623167908377308,0.004148391491065881,0.5072370980851433,50000,5.0,250000.0,728.4289131453289,404.21376315747153,0.8084275263149431,1.456857826290658
2025-10-28,WINDMACHIN,SHORT,A_MOD_BREAK_C1_LOW,MODERATE,2025-10-28 09:55:00+05:30,2025-10-28 10:00:00+05:30,273.9452,275.999789,270.6578576,2025-10-28 10:10:00+05:30,272.7156938781738,BE,0.31933334327692803,0.44881462490534785,33.703853607177734,29.87421417236328,14.333032608032227,1.8096395700771457,2.8298012549328666,0.006764859178640547,0.6822447288711664,50000,5.0,250000.0,1122.0365622633697,798.33335819232,1.5966667163846402,2.2440731245267393
2025-10-29,ANANDRATHI,SHORT,A_MOD_BREAK_C1_LOW,MODERATE,2025-10-29 10:00:00+05:30,2025-10-29 10:05:00+05:30,3084.383,3107.5158725,3047.370404,2025-10-29 10:15:00+05:30,3074.1949999999997,BE,0.20067375788406822,0.330309173666179,39.12147521972656,19.328264236450195,21.105731964111328,1.0449441161065487,2.629246053718711,0.006112860149944748,0.6296873486145445,50000,5.0,250000.0,825.7729341654475,501.6843947101705,1.0033687894203411,1.6515458683308952
2025-10-29,BSOFT,SHORT,A_MOD_BREAK_C1_LOW,MODERATE,2025-10-29 09:45:00+05:30,2025-10-29 09:50:00+05:30,373.27533610229494,376.0749011230622,368.7960320690674,2025-10-29 12:50:00+05:30,376.0749011230622,SL,-0.8810405202601195,-0.7500000000000131,30.554794311523438,29.473684310913086,15.354063987731934,1.728126882410773,2.3818460088048603,0.0035771675469824823,0.6207441190947367,50000,5.0,250000.0,-1875.0000000000327,-2202.6013006502985,-4.405202601300597,-3.7500000000000657
2025-10-29,HEMIPROP,SHORT,A_MOD_BREAK_C1_LOW,MODERATE,2025-10-29 10:10:00+05:30,2025-10-29 10:15:00+05:30,139.36000366210936,140.4052036895752,137.68768361816404,2025-10-29 12:50:00+05:30,140.4052036895752,SL,-0.8810405202601101,-0.7500000000000032,41.52555847167969,23.255813598632812,10.483104705810547,1.6101191771555972,2.341778123987442,0.0036405530027163926,0.7646542330774249,50000,5.0,250000.0,-1875.000000000008,-2202.6013006502753,-4.405202601300551,-3.750000000000016
2025-10-29,HGS,SHORT,A_MOD_BREAK_C1_LOW,MODERATE,2025-10-29 09:45:00+05:30,2025-10-29 09:50:00+05:30,525.14495,529.083537125,518.8432106,2025-10-29 12:00:00+05:30,529.083537125,SL,-0.8810405202601209,-0.750000000000005,31.01089096069336,34.81012725830078,59.117645263671875,0.6221319161198803,1.649188749358311,0.005975608544265855,0.416495887199295,50000,5.0,250000.0,-1875.0000000000125,-2202.601300650302,-4.405202601300604,-3.750000000000025
2025-10-29,LTTS,SHORT,A_MOD_BREAK_C1_LOW,MODERATE,2025-10-29 09:35:00+05:30,2025-10-29 09:40:00+05:30,4080.9836888183595,4111.591066484498,4032.011884552539,2025-10-29 12:50:00+05:30,4111.591066484498,SL,-0.8810405202601179,-0.7500000000000145,51.573638916015625,13.39648151397705,25.503355026245117,1.041852951630528,3.5524309759836257,0.003150462938119653,0.7923242665353423,50000,5.0,250000.0,-1875.0000000000364,-2202.601300650295,-4.40520260130059,-3.750000000000073
2025-10-29,MOTILALOFS,SHORT,A_PULLBACK_C2_THEN_BREAK_C2_LOW,MODERATE,2025-10-29 09:40:00+05:30,2025-10-29 09:50:00+05:30,1015.8467777954102,1023.4656286288758,1003.6566164618653,2025-10-29 10:30:00+05:30,1007.5134999999999,BE,0.6913301481617758,0.8203282205112788,37.02336502075195,13.021978378295898,3.4604105949401855,1.2205724654421137,4.733913930722387,0.009389457103665608,0.6289506567636491,50000,5.0,250000.0,2050.8205512781974,1728.3253704044398,3.4566507408088794,4.101641102556395
2025-10-29,SPLPETRO,SHORT,A_MOD_BREAK_C1_LOW,MODERATE,2025-10-29 10:15:00+05:30,2025-10-29 10:20:00+05:30,768.9961944091797,774.7636658672486,759.7682400762695,2025-10-29 11:25:00+05:30,765.6902244873046,BE,0.30040131527527525,0.4299071888665286,33.923763275146484,0.0,1.49135422706604,3.29887316185374,3.5444480083389744,0.004023948840462906,0.7188564491271972,50000,5.0,250000.0,1074.7679721663214,751.0032881881881,1.5020065763763761,2.149535944332643
2025-10-30,CIPLA,SHORT,A_MOD_BREAK_C1_LOW,MODERATE,2025-10-30 09:35:00+05:30,2025-10-30 09:40:00+05:30,1565.6868,1577.429451,1546.8985584,2025-10-30 09:45:00+05:30,1562.272775512695,BE,0.0882714150647568,0.21805283708752699,25.741098403930664,22.545454025268555,12.006319046020508,1.2938517709774935,2.6638664112123784,0.0025451559368830225,0.47254053598002127,50000,5.0,250000.0,545.1320927188175,220.67853766189202,0.44135707532378404,1.090264185437635
2025-10-30,CUB,SHORT,A_MOD_BREAK_C1_LOW,MODERATE,2025-10-30 09:30:00+05:30,2025-10-30 09:35:00+05:30,233.34999389648436,235.10011885070801,230.54979396972655,2025-10-30 10:00:00+05:30,232.60573367309567,BE,0.1892956982240534,0.3189458936599981,26.4770565032959,31.420373916625977,15.870253562927246,0.986207162896983,2.4628974916649113,0.003690782268008542,0.4297421010564105,50000,5.0,250000.0,797.3647341499952,473.2392455601335,0.9464784911202669,1.5947294682999904
2025-10-30,GOCLCORP,SHORT,A_MOD_BREAK_C1_LOW,MODERATE,2025-10-30 09:55:00+05:30,2025-10-30 10:00:00+05:30,364.927,367.66395250000005,360.54787600000003,2025-10-30 10:40:00+05:30,362.58449999999993,BE,0.5126790706569273,0.6419092037585836,40.12569808959961,43.119266510009766,47.91666793823242,0.5731006759119774,1.0339024049169638,0.004812112640808977,0.5138732098744383,50000,5.0,250000.0,1604.773009396459,1281.6976766423181,2.563395353284636,3.209546018792918
2025-10-30,GSFC,SHORT,A_MOD_BREAK_C1_LOW,MODERATE,2025-10-30 09:55:00+05:30,2025-10-30 10:00:00+05:30,193.06000061035155,194.5079506149292,190.74328060302733,2025-10-30 14:30:00+05:30,192.88999938964844,EOD,-0.04189434345172572,0.08805615879294598,35.806175231933594,23.38129425048828,4.9168195724487305,2.2372329877213137,2.3999715856776134,0.0021960958414073153,0.7470926284790038,50000,5.0,250000.0,220.14039698236496,-104.73585862931431,-0.20947171725862862,0.4402807939647299
2025-10-30,HFCL,SHORT,A_MOD_BREAK_C1_LOW,MODERATE,2025-10-30 10:05:00+05:30,2025-10-30 10:10:00+05:30,75.14999694824219,75.713621925354,74.24819698486328,2025-10-30 14:30:00+05:30,74.94999694824219,EOD,0.1364155239672879,0.2661344086783506,35.56849670410156,21.523178100585938,2.303278684616089,1.9858398011635132,2.7893682159422917,0.00426255055842931,0.7410494157651382,50000,5.0,250000.0,665.3360216958764,341.0388099182197,0.6820776198364394,1.3306720433917527
2025-10-30,LICHSGFIN,SHORT,A_MOD_BREAK_C1_LOW,MODERATE,2025-10-30 09:30:00+05:30,2025-10-30 09:35:00+05:30,579.4340777954102,583.7798333788758,572.4808688618652,2025-10-30 09:45:00+05:30,578.2294999999999,BE,0.07809402752741292,0.2078886695779726,32.794776916503906,15.909090995788574,9.935897827148438,1.6146062030859172,4.129987674201763,0.0039052877725304527,0.634477739287594,50000,5.0,250000.0,519.7216739449316,195.23506881853228,0.39047013763706456,1.0394433478898633
2025-10-30,SPIC,SHORT,A_MOD_BREAK_C1_LOW,MODERATE,2025-10-30 09:45:00+05:30,2025-10-30 09:50:00+05:30,91.2999984741211,91.984748462677,90.20439849243164,2025-10-30 09:55:00+05:30,91.09245969390868,BE,0.09754583174164581,0.22731520666042898,31.157447814941406,33.09352493286133,16.66666603088379,1.74497629260987,1.658086930264677,0.0030964111063398977,0.6156369149440821,50000,5.0,250000.0,568.2880166510724,243.86457935411454,0.487729158708229,1.1365760333021449
2025-10-30,WELENT,SHORT,A_MOD_BREAK_C1_LOW,MODERATE,2025-10-30 10:15:00+05:30,2025-10-30 10:20:00+05:30,559.0881722045898,563.2813334961243,552.3791141381347,2025-10-30 11:20:00+05:30,563.2813334961243,SL,-0.8810405202601351,-0.7500000000000075,27.61665153503418,39.84375,36.78160858154297,0.8113395876523548,1.3896313354202978,0.004679758855088973,0.38571576763568965,50000,5.0,250000.0,-1875.0000000000189,-2202.6013006503376,-4.405202601300675,-3.750000000000038
2025-10-31,APARINDS,SHORT,A_MOD_BREAK_C1_LOW,MODERATE,2025-10-31 09:55:00+05:30,2025-10-31 10:00:00+05:30,9076.6843,9144.75943225,8967.764088400001,2025-10-31 10:05:00+05:30,8931.714999999998,BE,1.4691737376058651,1.5971614215997627,32.39055252075195,27.165353775024414,3.811040163040161,2.20318030761305,2.6446165883109187,0.00530308968560277,0.6958582878112793,50000,5.0,250000.0,3992.903553999407,3672.9343440146627,7.345868688029325,7.985807107998815
2025-10-31,COHANCE,SHORT,A_MOD_BREAK_C1_LOW,MODERATE,2025-10-31 10:25:00+05:30,2025-10-31 10:30:00+05:30,758.1983055908203,763.8847928827514,749.0999259237304,2025-10-31 10:35:00+05:30,756.5628877563475,BE,0.08591341654331176,0.21569790151381726,50.498382568359375,7.159353256225586,0.0,2.985119779208561,3.5082147023847083,0.0034002392069542174,0.96,50000,5.0,250000.0,539.2447537845431,214.7835413582794,0.42956708271655875,1.0784895075690863
2025-10-31,DHANUKA,SHORT,A_MOD_BREAK_C1_LOW,MODERATE,2025-10-31 13:05:00+05:30,2025-10-31 13:10:00+05:30,1396.8205555908203,1407.2967097577516,1380.0587089237304,2025-10-31 13:15:00+05:30,1369.0949999999998,BE,1.8574212435553878,1.9849046092461933,35.76801300048828,23.068782806396484,16.26363182067871,2.053934875356852,2.5022247103505104,0.009396076202392578,0.7465201950073241,50000,5.0,250000.0,4962.261523115483,4643.553108888469,9.28710621777694,9.924523046230966
2025-10-31,FORTIS,SHORT,A_MOD_BREAK_C1_LOW,MODERATE,2025-10-31 09:35:00+05:30,2025-10-31 09:40:00+05:30,1037.6924444091796,1045.4751377422485,1025.2401350762696,2025-10-31 10:05:00+05:30,1045.4751377422485,SL,-0.8810405202601121,-0.7500000000000043,35.838531494140625,24.449338912963867,22.694671630859375,1.3525606666245078,2.6825907820621318,0.0034255998548857456,0.6342760890713983,50000,5.0,250000.0,-1875.0000000000107,-2202.6013006502803,-4.4052026013005605,-3.7500000000000213
2025-10-31,GMRP&UI,SHORT,A_MOD_BREAK_C1_LOW,MODERATE,2025-10-31 10:05:00+05:30,2025-10-31 10:10:00+05:30,117.89999694824219,118.78424692535401,116.48519698486328,2025-10-31 11:05:00+05:30,117.47136275482177,BE,0.2339652539407402,0.36355742537346375,28.454830169677734,24.230770111083984,5.60094690322876,2.149681863449557,1.9448895093693865,0.0026040090011333807,0.6340669280136353,50000,5.0,250000.0,908.8935634336593,584.9131348518505,1.169826269703701,1.8177871268673187
2025-10-31,GNFC,SHORT,A_MOD_BREAK_C1_LOW,MODERATE,2025-10-31 10:00:00+05:30,2025-10-31 10:05:00+05:30,502.64945,506.41932087500004,496.6176566,2025-10-31 11:35:00+05:30,501.6003061218261,BE,0.0789292173531611,0.20872277452484617,26.856639862060547,26.511627197265625,1.3227512836456299,1.577264043541347,2.622682623807349,0.00247798928209612,0.5388708055506439,50000,5.0,250000.0,521.8069363121153,197.32304338290274,0.3946460867658054,1.0436138726242308
2025-10-31,GODFRYPHLP,SHORT,A_MOD_BREAK_C1_LOW,MODERATE,2025-10-31 11:05:00+05:30,2025-10-31 11:10:00+05:30,3085.6827888183593,3108.825409734497,3048.6545953525388,2025-10-31 11:15:00+05:30,3078.9090510253905,BE,0.08974200927721909,0.21952152105572764,29.965938568115234,15.79352855682373,4.614776134490967,5.117965414606388,3.6495819829433183,0.004801531938325382,0.6594890785217284,50000,5.0,250000.0,548.8038026393191,224.3550231930477,0.4487100463860954,1.0976076052786383
2025-10-31,MAHSEAMLES,SHORT,A_MOD_BREAK_C1_LOW,MODERATE,2025-10-31 10:15:00+05:30,2025-10-31 10:20:00+05:30,573.63525,577.9375143750001,566.751627,2025-10-31 11:30:00+05:30,569.2025,BE,0.6436871833263149,0.7727471420210065,32.07197189331055,24.537036895751953,3.574554681777954,1.635853419581278,1.6202243348748726,0.002713738039148767,0.6083651435701254,50000,5.0,250000.0,1931.867855052516,1609.2179583157872,3.218435916631574,3.863735710105032
2025-10-31,MOLDTKPAC,SHORT,A_MOD_BREAK_C1_LOW,MODERATE,2025-10-31 09:35:00+05:30,2025-10-31 09:40:00+05:30,687.9623555908203,693.1220732577515,679.7068073237305,2025-10-31 09:45:00+05:30,683.4442244873046,BE,0.5275301942341184,0.6567410363079383,28.740175247192383,15.776987075805664,0.4583279490470886,1.6360865787529337,5.597473652494833,0.005625849527479789,0.5774177799896492,50000,5.0,250000.0,1641.8525907698458,1318.825485585296,2.637650971170592,3.2837051815396916
2025-11-03,BHAGCHEM,SHORT,A_MOD_BREAK_C1_LOW,MODERATE,2025-11-03 10:45:00+05:30,2025-11-03 10:50:00+05:30,245.45,247.290875,242.50459999999998,2025-11-03 11:05:00+05:30,247.290875,SL,-0.8810405202601209,-0.7500000000000046,28.866239547729492,27.440147399902344,24.150943756103516,2.3929752644196407,2.632907101516568,0.00224323549484284,0.6429935932159423,50000,5.0,250000.0,-1875.0000000000114,-2202.601300650302,-4.405202601300604,-3.7500000000000226
2025-11-03,BLUEDART,SHORT,A_MOD_BREAK_C1_LOW,MODERATE,2025-11-03 09:30:00+05:30,2025-11-03 09:35:00+05:30,6360.2277,6407.929407750001,6283.9049676,2025-11-03 10:00:00+05:30,6331.437499999999,BE,0.3231836142734438,0.4526598945506507,28.73607063293457,7.4010329246521,7.966970920562744,1.4090525866952701,4.324519567497355,0.006537340125259088,0.5376252621656907,50000,5.0,250000.0,1131.6497363766268,807.9590356836094,1.6159180713672185,2.263299472753254
2025-11-03,CLEAN,SHORT,A_MOD_BREAK_C1_LOW,MODERATE,2025-11-03 10:10:00+05:30,2025-11-03 10:15:00+05:30,1001.9995722045899,1009.5145689961244,989.9755773381348,2025-11-03 11:25:00+05:30,997.2828877563476,BE,0.3412744107743803,0.4707271918155301,26.945295333862305,39.05109405517578,27.183841705322266,2.150178291906577,2.1703949419586945,0.003532260388938166,0.6141794300079346,50000,5.0,250000.0,1176.8179795388253,853.1860269359507,1.7063720538719014,2.3536359590776508
2025-11-03,DWARKESH,SHORT,A_MOD_BREAK_C1_LOW,MODERATE,2025-11-03 09:30:00+05:30,2025-11-03 09:35:00+05:30,41.99999923706055,42.314999231338504,41.495999246215824,2025-11-03 09:40:00+05:30,41.77495153045654,BE,0.4064597747936231,0.5358278826001224,44.909542083740234,11.15384578704834,10.79251480102539,0.7461120855984872,3.9692178957794355,0.009359606267443395,0.6642127462358387,50000,5.0,250000.0,1339.5697065003058,1016.1494369840577,2.032298873968115,2.6791394130006116
2025-11-03,LTFOODS,SHORT,A_MOD_BREAK_C1_LOW,MODERATE,2025-11-03 09:45:00+05:30,2025-11-03 09:50:00+05:30,413.76723610229493,416.8704903730622,408.80202926906736,2025-11-03 10:00:00+05:30,412.5338877563476,BE,0.16840047976255354,0.298077817268838,25.48698616027832,21.052631378173828,4.0391974449157715,1.392901974583793,1.9346190527665597,0.0049148100625264046,0.48279359059466653,50000,5.0,250000.0,745.1945431720949,421.0011994063838,0.8420023988127676,1.4903890863441898
2025-11-03,SPAL,SHORT,A_MOD_BREAK_C1_LOW,MODERATE,2025-11-03 10:25:00+05:30,2025-11-03 10:30:00+05:30,731.8536,737.3425020000001,723.0713568,2025-11-03 10:35:00+05:30,729.1809999999999,BE,0.2355922680776253,0.36518232608271683,35.0224609375,20.394737243652344,6.209150314331055,1.4658346585805915,2.4390108258914736,0.002585870483533932,0.6418579793141035,50000,5.0,250000.0,912.9558152067921,588.9806701940632,1.1779613403881264,1.825911630413584
2025-11-03,SSDL,SHORT,A_MOD_BREAK_C1_LOW,MODERATE,2025-11-03 09:35:00+05:30,2025-11-03 09:40:00+05:30,84.1800033569336,84.81135338211061,83.16984331665039,2025-11-03 09:50:00+05:30,83.76053214263915,BE,0.36888576686159796,0.49830268183268783,35.518863677978516,42.4354248046875,25.925926208496094,0.8986093468886385,2.392529113005798,0.0030613455253734197,0.5500395908751894,50000,5.0,250000.0,1245.7567045817195,922.2144171539949,1.8444288343079898,2.491513409163439
2025-11-03,WENDT,SHORT,A_MOD_BREAK_C1_LOW,MODERATE,2025-11-03 09:40:00+05:30,2025-11-03 09:45:00+05:30,8638.272,8703.059040000002,8534.612736000001,2025-11-03 10:05:00+05:30,8605.74,BE,0.24702789482361562,0.3766030983974695,31.362640380859375,49.747474670410156,29.481481552124023,0.8875666997214117,0.34263655680973526,0.0033854166666666668,0.40289560600462443,50000,5.0,250000.0,941.5077459936738,617.569737059039,1.235139474118078,1.8830154919873474
2025-11-04,ADANIPOWER,SHORT,A_MOD_BREAK_C1_LOW,MODERATE,2025-11-04 09:30:00+05:30,2025-11-04 09:35:00+05:30,153.84999389648436,155.00386885070802,152.00379396972656,2025-11-04 10:05:00+05:30,155.00386885070802,SL,-0.8810405202601308,-0.7500000000000132,41.295387268066406,10.429448127746582,8.860559463500977,1.454541355428701,4.140660834461493,0.004667655405958037,0.7339755462210187,50000,5.0,250000.0,-1875.0000000000332,-2202.6013006503267,-4.405202601300654,-3.7500000000000666
2025-11-04,AVALON,SHORT,A_MOD_BREAK_C1_LOW,MODERATE,2025-11-04 09:55:00+05:30,2025-11-04 10:00:00+05:30,1165.3668555908203,1174.1071070077514,1151.3824533237305,2025-11-04 10:05:00+05:30,1174.1071070077514,SL,-0.8810405202601134,-0.750000000000003,28.3364315032959,16.449085235595703,2.641509532928467,2.167471837749129,2.721899211004947,0.003799392001519595,0.6350464725494385,50000,5.0,250000.0,-1875.0000000000075,-2202.6013006502835,-4.405202601300567,-3.750000000000015
2025-11-04,BDL,SHORT,A_PULLBACK_C2_THEN_BREAK_C2_LOW,MODERATE,2025-11-04 13:55:00+05:30,2025-11-04 14:05:00+05:30,1485.2029,1496.34192175,1467.3804652,2025-11-04 14:30:00+05:30,1485.0,EOD,-0.11638583070813059,0.013661433060762247,52.41032791137695,29.51388931274414,7.0084686279296875,5.562676458033295,2.7187811730599836,0.002449967728108066,0.96,50000,5.0,250000.0,34.153582651905616,-290.96457677032646,-0.5819291535406529,0.06830716530381123
2025-11-04,EUREKAFORB,SHORT,A_MOD_BREAK_C1_LOW,MODERATE,2025-11-04 10:25:00+05:30,2025-11-04 10:30:00+05:30,539.3921,543.43754075,532.9193948000001,2025-11-04 11:55:00+05:30,537.7082755126953,BE,0.1825117653589277,0.31217077285794853,58.502750396728516,20.20725440979004,2.755065679550171,2.305724827548378,2.9361479734835894,0.0028200715200231517,0.96,50000,5.0,250000.0,780.4269321448713,456.2794133973193,0.9125588267946386,1.5608538642897427
2025-11-04,GENESYS,SHORT,A_MOD_BREAK_C1_LOW,MODERATE,2025-11-04 13:20:00+05:30,2025-11-04 13:25:00+05:30,505.3989,509.1893917500001,499.33411320000005,2025-11-04 13:40:00+05:30,504.2582499999999,BE,0.09592152716829118,0.22569301199510078,47.93516540527344,28.69565200805664,19.230770111083984,4.353871046429734,1.8828725298184155,0.0020488907392371657,0.9231711075700224,50000,5.0,250000.0,564.232529987752,239.80381792072794,0.47960763584145594,1.128465059975504
2025-11-04,HSCL,SHORT,A_MOD_BREAK_C1_LOW,MODERATE,2025-11-04 09:50:00+05:30,2025-11-04 09:55:00+05:30,471.9056,475.44489200000004,466.2427328,2025-11-04 11:00:00+05:30,470.65774999999996,BE,0.13470678127624366,0.2644278855771214,48.15249252319336,26.767677307128906,11.372795104980469,0.8760615926332518,2.3949172847336424,0.003297285026441244,0.7355981665587195,50000,5.0,250000.0,661.0697139428034,336.7669531906092,0.6735339063812184,1.322139427885607
2025-11-04,NCC,SHORT,A_MOD_BREAK_C1_LOW,MODERATE,2025-11-04 11:00:00+05:30,2025-11-04 11:05:00+05:30,209.45,211.020875,206.9366,2025-11-04 11:15:00+05:30,208.72430612182615,BE,0.21686156197048392,0.34647595042914425,30.297252655029297,16.706443786621094,12.171613693237305,3.43142359146108,2.916180103597894,0.002836710505889056,0.6644587898254395,50000,5.0,250000.0,866.1898760728606,542.1539049262097,1.0843078098524195,1.7323797521457212
2025-11-04,NTPC,SHORT,A_MOD_BREAK_C1_LOW,MODERATE,2025-11-04 10:00:00+05:30,2025-11-04 10:05:00+05:30,332.1335722045898,334.6245739961243,328.14796933813477,2025-11-04 11:40:00+05:30,330.6891122436523,BE,0.30540395324606084,0.43490332860653064,28.845279693603516,25.925926208496094,3.607253074645996,2.219301846352872,2.8402356699961526,0.002214672575944855,0.6426791954040527,50000,5.0,250000.0,1087.2583215163265,763.5098831151521,1.5270197662303042,2.174516643032653
2025-11-04,POCL,SHORT,A_PULLBACK_C2_THEN_BREAK_C2_LOW,MODERATE,2025-11-04 10:00:00+05:30,2025-11-04 10:10:00+05:30,1316.3366555908203,1326.2091805077516,1300.5406157237305,2025-11-04 10:20:00+05:30,1305.0032755126952,BE,0.7320336406773231,0.8609788407843384,46.31383514404297,14.139693260192871,6.116208076477051,2.1351320959366564,2.99717652708139,0.007169410503224014,0.9047075271606444,50000,5.0,250000.0,2152.447101960846,1830.084101693308,3.6601682033866156,4.304894203921692
2025-11-04,RAYMONDLSL,SHORT,A_MOD_BREAK_C1_LOW,MODERATE,2025-11-04 10:30:00+05:30,2025-11-04 10:35:00+05:30,1181.7636,1190.626827,1167.5824368,2025-11-04 10:45:00+05:30,1176.5189999999998,BE,0.3143065313646691,0.44379434262488865,33.82065963745117,17.125381469726562,3.585714340209961,2.4069903665285186,2.345329786682146,0.004187462914726435,0.7173098945617675,50000,5.0,250000.0,1109.4858565622217,785.7663284116727,1.5715326568233454,2.2189717131244433
2025-11-06,ASHOKA,SHORT,A_MOD_BREAK_C1_LOW,MODERATE,2025-11-06 10:15:00+05:30,2025-11-06 10:20:00+05:30,200.02000732421874,201.5201573791504,197.6197672363281,2025-11-06 10:50:00+05:30,201.5201573791504,SL,-0.8810405202601284,-0.7500000000000057,65.3951187133789,8.99328899383545,4.967320442199707,2.4734344009975904,3.582530652904027,0.0055659087551598605,0.96,50000,5.0,250000.0,-1875.0000000000143,-2202.601300650321,-4.405202601300641,-3.7500000000000284
2025-11-06,HCLTECH,SHORT,A_MOD_BREAK_C1_LOW,MODERATE,2025-11-06 09:45:00+05:30,2025-11-06 09:50:00+05:30,1517.8963111816406,1529.280533515503,1499.6815554474608,2025-11-06 12:00:00+05:30,1529.280533515503,SL,-0.881040520260129,-0.7500000000000098,46.50475311279297,31.320755004882812,22.543657302856445,1.8404580418179297,2.5485684091667946,0.0024173219399437874,0.8796514540100322,50000,5.0,250000.0,-1875.0000000000243,-2202.6013006503226,-4.405202601300645,-3.7500000000000484
2025-11-06,IRCON,SHORT,A_MOD_BREAK_C1_LOW,MODERATE,2025-11-06 10:05:00+05:30,2025-11-06 10:10:00+05:30,165.19000549316405,166.4289305343628,163.2077254272461,2025-11-06 12:40:00+05:30,164.45188673400878,BE,0.31734629321917135,0.44683015594779146,42.54739761352539,15.710722923278809,3.7204129695892334,2.1888734568227317,2.6702419471914576,0.003197649226315715,0.8482109642028808,50000,5.0,250000.0,1117.0753898694786,793.3657330479283,1.5867314660958567,2.234150779738957
2025-11-06,JSWINFRA,SHORT,A_MOD_BREAK_C1_LOW,MODERATE,2025-11-06 10:20:00+05:30,2025-11-06 10:25:00+05:30,283.99317779541013,286.12312662887575,280.5852596618652,2025-11-06 13:50:00+05:30,283.34749999999997,BE,0.09758747711919182,0.22735679794227814,51.00312042236328,12.413793563842773,7.713700294494629,1.961394341863938,2.565313591315441,0.003406747981795583,0.9532440098261892,50000,5.0,250000.0,568.3919948556953,243.96869279797951,0.487937385595959,1.1367839897113907
2025-11-06,KABRAEXTRU,SHORT,A_PULLBACK_C2_THEN_BREAK_C2_LOW,MODERATE,2025-11-06 10:15:00+05:30,2025-11-06 10:25:00+05:30,239.0500061035156,240.842881149292,236.18140603027342,2025-11-06 10:30:00+05:30,240.842881149292,SL,-0.8810405202601221,-0.7500000000000071,42.35203170776367,35.837764739990234,21.26984214782715,2.132774910768987,3.193885528966749,0.005162215310474549,0.8452804756164549,50000,5.0,250000.0,-1875.0000000000177,-2202.6013006503053,-4.40520260130061,-3.750000000000035
2025-11-06,KIOCL,SHORT,A_MOD_BREAK_C1_LOW,MODERATE,2025-11-06 10:20:00+05:30,2025-11-06 10:25:00+05:30,409.1181722045898,412.1865584961243,404.20875413813474,2025-11-06 10:30:00+05:30,406.2651377563476,BE,0.5682039377988802,0.697361946272945,40.889686584472656,24.8427677154541,8.680113792419434,2.6421131044813864,2.96359282489813,0.007857143006673672,0.8233452987670897,50000,5.0,250000.0,1743.4048656823625,1420.5098444972007,2.8410196889944013,3.486809731364725
2025-11-06,NETWEB,SHORT,A_MOD_BREAK_C1_LOW,MODERATE,2025-11-06 09:40:00+05:30,2025-11-06 09:45:00+05:30,3464.307,3490.2893025,3422.735316,2025-11-06 09:50:00+05:30,3450.5205510253904,BE,0.26840947692969486,0.3979569066658745,53.314918518066406,18.92599868774414,8.818655014038086,1.7403593991334967,4.212215661550583,0.011197100139212612,0.914562894848362,50000,5.0,250000.0,994.8922666646863,671.0236923242372,1.3420473846484744,1.9897845333293727
2025-11-06,PRICOLLTD,SHORT,A_MOD_BREAK_C1_LOW,MODERATE,2025-11-06 13:50:00+05:30,2025-11-06 13:55:00+05:30,519.896,523.79522,513.657248,2025-11-06 14:00:00+05:30,518.4507244873047,BE,0.14828973666081244,0.2779931972346922,42.53379440307617,19.020172119140625,8.15318489074707,3.83356472621822,2.693259347153581,0.004607630643229135,0.8480069160461425,50000,5.0,250000.0,694.9829930867305,370.7243416520311,0.7414486833040622,1.389965986173461
2025-11-06,RAMKY,SHORT,A_MOD_BREAK_C1_LOW,MODERATE,2025-11-06 09:50:00+05:30,2025-11-06 09:55:00+05:30,614.9269777954102,619.5389301288758,607.5478540618652,2025-11-06 10:15:00+05:30,611.8299999999999,BE,0.3742234427925212,0.5036334243316625,60.604610443115234,10.559005737304688,9.673202514648438,1.7435714662117392,3.2576989180127294,0.004442147759512052,0.9151250065870542,50000,5.0,250000.0,1259.083560829156,935.558606981303,1.8711172139626058,2.5181671216583124
2025-11-06,UNICHEMLAB,SHORT,A_MOD_BREAK_C1_LOW,MODERATE,2025-11-06 10:15:00+05:30,2025-11-06 10:20:00+05:30,462.75743610229495,466.22811687306216,457.2043468690674,2025-11-06 14:30:00+05:30,462.0,EOD,0.033826717813198126,0.163678861365182,56.1053352355957,20.9606990814209,2.7218010425567627,1.3052282672839253,2.119024857817989,0.003718791393874742,0.8384149467746869,50000,5.0,250000.0,409.197153412955,84.56679453299532,0.16913358906599063,0.8183943068259101
2025-11-07,CAPLIPOINT,SHORT,A_MOD_BREAK_C1_LOW,MODERATE,2025-11-07 09:35:00+05:30,2025-11-07 09:40:00+05:30,1975.6048,1990.4218360000002,1951.8975424,2025-11-07 09:50:00+05:30,1970.8949999999998,BE,0.10864292177206893,0.2383978820055668,29.79169273376465,14.542936325073242,2.8119027614593506,0.8617432404874873,3.4500655417326827,0.004377600498601926,0.45768045809178,50000,5.0,250000.0,595.994705013917,271.6073044301723,0.5432146088603446,1.191989410027834
2025-11-07,CREDITACC,SHORT,A_MOD_BREAK_C1_LOW,MODERATE,2025-11-07 09:35:00+05:30,2025-11-07 09:40:00+05:30,1307.1385444091798,1316.9420834922487,1291.4528818762697,2025-11-07 10:30:00+05:30,1302.3954999999999,BE,0.2332639712642579,0.36285705363571347,55.56363296508789,15.80135440826416,16.875276565551758,1.3140424009292437,4.4582552532198365,0.0043762959625267455,0.8399574201626177,50000,5.0,250000.0,907.1426340892837,583.1599281606448,1.1663198563212895,1.8142852681785675
2025-11-07,CROMPTON,SHORT,A_MOD_BREAK_C1_LOW,MODERATE,2025-11-07 10:00:00+05:30,2025-11-07 10:05:00+05:30,270.0959638977051,272.1216836269379,266.8548123309326,2025-11-07 11:15:00+05:30,272.1216836269379,SL,-0.8810405202601257,-0.7500000000000165,42.15433883666992,13.877551078796387,8.59028148651123,1.3285627098578767,2.7657080640650396,0.006977666207312655,0.7248135567751772,50000,5.0,250000.0,-1875.0000000000414,-2202.6013006503144,-4.405202601300629,-3.7500000000000826
2025-11-07,GLAXO,SHORT,A_MOD_BREAK_C1_LOW,MODERATE,2025-11-07 10:15:00+05:30,2025-11-07 10:20:00+05:30,2519.496,2538.39222,2489.262048,2025-11-07 10:25:00+05:30,2510.910102050781,BE,0.21115659276826895,0.34077839175847424,40.16646194458008,11.233885765075684,3.924733877182007,1.8749872846692224,2.283285138708419,0.005805519449006277,0.7906197039858149,50000,5.0,250000.0,851.9459793961855,527.8914819206724,1.0557829638413447,1.7038919587923709
2025-11-07,INDGN,SHORT,A_MOD_BREAK_C1_LOW,MODERATE,2025-11-07 09:55:00+05:30,2025-11-07 10:00:00+05:30,511.3977,515.23318275,505.2609276,2025-11-07 10:05:00+05:30,509.2231122436523,BE,0.2957124269091819,0.4252243911827732,42.90978240966797,6.29370641708374,1.9206277132034302,2.251605807634089,3.7580813403103983,0.00485823165603656,0.8536467361450195,50000,5.0,250000.0,1063.0609779569331,739.2810672729548,1.4785621345459097,2.126121955913866
2025-11-07,LATENTVIEW,SHORT,A_MOD_BREAK_C1_LOW,MODERATE,2025-11-07 09:35:00+05:30,2025-11-07 09:40:00+05:30,454.10917220458987,457.5149909961243,448.65986213813477,2025-11-07 09:50:00+05:30,450.2466938781738,BE,0.7216028695724663,0.8505616188425948,28.962722778320312,19.957536697387695,5.5355730056762695,1.4134026443961996,3.0270208788669923,0.006634281418177058,0.5417863044441396,50000,5.0,250000.0,2126.4040471064873,1804.0071739311657,3.6080143478623308,4.252808094212974
2025-11-07,MAHLIFE,SHORT,A_MOD_BREAK_C1_LOW,MODERATE,2025-11-07 09:35:00+05:30,2025-11-07 09:40:00+05:30,394.2711361022949,397.2281696230622,389.5398824690674,2025-11-07 09:45:00+05:30,391.1198622436523,BE,0.6702402079852762,0.7992656753409997,26.400033950805664,13.257575988769531,4.23870849609375,0.9532849114131626,3.0462699763645533,0.004861488390633664,0.4228253687593884,50000,5.0,250000.0,1998.1641883524992,1675.6005199631904,3.351201039926381,3.996328376704998
2025-11-07,RATEGAIN,SHORT,A_MOD_BREAK_C1_LOW,MODERATE,2025-11-07 09:40:00+05:30,2025-11-07 09:45:00+05:30,666.8666,671.8680995,658.8642007999999,2025-11-07 10:15:00+05:30,664.4875,BE,0.22715699317654767,0.35675800827331794,40.3191032409668,22.515213012695312,6.232674598693848,1.3827257451148902,3.401165045882464,0.004443206930419833,0.7067635540096078,50000,5.0,250000.0,891.8950206832949,567.8924829413692,1.1357849658827384,1.7837900413665897
2025-11-07,TANLA,SHORT,A_MOD_BREAK_C1_LOW,MODERATE,2025-11-07 09:35:00+05:30,2025-11-07 09:40:00+05:30,596.13075,600.6017306250001,588.977181,2025-11-07 09:50:00+05:30,600.6017306250001,SL,-0.881040520260125,-0.7500000000000064,40.38042068481445,11.849711418151855,12.267009735107422,1.5560952878691916,4.566755463618279,0.0035792093997565346,0.7380229856493252,50000,5.0,250000.0,-1875.0000000000161,-2202.6013006503126,-4.405202601300625,-3.7500000000000324
2025-11-07,ZEEL,SHORT,A_MOD_BREAK_C1_LOW,MODERATE,2025-11-07 09:40:00+05:30,2025-11-07 09:45:00+05:30,98.46999664306641,99.20852161788942,97.2883566833496,2025-11-07 13:50:00+05:30,99.20852161788942,SL,-0.8810405202601186,-0.7500000000000101,37.089988708496094,14.583333015441895,9.63082504272461,2.079650896239325,3.6209977684398824,0.002811634913288297,0.7663498306274414,50000,5.0,250000.0,-1875.0000000000252,-2202.6013006502967,-4.405202601300593,-3.7500000000000506
2025-11-10,AIIL,SHORT,A_MOD_BREAK_C1_LOW,MODERATE,2025-11-10 10:00:00+05:30,2025-11-10 10:05:00+05:30,546.9905555908203,551.0929847577515,540.4266689237305,2025-11-10 11:40:00+05:30,543.7262755126952,BE,0.4674819875670804,0.5967708299093542,34.786903381347656,29.605262756347656,4.112701892852783,1.2672414255519209,2.3572431550028705,0.005859935869591521,0.603570800191801,50000,5.0,250000.0,1491.9270747733854,1168.704968917701,2.337409937835402,2.983854149546771
2025-11-10,EMIL,SHORT,A_MOD_BREAK_C1_LOW,MODERATE,2025-11-10 13:45:00+05:30,2025-11-10 13:50:00+05:30,133.27000732421874,134.26953237915038,131.67076723632812,2025-11-10 13:55:00+05:30,128.78519387817383,BE,3.239520300503948,3.3652083736547516,54.218692779541016,9.697386741638184,10.855794906616211,3.0207473909477716,5.242499153029058,0.012371981150713645,0.96,50000,5.0,250000.0,8413.020934136879,8098.80075125987,16.19760150251974,16.82604186827376
2025-11-10,GOODLUCK,SHORT,A_MOD_BREAK_C1_LOW,MODERATE,2025-11-10 09:30:00+05:30,2025-11-10 09:35:00+05:30,1119.8759555908202,1128.2750252577514,1106.4374441237303,2025-11-10 09:40:00+05:30,1128.2750252577514,SL,-0.881040520260105,-0.7500000000000002,34.82835388183594,8.974358558654785,4.469172954559326,1.7940728532670012,4.65014233988129,0.008689839572192513,0.6963880575492642,50000,5.0,250000.0,-1875.0000000000007,-2202.6013006502626,-4.405202601300525,-3.7500000000000013
2025-11-10,GRMOVER,SHORT,A_MOD_BREAK_C1_LOW,MODERATE,2025-11-10 09:45:00+05:30,2025-11-10 09:50:00+05:30,142.89999694824218,143.971746925354,141.18519698486327,2025-11-10 09:55:00+05:30,141.82419387817382,BE,0.6237504585165594,0.7528363142359004,41.36864471435547,16.09195327758789,3.476646900177002,1.8667662252590205,2.123275247058403,0.0072677318866436295,0.8072137601356606,50000,5.0,250000.0,1882.090785589751,1559.3761462913985,3.1187522925827973,3.764181571179502
2025-11-10,HARIOMPIPE,SHORT,A_PULLBACK_C2_THEN_BREAK_C2_LOW,MODERATE,2025-11-10 10:15:00+05:30,2025-11-10 10:25:00+05:30,422.0655638977051,425.2310556269379,417.00077713093265,2025-11-10 11:55:00+05:30,425.2310556269379,SL,-0.8810405202601136,-0.7500000000000091,30.829408645629883,27.936508178710938,4.367734432220459,1.5248485095124102,1.920830001142307,0.004620010430628029,0.5853311189062353,50000,5.0,250000.0,-1875.0000000000227,-2202.601300650284,-4.4052026013005685,-3.7500000000000457
2025-11-10,LIKHITHA,SHORT,A_MOD_BREAK_C1_LOW,MODERATE,2025-11-10 09:55:00+05:30,2025-11-10 10:00:00+05:30,217.5500061035156,219.181631149292,214.93940603027343,2025-11-10 10:05:00+05:30,216.74830612182615,BE,0.23892724075879251,0.3685129667649829,29.912599563598633,26.454294204711914,5.46260404586792,1.4287267727149573,2.549955433587508,0.004500393793852363,0.5587161786790971,50000,5.0,250000.0,921.2824169124573,597.3181018969813,1.1946362037939626,1.8425648338249148
2025-11-10,SALZERELEC,SHORT,A_MOD_BREAK_C1_LOW,MODERATE,2025-11-10 09:35:00+05:30,2025-11-10 09:40:00+05:30,701.9095777954102,707.1738996288758,693.4866628618653,2025-11-10 09:45:00+05:30,699.3918877563476,BE,0.2290930062369232,0.35869150652855636,36.89921951293945,8.675799369812012,11.482307434082031,1.0819532175286084,4.045457719062818,0.006309693093659359,0.6028301057615983,50000,5.0,250000.0,896.7287663213908,572.7325155923079,1.145465031184616,1.7934575326427817
2025-11-10,SHK,SHORT,A_MOD_BREAK_C1_LOW,MODERATE,2025-11-10 10:00:00+05:30,2025-11-10 10:05:00+05:30,192.97999877929686,194.4273487701416,190.6642387939453,2025-11-10 10:10:00+05:30,191.32224999999997,BE,0.7300784752490904,0.859026215039411,57.10490417480469,5.178365707397461,3.4592158794403076,1.6387352343343013,3.952960883558546,0.014622968276648354,0.8967786660085026,50000,5.0,250000.0,2147.5655375985275,1825.196188122726,3.6503923762454518,4.295131075197054
2025-11-10,SPANDANA,SHORT,A_MOD_BREAK_C1_LOW,MODERATE,2025-11-10 13:00:00+05:30,2025-11-10 13:05:00+05:30,237.95,239.734625,235.09459999999999,2025-11-10 14:30:00+05:30,236.75,EOD,0.3748985230165127,0.5043076276528635,37.84941864013672,21.126760482788086,20.598007202148438,4.75256883846616,2.7392950457237144,0.0023399531266482024,0.7777412796020506,50000,5.0,250000.0,1260.7690691321588,937.2463075412818,1.8744926150825636,2.521538138264318
2025-11-10,UDS,SHORT,A_MOD_BREAK_C1_LOW,MODERATE,2025-11-10 09:50:00+05:30,2025-11-10 09:55:00+05:30,195.47000427246093,196.9360293045044,193.1243642211914,2025-11-10 10:00:00+05:30,194.1908306121826,BE,0.5251953091831268,0.6544091841811812,31.993879318237305,11.307902336120605,4.608347415924072,2.028190786555869,3.8806237442796787,0.00533010866033813,0.6899081897735595,50000,5.0,250000.0,1636.0229604529532,1312.9882729578171,2.625976545915634,3.272045920905906
2025-11-11,AVADHSUGAR,SHORT,A_PULLBACK_C2_THEN_BREAK_C2_LOW,MODERATE,2025-11-11 09:40:00+05:30,2025-11-11 09:50:00+05:30,395.87082220458984,398.83985337112426,391.12037233813476,2025-11-11 10:00:00+05:30,393.6273622436523,BE,0.43738722510537154,0.5667151593653125,30.760103225708008,12.08226203918457,8.013869285583496,1.2950141876410421,3.4538047685305857,0.00761279381212672,0.5480290312228024,50000,5.0,250000.0,1416.787898413281,1093.4680627634289,2.1869361255268576,2.833575796826562
2025-11-11,EMSLIMITED,SHORT,A_MOD_BREAK_C1_LOW,MODERATE,2025-11-11 09:40:00+05:30,2025-11-11 09:45:00+05:30,477.9044,481.48868300000004,472.1695472,2025-11-11 10:10:00+05:30,481.48868300000004,SL,-0.8810405202601241,-0.7500000000000058,29.404266357421875,31.121280670166016,11.62667465209961,1.290171896096375,2.7618322204836545,0.005027340172724001,0.5268440771781937,50000,5.0,250000.0,-1875.0000000000146,-2202.6013006503103,-4.405202601300621,-3.750000000000029
2025-11-11,ENTERO,SHORT,A_MOD_BREAK_C1_LOW,MODERATE,2025-11-11 09:35:00+05:30,2025-11-11 09:40:00+05:30,1104.779,1113.0648425000002,1091.521652,2025-11-11 09:45:00+05:30,1099.8897755126952,BE,0.31306283819128616,0.4425522649602113,35.5101318359375,13.235294342041016,3.288888931274414,2.6162805472365838,5.2985011675575695,0.005319974217479585,0.7426519775390625,50000,5.0,250000.0,1106.3806624005283,782.6570954782154,1.5653141909564308,2.2127613248010567
2025-11-11,GOCOLORS,SHORT,A_MOD_BREAK_C1_LOW,MODERATE,2025-11-11 09:35:00+05:30,2025-11-11 09:40:00+05:30,575.1849277954102,579.4988147538758,568.2827086618653,2025-11-11 09:45:00+05:30,566.6949999999999,BE,1.347889241310221,1.4760344691142677,33.689388275146484,3.725490093231201,6.125330924987793,2.2305199561832465,5.168920790906462,0.0056114913564731216,0.7153408241271972,50000,5.0,250000.0,3690.0861727856695,3369.7231032755526,6.739446206551106,7.3801723455713395
2025-11-11,MANKIND,SHORT,A_MOD_BREAK_C1_LOW,MODERATE,2025-11-11 09:35:00+05:30,2025-11-11 09:40:00+05:30,2222.655477636719,2239.3253937189943,2195.9836119050783,2025-11-11 14:30:00+05:30,2219.89990234375,EOD,-0.005927065088047037,0.1239767170708238,26.046354293823242,31.34328269958496,8.633966445922852,1.4252520069672396,2.368613314468421,0.0021591471278308,0.5001144156266155,50000,5.0,250000.0,309.9417926770595,-14.817662720117593,-0.029635325440235186,0.619883585354119
2025-11-11,NUVAMA,SHORT,A_PULLBACK_C2_THEN_BREAK_C2_LOW,MODERATE,2025-11-11 09:55:00+05:30,2025-11-11 10:05:00+05:30,1474.2051,1485.26163825,1456.5146387999998,2025-11-11 10:10:00+05:30,1467.8904999999997,BE,0.2988314003168359,0.4283393131661365,45.04912567138672,26.66666603088379,15.771967887878418,0.8943724951322177,2.636216414821756,0.004163237597246729,0.6922520717189389,50000,5.0,250000.0,1070.8482829153413,747.0785007920897,1.4941570015841794,2.1416965658306824
2025-11-11,RAYMOND,SHORT,A_MOD_BREAK_C1_LOW,MODERATE,2025-11-11 09:30:00+05:30,2025-11-11 09:35:00+05:30,536.14275,540.163820625,529.709037,2025-11-11 09:45:00+05:30,534.8998877563477,BE,0.1020520245238257,0.23181554607468358,30.43453025817871,6.5217390060424805,8.794748306274414,2.0132047263865736,5.856192825164999,0.0038343764640189505,0.6665179538726806,50000,5.0,250000.0,579.5388651867089,255.13006130956427,0.5102601226191286,1.1590777303734179
2025-11-11,RBA,SHORT,A_MOD_BREAK_C1_LOW,MODERATE,2025-11-11 09:40:00+05:30,2025-11-11 09:45:00+05:30,64.7,65.18525000000001,63.9236,2025-11-11 09:50:00+05:30,65.18525000000001,SL,-0.8810405202601179,-0.750000000000012,33.246803283691406,14.179104804992676,3.5448880195617676,2.7284978194759244,4.47450092599713,0.0049397962160769885,0.7087020492553711,50000,5.0,250000.0,-1875.00000000003,-2202.601300650295,-4.40520260130059,-3.7500000000000604
2025-11-11,SUBROS,SHORT,A_MOD_BREAK_C1_LOW,MODERATE,2025-11-11 09:45:00+05:30,2025-11-11 09:50:00+05:30,913.1173277954101,919.9657077538758,902.1599198618652,2025-11-11 09:55:00+05:30,919.9657077538758,SL,-0.8810405202601302,-0.7500000000000104,42.8270263671875,15.198060035705566,4.10870885848999,1.7719074551083824,4.572872785394863,0.013690411283533965,0.8124892001517794,50000,5.0,250000.0,-1875.0000000000261,-2202.601300650326,-4.405202601300651,-3.7500000000000524
2025-11-11,TIRUMALCHM,SHORT,A_MOD_BREAK_C1_LOW,MODERATE,2025-11-11 09:50:00+05:30,2025-11-11 09:55:00+05:30,251.84961389770507,253.73848600193787,248.82741853093262,2025-11-11 10:00:00+05:30,250.74999999999997,BE,0.3071181316103936,0.4366152803203156,27.01701545715332,36.627906799316406,19.20903968811035,1.4079892072316817,0.8800700297942092,0.006450972764484371,0.45565684461255457,50000,5.0,250000.0,1091.538200800789,767.795329025984,1.535590658051968,2.183076401601578
2025-11-12,TARSONS,SHORT,A_MOD_BREAK_C1_LOW,MODERATE,2025-11-12 14:05:00+05:30,2025-11-12 14:10:00+05:30,259.4481,261.39396075,256.3347228,2025-11-12 14:25:00+05:30,258.8241377563476,BE,0.1107437459436723,0.24049597728886277,33.12594985961914,29.487178802490234,1.699948787689209,2.5692288294487637,2.2392084995360855,0.007497798503874592,0.706889247894287,50000,5.0,250000.0,601.2399432221569,276.85936485918074,0.5537187297183616,1.2024798864443136
2025-11-12,TATACOMM,SHORT,A_MOD_BREAK_C1_LOW,MODERATE,2025-11-12 10:00:00+05:30,2025-11-12 10:05:00+05:30,1821.7355555908202,1835.3985722577515,1799.8747289237303,2025-11-12 13:35:00+05:30,1815.5302755126952,BE,0.2110026355439126,0.3406246345185135,26.36547088623047,23.123123168945312,4.006593227386475,1.4774903777817339,2.0278134749514205,0.0033477855147168722,0.5140428794052605,50000,5.0,250000.0,851.5615862962837,527.5065888597816,1.0550131777195633,1.7031231725925675
2025-11-13,ABFRL,SHORT,A_MOD_BREAK_C1_LOW,MODERATE,2025-11-13 09:40:00+05:30,2025-11-13 09:45:00+05:30,79.56000061035157,80.1567006149292,78.60528060302734,2025-11-13 12:55:00+05:30,79.36738724517821,BE,0.11234809761174527,0.2420982449669526,31.804981231689453,15.811965942382812,11.699329376220703,1.4446888706136887,2.8551583846165665,0.003451738575132253,0.5898952708327372,50000,5.0,250000.0,605.2456124173815,280.87024402936316,0.5617404880587263,1.210491224834763
2025-11-13,BHEL,SHORT,A_MOD_BREAK_C1_LOW,MODERATE,2025-11-13 14:05:00+05:30,2025-11-13 14:10:00+05:30,282.1435722045898,284.25964899612427,278.75784933813475,2025-11-13 14:30:00+05:30,282.0,EOD,-0.07911262530699278,0.05088622202802053,28.304668426513672,30.27522850036621,6.161616325378418,5.558314907023854,2.3795990698144136,0.00248007081693205,0.634570026397705,50000,5.0,250000.0,127.21555507005134,-197.78156326748194,-0.39556312653496395,0.25443111014010267
2025-11-13,CSBBANK,SHORT,A_MOD_BREAK_C1_LOW,MODERATE,2025-11-13 11:10:00+05:30,2025-11-13 11:15:00+05:30,422.56546389770506,425.7347048769379,417.4946783309326,2025-11-13 13:55:00+05:30,425.7347048769379,SL,-0.88104052026012,-0.7500000000000088,37.76369857788086,29.464284896850586,5.129223346710205,2.5557345534001916,2.237685130565859,0.002053127828534317,0.7764554786682127,50000,5.0,250000.0,-1875.0000000000218,-2202.6013006503,-4.4052026013006,-3.7500000000000435
2025-11-13,DBCORP,SHORT,A_MOD_BREAK_C1_LOW,MODERATE,2025-11-13 09:55:00+05:30,2025-11-13 10:00:00+05:30,258.9482,260.8903115,255.84082159999997,2025-11-13 10:20:00+05:30,260.8903115,SL,-0.8810405202601287,-0.7500000000000039,33.18869400024414,28.15534019470215,10.945273399353027,1.2037474552882146,2.180561091567399,0.005115830299937126,0.5684862146790997,50000,5.0,250000.0,-1875.0000000000098,-2202.6013006503217,-4.405202601300644,-3.750000000000019
2025-11-13,GIPCL,SHORT,A_MOD_BREAK_C1_LOW,MODERATE,2025-11-13 09:35:00+05:30,2025-11-13 09:40:00+05:30,170.7,171.98025,168.65159999999997,2025-11-13 10:05:00+05:30,171.98025,SL,-0.8810405202601257,-0.750000000000014,33.260929107666016,13.488371849060059,7.790821552276611,1.3270051133697667,5.1743209898419185,0.006471449599259071,0.5911398314546994,50000,5.0,250000.0,-1875.000000000035,-2202.6013006503144,-4.405202601300629,-3.75000000000007
2025-11-13,GOODLUCK,SHORT,A_MOD_BREAK_C1_LOW,MODERATE,2025-11-13 13:45:00+05:30,2025-11-13 13:50:00+05:30,1164.9669111816406,1173.704163015503,1150.987308247461,2025-11-13 13:55:00+05:30,1158.0637755126952,BE,0.46326634610521533,0.5925606644006298,34.841915130615234,27.419355392456055,21.776729583740234,4.7772029695893865,1.6003075808065954,0.0020597324029697074,0.7126441059995583,50000,5.0,250000.0,1481.4016610015744,1158.1658652630383,2.316331730526077,2.9628033220031487
2025-11-13,HARIOMPIPE,SHORT,A_MOD_BREAK_C1_LOW,MODERATE,2025-11-13 09:30:00+05:30,2025-11-13 09:35:00+05:30,390.5218861022949,393.45080024806214,385.83562346906734,2025-11-13 09:40:00+05:30,388.76280612182615,BE,0.32096421606111414,0.45044337924967776,29.086593627929688,10.349854469299316,16.41025733947754,1.2291888509330873,5.753276219176551,0.00949760487400154,0.5114069533322356,50000,5.0,250000.0,1126.1084481241944,802.4105401527854,1.604821080305571,2.252216896248389
2025-11-13,JYOTICNC,SHORT,A_MOD_BREAK_C1_LOW,MODERATE,2025-11-13 13:20:00+05:30,2025-11-13 13:25:00+05:30,936.7126444091797,943.7379892422485,925.4720926762695,2025-11-13 14:10:00+05:30,934.0437499999999,BE,0.1552269109107041,0.2849213603669383,44.78070831298828,24.69437599182129,8.033489227294922,7.103151331837416,2.9385652380730822,0.0030327043400689476,0.8817106246948241,50000,5.0,250000.0,712.3034009173458,388.06727727676025,0.7761345545535205,1.4246068018346916
2025-11-13,NEWGEN,SHORT,A_MOD_BREAK_C1_LOW,MODERATE,2025-11-13 11:15:00+05:30,2025-11-13 11:20:00+05:30,970.5058722045899,977.7846662461244,958.8598017381348,2025-11-13 14:05:00+05:30,967.8949999999999,BE,0.13930665406957157,0.2690217833158683,27.774019241333008,12.22707462310791,4.823501110076904,4.368722108792808,2.4233436458558564,0.00226973412472937,0.6266102886199951,50000,5.0,250000.0,672.5544582896707,348.26663517392893,0.6965332703478578,1.3451089165793415
2025-11-13,TIMETECHNO,SHORT,A_MOD_BREAK_C1_LOW,MODERATE,2025-11-13 09:50:00+05:30,2025-11-13 09:55:00+05:30,204.14999694824218,205.681121925354,201.70019698486325,2025-11-13 10:25:00+05:30,203.30809693908688,BE,0.282864205435048,0.4123928590450783,40.412532806396484,3.5143768787384033,3.2933850288391113,1.23094083685479,4.058195246162425,0.007018709708018869,0.6816026385455354,50000,5.0,250000.0,1030.9821476126956,707.16051358762,1.41432102717524,2.0619642952253914
2025-11-14,BBL,SHORT,A_MOD_BREAK_C1_LOW,MODERATE,2025-11-14 09:55:00+05:30,2025-11-14 10:00:00+05:30,2928.9141,2950.8809557500003,2893.7671308,2025-11-14 11:00:00+05:30,2921.7389999999996,BE,0.11522834417064316,0.24497475019838866,38.6049919128418,41.558441162109375,29.01785659790039,1.3452960774995206,1.5975389951185126,0.002755129720745002,0.6543786420109687,50000,5.0,250000.0,612.4368754959717,288.0708604266079,0.5761417208532158,1.2248737509919434
2025-11-14,BLKASHYAP,SHORT,A_MOD_BREAK_C1_LOW,MODERATE,2025-11-14 13:15:00+05:30,2025-11-14 13:20:00+05:30,53.85000152587891,54.253876537323,53.203801507568365,2025-11-14 13:25:00+05:30,52.406749999999995,BE,2.5535536313585316,2.680132748344166,48.35213088989258,10.79812240600586,40.62516403198242,1.317147146326698,4.2297776188105365,0.00544973545604282,0.8157827139555607,50000,5.0,250000.0,6700.331870860416,6383.884078396329,12.767768156792659,13.40066374172083
2025-11-14,CARTRADE,SHORT,A_MOD_BREAK_C1_LOW,MODERATE,2025-11-14 09:55:00+05:30,2025-11-14 10:00:00+05:30,3104.379,3127.6618425,3067.126452,2025-11-14 10:30:00+05:30,3127.6618425,SL,-0.8810405202601126,-0.7500000000000079,32.996707916259766,34.433284759521484,19.37752342224121,1.7583626833559052,2.3148364439630886,0.006800092245645569,0.6626640883311798,50000,5.0,250000.0,-1875.0000000000196,-2202.6013006502812,-4.405202601300562,-3.7500000000000395
2025-11-14,CUMMINSIND,SHORT,A_MOD_BREAK_C1_LOW,MODERATE,2025-11-14 09:50:00+05:30,2025-11-14 09:55:00+05:30,4312.537222363281,4344.8812515310065,4260.786775694922,2025-11-14 10:25:00+05:30,4298.958397949218,BE,0.18521307444005822,0.31486857304438204,62.205875396728516,22.519412994384766,13.395554542541504,1.0716333463972965,3.0292002900953885,0.0036315124982758988,0.7975358356195268,50000,5.0,250000.0,787.1714326109551,463.03268610014555,0.9260653722002912,1.5743428652219102
2025-11-14,GSFC,SHORT,A_PULLBACK_C2_THEN_BREAK_C2_LOW,MODERATE,2025-11-14 09:55:00+05:30,2025-11-14 10:05:00+05:30,190.95999450683593,192.3921944656372,188.6684745727539,2025-11-14 11:10:00+05:30,192.3921944656372,SL,-0.8810405202601247,-0.7500000000000041,31.010414123535156,17.283950805664062,4.991583824157715,1.6585100170811602,2.7261383593951103,0.0029421209461837155,0.6153954648422304,50000,5.0,250000.0,-1875.0000000000102,-2202.6013006503117,-4.405202601300624,-3.750000000000021
2025-11-14,OFSS,SHORT,A_MOD_BREAK_C1_LOW,MODERATE,2025-11-14 13:05:00+05:30,2025-11-14 13:10:00+05:30,8169.8657,8231.13969275,8071.8273116,2025-11-14 14:30:00+05:30,8215.0,EOD,-0.6832320685664427,-0.5524484937371702,32.976966857910156,25.29069709777832,8.098159790039062,3.9275568735422826,3.51844523927215,0.0020629190971179845,0.7046545028686522,50000,5.0,250000.0,-1381.1212343429254,-1708.0801714161069,-3.416160342832214,-2.7622424686858507
2025-11-14,PANAMAPET,SHORT,A_MOD_BREAK_C1_LOW,MODERATE,2025-11-14 09:50:00+05:30,2025-11-14 09:55:00+05:30,292.7414277954102,294.9369885038758,289.22853066186525,2025-11-14 10:10:00+05:30,291.5219438781738,BE,0.28705052525963903,0.41657374100418415,32.37942886352539,18.0,9.629122734069824,1.3840763626519135,2.433414883631355,0.004244005711716072,0.5879047964169657,50000,5.0,250000.0,1041.4343525104605,717.6263131490975,1.435252626298195,2.082868705020921
2025-11-14,PLATIND,SHORT,A_MOD_BREAK_C1_LOW,MODERATE,2025-11-14 10:20:00+05:30,2025-11-14 10:25:00+05:30,258.89822220458984,260.8399588711243,255.79144353813476,2025-11-14 11:05:00+05:30,260.8399588711243,SL,-0.8810405202601411,-0.7500000000000058,29.254138946533203,32.216495513916016,4.112540245056152,1.3210105543426518,2.0251749669562487,0.006989825632764135,0.529988931207962,50000,5.0,250000.0,-1875.0000000000146,-2202.601300650353,-4.405202601300706,-3.750000000000029
2025-11-14,RAYMOND,SHORT,A_MOD_BREAK_C1_LOW,MODERATE,2025-11-14 10:05:00+05:30,2025-11-14 10:10:00+05:30,519.896,523.79522,513.657248,2025-11-14 12:45:00+05:30,523.79522,SL,-0.8810405202601275,-0.7500000000000028,62.114070892333984,17.592592239379883,13.868778228759766,1.0231268452772864,2.8655539570380593,0.00455357157267057,0.7890471979235252,50000,5.0,250000.0,-1875.0000000000068,-2202.6013006503185,-4.405202601300637,-3.7500000000000138
2025-11-14,WONDERLA,SHORT,A_MOD_BREAK_C1_LOW,MODERATE,2025-11-14 09:55:00+05:30,2025-11-14 10:00:00+05:30,522.8954,526.8171155,516.6206552,2025-11-14 14:30:00+05:30,523.8499755859375,EOD,-0.3128582173451325,-0.18255574364155908,51.39210891723633,16.66666603088379,15.517775535583496,1.0304169483836025,2.955331695959044,0.00461137563954015,0.7903229659671305,50000,5.0,250000.0,-456.3893591038977,-782.1455433628313,-1.5642910867256627,-0.9127787182077953
2025-11-17,AARTIDRUGS,SHORT,A_MOD_BREAK_C1_LOW,MODERATE,2025-11-17 11:00:00+05:30,2025-11-17 11:05:00+05:30,455.75883610229494,459.1770273730622,450.2897300690674,2025-11-17 11:10:00+05:30,453.9076377563476,BE,0.2766426297048991,0.4061793648981173,29.72471809387207,14.661654472351074,8.309073448181152,3.1540570886302954,3.453000179569295,0.004291509444757394,0.6558707714080809,50000,5.0,250000.0,1015.4484122452932,691.6065742622478,1.3832131485244956,2.0308968244905863
2025-11-17,ASHOKA,SHORT,A_MOD_BREAK_C1_LOW,MODERATE,2025-11-17 09:30:00+05:30,2025-11-17 09:35:00+05:30,188.8199951171875,190.23614508056642,186.55415517578123,2025-11-17 09:45:00+05:30,190.23614508056642,SL,-0.881040520260126,-0.7500000000000113,33.64613723754883,6.717044353485107,23.665658950805664,0.7742542813985627,5.098238897967947,0.008399134276007317,0.5001865578079809,50000,5.0,250000.0,-1875.0000000000284,-2202.6013006503154,-4.405202601300631,-3.750000000000057
2025-11-17,CHEMCON,SHORT,A_MOD_BREAK_C1_LOW,MODERATE,2025-11-17 09:35:00+05:30,2025-11-17 09:40:00+05:30,231.2500030517578,232.984378074646,228.4750030151367,2025-11-17 09:45:00+05:30,230.18849999999998,BE,0.3295603434926675,0.4590283406483856,54.939125061035156,14.172661781311035,8.927252769470215,0.8863652935532815,4.613065463318997,0.0073954447779876606,0.7651139263718243,50000,5.0,250000.0,1147.570851620964,823.9008587316687,1.6478017174633375,2.295141703241928
2025-11-17,GABRIEL,SHORT,A_MOD_BREAK_C1_LOW,MODERATE,2025-11-17 09:30:00+05:30,2025-11-17 09:35:00+05:30,1114.5770888183595,1122.9364169844973,1101.202163752539,2025-11-17 09:40:00+05:30,1105.8075,BE,0.6577669689666624,0.7868086385713193,43.3366813659668,11.891117095947266,27.3724365234375,1.4078630581116107,4.8152789826728934,0.007560612963652001,0.7564262556590338,50000,5.0,250000.0,1967.0215964282984,1644.417422416656,3.2888348448333127,3.934043192856597
2025-11-18,DHANUKA,SHORT,A_MOD_BREAK_C1_LOW,MODERATE,2025-11-18 13:50:00+05:30,2025-11-18 13:55:00+05:30,1245.4508111816406,1254.791692265503,1230.5054014474608,2025-11-18 14:00:00+05:30,1242.7169999999999,BE,0.08972421082175851,0.21950374571974934,35.18427276611328,11.345646858215332,6.585361003875732,2.787290359485993,3.970235442677706,0.003467406408152451,0.7377640914916992,50000,5.0,250000.0,548.7593642993734,224.31052705439626,0.44862105410879255,1.0975187285987467
2025-11-18,HAVELLS,SHORT,A_MOD_BREAK_C1_LOW,MODERATE,2025-11-18 09:50:00+05:30,2025-11-18 09:55:00+05:30,1463.2073,1474.18135475,1445.6488124,2025-11-18 11:40:00+05:30,1474.18135475,SL,-0.8810405202601226,-0.7500000000000034,44.785980224609375,15.298507690429688,1.018890380859375,1.458550893495613,3.460208185290576,0.0022011811634685386,0.7870361097308729,50000,5.0,250000.0,-1875.0000000000086,-2202.6013006503067,-4.405202601300613,-3.7500000000000173
2025-11-18,NETWEB,SHORT,A_MOD_BREAK_C1_LOW,MODERATE,2025-11-18 09:55:00+05:30,2025-11-18 10:00:00+05:30,3286.5425111816407,3311.1915800155034,3247.104001047461,2025-11-18 14:30:00+05:30,3282.39990234375,EOD,-0.003853461866841748,0.12604762676267095,41.76789474487305,6.842539310455322,3.110816717147827,2.1416021837756323,3.1689147202238805,0.005065270682426686,0.8365184211730956,50000,5.0,250000.0,315.1190669066774,-9.63365466710437,-0.01926730933420874,0.6302381338133548
2025-11-18,ORIENTELEC,SHORT,A_PULLBACK_C2_THEN_BREAK_C2_LOW,MODERATE,2025-11-18 09:35:00+05:30,2025-11-18 09:45:00+05:30,199.5500061035156,201.04663114929198,197.1554060302734,2025-11-18 09:55:00+05:30,198.62408877563473,BE,0.3345411284444962,0.46400265575565375,39.6762580871582,21.09375,19.8625431060791,1.512894325653021,4.435649635460986,0.003281562882568638,0.7199003782966518,50000,5.0,250000.0,1160.0066393891343,836.3528211112405,1.6727056422224809,2.3200132787782684
2025-11-18,RAIN,SHORT,A_MOD_BREAK_C1_LOW,MODERATE,2025-11-18 10:00:00+05:30,2025-11-18 10:05:00+05:30,115.2,116.06400000000001,113.8176,2025-11-18 10:15:00+05:30,116.06400000000001,SL,-0.8810405202601145,-0.7500000000000037,54.04981231689453,14.057507514953613,7.05555534362793,2.217873644563159,3.9485390383994874,0.003706228707203896,0.96,50000,5.0,250000.0,-1875.0000000000093,-2202.6013006502862,-4.405202601300572,-3.7500000000000187
2025-11-18,SANDUMA,SHORT,A_MOD_BREAK_C1_LOW,MODERATE,2025-11-18 09:50:00+05:30,2025-11-18 09:55:00+05:30,212.84999389648436,214.446368850708,210.29579396972656,2025-11-18 10:05:00+05:30,211.63299999999998,BE,0.4424399310423676,0.5717613020351998,33.3798828125,17.505720138549805,1.7777777910232544,2.429453514677572,3.786131080946717,0.004988928508306759,0.7106982421874999,50000,5.0,250000.0,1429.4032550879995,1106.099827605919,2.212199655211838,2.8588065101759987
2025-11-18,SCI,SHORT,A_MOD_BREAK_C1_LOW,MODERATE,2025-11-18 09:50:00+05:30,2025-11-18 09:55:00+05:30,255.39890694885253,257.31439875096896,252.3341200654663,2025-11-18 10:00:00+05:30,254.86230612182615,BE,0.08031126215369801,0.21010302410332501,49.29293441772461,5.442176818847656,2.471571683883667,1.8263764268354301,3.306710569249146,0.004611901579169708,0.9190098909620694,50000,5.0,250000.0,525.2575602583125,200.77815538424503,0.4015563107684901,1.0505151205166252
2025-11-18,TALBROAUTO,SHORT,A_MOD_BREAK_C1_LOW,MODERATE,2025-11-18 10:25:00+05:30,2025-11-18 10:30:00+05:30,279.2441277954102,281.3384587538758,275.8931982618653,2025-11-18 11:20:00+05:30,281.3384587538758,SL,-0.8810405202601256,-0.7500000000000102,42.60980224609375,12.903225898742676,9.482758522033691,1.599464795477323,2.441445878848046,0.0032851008953315858,0.7790533728999376,50000,5.0,250000.0,-1875.0000000000255,-2202.601300650314,-4.405202601300628,-3.750000000000051
2025-11-18,TEGA,SHORT,A_PULLBACK_C2_THEN_BREAK_C2_LOW,MODERATE,2025-11-18 09:40:00+05:30,2025-11-18 09:50:00+05:30,1922.6154,1937.0350155,1899.5440151999999,2025-11-18 10:20:00+05:30,1916.833275512695,BE,0.17106877767789402,0.30074264916971055,35.94594955444336,22.87822914123535,12.292786598205566,2.003038723662745,3.595253380093312,0.0022263450127143363,0.7491892433166503,50000,5.0,250000.0,751.8566229242764,427.67194419473503,0.8553438883894701,1.5037132458485527
2025-11-18,VASCONEQ,SHORT,A_PULLBACK_C2_THEN_BREAK_C2_LOW,MODERATE,2025-11-18 09:50:00+05:30,2025-11-18 10:00:00+05:30,55.85000152587891,56.268876537323,55.179801507568364,2025-11-18 10:05:00+05:30,55.71664923477172,BE,0.10901416562147573,0.23876864362375352,42.0531005859375,1.3333333730697632,5.3793625831604,1.4463564619148324,3.678744577181413,0.004825737391368912,0.7439088896241581,50000,5.0,250000.0,596.9216090593839,272.5354140536893,0.5450708281073786,1.1938432181187677
2025-11-19,APLAPOLLO,SHORT,A_MOD_BREAK_C1_LOW,MODERATE,2025-11-19 09:55:00+05:30,2025-11-19 10:00:00+05:30,1746.5506444091798,1759.6497742422487,1725.5920366762696,2025-11-19 14:10:00+05:30,1735.0897244873045,BE,0.52699158406875,0.6562031257760799,53.867130279541016,18.88888931274414,7.4970245361328125,1.7209612637549838,2.8566243536295493,0.002717391304347826,0.9111682211571221,50000,5.0,250000.0,1640.5078144401996,1317.478960171875,2.63495792034375,3.2810156288803993
2025-11-19,AWFIS,SHORT,A_MOD_BREAK_C1_LOW,MODERATE,2025-11-19 10:50:00+05:30,2025-11-19 10:55:00+05:30,543.8912,547.9703840000001,537.3645056,2025-11-19 11:05:00+05:30,541.6199999999999,BE,0.288061614323907,0.4175835167033655,42.39934539794922,17.924528121948242,9.697357177734375,3.1431080949163395,3.2552605613249685,0.002790178665343453,0.8459901809692383,50000,5.0,250000.0,1043.9587917584138,720.1540358097675,1.440308071619535,2.0879175835168273
2025-11-19,DODLA,SHORT,A_PULLBACK_C2_THEN_BREAK_C2_LOW,MODERATE,2025-11-19 09:30:00+05:30,2025-11-19 09:40:00+05:30,1182.5634888183595,1191.4327149844974,1168.372726952539,2025-11-19 10:25:00+05:30,1172.8079489746092,BE,0.6959564438935134,0.8249485068660636,40.38197708129883,12.800000190734863,6.712148666381836,1.018298310212522,3.093646903836569,0.003864594370983942,0.6439318605066737,50000,5.0,250000.0,2062.3712671651588,1739.8911097337837,3.479782219467567,4.124742534330317
2025-11-19,GMRP&UI,SHORT,A_MOD_BREAK_C1_LOW,MODERATE,2025-11-19 09:50:00+05:30,2025-11-19 09:55:00+05:30,127.45,128.405875,125.92060000000001,2025-11-19 10:05:00+05:30,127.18040306091308,BE,0.08174162925967417,0.2115315332184572,32.49842834472656,11.28404712677002,2.418541431427002,2.1702887508038677,3.406223508953603,0.0057386961526096555,0.6974764251708985,50000,5.0,250000.0,528.828833046143,204.35407314918544,0.4087081462983709,1.057657666092286
2025-11-19,RAIN,SHORT,A_MOD_BREAK_C1_LOW,MODERATE,2025-11-19 09:55:00+05:30,2025-11-19 10:00:00+05:30,112.64000244140625,113.4848024597168,111.28832241210938,2025-11-19 10:05:00+05:30,113.4848024597168,SL,-0.8810405202601229,-0.7500000000000033,51.716373443603516,16.66666603088379,3.770707607269287,1.7782673835781782,3.7432822829753425,0.0040013168199240405,0.9211967921261812,50000,5.0,250000.0,-1875.0000000000084,-2202.601300650307,-4.405202601300615,-3.7500000000000164
2025-11-19,RCF,SHORT,A_MOD_BREAK_C1_LOW,MODERATE,2025-11-19 09:35:00+05:30,2025-11-19 09:40:00+05:30,150.34999389648436,151.477618850708,148.54579396972656,2025-11-19 13:55:00+05:30,149.93847550964355,BE,0.1439979173287607,0.2737069528078202,41.84638595581055,3.9513678550720215,2.708956003189087,1.2590913040521945,5.3629179998805405,0.0028970365181313785,0.7080367675462922,50000,5.0,250000.0,684.2673820195506,359.9947933219017,0.7199895866438034,1.3685347640391012
2025-11-19,RKFORGE,SHORT,A_PULLBACK_C2_THEN_BREAK_C2_LOW,MODERATE,2025-11-19 10:40:00+05:30,2025-11-19 10:50:00+05:30,535.9927555908204,540.0127012577516,529.5608425237306,2025-11-19 11:00:00+05:30,540.0127012577516,SL,-0.8810405202601252,-0.7500000000000128,37.66436767578125,24.390243530273438,7.395669460296631,2.5106824759624238,2.873465823465737,0.0027664821391566244,0.7749655151367187,50000,5.0,250000.0,-1875.000000000032,-2202.601300650313,-4.405202601300626,-3.7500000000000644
2025-11-19,SANGHVIMOV,SHORT,A_MOD_BREAK_C1_LOW,MODERATE,2025-11-19 09:40:00+05:30,2025-11-19 09:45:00+05:30,354.9789777954102,357.64132012887575,350.71923006186523,2025-11-19 09:55:00+05:30,353.30674999999997,BE,0.3416256544745498,0.47107797926388356,33.69694900512695,22.352941513061523,10.164454460144043,1.2331096503853625,2.730739978527461,0.0037721047102149356,0.5812484238943427,50000,5.0,250000.0,1177.694948159709,854.0641361863744,1.7081282723727487,2.3553898963194175
2025-11-19,SAREGAMA,SHORT,A_PULLBACK_C2_THEN_BREAK_C2_LOW,MODERATE,2025-11-19 09:45:00+05:30,2025-11-19 09:55:00+05:30,384.923,387.8099225,380.303924,2025-11-19 10:10:00+05:30,382.49405612182613,BE,0.5017764227407364,0.6310207179549854,37.10313415527344,8.79120922088623,4.526579856872559,1.845262785932064,4.163002065935385,0.004550003681568942,0.7394679998672127,50000,5.0,250000.0,1577.5517948874635,1254.441056851841,2.508882113703682,3.155103589774927
2025-11-19,SHK,SHORT,A_MOD_BREAK_C1_LOW,MODERATE,2025-11-19 09:50:00+05:30,2025-11-19 09:55:00+05:30,174.95,176.262125,172.8506,2025-11-19 10:30:00+05:30,174.522,BE,0.11489448639726203,0.2446413260931679,30.734806060791016,8.498583793640137,5.58881950378418,2.0927255853598186,4.236635091208555,0.00286824027861256,0.6710220909118652,50000,5.0,250000.0,611.6033152329198,287.23621599315504,0.5744724319863102,1.2232066304658398
2025-11-20,BIOCON,SHORT,A_MOD_BREAK_C1_LOW,MODERATE,2025-11-20 09:30:00+05:30,2025-11-20 09:35:00+05:30,394.7210277954102,397.6814355038758,389.9843754618652,2025-11-20 09:45:00+05:30,393.77780612182613,BE,0.10920483370684485,0.23895906403875053,32.485191345214844,10.416666984558105,5.3683929443359375,1.6805904802263467,6.283623994625237,0.0051265825199175484,0.6413812042178333,50000,5.0,250000.0,597.3976600968763,273.01208426711213,0.5460241685342242,1.1947953201937525
2025-11-20,HINDWAREAP,SHORT,A_PULLBACK_C2_THEN_BREAK_C2_LOW,MODERATE,2025-11-20 10:10:00+05:30,2025-11-20 10:20:00+05:30,333.9332,336.437699,329.9260016,2025-11-20 10:30:00+05:30,336.437699,SL,-0.8810405202601129,-0.7500000000000029,64.24755096435547,19.951923370361328,74.17243957519531,0.3460839540435417,1.4955024082051476,0.015205303352036162,0.6453398123678771,50000,5.0,250000.0,-1875.0000000000073,-2202.601300650282,-4.405202601300565,-3.750000000000014
2025-11-20,IRCON,SHORT,A_MOD_BREAK_C1_LOW,MODERATE,2025-11-20 09:35:00+05:30,2025-11-20 09:40:00+05:30,165.95,167.194625,163.9586,2025-11-20 09:45:00+05:30,165.58526632690428,BE,0.0900061118442285,0.21978528056385274,26.491050720214844,49.279537200927734,27.64692497253418,1.5838105768894846,0.04519623878598598,0.002921686833163342,0.4367924236981817,50000,5.0,250000.0,549.4632014096319,225.01527961057124,0.45003055922114243,1.0989264028192638
2025-11-20,NMDC,SHORT,A_MOD_BREAK_C1_LOW,MODERATE,2025-11-20 09:45:00+05:30,2025-11-20 09:50:00+05:30,74.7,75.26025000000001,73.8036,2025-11-20 10:00:00+05:30,74.48278214263915,BE,0.1611001372798338,0.29078695764504753,35.1373176574707,36.3636360168457,32.01754379272461,1.175638357483503,1.6445805273597602,0.002894978219844732,0.5750255037896617,50000,5.0,250000.0,726.9673941126189,402.7503431995845,0.805500686399169,1.4539347882252378
2025-11-20,RHIM,SHORT,A_MOD_BREAK_C1_LOW,MODERATE,2025-11-20 13:25:00+05:30,2025-11-20 13:30:00+05:30,475.70482779541015,479.2726140038758,469.9963698618652,2025-11-20 14:30:00+05:30,474.3500061035156,EOD,0.15510841158259647,0.284803014964819,38.34206771850586,24.24242401123047,5.622489929199219,5.215829793565388,2.952918403396487,0.0020716987853147332,0.7851310157775877,50000,5.0,250000.0,712.0075374120476,387.7710289564912,0.7755420579129824,1.4240150748240952
2025-11-20,SUNTV,SHORT,A_PULLBACK_C2_THEN_BREAK_C2_LOW,MODERATE,2025-11-20 11:10:00+05:30,2025-11-20 11:20:00+05:30,544.0911722045898,548.1718559961243,537.5620781381348,2025-11-20 12:15:00+05:30,541.9208877563476,BE,0.2693362701386734,0.3988824960067822,47.806243896484375,12.830188751220703,3.687750816345215,2.8001987330220763,2.926895251866691,0.00301062568160128,0.9270936584472655,50000,5.0,250000.0,997.2062400169556,673.3406753466835,1.346681350693367,1.9944124800339111
2025-11-20,TVSSCS,SHORT,A_MOD_BREAK_C1_LOW,MODERATE,2025-11-20 09:40:00+05:30,2025-11-20 09:45:00+05:30,114.96000213623047,115.8222021522522,113.58048211059571,2025-11-20 09:50:00+05:30,114.60278214263914,BE,0.18107328102369813,0.31073415705752544,49.036293029785156,7.829181671142578,1.5836101770401,1.7167933458791993,4.424073847050846,0.0034779584256216306,0.8959832309756373,50000,5.0,250000.0,776.8353926438136,452.68320255924533,0.9053664051184906,1.5536707852876273
2025-11-21,ATUL,SHORT,A_MOD_BREAK_C1_LOW,MODERATE,2025-11-21 09:50:00+05:30,2025-11-21 09:55:00+05:30,5993.801,6038.754507500001,5921.875388,2025-11-21 14:30:00+05:30,6011.0,EOD,-0.4173847130485486,-0.28694646352122155,45.11715316772461,15.865385055541992,0.7299270033836365,1.502994124361868,3.4213087654006156,0.0024008102671517445,0.7997812692791959,50000,5.0,250000.0,-717.366158803054,-1043.4617826213714,-2.086923565242743,-1.434732317606108
2025-11-21,AURIONPRO,SHORT,A_MOD_BREAK_C1_LOW,MODERATE,2025-11-21 09:30:00+05:30,2025-11-21 09:35:00+05:30,1088.7822,1096.9480665,1075.7168136,2025-11-21 09:45:00+05:30,1086.2489999999998,BE,0.10290119409950228,0.23266361261235774,48.07426834106445,2.230483293533325,14.30305004119873,1.2066938034169865,4.798502761463112,0.003866671947998653,0.7922854407139395,50000,5.0,250000.0,581.6590315308944,257.2529852487557,0.5145059704975113,1.1633180630617888
2025-11-21,BLUEJET,SHORT,A_PULLBACK_C2_THEN_BREAK_C2_LOW,MODERATE,2025-11-21 10:10:00+05:30,2025-11-21 10:20:00+05:30,565.9867555908203,570.2316562577515,559.1949145237304,2025-11-21 11:55:00+05:30,562.2817755126953,BE,0.5253918178469383,0.6546054375879278,51.31813049316406,8.282208442687988,13.776824951171875,1.8496679755631051,2.6054498542026905,0.004422490051732715,0.9336918957235434,50000,5.0,250000.0,1636.5135939698196,1313.4795446173457,2.6269590892346915,3.2730271879396393
2025-11-21,CENTRALBK,SHORT,A_MOD_BREAK_C1_LOW,MODERATE,2025-11-21 09:45:00+05:30,2025-11-21 09:50:00+05:30,38.15999908447266,38.44619907760621,37.702079095458984,2025-11-21 12:55:00+05:30,38.44619907760621,SL,-0.8810405202601419,-0.7500000000000143,47.37232208251953,18.75,6.9325737953186035,1.6231638155800059,3.829393343730736,0.0029154518620802335,0.8546384989642939,50000,5.0,250000.0,-1875.0000000000357,-2202.6013006503545,-4.405202601300709,-3.7500000000000715
2025-11-21,DCXINDIA,SHORT,A_MOD_BREAK_C1_LOW,MODERATE,2025-11-21 10:15:00+05:30,2025-11-21 10:20:00+05:30,189.77000732421874,191.1932823791504,187.49276723632812,2025-11-21 10:25:00+05:30,188.32327449035643,BE,0.633287695250787,0.7623611624731592,57.205989837646484,14.34426212310791,10.196823120117188,1.6403913169009228,3.255906430927279,0.00449108583412627,0.8970684804576614,50000,5.0,250000.0,1905.9029061828978,1583.2192381269674,3.166438476253935,3.8118058123657956
2025-11-21,GARUDA,SHORT,A_MOD_BREAK_C1_LOW,MODERATE,2025-11-21 09:55:00+05:30,2025-11-21 10:00:00+05:30,212.0699951171875,213.6605200805664,209.52515517578124,2025-11-21 10:05:00+05:30,211.63299999999998,BE,0.07626471950122814,0.2060617377512687,68.3389892578125,12.842304229736328,10.08176326751709,1.348929644173122,3.2716865467043794,0.00918079144877034,0.8460626877302964,50000,5.0,250000.0,515.1543443781718,190.66179875307034,0.3813235975061407,1.0303086887563435
2025-11-21,INDIAMART,SHORT,A_MOD_BREAK_C1_LOW,MODERATE,2025-11-21 10:00:00+05:30,2025-11-21 10:05:00+05:30,2334.8329888183594,2352.344236234497,2306.814992952539,2025-11-21 11:10:00+05:30,2321.9449999999997,BE,0.42264052060077023,0.55198761025225,49.91289138793945,9.024744987487793,3.4260759353637695,3.947311669488677,4.983158227467809,0.0036195775004900575,0.9586933708190917,50000,5.0,250000.0,1379.969025630625,1056.6013015019255,2.113202603003851,2.75993805126125
2025-11-21,RAILTEL,SHORT,A_MOD_BREAK_C1_LOW,MODERATE,2025-11-21 09:45:00+05:30,2025-11-21 09:50:00+05:30,347.03058610229493,349.6333154980622,342.86621906906737,2025-11-21 12:05:00+05:30,345.43319387817377,BE,0.33083666805183776,0.4603030073119545,58.27392578125,12.941176414489746,18.956457138061523,1.430155205169809,3.4994621772650785,0.002561675814120035,0.8602771609047166,50000,5.0,250000.0,1150.7575182798864,827.0916701295944,1.654183340259189,2.3015150365597727
2025-11-21,SDBL,SHORT,A_MOD_BREAK_C1_LOW,MODERATE,2025-11-21 09:35:00+05:30,2025-11-21 09:40:00+05:30,118.14999694824219,119.03612192535401,116.73219698486328,2025-11-21 09:55:00+05:30,116.90967755126952,BE,0.9210840583666736,1.0497836893859682,48.19894790649414,25.434782028198242,13.833375930786133,1.320314763530327,3.5778472312078993,0.004780033944190526,0.8140393022152193,50000,5.0,250000.0,2624.459223464921,2302.710145916684,4.605420291833368,5.248918446929841
2025-11-21,TDPOWERSYS,SHORT,A_PULLBACK_C2_THEN_BREAK_C2_LOW,MODERATE,2025-11-21 10:20:00+05:30,2025-11-21 10:30:00+05:30,738.10235,743.6381176250001,729.2451218,2025-11-21 12:05:00+05:30,735.8509744873046,BE,0.17535382504300778,0.3050221304261399,51.58822250366211,7.900207996368408,5.388179779052734,2.191975101664587,3.428530840872284,0.004636209749328303,0.96,50000,5.0,250000.0,762.5553260653498,438.38456260751946,0.8767691252150388,1.5251106521306996
2025-11-24,AGI,SHORT,A_MOD_BREAK_C1_LOW,MODERATE,2025-11-24 10:25:00+05:30,2025-11-24 10:30:00+05:30,752.2995222045898,757.9417686211243,743.2719279381347,2025-11-24 12:00:00+05:30,749.8427755126952,BE,0.1969246820417876,0.32656496772658034,55.27808380126953,14.522821426391602,3.3898305892944336,1.6543235801171992,3.109028151773951,0.0025250846505872216,0.8995066265205098,50000,5.0,250000.0,816.4124193164508,492.311705104469,0.9846234102089381,1.6328248386329018
2025-11-24,ASIANENE,SHORT,A_MOD_BREAK_C1_LOW,MODERATE,2025-11-24 09:50:00+05:30,2025-11-24 09:55:00+05:30,295.29093610229495,297.50561812306216,291.7474448690674,2025-11-24 10:25:00+05:30,293.92913775634764,BE,0.33170652993240074,0.4611717392759902,49.170318603515625,17.14285659790039,2.025782585144043,2.0743372857136455,3.6735321794846443,0.00721903754240662,0.9475547790527343,50000,5.0,250000.0,1152.9293481899756,829.2663248310018,1.6585326496620039,2.3058586963799512
2025-11-24,CHENNPETRO,SHORT,A_MOD_BREAK_C1_LOW,MODERATE,2025-11-24 10:45:00+05:30,2025-11-24 10:50:00+05:30,997.8004,1005.283903,985.8267952,2025-11-24 11:10:00+05:30,1005.283903,SL,-0.8810405202601201,-0.7500000000000042,47.584922790527344,24.758453369140625,3.1784005165100098,3.3005291062205697,3.2852202723489747,0.0049528674430034504,0.92377384185791,50000,5.0,250000.0,-1875.0000000000105,-2202.6013006503003,-4.4052026013006005,-3.750000000000021
2025-11-24,FMGOETZE,SHORT,A_MOD_BREAK_C1_LOW,MODERATE,2025-11-24 09:45:00+05:30,2025-11-24 09:50:00+05:30,498.10037220458986,501.83612499612434,492.1231677381348,2025-11-24 09:55:00+05:30,496.8861938781738,BE,0.11401379490364476,0.24376177858332315,53.20372772216797,8.381503105163574,7.526881694793701,1.5585172944308403,3.6515356729678317,0.005190112960365496,0.8827405265253969,50000,5.0,250000.0,609.4044464583078,285.03448725911187,0.5700689745182237,1.2188088929166156
2025-11-24,GMRP&UI,SHORT,A_MOD_BREAK_C1_LOW,MODERATE,2025-11-24 09:50:00+05:30,2025-11-24 09:55:00+05:30,124.25000305175782,125.18187807464601,122.75900301513673,2025-11-24 10:00:00+05:30,123.8905566329956,BE,0.15960412162754384,0.2892928852585108,44.1645393371582,4.587155818939209,5.606362342834473,2.814368020141335,4.148191888837962,0.004349724676497954,0.8724680900573729,50000,5.0,250000.0,723.2322131462771,399.0103040688596,0.7980206081377194,1.4464644262925543
2025-11-24,JAGSNPHARM,SHORT,A_MOD_BREAK_C1_LOW,MODERATE,2025-11-24 10:25:00+05:30,2025-11-24 10:30:00+05:30,198.3000061035156,199.787256149292,195.92040603027343,2025-11-24 10:35:00+05:30,197.3502744903564,BE,0.34949465110487754,0.47893675437580535,67.17428588867188,18.37837791442871,13.302694320678711,1.853441076650905,2.2883355800671428,0.004231337058177872,0.9343521884139083,50000,5.0,250000.0,1197.3418859395133,873.7366277621938,1.747473255524388,2.3946837718790266
2025-11-24,JINDRILL,SHORT,A_MOD_BREAK_C1_LOW,MODERATE,2025-11-24 09:50:00+05:30,2025-11-24 09:55:00+05:30,568.8862,573.1528465,562.0595656,2025-11-24 11:30:00+05:30,573.1528465,SL,-0.8810405202601053,-0.7499999999999962,53.967803955078125,1.0256410837173462,1.88233482837677,1.3845534140868163,5.490388872931393,0.0036404719461665632,0.8522968474651929,50000,5.0,250000.0,-1874.9999999999907,-2202.601300650263,-4.405202601300526,-3.7499999999999813
2025-11-24,NEOGEN,SHORT,A_MOD_BREAK_C1_LOW,MODERATE,2025-11-24 09:40:00+05:30,2025-11-24 09:45:00+05:30,1213.7572,1222.8603790000002,1199.1921136,2025-11-24 14:30:00+05:30,1209.699951171875,EOD,0.20464160322051064,0.3342718649269402,47.06315612792969,10.17699146270752,8.55721378326416,1.9233083232628483,4.343206353196498,0.004948223245988371,0.9025262984899438,50000,5.0,250000.0,835.6796623173506,511.6040080512766,1.0232080161025532,1.6713593246347012
2025-11-24,PREMEXPLN,SHORT,A_MOD_BREAK_C1_LOW,MODERATE,2025-11-24 09:40:00+05:30,2025-11-24 09:45:00+05:30,541.8916,545.9557870000001,535.3889008,2025-11-24 10:00:00+05:30,540.1155,BE,0.1981205464893289,0.32775927879303574,49.74220275878906,9.424083709716797,6.798742294311523,1.3825694785580853,3.333070086330835,0.005475751148378717,0.8480827001295008,50000,5.0,250000.0,819.3981969825894,495.30136622332225,0.9906027324466444,1.6387963939651788
2025-11-24,TANLA,SHORT,A_PULLBACK_C2_THEN_BREAK_C2_LOW,MODERATE,2025-11-24 09:50:00+05:30,2025-11-24 10:00:00+05:30,570.8858,575.1674435000001,564.0351704,2025-11-24 10:05:00+05:30,561.7802755126952,BE,1.4669912597737222,1.5949817787208613,76.64476776123047,24.041810989379883,18.518518447875977,1.9171243989480586,2.944191191883544,0.0036630037837578856,0.9454967698159102,50000,5.0,250000.0,3987.454446802153,3667.4781494343056,7.334956298868612,7.974908893604306
2025-11-25,BBTC,SHORT,A_MOD_BREAK_C1_LOW,MODERATE,2025-11-25 09:35:00+05:30,2025-11-25 09:40:00+05:30,1828.8341111816405,1842.5503670155028,1806.8881018474608,2025-11-25 10:20:00+05:30,1842.5503670155028,SL,-0.8810405202601185,-0.7500000000000001,26.151622772216797,38.39506149291992,2.681157350540161,1.6131815749844698,2.0910339479679005,0.005322389142041612,0.5345811172055341,50000,5.0,250000.0,-1875.0000000000005,-2202.6013006502963,-4.4052026013005925,-3.7500000000000013
2025-11-25,GRWRHITECH,SHORT,A_MOD_BREAK_C1_LOW,MODERATE,2025-11-25 09:35:00+05:30,2025-11-25 09:40:00+05:30,3739.252,3767.29639,3694.380976,2025-11-25 10:30:00+05:30,3767.29639,SL,-0.8810405202601143,-0.7500000000000006,53.0764045715332,19.858156204223633,36.680912017822266,0.4690618888535398,2.622794663514319,0.007673796995438357,0.6920858305493693,50000,5.0,250000.0,-1875.0000000000014,-2202.601300650286,-4.405202601300571,-3.7500000000000027
2025-11-25,TATACOMM,SHORT,A_MOD_BREAK_C1_LOW,MODERATE,2025-11-25 09:40:00+05:30,2025-11-25 09:45:00+05:30,1851.3296111816405,1865.214583265503,1829.113655847461,2025-11-25 10:15:00+05:30,1845.5199999999998,BE,0.18415062196142873,0.31380750064990853,46.17898178100586,19.759037017822266,12.622864723205566,0.923036551411163,2.8703319635152647,0.005629363710652936,0.7142161232120414,50000,5.0,250000.0,784.5187516247713,460.37655490357184,0.9207531098071436,1.5690375032495425
2025-11-26,GAEL,SHORT,A_MOD_BREAK_C1_LOW,MODERATE,2025-11-26 09:40:00+05:30,2025-11-26 09:45:00+05:30,108.03999633789063,108.85029631042481,106.74351638183595,2025-11-26 12:00:00+05:30,108.85029631042481,SL,-0.8810405202601141,-0.7500000000000019,37.708675384521484,24.714828491210938,53.64456558227539,0.3328466481062301,1.232081747926492,0.005484847280112641,0.4454823815827372,50000,5.0,250000.0,-1875.0000000000048,-2202.6013006502853,-4.405202601300571,-3.7500000000000098
2025-11-27,ATUL,SHORT,A_MOD_BREAK_C1_LOW,MODERATE,2025-11-27 09:30:00+05:30,2025-11-27 09:35:00+05:30,5889.3219,5933.49181425,5818.6500372,2025-11-27 12:40:00+05:30,5933.49181425,SL,-0.8810405202601296,-0.7500000000000024,28.36500358581543,35.82089614868164,8.644867897033691,1.1859347620081837,1.7385769908686666,0.004023803325163415,0.47994248668209694,50000,5.0,250000.0,-1875.000000000006,-2202.601300650324,-4.405202601300648,-3.7500000000000115
2025-11-27,EICHERMOT,SHORT,A_MOD_BREAK_C1_LOW,MODERATE,2025-11-27 10:15:00+05:30,2025-11-27 10:20:00+05:30,7093.581,7146.7828575,7008.458028,2025-11-27 10:30:00+05:30,7071.651499999999,BE,0.17948274894007227,0.3091456910127776,48.98569107055664,20.113313674926758,9.462912559509277,1.4192613811450945,2.7487026417370357,0.003306691783659891,0.8431561077587411,50000,5.0,250000.0,772.864227531944,448.7068723501807,0.8974137447003613,1.545728455063888
2025-11-27,INDIGOPNTS,SHORT,B_HUGE_RED_FAILED_BOUNCE,HUGE,2025-11-27 09:30:00+05:30,2025-11-27 10:30:00+05:30,1262.0975055908202,1271.5632368827514,1246.9523355237304,2025-11-27 10:45:00+05:30,1255.3046989746092,BE,0.4088506734585555,0.5382156755813507,26.286542892456055,11.356119155883789,8.76616096496582,2.3707297780704493,4.253078478157793,0.005378818026976019,0.6442981433868408,50000,5.0,250000.0,1345.5391889533769,1022.1266836463888,2.0442533672927774,2.6910783779067535
2025-11-27,MOTILALOFS,SHORT,A_MOD_BREAK_C1_LOW,MODERATE,2025-11-27 09:45:00+05:30,2025-11-27 09:50:00+05:30,940.06195,947.112414625,928.7812066,2025-11-27 10:00:00+05:30,936.8019999999999,BE,0.21716634463156606,0.34678033718949236,37.0349235534668,10.303030014038086,3.2976644039154053,1.9915331949584507,4.304989653301521,0.003098655672291376,0.7640421624197307,50000,5.0,250000.0,866.9508429737309,542.9158615789152,1.0858317231578303,1.7339016859474619
2025-11-27,RICOAUTO,SHORT,A_MOD_BREAK_C1_LOW,MODERATE,2025-11-27 13:30:00+05:30,2025-11-27 13:35:00+05:30,105.28999633789063,106.07967131042481,104.02651638183593,2025-11-27 14:30:00+05:30,105.94000244140625,EOD,-0.7482163828846594,-0.6173483959764419,30.88029670715332,16.935483932495117,5.355823040008545,3.936710541242093,2.946412894201551,0.003876389147866857,0.6732044506072998,50000,5.0,250000.0,-1543.3709899411047,-1870.5409572116484,-3.741081914423297,-3.086741979882209
2025-11-27,SIYSIL,SHORT,A_MOD_BREAK_C1_LOW,MODERATE,2025-11-27 13:10:00+05:30,2025-11-27 13:15:00+05:30,712.7574444091797,718.1031252422486,704.2043550762695,2025-11-27 13:30:00+05:30,709.1209999999999,BE,0.3807923679001546,0.5101938166628563,54.64762496948242,20.760234832763672,4.0382819175720215,7.400489746735543,5.693815836022834,0.0023295191637135093,0.96,50000,5.0,250000.0,1275.4845416571409,951.9809197503865,1.903961839500773,2.5509690833142815
2025-11-28,ANANDRATHI,SHORT,A_MOD_BREAK_C1_LOW,MODERATE,2025-11-28 09:30:00+05:30,2025-11-28 09:35:00+05:30,2870.3257223632813,2891.853165281006,2835.881813694922,2025-11-28 09:40:00+05:30,2863.1638979492186,BE,0.11977209876972097,0.24951260263821337,25.79131507873535,47.45098114013672,38.425926208496094,0.9951119624872266,0.6108137578367241,0.0033610808715473926,0.3515550075081311,50000,5.0,250000.0,623.7815065955334,299.4302469243025,0.598860493848605,1.2475630131910669
2025-11-28,BALMLAWRIE,SHORT,A_MOD_BREAK_C1_LOW,MODERATE,2025-11-28 09:40:00+05:30,2025-11-28 09:45:00+05:30,185.5800048828125,186.97185491943358,183.35304482421873,2025-11-28 11:50:00+05:30,184.65230612182614,BE,0.3704767005589607,0.49989154896948934,43.09432601928711,32.3684196472168,53.212120056152344,0.11478746398984324,1.1721690552621054,0.002912860258002829,0.4851111492506345,50000,5.0,250000.0,1249.7288724237235,926.1917513974018,1.852383502794804,2.499457744847447
2025-11-28,GAIL,SHORT,A_MOD_BREAK_C1_LOW,MODERATE,2025-11-28 10:20:00+05:30,2025-11-28 10:25:00+05:30,173.0500061035156,174.347881149292,170.97340603027342,2025-11-28 11:00:00+05:30,172.31540306091307,BE,0.2949904302664499,0.42450333238538945,51.152381896972656,15.040106773376465,13.900135040283203,0.493200050736912,2.223806480544364,0.008894551743784831,0.6963100088789596,50000,5.0,250000.0,1061.2583309634738,737.4760756661248,1.4749521513322494,2.1225166619269475
2025-11-28,INNOVACAP,SHORT,A_MOD_BREAK_C1_LOW,MODERATE,2025-11-28 10:55:00+05:30,2025-11-28 11:00:00+05:30,719.856,725.2549200000001,711.217728,2025-11-28 12:20:00+05:30,717.1449999999999,BE,0.24702789482361037,0.37660309839747486,29.762218475341797,28.801843643188477,11.773700714111328,2.1036271292035598,2.2770452290704615,0.0033581349584791394,0.6564332771301269,50000,5.0,250000.0,941.5077459936871,617.5697370590259,1.2351394741180517,1.883015491987374
2025-11-28,TRITURBINE,SHORT,A_MOD_BREAK_C1_LOW,MODERATE,2025-11-28 09:45:00+05:30,2025-11-28 09:50:00+05:30,535.9427777954102,539.9623486288758,529.5114644618652,2025-11-28 14:30:00+05:30,537.0,EOD,-0.3275856121102966,-0.19726400809778546,33.43511962890625,17.346939086914062,53.62318801879883,1.4940707635524084,1.9293705232397023,0.003796911862716839,0.6194577042172502,50000,5.0,250000.0,-493.1600202444636,-818.9640302757415,-1.637928060551483,-0.9863200404889272
2025-11-28,WOCKPHARMA,SHORT,A_MOD_BREAK_C1_LOW,MODERATE,2025-11-28 11:20:00+05:30,2025-11-28 11:25:00+05:30,1252.6494444091798,1262.0443152422488,1237.6176510762696,2025-11-28 11:35:00+05:30,1249.0359489746093,BE,0.1587783741312423,0.28846821037587445,45.259132385253906,20.0,15.455926895141602,2.8536066269747407,2.795412133741485,0.003135582557330128,0.8888869857788084,50000,5.0,250000.0,721.1705259396862,396.9459353281057,0.7938918706562114,1.4423410518793722
2025-12-01,APARINDS,SHORT,A_MOD_BREAK_C1_LOW,MODERATE,2025-12-01 11:05:00+05:30,2025-12-01 11:10:00+05:30,9050.1896,9118.066022,8941.587324799999,2025-12-01 12:10:00+05:30,9009.447499999998,BE,0.32070001251235314,0.4501795188909777,32.70404815673828,27.611940383911133,6.2865495681762695,3.9887350316232815,3.6090798577628136,0.0025684931506849314,0.7005607223510741,50000,5.0,250000.0,1125.4487972274442,801.7500312808829,1.603500062561766,2.2508975944548886
2025-12-01,CCL,SHORT,A_MOD_BREAK_C1_LOW,MODERATE,2025-12-01 13:55:00+05:30,2025-12-01 14:00:00+05:30,982.9033555908203,990.2751307577515,971.1085153237304,2025-12-01 14:30:00+05:30,984.0,EOD,-0.24178209542391735,-0.11157194681877072,28.10586166381836,29.230770111083984,11.719392776489258,5.888567697059253,2.3021451305142313,0.0021140879716978643,0.6315879249572753,50000,5.0,250000.0,-278.9298670469268,-604.4552385597934,-1.2089104771195869,-0.5578597340938536
2025-12-01,GRMOVER,SHORT,A_MOD_BREAK_C1_LOW,MODERATE,2025-12-01 09:35:00+05:30,2025-12-01 09:40:00+05:30,154.64999694824218,155.809871925354,152.79419698486328,2025-12-01 09:45:00+05:30,152.20524999999998,BE,1.4528168022468277,1.5808257332590825,28.75762176513672,23.376623153686523,7.407407283782959,1.390579018561814,3.072511968390372,0.0033244069384733457,0.5347156547253682,50000,5.0,250000.0,3952.0643331477063,3632.0420056170697,7.264084011234139,7.904128666295413
2025-12-01,POKARNA,SHORT,A_MOD_BREAK_C1_LOW,MODERATE,2025-12-01 09:50:00+05:30,2025-12-01 09:55:00+05:30,905.06895,911.856967125,894.2081225999999,2025-12-01 10:10:00+05:30,911.856967125,SL,-0.8810405202601183,-0.7500000000000012,40.335628509521484,5.562742710113525,1.9841269254684448,2.5318023871296966,4.12259063231349,0.005600076095967272,0.8150344276428221,50000,5.0,250000.0,-1875.000000000003,-2202.601300650296,-4.405202601300592,-3.750000000000006
2025-12-01,WCIL,SHORT,A_MOD_BREAK_C1_LOW,MODERATE,2025-12-01 10:05:00+05:30,2025-12-01 10:10:00+05:30,116.75000305175782,117.625628074646,115.34900301513672,2025-12-01 10:20:00+05:30,115.9568306121826,BE,0.5501954032925457,0.6793768041475639,29.1927433013916,30.919219970703125,11.788618087768555,0.9245086614846701,1.7589873313380626,0.003418541896103718,0.4476295318475944,50000,5.0,250000.0,1698.4420103689097,1375.4885082313642,2.7509770164627283,3.396884020737819
2025-12-02,DCMSHRIRAM,SHORT,A_MOD_BREAK_C1_LOW,MODERATE,2025-12-02 09:30:00+05:30,2025-12-02 09:35:00+05:30,1197.6604444091797,1206.6428977422486,1183.2885190762695,2025-12-02 09:45:00+05:30,1206.6428977422486,SL,-0.8810405202601216,-0.7500000000000011,37.92011260986328,16.73640251159668,12.508395195007324,1.0043440286362884,2.702507219987478,0.003633980755014555,0.6045618941592996,50000,5.0,250000.0,-1875.0000000000027,-2202.601300650304,-4.405202601300608,-3.7500000000000053
2025-12-02,DEEPAKNTR,SHORT,A_MOD_BREAK_C1_LOW,MODERATE,2025-12-02 09:35:00+05:30,2025-12-02 09:40:00+05:30,1524.695,1536.1302125,1506.3986599999998,2025-12-02 10:30:00+05:30,1519.5449999999998,BE,0.20814676388728284,0.3377724725272983,64.4354248046875,7.389162540435791,7.346490383148193,1.3717095928576097,5.0525985782399925,0.0035910930143030146,0.8500491787500817,50000,5.0,250000.0,844.4311813182458,520.3669097182071,1.0407338194364144,1.6888623626364916
2025-12-02,EMCURE,SHORT,A_MOD_BREAK_C1_LOW,MODERATE,2025-12-02 09:55:00+05:30,2025-12-02 10:00:00+05:30,1409.2181,1419.78723575,1392.3074828000001,2025-12-02 10:15:00+05:30,1419.78723575,SL,-0.8810405202601124,-0.749999999999999,38.514408111572266,19.889503479003906,11.543479919433594,1.9617493537678845,3.236161796880422,0.003916740282542083,0.7810222585829638,50000,5.0,250000.0,-1874.9999999999975,-2202.601300650281,-4.405202601300562,-3.749999999999995
2025-12-02,FORTIS,SHORT,A_MOD_BREAK_C1_LOW,MODERATE,2025-12-02 10:00:00+05:30,2025-12-02 10:05:00+05:30,898.6202277954102,905.3598795038758,887.8367850618653,2025-12-02 10:15:00+05:30,896.7822755126953,BE,0.07473147206099506,0.20453048193940404,36.44158935546875,40.0,17.194211959838867,2.0214704934182977,1.9360035916251042,0.0037150644743907655,0.7534240199132864,50000,5.0,250000.0,511.3262048485101,186.82868015248766,0.3736573603049753,1.0226524096970202
2025-12-02,GARFIBRES,SHORT,A_MOD_BREAK_C1_LOW,MODERATE,2025-12-02 09:50:00+05:30,2025-12-02 09:55:00+05:30,678.8642,683.9556815,670.7178296,2025-12-02 10:30:00+05:30,683.9556815,SL,-0.8810405202601155,-0.749999999999998,46.436790466308594,2.3684210777282715,4.120026588439941,1.1690369093813686,2.991833321463963,0.004952212892290263,0.7611333161363685,50000,5.0,250000.0,-1874.999999999995,-2202.6013006502885,-4.405202601300577,-3.7499999999999902
2025-12-02,ICICIGI,SHORT,A_MOD_BREAK_C1_LOW,MODERATE,2025-12-02 09:45:00+05:30,2025-12-02 09:50:00+05:30,1959.7079555908203,1974.4057652577517,1936.1914601237304,2025-12-02 12:00:00+05:30,1974.4057652577517,SL,-0.8810405202601294,-0.7500000000000092,32.09922409057617,24.230770111083984,4.155124664306641,2.0551051168486447,2.796954599523622,0.003148527502315325,0.6914883613586424,50000,5.0,250000.0,-1875.0000000000232,-2202.6013006503235,-4.405202601300648,-3.750000000000046
2025-12-02,JAIBALAJI,SHORT,A_MOD_BREAK_C1_LOW,MODERATE,2025-12-02 09:30:00+05:30,2025-12-02 09:35:00+05:30,66.10000152587891,66.59575153732301,65.30680150756837,2025-12-02 09:45:00+05:30,65.93721785736084,BE,0.11652405884049474,0.24626878178564374,28.723936080932617,14.527027130126953,3.029198169708252,2.2529581574872375,5.213613067328889,0.004448763534966558,0.6408590412139892,50000,5.0,250000.0,615.6719544641094,291.31014710123685,0.5826202942024736,1.2313439089282188
2025-12-02,SAFARI,SHORT,A_MOD_BREAK_C1_LOW,MODERATE,2025-12-02 10:05:00+05:30,2025-12-02 10:10:00+05:30,2381.6236776367186,2399.4858552189944,2353.044193505078,2025-12-02 10:20:00+05:30,2371.0919999999996,BE,0.3127159057857262,0.44220578320625203,25.839693069458008,26.8817195892334,0.3291020095348358,2.171477163060708,2.5236389888184196,0.004316650133750699,0.5975953960418701,50000,5.0,250000.0,1105.5144580156302,781.7897644643156,1.5635795289286312,2.2110289160312604
2025-12-02,UNIECOM,SHORT,A_MOD_BREAK_C1_LOW,MODERATE,2025-12-02 09:40:00+05:30,2025-12-02 09:45:00+05:30,127.45,128.405875,125.92060000000001,2025-12-02 09:50:00+05:30,127.07007244873046,BE,0.1684219852653502,0.2980992948368348,37.7348518371582,31.165918350219727,23.06306266784668,1.19070595981139,2.057539149884046,0.004268907565696567,0.6343963205243663,50000,5.0,250000.0,745.2482370920869,421.05496316337553,0.842109926326751,1.490496474184174
2025-12-02,VISHNU,SHORT,A_MOD_BREAK_C1_LOW,MODERATE,2025-12-02 13:50:00+05:30,2025-12-02 13:55:00+05:30,509.94797779541017,513.7725876288757,503.82860206186524,2025-12-02 14:30:00+05:30,509.5,EOD,-0.042103029055688274,0.08784774426341492,41.67026901245117,22.727272033691406,0.7818930149078369,3.7597310681465457,2.401500075294334,0.0022824654888433157,0.8350540351867675,50000,5.0,250000.0,219.6193606585373,-105.25757263922068,-0.21051514527844137,0.4392387213170746
2025-12-03,AGARIND,SHORT,A_MOD_BREAK_C1_LOW,MODERATE,2025-12-03 10:10:00+05:30,2025-12-03 10:15:00+05:30,759.9979944091797,765.6979793672485,750.8780184762695,2025-12-03 10:45:00+05:30,765.6979793672485,SL,-0.8810405202601136,-0.7500000000000008,34.9278564453125,29.746835708618164,6.679487228393555,2.297352134127614,1.386735709248768,0.0032230480418286122,0.7032546321421258,50000,5.0,250000.0,-1875.0000000000018,-2202.601300650284,-4.4052026013005685,-3.7500000000000036
2025-12-03,AWFIS,SHORT,A_MOD_BREAK_C1_LOW,MODERATE,2025-12-03 11:15:00+05:30,2025-12-03 11:20:00+05:30,514.897,518.7587275000001,508.71823600000005,2025-12-03 13:35:00+05:30,513.78675,BE,0.08584107045649284,0.21562564940173753,47.39231491088867,26.190475463867188,8.531855583190918,3.079510778336866,2.6527309131552688,0.003751733696576461,0.92088472366333,50000,5.0,250000.0,539.0641235043438,214.60267614123208,0.42920535228246415,1.0781282470086875
2025-12-03,CROMPTON,SHORT,A_MOD_BREAK_C1_LOW,MODERATE,2025-12-03 09:35:00+05:30,2025-12-03 09:40:00+05:30,259.74802779541017,261.6961380038758,256.63105146186524,2025-12-03 10:05:00+05:30,258.9746122436523,BE,0.16807832646115078,0.29775608243194934,49.215572357177734,20.370370864868164,18.604650497436523,0.9594069696507812,3.0519208020401947,0.0023094690224542665,0.7661298050465528,50000,5.0,250000.0,744.3902060798733,420.19581615287694,0.8403916323057539,1.4887804121597468
2025-12-03,DEEPAKFERT,SHORT,A_MOD_BREAK_C1_LOW,MODERATE,2025-12-03 09:30:00+05:30,2025-12-03 09:35:00+05:30,1307.7384,1317.546438,1292.0455392,2025-12-03 09:40:00+05:30,1303.8999999999999,BE,0.16383108739644475,0.2935143603644347,47.76613998413086,26.3157901763916,2.0146520137786865,0.6710831835046192,4.39205951822522,0.002897301383270856,0.6939316568752711,50000,5.0,250000.0,733.7859009110866,409.57771849111185,0.8191554369822237,1.4675718018221733
2025-12-03,HUDCO,SHORT,A_MOD_BREAK_C1_LOW,MODERATE,2025-12-03 11:00:00+05:30,2025-12-03 11:05:00+05:30,229.95,231.674625,227.1906,2025-12-03 11:35:00+05:30,229.38609693908688,BE,0.11548247851339068,0.24522855443057426,61.78254318237305,6.1688313484191895,7.7895402908325195,3.4602545472554085,3.071272527951735,0.002611574015921891,0.96,50000,5.0,250000.0,613.0713860764357,288.7061962834767,0.5774123925669534,1.2261427721528713
2025-12-03,INDIANB,SHORT,A_MOD_BREAK_C1_LOW,MODERATE,2025-12-03 10:25:00+05:30,2025-12-03 10:30:00+05:30,817.08655,823.214699125,807.2815114,2025-12-03 11:00:00+05:30,813.5834744873046,BE,0.29922018690146085,0.42872759473221433,73.17698669433594,9.51456356048584,1.3677253723144531,2.6752803101739655,3.104094293289298,0.007183933166988322,0.96,50000,5.0,250000.0,1071.818986830536,748.0504672536521,1.4961009345073042,2.143637973661072
2025-12-03,JSWENERGY,SHORT,A_MOD_BREAK_C1_LOW,MODERATE,2025-12-03 10:10:00+05:30,2025-12-03 10:15:00+05:30,473.9052,477.459489,468.2183376,2025-12-03 10:20:00+05:30,472.6136122436523,BE,0.14283082521710316,0.2725413767031185,35.12665557861328,6.504065036773682,1.2738853693008423,3.2112265448979698,3.5814563240665187,0.0029761904402624204,0.7368998336791992,50000,5.0,250000.0,681.3534417577962,357.0770630427579,0.7141541260855158,1.3627068835155924
2025-12-03,NTPC,SHORT,A_MOD_BREAK_C1_LOW,MODERATE,2025-12-03 10:05:00+05:30,2025-12-03 10:10:00+05:30,324.4850777954102,326.9187158788758,320.59125686186525,2025-12-03 11:20:00+05:30,323.76838775634764,BE,0.09109219513516484,0.22086995307513616,43.82387924194336,12.844037055969238,2.367609977722168,1.9056756558619903,3.199559298198048,0.002046790153689463,0.8508514284049986,50000,5.0,250000.0,552.1748826878404,227.73048783791208,0.45546097567582416,1.1043497653756809
2025-12-03,PNBHOUSING,SHORT,A_MOD_BREAK_C1_LOW,MODERATE,2025-12-03 09:35:00+05:30,2025-12-03 09:40:00+05:30,891.1217277954102,897.8051407538758,880.4282670618652,2025-12-03 10:30:00+05:30,885.8496122436522,BE,0.4623313333118586,0.5916268661522655,43.566951751708984,32.50517654418945,28.923124313354492,1.5905931184410476,2.897465316598326,0.003417385875488009,0.7918580720028181,50000,5.0,250000.0,1479.0671653806637,1155.8283332796466,2.3116566665592932,2.9581343307613275
2025-12-03,SJVN,SHORT,A_MOD_BREAK_C1_LOW,MODERATE,2025-12-03 09:35:00+05:30,2025-12-03 09:40:00+05:30,75.86000366210938,76.42895368957521,74.94968361816406,2025-12-03 14:30:00+05:30,75.5999984741211,EOD,0.21312419929580134,0.3427434424421887,35.15170669555664,18.134714126586914,5.4605889320373535,2.373917398432514,4.654001479539661,0.0033216023504182447,0.7372756004333496,50000,5.0,250000.0,856.8586061054717,532.8104982395033,1.0656209964790067,1.7137172122109432
2025-12-04,CCL,SHORT,A_MOD_BREAK_C1_LOW,MODERATE,2025-12-04 13:10:00+05:30,2025-12-04 13:15:00+05:30,976.8046,984.1306345000002,965.0829448000001,2025-12-04 13:40:00+05:30,974.1136122436523,BE,0.1457821318447797,0.2754888496990897,25.4132022857666,12.650602340698242,5.203550815582275,5.601573549622747,4.083719294603292,0.0021567481323054773,0.5911980342864991,50000,5.0,250000.0,688.7221242477243,364.45532961194925,0.7289106592238985,1.3774442484954486
2025-12-04,PVRINOX,SHORT,A_MOD_BREAK_C1_LOW,MODERATE,2025-12-04 10:10:00+05:30,2025-12-04 10:15:00+05:30,1100.3798555908204,1108.6327045077517,1087.1752973237305,2025-12-04 14:30:00+05:30,1103.300048828125,EOD,-0.39579067014328656,-0.26538047043188373,36.25065612792969,9.289617538452148,3.838383913040161,1.942933487597014,2.5175735959808483,0.005659250911423601,0.7437732022484227,50000,5.0,250000.0,-663.4511760797093,-989.4766753582164,-1.978953350716433,-1.3269023521594185
2025-12-04,RAMCOIND,SHORT,A_MOD_BREAK_C1_LOW,MODERATE,2025-12-04 13:45:00+05:30,2025-12-04 13:50:00+05:30,314.0371861022949,316.39246499806217,310.26873986906736,2025-12-04 14:05:00+05:30,313.23688775634764,BE,0.12510833220437612,0.2548419045146433,29.03200340270996,31.404958724975586,18.452381134033203,3.8540010047251028,1.855325486938513,0.002092145383028632,0.638246325387575,50000,5.0,250000.0,637.1047612866082,312.77083051094024,0.6255416610218805,1.2742095225732164
2025-12-04,TBOTEK,SHORT,A_MOD_BREAK_C1_LOW,MODERATE,2025-12-04 13:40:00+05:30,2025-12-04 13:45:00+05:30,1661.0677444091798,1673.5257524922488,1641.1349314762697,2025-12-04 14:30:00+05:30,1668.5,EOD,-0.578085432738883,-0.4474384392711064,31.504674911499023,9.158415794372559,6.3811187744140625,6.156092383472863,5.728047396943778,0.002545185598175749,0.6825701236724853,50000,5.0,250000.0,-1118.596098177766,-1445.2135818472075,-2.8904271636944148,-2.2371921963555317
2025-12-05,CHEMCON,SHORT,A_MOD_BREAK_C1_LOW,MODERATE,2025-12-05 09:30:00+05:30,2025-12-05 09:35:00+05:30,204.28000183105468,205.8121018447876,201.82864180908203,2025-12-05 10:05:00+05:30,205.8121018447876,SL,-0.8810405202601278,-0.7500000000000094,69.94994354248047,34.1541748046875,31.203407287597656,1.3080028914353496,3.5366761064284167,0.004708769520429101,0.838900506001186,50000,5.0,250000.0,-1875.0000000000236,-2202.6013006503194,-4.405202601300639,-3.750000000000047
2025-12-05,FINPIPE,SHORT,A_PULLBACK_C2_THEN_BREAK_C2_LOW,MODERATE,2025-12-05 09:45:00+05:30,2025-12-05 09:55:00+05:30,167.97000427246093,169.2297793045044,165.95436422119138,2025-12-05 10:15:00+05:30,169.2297793045044,SL,-0.8810405202601265,-0.7500000000000128,49.392051696777344,23.67601203918457,3.193910837173462,1.5158235181756108,3.5983580586092136,0.004170421808856654,0.8661498911323919,50000,5.0,250000.0,-1875.000000000032,-2202.6013006503163,-4.4052026013006325,-3.7500000000000644
2025-12-05,GABRIEL,SHORT,A_MOD_BREAK_C1_LOW,MODERATE,2025-12-05 13:05:00+05:30,2025-12-05 13:10:00+05:30,970.5058722045899,977.7846662461244,958.8598017381348,2025-12-05 13:20:00+05:30,966.4907755126952,BE,0.28418479778926203,0.4137117360015564,26.2924861907959,20.761245727539062,12.045852661132812,3.352858117570303,2.2266996809034056,0.0045824322120697385,0.6043872928619385,50000,5.0,250000.0,1034.279340003891,710.4619944731551,1.4209239889463101,2.0685586800077824
2025-12-05,HFCL,SHORT,A_MOD_BREAK_C1_LOW,MODERATE,2025-12-05 09:40:00+05:30,2025-12-05 09:45:00+05:30,67.95,68.459625,67.1346,2025-12-05 09:55:00+05:30,68.459625,SL,-0.8810405202601259,-0.7499999999999997,42.88728332519531,10.689655303955078,2.667367458343506,2.032929549639896,4.81545340955293,0.0051927072105121385,0.8533092498779296,50000,5.0,250000.0,-1874.999999999999,-2202.601300650315,-4.40520260130063,-3.7499999999999987
2025-12-05,JKTYRE,SHORT,A_MOD_BREAK_C1_LOW,MODERATE,2025-12-05 09:45:00+05:30,2025-12-05 09:50:00+05:30,464.0071861022949,467.48723999806214,458.4390998690674,2025-12-05 09:55:00+05:30,462.88449999999995,BE,0.11220413011934734,0.24195446448267766,41.01234436035156,24.213836669921875,8.585858345031738,2.652506960955005,3.847974366297257,0.0036476128506784324,0.8251851654052733,50000,5.0,250000.0,604.8861612066942,280.51032529836834,0.5610206505967367,1.2097723224133883
2025-12-05,KAYNES,SHORT,A_MOD_BREAK_C1_LOW,MODERATE,2025-12-05 09:30:00+05:30,2025-12-05 09:35:00+05:30,4761.0476,4796.755457,4703.9150288,2025-12-05 09:40:00+05:30,4673.478499999999,BE,1.711609408596053,1.8392821781492086,51.20875930786133,17.047183990478516,9.268192291259766,1.6069140817384084,4.926358678155439,0.008762863205578437,0.8912099643042215,50000,5.0,250000.0,4598.205445373022,4279.023521490132,8.558047042980265,9.196410890746042
2025-12-05,SIYSIL,SHORT,A_MOD_BREAK_C1_LOW,MODERATE,2025-12-05 09:40:00+05:30,2025-12-05 09:45:00+05:30,671.9155777954102,676.9549446288758,663.8525908618652,2025-12-05 10:05:00+05:30,670.0039999999999,BE,0.15480172053204336,0.2844967222939305,51.245338439941406,18.38074493408203,11.425138473510742,1.1599764417281309,3.805501757807728,0.004364725470418093,0.8129958773024228,50000,5.0,250000.0,711.2418057348264,387.00430133010843,0.7740086026602169,1.4224836114696529
2025-12-05,SUNTECK,SHORT,A_MOD_BREAK_C1_LOW,MODERATE,2025-12-05 10:25:00+05:30,2025-12-05 10:30:00+05:30,406.5186861022949,409.56757624806215,401.64046186906734,2025-12-05 14:30:00+05:30,405.3999938964844,EOD,0.14548127605120972,0.27518838470540286,49.683868408203125,13.72549057006836,4.269470691680908,1.4451134770788896,2.822030185211733,0.0031330628772889683,0.8581528846118525,50000,5.0,250000.0,687.9709617635071,363.70319012802435,0.7274063802560486,1.3759419235270143
2025-12-05,THERMAX,SHORT,A_MOD_BREAK_C1_LOW,MODERATE,2025-12-05 09:40:00+05:30,2025-12-05 09:45:00+05:30,2827.4344,2848.640158,2793.5051872,2025-12-05 10:00:00+05:30,2816.4239999999995,BE,0.25985455961790616,0.3894131018566009,36.496891021728516,16.460176467895508,8.754385948181152,1.9211014878553485,3.788120664875771,0.002567611229250053,0.7436461257006137,50000,5.0,250000.0,973.5327546415023,649.6363990447654,1.299272798089531,1.9470655092830045
2025-12-05,TIINDIA,SHORT,A_PULLBACK_C2_THEN_BREAK_C2_LOW,MODERATE,2025-12-05 09:50:00+05:30,2025-12-05 10:00:00+05:30,2664.467,2684.4505025000003,2632.493396,2025-12-05 14:30:00+05:30,2669.0,EOD,-0.3004141435363375,-0.17012783419722977,34.48098373413086,11.261260986328125,7.360114097595215,1.276307942673692,3.1570358264528053,0.002746634344073133,0.6005686459798589,50000,5.0,250000.0,-425.3195854930744,-751.0353588408437,-1.5020707176816874,-0.8506391709861487
2025-12-08,BAJFINANCE,SHORT,A_MOD_BREAK_C1_LOW,MODERATE,2025-12-08 09:50:00+05:30,2025-12-08 09:55:00+05:30,1032.2935,1040.03570125,1019.905978,2025-12-08 10:15:00+05:30,1027.072,BE,0.37640830531576347,0.5058154488040567,48.53704833984375,11.627906799316406,4.866385459899902,2.149600323120381,4.577419450191904,0.002760290464535175,0.9380557250976562,50000,5.0,250000.0,1264.5386220101416,941.0207632894087,1.8820415265788173,2.529077244020283
2025-12-08,DATAPATTNS,SHORT,A_MOD_BREAK_C1_LOW,MODERATE,2025-12-08 09:45:00+05:30,2025-12-08 09:50:00+05:30,2669.466,2689.486995,2637.4324079999997,2025-12-08 10:25:00+05:30,2689.486995,SL,-0.8810405202601174,-0.7500000000000117,51.44091796875,9.993552207946777,1.0293205976486206,1.7936398162356932,4.551948648532609,0.006640351419825547,0.9238869678412462,50000,5.0,250000.0,-1875.000000000029,-2202.6013006502935,-4.405202601300587,-3.750000000000058
2025-12-08,DLF,SHORT,A_MOD_BREAK_C1_LOW,MODERATE,2025-12-08 10:05:00+05:30,2025-12-08 10:10:00+05:30,704.4090777954102,709.6921458788759,695.9561688618653,2025-12-08 10:35:00+05:30,700.8963877563476,BE,0.3692554520396949,0.4986718868042218,42.72190475463867,10.129870414733887,2.8341076374053955,2.869780318057982,3.8413182252702764,0.003222341475928563,0.85082857131958,50000,5.0,250000.0,1246.6797170105544,923.1386300992372,1.8462772601984743,2.4933594340211087
2025-12-08,EMSLIMITED,SHORT,A_MOD_BREAK_C1_LOW,MODERATE,2025-12-08 09:55:00+05:30,2025-12-08 10:00:00+05:30,408.36832220458984,411.4310846211243,403.46790233813476,2025-12-08 10:15:00+05:30,407.5188877563476,BE,0.07821245111467816,0.2080069393376354,48.300540924072266,28.793773651123047,8.352514266967773,2.1619815906141966,2.938232623117163,0.004566887771587791,0.934508113861084,50000,5.0,250000.0,520.0173483440885,195.5311277866954,0.39106225557339086,1.040034696688177
2025-12-08,GOKULAGRO,SHORT,A_MOD_BREAK_C1_LOW,MODERATE,2025-12-08 09:55:00+05:30,2025-12-08 10:00:00+05:30,196.50999755859374,197.9838225402832,194.15187758789062,2025-12-08 10:35:00+05:30,195.58499999999998,BE,0.3412599221812639,0.47071272204252657,51.65159225463867,29.032258987426758,14.230857849121094,1.6595642858818653,2.2915640668459116,0.004264284033967703,0.9004237500293264,50000,5.0,250000.0,1176.7818051063164,853.1498054531596,1.7062996109063193,2.3535636102126327
2025-12-08,KRBL,SHORT,A_MOD_BREAK_C1_LOW,MODERATE,2025-12-08 13:30:00+05:30,2025-12-08 13:35:00+05:30,378.9242,381.76613150000003,374.3771096,2025-12-08 14:30:00+05:30,381.1000061035156,EOD,-0.7050180353679036,-0.5742061614211075,44.49493408203125,22.159090042114258,0.3546099364757538,5.24199332834537,3.0545652062176467,0.00321334333092682,0.8774240112304688,50000,5.0,250000.0,-1435.5154035527687,-1762.5450884197592,-3.525090176839518,-2.8710308071055373
2025-12-08,OAL,SHORT,A_MOD_BREAK_C1_LOW,MODERATE,2025-12-08 13:55:00+05:30,2025-12-08 14:00:00+05:30,289.7920361022949,291.96547637306213,286.3145316690674,2025-12-08 14:05:00+05:30,287.861,BE,0.5371540294826503,0.6663523705714489,42.234378814697266,28.708133697509766,26.056337356567383,3.092323907355478,2.7120015714211756,0.004214002027968567,0.843515682220459,50000,5.0,250000.0,1665.8809264286222,1342.885073706626,2.685770147413252,3.331761852857244
2025-12-08,PARAGMILK,SHORT,A_MOD_BREAK_C1_LOW,MODERATE,2025-12-08 13:25:00+05:30,2025-12-08 13:30:00+05:30,299.89002220458985,302.1391973711243,296.2913419381348,2025-12-08 13:40:00+05:30,298.94413775634763,BE,0.18575564941071082,0.3154104432313948,55.285701751708984,17.894737243652344,12.554466247558594,5.88261638977155,3.041053700959627,0.0024527895543329874,0.96,50000,5.0,250000.0,788.5261080784869,464.3891235267771,0.9287782470535543,1.5770522161569738
2025-12-08,PFS,SHORT,A_MOD_BREAK_C1_LOW,MODERATE,2025-12-08 13:55:00+05:30,2025-12-08 14:00:00+05:30,32.26999969482422,32.512024692535405,31.882759698486332,2025-12-08 14:30:00+05:30,32.25,EOD,-0.06800829987545867,0.06197612337575987,70.39936065673828,20.0,22.988506317138672,5.5646880797856335,2.234421976502878,0.002717511200584157,0.96,50000,5.0,250000.0,154.94030843939967,-170.02074968864667,-0.34004149937729333,0.30988061687879936
2025-12-08,THERMAX,SHORT,A_MOD_BREAK_C1_LOW,MODERATE,2025-12-08 10:20:00+05:30,2025-12-08 10:25:00+05:30,2795.4408,2816.406606,2761.8955103999997,2025-12-08 11:05:00+05:30,2788.6409489746093,BE,0.11349924735825695,0.2432478994150254,57.208534240722656,10.166666984558105,2.6719577312469482,2.05000431501743,2.489811173076934,0.002895028651555584,0.96,50000,5.0,250000.0,608.1197485375635,283.74811839564234,0.5674962367912847,1.2162394970751271
2025-12-09,APOLLO,SHORT,A_PULLBACK_C2_THEN_BREAK_C2_LOW,MODERATE,2025-12-09 09:45:00+05:30,2025-12-09 09:55:00+05:30,237.09999389648436,238.878243850708,234.25479396972653,2025-12-09 10:10:00+05:30,238.878243850708,SL,-0.8810405202601101,-0.7500000000000029,73.0025634765625,10.320284843444824,8.88888931274414,1.2834415298242623,4.0919029679076315,0.007003095739674073,0.834602267719246,50000,5.0,250000.0,-1875.0000000000073,-2202.6013006502753,-4.405202601300551,-3.750000000000014
2025-12-09,BAJAJCON,SHORT,A_MOD_BREAK_C1_LOW,MODERATE,2025-12-09 09:40:00+05:30,2025-12-09 09:45:00+05:30,251.74964305114747,253.6377653740311,248.7286473345337,2025-12-09 10:15:00+05:30,253.6377653740311,SL,-0.8810405202601241,-0.7500000000000047,40.66114044189453,25.229358673095703,3.8506581783294678,1.8908126333377753,4.088936798678709,0.005753968443189349,0.8008093174625286,50000,5.0,250000.0,-1875.0000000000116,-2202.6013006503103,-4.405202601300621,-3.7500000000000235
2025-12-09,CDSL,SHORT,A_MOD_BREAK_C1_LOW,MODERATE,2025-12-09 09:45:00+05:30,2025-12-09 09:50:00+05:30,1470.7058,1481.7360935000002,1453.0573304,2025-12-09 09:55:00+05:30,1465.5835510253905,BE,0.21867305156582426,0.3482850869704478,39.37763595581055,21.714284896850586,4.579357147216797,1.8047569361793547,3.871508814179409,0.005497118346185183,0.7664970031685452,50000,5.0,250000.0,870.7127174261195,546.6826289145607,1.0933652578291213,1.741425434852239
2025-12-09,CHOICEIN,SHORT,A_MOD_BREAK_C1_LOW,MODERATE,2025-12-09 09:45:00+05:30,2025-12-09 09:50:00+05:30,725.0049944091797,730.4425318672486,716.3049344762696,2025-12-09 10:25:00+05:30,730.4425318672486,SL,-0.8810405202601229,-0.7499999999999997,38.775115966796875,9.584086418151855,3.0303030014038086,2.227885299461226,4.488472971948052,0.004560632781634963,0.7916267395019532,50000,5.0,250000.0,-1874.999999999999,-2202.601300650307,-4.405202601300615,-3.7499999999999987
2025-12-09,DBCORP,SHORT,A_MOD_BREAK_C1_LOW,MODERATE,2025-12-09 09:30:00+05:30,2025-12-09 09:35:00+05:30,234.95,236.71212500000001,232.1306,2025-12-09 09:40:00+05:30,233.89959693908688,BE,0.3175916042132111,0.4470751482924504,79.34778594970703,16.033754348754883,1.3774104118347168,1.3021967373629153,5.405432110931983,0.005957446707055924,0.8378844290385101,50000,5.0,250000.0,1117.687870731126,793.9790105330277,1.5879580210660553,2.235375741462252
2025-12-09,GANECOS,SHORT,A_MOD_BREAK_C1_LOW,MODERATE,2025-12-09 09:30:00+05:30,2025-12-09 09:35:00+05:30,879.2741222045898,885.8686781211243,868.7228327381348,2025-12-09 09:50:00+05:30,877.0232244873046,BE,0.1262629192813305,0.25599499182821894,38.63040542602539,12.400635719299316,1.0534236431121826,1.546654817393816,5.418422388214034,0.004264028595086553,0.7101206744342985,50000,5.0,250000.0,639.9874795705474,315.65729820332626,0.6313145964066526,1.279974959141095
2025-12-09,HEROMOTOCO,SHORT,A_MOD_BREAK_C1_LOW,MODERATE,2025-12-09 10:00:00+05:30,2025-12-09 10:05:00+05:30,5989.3019,6034.221664250001,5917.4302772,2025-12-09 10:15:00+05:30,6034.221664250001,SL,-0.8810405202601195,-0.7500000000000049,56.552608489990234,15.2610445022583,7.136139392852783,2.854339349888526,4.011671570091786,0.004602525381679358,0.96,50000,5.0,250000.0,-1875.0000000000123,-2202.6013006502985,-4.405202601300597,-3.750000000000025
2025-12-09,HGINFRA,SHORT,A_MOD_BREAK_C1_LOW,MODERATE,2025-12-09 09:50:00+05:30,2025-12-09 09:55:00+05:30,769.846,775.619845,760.607848,2025-12-09 11:50:00+05:30,767.3451377563475,BE,0.1952097615260614,0.32485227482541673,48.53571319580078,14.44444465637207,3.549999952316284,1.8397723343341654,3.5987057728996033,0.006595547168285816,0.9099958564454906,50000,5.0,250000.0,812.1306870635418,488.0244038151535,0.9760488076303071,1.6242613741270835
2025-12-09,IPCALAB,SHORT,A_MOD_BREAK_C1_LOW,MODERATE,2025-12-09 09:45:00+05:30,2025-12-09 09:50:00+05:30,1399.72,1410.2179,1382.92336,2025-12-09 10:20:00+05:30,1410.2179,SL,-0.8810405202601292,-0.7500000000000052,46.6351203918457,12.44239616394043,2.2268614768981934,2.2070813067180532,4.247161368467438,0.005551020417894636,0.9095268058776855,50000,5.0,250000.0,-1875.000000000013,-2202.601300650323,-4.405202601300647,-3.750000000000026
2025-12-09,LALPATHLAB,SHORT,A_PULLBACK_C2_THEN_BREAK_C2_LOW,MODERATE,2025-12-09 09:40:00+05:30,2025-12-09 09:50:00+05:30,1449.9099111816406,1460.784235515503,1432.510992247461,2025-12-09 11:20:00+05:30,1460.784235515503,SL,-0.8810405202601151,-0.7500000000000088,45.22809600830078,14.069591522216797,6.039677619934082,1.0458206458625734,3.9291257028540167,0.005090798322071124,0.7214400531504621,50000,5.0,250000.0,-1875.0000000000218,-2202.601300650288,-4.4052026013005765,-3.7500000000000435
2025-12-10,DMART,SHORT,A_MOD_BREAK_C1_LOW,MODERATE,2025-12-10 10:50:00+05:30,2025-12-10 10:55:00+05:30,3855.5287888183593,3884.445254734497,3809.262443352539,2025-12-10 12:05:00+05:30,3826.4449999999997,BE,0.625255917030302,0.7543398172179955,29.17623519897461,15.662651062011719,1.9225767850875854,3.4281934870772384,3.1304230999730853,0.0021966054702698056,0.6476435279846191,50000,5.0,250000.0,1885.8495430449886,1563.139792575755,3.1262795851515106,3.7716990860899773
2025-12-10,PCBL,SHORT,A_MOD_BREAK_C1_LOW,MODERATE,2025-12-10 13:25:00+05:30,2025-12-10 13:30:00+05:30,310.4379,312.76618425000004,306.7126452,2025-12-10 14:30:00+05:30,310.0,EOD,0.011177243242406043,0.14105880757472372,40.46508026123047,10.416666984558105,4.805952548980713,9.439496321288878,5.257025549287355,0.0026782838661124062,0.8169762039184569,50000,5.0,250000.0,352.6470189368093,27.943108106015107,0.055886216212030215,0.7052940378736186
2025-12-11,APOLLO,SHORT,A_MOD_BREAK_C1_LOW,MODERATE,2025-12-11 09:40:00+05:30,2025-12-11 09:45:00+05:30,226.14999694824218,227.846121925354,223.43619698486327,2025-12-11 09:50:00+05:30,225.67499999999998,BE,0.08024439025426909,0.21003623906787114,35.735294342041016,21.93877601623535,15.678535461425781,1.6855654524933645,3.366674592984,0.006542232558322014,0.6910033693169539,50000,5.0,250000.0,525.0905976696778,200.61097563567273,0.4012219512713454,1.0501811953393554
2025-12-11,BALAMINES,SHORT,A_MOD_BREAK_C1_LOW,MODERATE,2025-12-11 09:35:00+05:30,2025-12-11 09:40:00+05:30,1105.7788,1114.072141,1092.5094544,2025-12-11 09:50:00+05:30,1103.3,BE,0.09439433060649138,0.22416779920180163,28.228206634521484,18.892507553100586,5.305703639984131,0.8560718123620775,2.959204281940451,0.003978300267059161,0.4332356666811858,50000,5.0,250000.0,560.4194980045041,235.98582651622846,0.471971653032457,1.1208389960090084
2025-12-11,DREDGECORP,SHORT,A_MOD_BREAK_C1_LOW,MODERATE,2025-12-11 09:40:00+05:30,2025-12-11 09:45:00+05:30,991.8016,999.2401120000001,979.8999808,2025-12-11 09:50:00+05:30,989.1084744873045,BE,0.1418268788568816,0.27153873442989745,33.935546875,21.240310668945312,16.70395278930664,0.6237585813923804,2.471576295108602,0.008999553868146742,0.47819095486866653,50000,5.0,250000.0,678.8468360747436,354.567197142204,0.709134394284408,1.3576936721494872
2025-12-11,ELIN,SHORT,A_MOD_BREAK_C1_LOW,MODERATE,2025-12-11 09:40:00+05:30,2025-12-11 09:45:00+05:30,171.89000244140624,173.17917745971678,169.82732241210937,2025-12-11 09:55:00+05:30,170.51,BE,0.6738196160405624,0.8028404338854217,27.161911010742188,25.89531707763672,29.10714340209961,1.0655061450302317,2.4867828970490575,0.005998770273760101,0.45389224054142335,50000,5.0,250000.0,2007.1010847135542,1684.549040101406,3.369098080202812,4.014202169427109
2025-12-11,GRSE,SHORT,A_MOD_BREAK_C1_LOW,MODERATE,2025-12-11 09:45:00+05:30,2025-12-11 09:50:00+05:30,2372.4253223632813,2390.218512281006,2343.956218494922,2025-12-11 09:55:00+05:30,2360.0589999999997,BE,0.3918652684194299,0.5212523339180573,35.33848190307617,40.81846618652344,38.573883056640625,1.2905507561389864,1.572136046550313,0.005359550197068255,0.594530413197981,50000,5.0,250000.0,1303.130834795143,979.6631710485748,1.9593263420971496,2.606261669590286
2025-12-11,HIMATSEIDE,SHORT,A_MOD_BREAK_C1_LOW,MODERATE,2025-12-11 09:35:00+05:30,2025-12-11 09:40:00+05:30,114.2,115.05650000000001,112.8296,2025-12-11 09:45:00+05:30,113.74020153045653,BE,0.27308427271352936,0.4026256300730926,26.429841995239258,36.2229118347168,6.853930473327637,1.6467951209109546,2.2034274026654375,0.004126289480363775,0.544636776088006,50000,5.0,250000.0,1006.5640751827315,682.7106817838234,1.3654213635676467,2.0131281503654628
2025-12-11,NELCO,SHORT,A_MOD_BREAK_C1_LOW,MODERATE,2025-12-11 09:35:00+05:30,2025-12-11 09:40:00+05:30,756.4986944091797,762.1724346172487,747.4207100762695,2025-12-11 10:20:00+05:30,762.1724346172487,SL,-0.8810405202601266,-0.7500000000000095,31.350454330444336,26.984127044677734,7.72893762588501,1.1574730283588313,3.857097399012534,0.004750269117302302,0.5328145949194605,50000,5.0,250000.0,-1875.0000000000239,-2202.6013006503163,-4.4052026013006325,-3.750000000000048
2025-12-11,SONATSOFTW,SHORT,A_MOD_BREAK_C1_LOW,MODERATE,2025-12-11 09:35:00+05:30,2025-12-11 09:40:00+05:30,345.48087779541015,348.07198437887575,341.33510726186523,2025-12-11 09:45:00+05:30,342.2236122436523,BE,0.8139820406732357,0.9428207930184608,29.524871826171875,29.01785659790039,27.885906219482422,0.8957290263197409,2.299740733670221,0.0041536648927947,0.4596256569985328,50000,5.0,250000.0,2357.051982546152,2034.9551016830892,4.069910203366178,4.7141039650923044
2025-12-11,SWSOLAR,SHORT,A_MOD_BREAK_C1_LOW,MODERATE,2025-12-11 09:35:00+05:30,2025-12-11 09:40:00+05:30,199.19000549316405,200.6839305343628,196.79972542724607,2025-12-11 09:45:00+05:30,197.18980612182614,BE,0.8754075695563369,1.0041665325455087,43.15461730957031,26.02739715576172,20.65826416015625,0.7663285941433841,2.7423212946402566,0.005093342177735742,0.6414267636186468,50000,5.0,250000.0,2510.4163313637714,2188.5189238908424,4.3770378477816845,5.0208326627275435
2025-12-11,VISHNU,SHORT,A_MOD_BREAK_C1_LOW,MODERATE,2025-12-11 09:40:00+05:30,2025-12-11 09:45:00+05:30,483.9032,487.53247400000004,478.0963616,2025-12-11 10:00:00+05:30,482.5433061218261,BE,0.15132649880422688,0.28102601474301486,43.47377014160156,36.39575958251953,28.835979461669922,0.9577484090979551,2.1924576966775002,0.003755515323017902,0.6797125237161654,50000,5.0,250000.0,702.5650368575372,378.3162470105672,0.7566324940211344,1.4051300737150745
2025-12-12,TDPOWERSYS,SHORT,A_MOD_BREAK_C1_LOW,MODERATE,2025-12-12 13:35:00+05:30,2025-12-12 13:40:00+05:30,683.7132055908203,688.8410546327515,675.5086471237304,2025-12-12 13:50:00+05:30,678.0279999999999,BE,0.7025355387132537,0.831519055699325,26.791748046875,33.75,11.36929702758789,5.033506751679079,2.49437704682444,0.0026729593685823195,0.611876220703125,50000,5.0,250000.0,2078.7976392483124,1756.3388467831342,3.5126776935662685,4.1575952784966255
2025-12-15,BAJAJHFL,SHORT,A_MOD_BREAK_C1_LOW,MODERATE,2025-12-15 09:45:00+05:30,2025-12-15 09:50:00+05:30,94.07000274658203,94.7755277671814,92.94116271362304,2025-12-15 11:50:00+05:30,94.7755277671814,SL,-0.8810405202601217,-0.7500000000000021,26.096628189086914,8.648648262023926,4.305236339569092,2.5293207399361797,4.171148663930971,0.0028450040361238656,0.6014494228363036,50000,5.0,250000.0,-1875.0000000000055,-2202.6013006503044,-4.405202601300609,-3.750000000000011
2025-12-15,BSE,SHORT,A_PULLBACK_C2_THEN_BREAK_C2_LOW,MODERATE,2025-12-15 09:45:00+05:30,2025-12-15 09:55:00+05:30,2697.5604776367186,2717.7921812189943,2665.189751905078,2025-12-15 11:10:00+05:30,2690.447102050781,BE,0.13397455655894977,0.263696611991056,36.483394622802734,15.478614807128906,17.42424201965332,1.2631843307593604,1.879493174676922,0.003382624627922467,0.6222828359587751,50000,5.0,250000.0,659.24152997764,334.93639139737445,0.6698727827947489,1.31848305995528
2025-12-15,CHOLAHLDNG,SHORT,A_MOD_BREAK_C1_LOW,MODERATE,2025-12-15 09:50:00+05:30,2025-12-15 09:55:00+05:30,1899.1201,1913.3635007500002,1876.3306588,2025-12-15 10:10:00+05:30,1893.3630510253904,BE,0.17347221519285863,0.3031429647134843,53.87152862548828,12.770563125610352,1.779484510421753,1.5719721763988705,3.0266303430157975,0.0044217863689331605,0.8850951308698023,50000,5.0,250000.0,757.8574117837106,433.6805379821466,0.8673610759642932,1.5157148235674214
2025-12-15,EICHERMOT,SHORT,A_PULLBACK_C2_THEN_BREAK_C2_LOW,MODERATE,2025-12-15 09:35:00+05:30,2025-12-15 09:45:00+05:30,7123.575,7177.001812500001,7038.0921,2025-12-15 14:30:00+05:30,7117.0,EOD,-0.03764582199501918,0.09229916158670075,27.45180892944336,10.0,4.216372013092041,1.4609694215377347,4.156747095811723,0.002404496331846608,0.5274467827107538,50000,5.0,250000.0,230.7479039667519,-94.11455498754796,-0.18822910997509593,0.46149580793350375
2025-12-15,GRWRHITECH,SHORT,A_MOD_BREAK_C1_LOW,MODERATE,2025-12-15 10:55:00+05:30,2025-12-15 11:00:00+05:30,3615.2768,3642.3913760000005,3571.8934784000003,2025-12-15 11:20:00+05:30,3594.2504999999996,BE,0.45228727489027337,0.5815958545691563,27.370988845825195,29.863014221191406,7.892345428466797,3.0906920601230383,3.72211480195827,0.002451406379716586,0.6205648326873778,50000,5.0,250000.0,1453.9896364228907,1130.7181872256836,2.261436374451367,2.9079792728457816
2025-12-15,HUHTAMAKI,SHORT,A_MOD_BREAK_C1_LOW,MODERATE,2025-12-15 09:40:00+05:30,2025-12-15 09:45:00+05:30,210.50999755859374,212.08882254028322,207.98387758789062,2025-12-15 13:10:00+05:30,209.51666938781736,BE,0.34241615836299555,0.47186745631874083,25.347646713256836,19.00452423095703,8.751105308532715,1.1936732402141028,2.5496151982823965,0.0032757311033761952,0.44910751773632046,50000,5.0,250000.0,1179.668640796852,856.0403959074888,1.7120807918149776,2.359337281593704
2025-12-15,KIMS,SHORT,A_MOD_BREAK_C1_LOW,MODERATE,2025-12-15 10:10:00+05:30,2025-12-15 10:15:00+05:30,651.8696,656.7586220000001,644.0471648,2025-12-15 10:50:00+05:30,656.7586220000001,SL,-0.8810405202601217,-0.7500000000000104,28.46006965637207,12.962963104248047,3.1945035457611084,2.160092578202727,3.112163944581543,0.003427432529507266,0.636901044845581,50000,5.0,250000.0,-1875.0000000000261,-2202.6013006503044,-4.405202601300609,-3.7500000000000524
2025-12-15,MPHASIS,SHORT,A_MOD_BREAK_C1_LOW,MODERATE,2025-12-15 09:40:00+05:30,2025-12-15 09:45:00+05:30,2869.426,2890.946695,2834.9928879999998,2025-12-15 10:35:00+05:30,2890.946695,SL,-0.881040520260108,-0.7500000000000057,35.418601989746094,22.493574142456055,4.780361652374268,1.7258564073173892,2.912295277969863,0.003237929327562711,0.6933039011267346,50000,5.0,250000.0,-1875.0000000000143,-2202.60130065027,-4.405202601300539,-3.7500000000000284
2025-12-15,SANOFI,SHORT,A_MOD_BREAK_C1_LOW,MODERATE,2025-12-15 10:35:00+05:30,2025-12-15 10:40:00+05:30,4210.457544726562,4242.035976312012,4159.932054189843,2025-12-15 14:30:00+05:30,4196.89990234375,EOD,0.19235304178041165,0.3219992658468407,41.234989166259766,19.810041427612305,13.415924072265625,1.9161360589433416,2.3683852932901104,0.0022727967000346215,0.8138486478089813,50000,5.0,250000.0,804.9981646171018,480.8826044510291,0.9617652089020582,1.6099963292342034
2025-12-15,SONATSOFTW,SHORT,A_MOD_BREAK_C1_LOW,MODERATE,2025-12-15 09:40:00+05:30,2025-12-15 09:45:00+05:30,347.63047220458986,350.2377007461243,343.4589065381348,2025-12-15 14:30:00+05:30,349.20001220703125,EOD,-0.5821489408080831,-0.4514966690025002,39.347171783447266,30.526315689086914,21.839080810546875,0.9758134222625967,2.286942230191386,0.002578166676964996,0.6209749256476633,50000,5.0,250000.0,-1128.7416725062506,-1455.372352020208,-2.9107447040404155,-2.2574833450125014
2025-12-16,ARVIND,SHORT,A_MOD_BREAK_C1_LOW,MODERATE,2025-12-16 10:20:00+05:30,2025-12-16 10:25:00+05:30,316.53668610229494,318.91071124806217,312.7382458690674,2025-12-16 11:15:00+05:30,315.4936377563476,BE,0.19988250057321588,0.32951894416758365,52.17570495605469,11.971831321716309,5.680470943450928,1.7618438226052353,2.652296671860167,0.0034513094694027663,0.9183226689559161,50000,5.0,250000.0,823.7973604189591,499.7062514330397,0.9994125028660794,1.6475947208379182
2025-12-16,GRSE,SHORT,A_MOD_BREAK_C1_LOW,MODERATE,2025-12-16 10:10:00+05:30,2025-12-16 10:15:00+05:30,2291.4415223632814,2308.627333781006,2263.944224094922,2025-12-16 10:25:00+05:30,2308.627333781006,SL,-0.8810405202601376,-0.7500000000000099,41.8225212097168,8.042489051818848,3.726262092590332,2.7097351053775234,3.558331174412194,0.003622827392657979,0.8373378181457518,50000,5.0,250000.0,-1875.0000000000246,-2202.601300650344,-4.405202601300688,-3.7500000000000493
2025-12-16,KFINTECH,SHORT,A_MOD_BREAK_C1_LOW,MODERATE,2025-12-16 09:35:00+05:30,2025-12-16 09:40:00+05:30,1039.792,1047.59044,1027.314496,2025-12-16 10:25:00+05:30,1035.7980510253906,BE,0.25454493809728085,0.3841103773263633,25.9248104095459,27.14285659790039,17.781129837036133,0.889668350031554,2.4225566238574596,0.0023557692766189575,0.4045641173987104,50000,5.0,250000.0,960.2759433159082,636.3623452432021,1.272724690486404,1.9205518866318165
2025-12-16,MAHABANK,SHORT,A_MOD_BREAK_C1_LOW,MODERATE,2025-12-16 10:00:00+05:30,2025-12-16 10:05:00+05:30,56.76999969482422,57.19577469253541,56.08875969848633,2025-12-16 13:05:00+05:30,56.62937908172607,BE,0.11795947356304519,0.24770233196067948,37.82893753051758,15.476190567016602,6.451612949371338,1.5220934091530882,2.342703085421999,0.0024010659190365747,0.693800409559554,50000,5.0,250000.0,619.2558299016987,294.89868390761296,0.589797367815226,1.2385116598033974
2025-12-16,OLAELEC,SHORT,A_MOD_BREAK_C1_LOW,MODERATE,2025-12-16 14:05:00+05:30,2025-12-16 14:10:00+05:30,35.24999923706055,35.51437423133851,34.82699924621582,2025-12-16 14:20:00+05:30,34.914431377410885,BE,0.8231387217186454,0.9519655798938594,51.35590744018555,18.33333396911621,15.365625381469727,8.095703550958655,3.3685864191524613,0.0023250171367140784,0.96,50000,5.0,250000.0,2379.9139497346487,2057.8468042966138,4.115693608593228,4.759827899469298
2025-12-16,PVRINOX,SHORT,A_MOD_BREAK_C1_LOW,MODERATE,2025-12-16 09:30:00+05:30,2025-12-16 09:35:00+05:30,1067.2865,1075.29114875,1054.4790619999999,2025-12-16 09:55:00+05:30,1075.29114875,SL,-0.8810405202601096,-0.7500000000000108,25.707765579223633,17.602041244506836,8.243120193481445,1.4756090898148615,4.014148568101854,0.005023680184112615,0.5038480744059552,50000,5.0,250000.0,-1875.0000000000268,-2202.601300650274,-4.405202601300548,-3.750000000000054
2025-12-17,HAVELLS,SHORT,A_MOD_BREAK_C1_LOW,MODERATE,2025-12-17 10:05:00+05:30,2025-12-17 10:10:00+05:30,1398.6202444091796,1409.1098962422486,1381.8368014762693,2025-12-17 14:30:00+05:30,1397.5999755859375,EOD,-0.057021914464534425,0.07294823790235283,29.590145111083984,24.66666603088379,9.848939895629883,1.5139089108102326,2.6400670179526857,0.0024088514922084234,0.5687862360580505,50000,5.0,250000.0,182.37059475588208,-142.55478616133607,-0.28510957232267214,0.36474118951176415
2025-12-17,INDUSINDBK,SHORT,A_MOD_BREAK_C1_LOW,MODERATE,2025-12-17 09:40:00+05:30,2025-12-17 09:45:00+05:30,837.8324,844.1161430000001,827.7784112,2025-12-17 09:50:00+05:30,835.9002244873046,BE,0.10085091169936816,0.23061599344873512,27.974224090576172,27.710844039916992,54.16666793823242,1.1970172015192555,1.7639727564240755,0.003007608586485876,0.4772900094457161,50000,5.0,250000.0,576.5399836218378,252.1272792484204,0.5042545584968408,1.1530799672436756
2025-12-17,MAZDOCK,SHORT,A_MOD_BREAK_C1_LOW,MODERATE,2025-12-17 10:05:00+05:30,2025-12-17 10:10:00+05:30,2388.6222776367185,2406.536944718994,2359.958810305078,2025-12-17 10:35:00+05:30,2381.9244489746093,BE,0.15070519465303175,0.2804055176415767,29.896394729614258,28.058727264404297,20.434085845947266,1.6032842940722576,2.1949783373417877,0.003673042313324358,0.589020672406859,50000,5.0,250000.0,701.0137941039417,376.7629866325794,0.7535259732651588,1.4020275882078834
2025-12-17,PARADEEP,SHORT,A_MOD_BREAK_C1_LOW,MODERATE,2025-12-17 10:00:00+05:30,2025-12-17 10:05:00+05:30,155.59999389648436,156.76699385070802,153.73279396972654,2025-12-17 10:25:00+05:30,156.76699385070802,SL,-0.8810405202601316,-0.7500000000000145,39.77568054199219,4.107142925262451,0.27491408586502075,2.2319716894432853,3.7250859561045795,0.004772612832083319,0.8066352081298827,50000,5.0,250000.0,-1875.0000000000364,-2202.601300650329,-4.405202601300658,-3.750000000000073
2025-12-17,PNBHOUSING,SHORT,A_MOD_BREAK_C1_LOW,MODERATE,2025-12-17 13:10:00+05:30,2025-12-17 13:15:00+05:30,895.4708944091797,902.1869261172486,884.7252436762695,2025-12-17 14:30:00+05:30,892.0999755859375,EOD,0.2468654998973975,0.37644091441590105,31.552200317382812,15.882352828979492,8.434649467468262,5.677851672049143,3.1473099515071175,0.002219813260368348,0.6832830047607421,50000,5.0,250000.0,941.1022860397526,617.1637497434938,1.2343274994869875,1.882204572079505
2025-12-17,PRECWIRE,SHORT,A_MOD_BREAK_C1_LOW,MODERATE,2025-12-17 09:50:00+05:30,2025-12-17 09:55:00+05:30,230.14999694824218,231.876121925354,227.38819698486327,2025-12-17 10:05:00+05:30,228.8344438781738,BE,0.44228524428734556,0.571606816212223,25.45795440673828,20.370370864868164,3.4835140705108643,1.634842349482924,2.6398423047444934,0.005568481553002108,0.5279667272605859,50000,5.0,250000.0,1429.0170405305576,1105.7131107183639,2.2114262214367275,2.858034081061115
2025-12-17,QUICKHEAL,SHORT,A_MOD_BREAK_C1_LOW,MODERATE,2025-12-17 10:40:00+05:30,2025-12-17 10:45:00+05:30,270.04598610229493,272.07133099806214,266.8054342690674,2025-12-17 12:10:00+05:30,268.30249999999995,BE,0.5164003318678709,0.645625631196954,42.68059158325195,20.183486938476562,5.263157844543457,2.433240368989313,2.540476077142817,0.0032395408375690926,0.8502088737487792,50000,5.0,250000.0,1614.0640779923851,1291.0008296696774,2.5820016593393547,3.2281281559847703
2025-12-17,RALLIS,SHORT,A_PULLBACK_C2_THEN_BREAK_C2_LOW,MODERATE,2025-12-17 09:45:00+05:30,2025-12-17 09:55:00+05:30,263.9472,265.926804,260.7798336,2025-12-17 10:10:00+05:30,263.23736224365234,BE,0.1392164779738367,0.2689317243553512,36.28178024291992,18.085105895996094,7.409523963928223,1.8703127770613999,3.726980449988702,0.004073512969103698,0.7315314396295438,50000,5.0,250000.0,672.3293108883779,348.0411949345918,0.6960823898691835,1.3446586217767558
2025-12-17,ROLEXRINGS,SHORT,A_MOD_BREAK_C1_LOW,MODERATE,2025-12-17 10:00:00+05:30,2025-12-17 10:05:00+05:30,129.0800048828125,130.0481049194336,127.53104482421874,2025-12-17 10:10:00+05:30,128.60466122436523,BE,0.23866900554277956,0.36825506698640664,27.44280433654785,14.780600547790527,4.617156028747559,2.154878750425357,2.574696254721809,0.004999723681807151,0.6216420650482177,50000,5.0,250000.0,920.6376674660165,596.6725138569489,1.1933450277138977,1.841275334932033
2025-12-17,TECHNOE,SHORT,A_MOD_BREAK_C1_LOW,MODERATE,2025-12-17 10:40:00+05:30,2025-12-17 10:45:00+05:30,1078.0843888183595,1086.1700217344971,1065.1473761525392,2025-12-17 11:25:00+05:30,1086.1700217344971,SL,-0.8810405202601232,-0.7499999999999989,49.1569938659668,28.654970169067383,15.488325119018555,1.7031542729813196,1.8297342432236878,0.003694923869078537,0.8868936179224174,50000,5.0,250000.0,-1874.9999999999973,-2202.601300650308,-4.405202601300616,-3.7499999999999942
2025-12-18,ARE&M,SHORT,A_MOD_BREAK_C1_LOW,MODERATE,2025-12-18 09:45:00+05:30,2025-12-18 09:50:00+05:30,915.3668777954101,922.2321293788757,904.3824752618652,2025-12-18 14:30:00+05:30,921.0,EOD,-0.7462604688642955,-0.6153950226117879,39.5877571105957,17.192981719970703,3.8446266651153564,1.7576890276013828,3.3518866974998422,0.002071128197988136,0.7614119364891774,50000,5.0,250000.0,-1538.4875565294697,-1865.651172160739,-3.731302344321478,-3.076975113058939
2025-12-18,BLUEJET,SHORT,A_MOD_BREAK_C1_LOW,MODERATE,2025-12-18 09:45:00+05:30,2025-12-18 09:50:00+05:30,514.897,518.7587275000001,508.71823600000005,2025-12-18 10:15:00+05:30,518.7587275000001,SL,-0.8810405202601198,-0.7500000000000057,46.5797233581543,11.44278621673584,2.2245969772338867,2.193858080760526,5.162835929777773,0.00434812758732768,0.9086958503723144,50000,5.0,250000.0,-1875.0000000000143,-2202.6013006502994,-4.405202601300599,-3.7500000000000284
2025-12-18,CYIENTDLM,SHORT,A_MOD_BREAK_C1_LOW,MODERATE,2025-12-18 09:45:00+05:30,2025-12-18 09:50:00+05:30,416.5166861022949,419.6405612480621,411.5184858690674,2025-12-18 10:00:00+05:30,419.6405612480621,SL,-0.8810405202601193,-0.7500000000000009,45.15275955200195,32.843135833740234,9.385113716125488,1.4841367142350794,1.4661881936943464,0.003617721745894796,0.7703247279558856,50000,5.0,250000.0,-1875.0000000000023,-2202.601300650298,-4.405202601300596,-3.750000000000005
2025-12-18,DELTACORP,SHORT,A_PULLBACK_C2_THEN_BREAK_C2_LOW,MODERATE,2025-12-18 09:35:00+05:30,2025-12-18 09:45:00+05:30,69.06000061035157,69.57795061492921,68.23128060302734,2025-12-18 09:50:00+05:30,68.90609693908691,BE,0.09307983392274656,0.22285500999776822,45.39111328125,22.406639099121094,12.222222328186035,1.1267977082734648,3.5382173779111197,0.004671641421551256,0.7380562981666063,50000,5.0,250000.0,557.1375249944206,232.6995848068664,0.4653991696137328,1.1142750499888412
2025-12-18,GLAND,SHORT,A_MOD_BREAK_C1_LOW,MODERATE,2025-12-18 09:40:00+05:30,2025-12-18 09:45:00+05:30,1633.7731555908204,1646.0264542577515,1614.1678777237305,2025-12-18 10:10:00+05:30,1646.0264542577515,SL,-0.8810405202601134,-0.750000000000002,43.472476959228516,16.613418579101562,0.0,2.3829607604628267,4.154171417387078,0.0023385524719798916,0.8620871543884276,50000,5.0,250000.0,-1875.000000000005,-2202.6013006502835,-4.405202601300567,-3.75000000000001
2025-12-18,KEC,SHORT,A_MOD_BREAK_C1_LOW,MODERATE,2025-12-18 09:45:00+05:30,2025-12-18 09:50:00+05:30,698.0603722045898,703.2958249961243,689.6836477381347,2025-12-18 10:35:00+05:30,703.2958249961243,SL,-0.8810405202601327,-0.7500000000000108,38.372562408447266,33.72093200683594,38.03418731689453,1.8493350620233444,2.4451732362579857,0.004097270333920519,0.7592220719807943,50000,5.0,250000.0,-1875.0000000000268,-2202.6013006503317,-4.4052026013006635,-3.750000000000054
2025-12-18,OMINFRAL,SHORT,A_MOD_BREAK_C1_LOW,MODERATE,2025-12-18 09:45:00+05:30,2025-12-18 09:50:00+05:30,96.39999694824219,97.12299692535402,95.24319698486329,2025-12-18 10:15:00+05:30,97.12299692535402,SL,-0.8810405202601272,-0.7500000000000098,47.38024139404297,31.78294563293457,8.995433807373047,1.2398160594791034,2.8481432489636003,0.006939198919679282,0.7876714313194877,50000,5.0,250000.0,-1875.0000000000243,-2202.601300650318,-4.405202601300636,-3.7500000000000484
2025-12-18,PNBHOUSING,SHORT,A_MOD_BREAK_C1_LOW,MODERATE,2025-12-18 10:00:00+05:30,2025-12-18 10:05:00+05:30,881.8735777954101,888.4876296288758,871.2910948618652,2025-12-18 10:20:00+05:30,888.4876296288758,SL,-0.8810405202601193,-0.7500000000000053,34.19621658325195,16.507177352905273,6.13487434387207,2.4462080685346397,2.92624606712783,0.003907072477900789,0.7229432487487792,50000,5.0,250000.0,-1875.0000000000134,-2202.601300650298,-4.405202601300596,-3.750000000000027
2025-12-18,UNITDSPR,SHORT,A_MOD_BREAK_C1_LOW,MODERATE,2025-12-18 09:50:00+05:30,2025-12-18 09:55:00+05:30,1384.8229555908204,1395.2091277577515,1368.2050801237306,2025-12-18 10:05:00+05:30,1376.416948974609,BE,0.47773395416787107,0.6070094796070815,52.384544372558594,20.220083236694336,15.317138671875,1.4068745565078273,3.7066617560984096,0.005373516278002869,0.8562030473888698,50000,5.0,250000.0,1517.5236990177038,1194.3348854196777,2.3886697708393556,3.035047398035408
2025-12-18,VAIBHAVGBL,SHORT,A_MOD_BREAK_C1_LOW,MODERATE,2025-12-18 09:45:00+05:30,2025-12-18 09:50:00+05:30,229.00999755859374,230.7275725402832,226.2618775878906,2025-12-18 10:00:00+05:30,230.7275725402832,SL,-0.8810405202601325,-0.7500000000000059,42.14548873901367,23.626373291015625,2.200000047683716,1.8719291143653838,3.6166277910287703,0.004758578734812822,0.8197699260991471,50000,5.0,250000.0,-1875.0000000000148,-2202.6013006503313,-4.405202601300663,-3.7500000000000298
2025-12-19,AVADHSUGAR,SHORT,A_MOD_BREAK_C1_LOW,MODERATE,2025-12-19 10:05:00+05:30,2025-12-19 10:10:00+05:30,380.7738361022949,383.62963987306216,376.20455006906735,2025-12-19 10:15:00+05:30,379.38474999999994,BE,0.2352155318794568,0.3648060792500995,30.504634857177734,21.231422424316406,5.240554332733154,2.839046794751051,3.170889452696608,0.00660941591824702,0.6675695228576659,50000,5.0,250000.0,912.0151981252488,588.038829698642,1.176077659397284,1.8240303962504978
2025-12-19,DEEPAKFERT,SHORT,A_MOD_BREAK_C1_LOW,MODERATE,2025-12-19 11:20:00+05:30,2025-12-19 11:25:00+05:30,1185.2629,1194.15237175,1171.0397452,2025-12-19 12:10:00+05:30,1194.15237175,SL,-0.8810405202601225,-0.7499999999999987,25.03865623474121,36.263736724853516,8.43881893157959,2.3084121312347947,1.8255934703812529,0.0024703259912536696,0.5768595170401807,50000,5.0,250000.0,-1874.9999999999966,-2202.6013006503063,-4.405202601300613,-3.749999999999993
2025-12-19,DHAMPURSUG,SHORT,A_MOD_BREAK_C1_LOW,MODERATE,2025-12-19 10:10:00+05:30,2025-12-19 10:15:00+05:30,126.64999694824219,127.59987192535401,125.13019698486329,2025-12-19 10:20:00+05:30,125.85644336700437,BE,0.497322046921276,0.6265721281952469,25.247333526611328,35.87786102294922,2.4611525535583496,2.147515323889968,2.3935522237384452,0.0061546258008984825,0.5887100028991699,50000,5.0,250000.0,1566.430320488117,1243.30511730319,2.48661023460638,3.1328606409762343
2025-12-19,GRWRHITECH,SHORT,A_MOD_BREAK_C1_LOW,MODERATE,2025-12-19 09:35:00+05:30,2025-12-19 09:40:00+05:30,3375.3248,3400.639736,3334.8209024,2025-12-19 10:05:00+05:30,3362.356948974609,BE,0.2546303208033436,0.3841956491236251,25.643695831298828,36.12565612792969,18.67816162109375,0.6092971934652996,1.8919218617562645,0.0051497966757317855,0.3458785394137231,50000,5.0,250000.0,960.4891228090628,636.5758020083589,1.273151604016718,1.9209782456181255
2025-12-19,HINDZINC,SHORT,A_PULLBACK_C2_THEN_BREAK_C2_LOW,MODERATE,2025-12-19 09:45:00+05:30,2025-12-19 09:55:00+05:30,580.8838,585.2404285,573.9131944,2025-12-19 10:25:00+05:30,585.2404285,SL,-0.8810405202601373,-0.7500000000000098,35.55521774291992,21.19403076171875,6.13874626159668,1.4765648179722892,2.901161337374926,0.0035892521559769187,0.6517271092889494,50000,5.0,250000.0,-1875.0000000000243,-2202.6013006503435,-4.405202601300687,-3.7500000000000484
2025-12-19,ICICIGI,SHORT,A_MOD_BREAK_C1_LOW,MODERATE,2025-12-19 10:30:00+05:30,2025-12-19 10:35:00+05:30,1932.1135,1946.60435125,1908.928138,2025-12-19 11:20:00+05:30,1946.60435125,SL,-0.8810405202601248,-0.7500000000000054,28.305063247680664,25.40716552734375,2.41670298576355,2.7652286010003175,3.095031863438804,0.002135946742287653,0.6345759487152098,50000,5.0,250000.0,-1875.0000000000136,-2202.601300650312,-4.4052026013006245,-3.7500000000000275
2025-12-19,TANLA,SHORT,A_MOD_BREAK_C1_LOW,MODERATE,2025-12-19 10:25:00+05:30,2025-12-19 10:30:00+05:30,547.9903555908203,552.1002832577515,541.4144713237305,2025-12-19 12:45:00+05:30,546.7854744873047,BE,0.09009362907440537,0.21987268411258173,44.35160446166992,4.359673023223877,4.0685038566589355,1.7498768319556015,2.0265702669423513,0.004625106042669725,0.831502512517279,50000,5.0,250000.0,549.6817102814543,225.23407268601343,0.4504681453720269,1.0993634205629088
2025-12-19,UGARSUGAR,SHORT,A_MOD_BREAK_C1_LOW,MODERATE,2025-12-19 10:15:00+05:30,2025-12-19 10:20:00+05:30,44.1900016784668,44.521426691055304,43.659721658325196,2025-12-19 10:25:00+05:30,43.6305,BE,1.1377090639482599,1.266127307570209,26.05649757385254,28.352489471435547,5.254321098327637,1.9208929938332817,1.6992927236989024,0.006878067213945788,0.5719683737135575,50000,5.0,250000.0,3165.3182689255227,2844.2726598706495,5.688545319741299,6.330636537851045
2025-12-22,BANCOINDIA,SHORT,A_PULLBACK_C2_THEN_BREAK_C2_LOW,MODERATE,2025-12-22 13:15:00+05:30,2025-12-22 13:25:00+05:30,704.1591277954102,709.4403212538758,695.7092182618653,2025-12-22 14:30:00+05:30,706.1500244140625,EOD,-0.4131666781951011,-0.28273390772983703,29.254404067993164,27.536231994628906,13.788592338562012,6.1988284297175165,2.0126191190974714,0.002301531027529238,0.6488160610198974,50000,5.0,250000.0,-706.8347693245926,-1032.9166954877528,-2.065833390975506,-1.413669538649185
2025-12-23,ENTERO,SHORT,A_MOD_BREAK_C1_LOW,MODERATE,2025-12-23 09:40:00+05:30,2025-12-23 09:45:00+05:30,964.807,972.0430525,953.229316,2025-12-23 14:30:00+05:30,963.7000122070312,EOD,-0.01517909190825905,0.11473670827106006,35.897891998291016,36.440677642822266,7.365591526031494,1.4893188534331823,1.268256965674497,0.002420429368093224,0.6225120276088969,50000,5.0,250000.0,286.8417706776501,-37.947729770647626,-0.07589545954129526,0.5736835413553003
2025-12-23,NAM-INDIA,SHORT,A_MOD_BREAK_C1_LOW,MODERATE,2025-12-23 13:50:00+05:30,2025-12-23 13:55:00+05:30,890.07195,896.7474896250001,879.3910866,2025-12-23 14:30:00+05:30,888.5999755859375,EOD,0.03552707922963623,0.1653770140787512,26.26502227783203,34.25925827026367,3.02082896232605,4.331634203147247,2.7395423922115567,0.0034593891774691594,0.6039753341674805,50000,5.0,250000.0,413.44253519687794,88.81769807409057,0.17763539614818116,0.8268850703937559
2025-12-23,PARAGMILK,SHORT,A_MOD_BREAK_C1_LOW,MODERATE,2025-12-23 13:15:00+05:30,2025-12-23 13:20:00+05:30,301.4397,303.70049775,297.82242360000004,2025-12-23 13:30:00+05:30,299.897,BE,0.38237792481707394,0.5117773140034391,47.24617385864258,23.255813598632812,14.184396743774414,6.370192053834301,1.890475872410982,0.0022032693843936444,0.9132164015001878,50000,5.0,250000.0,1279.4432850085975,955.9448120426848,1.9118896240853698,2.558886570017195
2025-12-24,ALKEM,SHORT,A_MOD_BREAK_C1_LOW,MODERATE,2025-12-24 10:00:00+05:30,2025-12-24 10:05:00+05:30,5561.3875,5603.09790625,5494.65085,2025-12-24 14:30:00+05:30,5567.0,EOD,-0.23111535314128084,-0.10091906021654096,26.64920997619629,29.32330894470215,18.057613372802734,1.14386471551409,1.3628777474801632,0.0020729046090700986,0.42805836223191823,50000,5.0,250000.0,-252.2976505413524,-577.7883828532022,-1.1555767657064044,-0.5045953010827048
2025-12-24,CYIENT,SHORT,A_MOD_BREAK_C1_LOW,MODERATE,2025-12-24 09:50:00+05:30,2025-12-24 09:55:00+05:30,1132.7734,1141.2692005000001,1119.1801192,2025-12-24 11:50:00+05:30,1125.8674999999998,BE,0.4803732211610415,0.609645318295804,35.82828903198242,34.21828842163086,12.585838317871094,1.0959098380840533,1.9643376095749534,0.004222812973866635,0.5874254376231933,50000,5.0,250000.0,1524.11329573951,1200.9330529026038,2.4018661058052078,3.04822659147902
2025-12-24,DEEPINDS,SHORT,A_MOD_BREAK_C1_LOW,MODERATE,2025-12-24 10:00:00+05:30,2025-12-24 10:05:00+05:30,451.60967220458986,454.9967447461243,446.19035613813475,2025-12-24 11:45:00+05:30,450.4974438781738,BE,0.11653618421898455,0.24628089141372667,25.242416381835938,31.25,27.364208221435547,1.3346154674059472,2.531054664687262,0.0035477243693528976,0.4721939525235798,50000,5.0,250000.0,615.7022285343166,291.3404605474614,0.5826809210949229,1.2314044570686333
2025-12-24,JAMNAAUTO,SHORT,A_MOD_BREAK_C1_LOW,MODERATE,2025-12-24 09:40:00+05:30,2025-12-24 09:45:00+05:30,126.96000213623047,127.9122021522522,125.4364821105957,2025-12-24 10:15:00+05:30,126.60869336700438,BE,0.14700309380086446,0.27670822567341563,27.739286422729492,10.245902061462402,4.810108184814453,1.7178947544951335,3.605050570981638,0.0028789599725400654,0.5767208783775908,50000,5.0,250000.0,691.770564183539,367.5077345021611,0.7350154690043221,1.383541128367078
2025-12-24,KAJARIACER,SHORT,A_MOD_BREAK_C1_LOW,MODERATE,2025-12-24 11:05:00+05:30,2025-12-24 11:10:00+05:30,992.8014,1000.2474105,980.8877832,2025-12-24 11:15:00+05:30,986.6511122436523,BE,0.49022892860405753,0.6194882235608921,37.95429229736328,17.596567153930664,4.496677875518799,3.600930332123174,3.4240513154801553,0.0030693367362874054,0.7793143844604491,50000,5.0,250000.0,1548.7205589022303,1225.5723215101439,2.4511446430202875,3.0974411178044607
2025-12-24,KPRMILL,SHORT,A_MOD_BREAK_C1_LOW,MODERATE,2025-12-24 09:45:00+05:30,2025-12-24 09:50:00+05:30,946.4106555908203,953.5087355077515,935.0537277237304,2025-12-24 12:05:00+05:30,943.1208877563475,BE,0.21799177058684652,0.34760469094877444,39.219268798828125,10.236220359802246,2.482269525527954,1.3015915391866422,3.51695465946836,0.0020524584791590662,0.6760675513400842,50000,5.0,250000.0,869.0117273719361,544.9794264671164,1.0899588529342328,1.738023454743872
2025-12-24,NIITLTD,SHORT,A_MOD_BREAK_C1_LOW,MODERATE,2025-12-24 10:05:00+05:30,2025-12-24 10:10:00+05:30,94.11000366210938,94.8158286895752,92.98068361816406,2025-12-24 13:45:00+05:30,93.86074183654785,BE,0.13514165999659594,0.26486219940706535,52.85050964355469,34.20138931274414,17.344329833984375,2.0308789719101448,3.1648965379835174,0.007038194023368241,0.96,50000,5.0,250000.0,662.1554985176633,337.8541499914898,0.6757082999829797,1.3243109970353266
2025-12-24,TVSSRICHAK,SHORT,A_MOD_BREAK_C1_LOW,MODERATE,2025-12-24 10:10:00+05:30,2025-12-24 10:15:00+05:30,4086.0825223632814,4116.728141281006,4037.049532094922,2025-12-24 10:25:00+05:30,4073.3835510253903,BE,0.1811251646836172,0.3107859733225954,32.749053955078125,34.581939697265625,17.69042205810547,1.2121853541623604,1.8897773892235357,0.004755731602401026,0.5578571157657617,50000,5.0,250000.0,776.9649333064885,452.81291170904296,0.905625823418086,1.553929866612977
2025-12-26,ASIANPAINT,SHORT,A_MOD_BREAK_C1_LOW,MODERATE,2025-12-26 09:55:00+05:30,2025-12-26 10:00:00+05:30,2769.446,2790.216845,2736.2126479999997,2025-12-26 14:30:00+05:30,2745.39990234375,EOD,0.7393280959645233,0.8682638208598368,47.98554229736328,34.131736755371094,15.66202449798584,1.5320629214815018,2.153169495919739,0.0023147073125273005,0.847894145719712,50000,5.0,250000.0,2170.659552149592,1848.3202399113084,3.6966404798226167,4.341319104299184
2025-12-26,BANCOINDIA,SHORT,A_MOD_BREAK_C1_LOW,MODERATE,2025-12-26 09:40:00+05:30,2025-12-26 09:45:00+05:30,690.8618,696.0432635000001,682.5714584,2025-12-26 14:30:00+05:30,690.6500244140625,EOD,-0.09937133488784136,0.03065382771742721,35.606101989746094,25.0,30.87557601928711,0.9619087120335919,1.926447467155219,0.003111432844236515,0.558747927809831,50000,5.0,250000.0,76.63456929356803,-248.4283372196034,-0.4968566744392068,0.1532691385871361
2025-12-26,CHENNPETRO,SHORT,A_MOD_BREAK_C1_LOW,MODERATE,2025-12-26 09:45:00+05:30,2025-12-26 09:50:00+05:30,830.8338,837.0650535000001,820.8637944,2025-12-26 10:15:00+05:30,827.8260255126952,BE,0.23242461946586151,0.3620187921224197,42.254493713378906,2.846299886703491,2.9330286979675293,2.0615466088821774,3.63316257514438,0.005208870420673981,0.8438174057006835,50000,5.0,250000.0,905.0469803060492,581.0615486646537,1.1621230973293075,1.8100939606120987
2025-12-26,FIEMIND,SHORT,A_MOD_BREAK_C1_LOW,MODERATE,2025-12-26 11:10:00+05:30,2025-12-26 11:15:00+05:30,2326.5346,2343.9836095,2298.6161848,2025-12-26 12:55:00+05:30,2319.939,BE,0.15379829662937858,0.28349460179960806,36.0925407409668,22.153465270996094,9.250157356262207,3.210770158548538,3.2065834420533794,0.004129847710075248,0.751388111114502,50000,5.0,250000.0,708.7365044990202,384.4957415734464,0.7689914831468928,1.4174730089980403
2025-12-26,GOACARBON,SHORT,A_MOD_BREAK_C1_LOW,MODERATE,2025-12-26 09:45:00+05:30,2025-12-26 09:50:00+05:30,391.2217277954102,394.1558907538758,386.52706706186524,2025-12-26 10:05:00+05:30,390.167,BE,0.13988409158059864,0.26959847075819177,38.90244674682617,28.30769157409668,18.565401077270508,1.2389860996310202,2.8645281825387445,0.004828228322438617,0.660359268637821,50000,5.0,250000.0,673.9961768954795,349.71022895149656,0.6994204579029931,1.347992353790959
2025-12-26,INDGN,SHORT,A_PULLBACK_C2_THEN_BREAK_C2_LOW,MODERATE,2025-12-26 09:40:00+05:30,2025-12-26 09:50:00+05:30,514.897,518.7587275000001,508.71823600000005,2025-12-26 10:40:00+05:30,518.7587275000001,SL,-0.8810405202601198,-0.7500000000000057,34.25117874145508,21.226415634155273,5.74282169342041,1.640362504242564,2.906050026410234,0.0034676078678101533,0.6608311193642749,50000,5.0,250000.0,-1875.0000000000143,-2202.6013006502994,-4.405202601300599,-3.7500000000000284
2025-12-26,OFSS,SHORT,A_MOD_BREAK_C1_LOW,MODERATE,2025-12-26 10:00:00+05:30,2025-12-26 10:05:00+05:30,7739.9517,7798.00133775,7647.072279599999,2025-12-26 14:30:00+05:30,7759.5,EOD,-0.38295712101276913,-0.25256359157900665,32.136268615722656,26.53061294555664,15.68842887878418,1.7891413981559001,2.374570106514253,0.002084966948388814,0.6551437739131223,50000,5.0,250000.0,-631.4089789475166,-957.3928025319228,-1.9147856050638457,-1.2628179578950331
2025-12-26,POLYMED,SHORT,A_MOD_BREAK_C1_LOW,MODERATE,2025-12-26 09:30:00+05:30,2025-12-26 09:35:00+05:30,1764.647,1777.8818525000002,1743.4712359999999,2025-12-26 09:40:00+05:30,1760.9670510253904,BE,0.07874360181344925,0.20853740009245406,33.45600128173828,20.159151077270508,10.952406883239746,0.9259601449194792,2.6755297436995558,0.0029906921278653673,0.5238830445869831,50000,5.0,250000.0,521.3435002311351,196.8590045336231,0.3937180090672462,1.0426870004622701
2025-12-26,TEGA,SHORT,A_MOD_BREAK_C1_LOW,MODERATE,2025-12-26 10:40:00+05:30,2025-12-26 10:45:00+05:30,1948.6102,1963.2247765000002,1925.2268776,2025-12-26 14:30:00+05:30,1946.9000244140625,EOD,-0.042187019439556585,0.08776386297975743,42.171817779541016,31.589147567749023,13.460593223571777,2.4788893732662247,2.9777127718334095,0.002677655586829552,0.8425772666931151,50000,5.0,250000.0,219.40965744939356,-105.46754859889147,-0.21093509719778292,0.4388193148987871
2025-12-26,THANGAMAYL,SHORT,A_MOD_BREAK_C1_LOW,MODERATE,2025-12-26 09:30:00+05:30,2025-12-26 09:35:00+05:30,3195.4608776367186,3219.4268342189944,3157.115347105078,2025-12-26 09:40:00+05:30,3179.5099999999998,BE,0.36975720792114475,0.49917299092441647,44.94118881225586,23.73615837097168,16.341114044189453,1.7952832324943149,3.5087490675445894,0.008965994888892725,0.8482923978703429,50000,5.0,250000.0,1247.932477311041,924.3930198028619,1.8487860396057236,2.4958649546220824
2025-12-29,ABDL,SHORT,A_MOD_BREAK_C1_LOW,MODERATE,2025-12-29 09:35:00+05:30,2025-12-29 09:40:00+05:30,608.5282944091797,613.0922566172486,601.2259548762695,2025-12-29 09:45:00+05:30,606.0126122436523,BE,0.28387696681176766,0.4134043048844448,28.922767639160156,32.39436721801758,39.059303283691406,1.0355911709913017,1.6640335551382577,0.004106776180698152,0.458271647267793,50000,5.0,250000.0,1033.510762211112,709.6924170294192,1.4193848340588384,2.0670215244222243
2025-12-29,ASAL,SHORT,A_MOD_BREAK_C1_LOW,MODERATE,2025-12-29 09:30:00+05:30,2025-12-29 09:35:00+05:30,480.9038,484.5105785,475.13295439999996,2025-12-29 10:35:00+05:30,478.93249999999995,BE,0.2803837873903633,0.4099156629662818,41.34212112426758,37.09677505493164,38.13131332397461,0.8293069920334668,2.213939634513923,0.004417879417879418,0.6252605404698703,50000,5.0,250000.0,1024.7891574157045,700.9594684759082,1.4019189369518164,2.049578314831409
2025-12-29,CHOLAFIN,SHORT,A_MOD_BREAK_C1_LOW,MODERATE,2025-12-29 09:35:00+05:30,2025-12-29 09:40:00+05:30,1683.6632,1696.290674,1663.4592416,2025-12-29 10:10:00+05:30,1696.290674,SL,-0.8810405202601337,-0.7500000000000072,30.44686508178711,23.10757064819336,10.225383758544922,1.4148503254653069,3.873320329500287,0.0022650152940365026,0.5643017831832353,50000,5.0,250000.0,-1875.0000000000182,-2202.6013006503345,-4.405202601300669,-3.7500000000000364
2025-12-29,GENESYS,SHORT,A_MOD_BREAK_C1_LOW,MODERATE,2025-12-29 09:45:00+05:30,2025-12-29 09:50:00+05:30,431.71362779541016,434.95148000387576,426.53306426186526,2025-12-29 10:05:00+05:30,430.3873061218261,BE,0.1775571199466994,0.30722256333603803,25.7738037109375,19.45525360107422,10.810863494873047,1.4980720491634834,2.0373957995409753,0.004950331674315894,0.508769664267672,50000,5.0,250000.0,768.0564083400951,443.8927998667485,0.887785599733497,1.5361128166801903
2025-12-29,INDIAGLYCO,SHORT,A_MOD_BREAK_C1_LOW,MODERATE,2025-12-29 10:25:00+05:30,2025-12-29 10:30:00+05:30,1002.5994277954102,1010.1189235038759,990.5682346618653,2025-12-29 10:40:00+05:30,1000.4924999999998,BE,0.08035481346067563,0.21014651883885585,61.763282775878906,8.771929740905762,4.013378143310547,1.5768101250695143,2.7643311232656917,0.00445182080660991,0.8859417718871649,50000,5.0,250000.0,525.3662970971396,200.88703365168908,0.4017740673033782,1.0507325941942793
2025-12-29,KNRCON,SHORT,A_PULLBACK_C2_THEN_BREAK_C2_LOW,MODERATE,2025-12-29 09:50:00+05:30,2025-12-29 10:00:00+05:30,168.59999389648436,169.86449385070802,166.57679396972654,2025-12-29 10:05:00+05:30,167.85205612182617,BE,0.3141286847313517,0.44361672700736277,32.39451217651367,24.748743057250977,2.817937135696411,1.525951488134736,2.8951238668165717,0.01110791140222456,0.6129591930712839,50000,5.0,250000.0,1109.041817518407,785.3217118283792,1.5706434236567584,2.218083635036814
2025-12-29,NOCIL,SHORT,A_MOD_BREAK_C1_LOW,MODERATE,2025-12-29 13:30:00+05:30,2025-12-29 13:35:00+05:30,152.8699981689453,154.0165231552124,151.03555819091795,2025-12-29 13:40:00+05:30,152.3556938781738,BE,0.20680500541323865,0.33643245694495566,42.49287033081055,25.69060707092285,0.9523809552192688,6.930351932028252,3.005146830123373,0.002256081630518676,0.8473930549621582,50000,5.0,250000.0,841.0811423623892,517.0125135330967,1.0340250270661935,1.6821622847247784
2025-12-29,NUVAMA,SHORT,A_MOD_BREAK_C1_LOW,MODERATE,2025-12-29 10:15:00+05:30,2025-12-29 10:20:00+05:30,1437.2125,1447.9915937500002,1419.96595,2025-12-29 10:40:00+05:30,1447.9915937500002,SL,-0.8810405202601371,-0.7500000000000089,47.49930191040039,14.0,3.711843729019165,1.777187053747917,2.555631309012852,0.006750719840531551,0.8834972630618914,50000,5.0,250000.0,-1875.0000000000223,-2202.601300650343,-4.405202601300686,-3.7500000000000444
2025-12-29,RAMKY,SHORT,A_MOD_BREAK_C1_LOW,MODERATE,2025-12-29 11:15:00+05:30,2025-12-29 11:20:00+05:30,560.8878,565.0944585,554.1571464,2025-12-29 11:25:00+05:30,557.5677244873046,BE,0.4626370676168607,0.5919322033204013,28.44966697692871,24.13793182373047,5.5284552574157715,3.26600620575001,3.585627522026726,0.003781512459331655,0.6367450046539307,50000,5.0,250000.0,1479.8305083010032,1156.5926690421516,2.313185338084303,2.9596610166020065
2025-12-29,SAIL,SHORT,A_MOD_BREAK_C1_LOW,MODERATE,2025-12-29 13:10:00+05:30,2025-12-29 13:15:00+05:30,133.77000732421874,134.77328237915037,132.16476723632812,2025-12-29 13:55:00+05:30,133.35888673400876,BE,0.17766860865908418,0.3073339072289511,33.680809020996094,7.03812313079834,3.5401203632354736,6.920652926548291,3.299169449374886,0.003132504262286317,0.7152121353149414,50000,5.0,250000.0,768.3347680723776,444.17152164771045,0.8883430432954208,1.536669536144755
2025-12-30,BALMLAWRIE,SHORT,A_PULLBACK_C2_THEN_BREAK_C2_LOW,MODERATE,2025-12-30 10:15:00+05:30,2025-12-30 10:25:00+05:30,180.5500061035156,181.904131149292,178.38340603027342,2025-12-30 14:20:00+05:30,180.12876632690427,BE,0.10354762215292332,0.23330920098104713,44.679378509521484,27.941177368164062,20.534618377685547,0.9303563702470997,1.8788133114286132,0.0033499446214122204,0.6869437080074954,50000,5.0,250000.0,583.2730024526178,258.86905538230826,0.5177381107646165,1.1665460049052354
2025-12-30,COROMANDEL,SHORT,A_MOD_BREAK_C1_LOW,MODERATE,2025-12-30 13:05:00+05:30,2025-12-30 13:10:00+05:30,2216.5566,2233.1807745,2189.9579208,2025-12-30 13:15:00+05:30,2208.1045,BE,0.2517476054562469,0.38131667831085264,55.60303497314453,12.944162368774414,1.649720549583435,5.247329895745573,3.5860964578894117,0.004962643381708693,0.96,50000,5.0,250000.0,953.2916957771316,629.3690136406173,1.2587380272812345,1.9065833915542632
2025-12-30,ERIS,SHORT,A_MOD_BREAK_C1_LOW,MODERATE,2025-12-30 10:40:00+05:30,2025-12-30 10:45:00+05:30,1499.7,1510.94775,1481.7036,2025-12-30 11:05:00+05:30,1489.7559489746093,BE,0.5338667377438292,0.66306934889583,30.3350887298584,22.69662857055664,8.971790313720703,2.125449662559103,2.428774420804978,0.004307513867430351,0.6650263309478759,50000,5.0,250000.0,1657.673372239575,1334.666844359573,2.6693336887191457,3.3153467444791502
2025-12-30,FSL,SHORT,A_MOD_BREAK_C1_LOW,MODERATE,2025-12-30 11:10:00+05:30,2025-12-30 11:15:00+05:30,331.5336861022949,334.02018874806214,327.55528186906736,2025-12-30 11:50:00+05:30,330.73924999999997,BE,0.10987118489252025,0.23962454966033225,45.59235763549805,16.265060424804688,0.7017543911933899,4.563983908279295,4.413985140436422,0.0027787350550379356,0.8938853645324707,50000,5.0,250000.0,599.0613741508307,274.6779622313006,0.5493559244626013,1.1981227483016614
2025-12-30,GODFRYPHLP,SHORT,A_MOD_BREAK_C1_LOW,MODERATE,2025-12-30 09:45:00+05:30,2025-12-30 09:50:00+05:30,2746.9505,2767.55262875,2713.987094,2025-12-30 10:15:00+05:30,2733.475948974609,BE,0.3611005965900568,0.49052762419239315,32.58946990966797,28.241758346557617,5.99323034286499,2.416981253064443,2.641310810263893,0.004885959896010161,0.6988420486450195,50000,5.0,250000.0,1226.319060480983,902.751491475142,1.8055029829502838,2.4526381209619657
2025-12-30,INTELLECT,SHORT,A_MOD_BREAK_C1_LOW,MODERATE,2025-12-30 11:10:00+05:30,2025-12-30 11:15:00+05:30,954.809,961.9700675,943.351292,2025-12-30 11:50:00+05:30,961.9700675,SL,-0.8810405202601186,-0.7500000000000061,48.342933654785156,8.588956832885742,0.9259259104728699,4.692328734257075,4.622570437321823,0.0038211893307391687,0.9351440048217774,50000,5.0,250000.0,-1875.0000000000152,-2202.6013006502967,-4.405202601300593,-3.75000000000003
2025-12-30,IPL,SHORT,A_MOD_BREAK_C1_LOW,MODERATE,2025-12-30 13:20:00+05:30,2025-12-30 13:25:00+05:30,175.45,176.765875,173.34459999999999,2025-12-30 13:30:00+05:30,175.03352449035643,BE,0.10761932123161536,0.2373756110821096,49.498695373535156,39.16349792480469,18.859649658203125,5.658874538790096,2.1290216079973177,0.002018722034247852,0.9524804306030272,50000,5.0,250000.0,593.439027705274,269.0483030790384,0.5380966061580769,1.186878055410548
2025-12-30,IRCTC,SHORT,A_MOD_BREAK_C1_LOW,MODERATE,2025-12-30 09:55:00+05:30,2025-12-30 10:00:00+05:30,685.2129055908204,690.3520023827516,676.9903507237306,2025-12-30 11:35:00+05:30,680.3850255126953,BE,0.5754324008326367,0.7045810198163545,39.82378387451172,17.1912841796875,3.2969822883605957,1.7815430873432228,3.596746272805212,0.0031207670355086602,0.7691267984027397,50000,5.0,250000.0,1761.4525495408861,1438.5810020815918,2.8771620041631834,3.5229050990817723
2025-12-30,NIITLTD,SHORT,A_MOD_BREAK_C1_LOW,MODERATE,2025-12-30 10:10:00+05:30,2025-12-30 10:15:00+05:30,90.4300033569336,91.10822838211061,89.3448433166504,2025-12-30 12:20:00+05:30,90.16970153045654,BE,0.15815832085857082,0.28784896252810194,35.96780776977539,24.932249069213867,5.524861812591553,1.6190639833402014,2.4492790557317123,0.0042471894777305255,0.6828533136311661,50000,5.0,250000.0,719.6224063202549,395.395802146427,0.790791604292854,1.4392448126405097
2025-12-30,REDINGTON,SHORT,A_MOD_BREAK_C1_LOW,MODERATE,2025-12-30 09:45:00+05:30,2025-12-30 09:50:00+05:30,265.0469861022949,267.03483849806213,261.86642226906736,2025-12-30 10:20:00+05:30,264.29049999999995,BE,0.1557220414396032,0.28541584774066864,42.12509536743164,12.359550476074219,12.418529510498047,1.6143418819392572,2.772927228915207,0.00359431391882876,0.7743862598508444,50000,5.0,250000.0,713.5396193516716,389.305103599008,0.778610207198016,1.4270792387033433
2025-12-31,CROMPTON,SHORT,A_MOD_BREAK_C1_LOW,MODERATE,2025-12-31 09:35:00+05:30,2025-12-31 09:40:00+05:30,249.09999389648436,250.968243850708,246.11079396972656,2025-12-31 09:45:00+05:30,248.49324999999996,BE,0.11382620514597969,0.24357443249739325,30.65351676940918,18.478260040283203,9.442371368408203,1.802726170406505,3.2512980670346012,0.0026375392080152404,0.6352798313622761,50000,5.0,250000.0,608.9360812434832,284.5655128649492,0.5691310257298984,1.2178721624869664
2025-12-31,MONTECARLO,SHORT,A_MOD_BREAK_C1_LOW,MODERATE,2025-12-31 09:55:00+05:30,2025-12-31 10:00:00+05:30,663.7672444091797,668.7454987422486,655.8020374762696,2025-12-31 10:40:00+05:30,668.7454987422486,SL,-0.8810405202601248,-0.7500000000000062,40.809810638427734,23.322147369384766,19.931270599365234,0.8437428481847721,2.5423276306970677,0.005716652341494699,0.6198021580087512,50000,5.0,250000.0,-1875.0000000000155,-2202.601300650312,-4.4052026013006245,-3.750000000000031
2025-12-31,NLCINDIA,SHORT,A_MOD_BREAK_C1_LOW,MODERATE,2025-12-31 09:40:00+05:30,2025-12-31 09:45:00+05:30,249.2500030517578,251.119378074646,246.2590030151367,2025-12-31 09:50:00+05:30,248.49324999999996,BE,0.17394191375582144,0.3036120531564036,29.96807098388672,22.78481101989746,14.204407691955566,1.7139236593771017,2.628639790268751,0.004640039530523811,0.6094577051492935,50000,5.0,250000.0,759.030132891009,434.85478438955363,0.8697095687791072,1.518060265782018
2026-01-01,JYOTHYLAB,SHORT,A_MOD_BREAK_C1_LOW,MODERATE,2026-01-01 10:00:00+05:30,2026-01-01 10:05:00+05:30,278.69425,280.78445687500005,275.349919,2026-01-01 12:20:00+05:30,277.3295,BE,0.3602662400275275,0.48969435142634443,38.62411880493164,18.18181800842285,2.8359787464141846,2.354101959029472,3.1371646262530493,0.0026649584150100505,0.7893617820739744,50000,5.0,250000.0,1224.235878565861,900.6656000688188,1.8013312001376374,2.448471757131722
2026-01-01,SHRIRAMPPS,SHORT,A_MOD_BREAK_C1_LOW,MODERATE,2026-01-01 09:40:00+05:30,2026-01-01 09:45:00+05:30,83.7999984741211,84.42849846267701,82.79439849243164,2026-01-01 10:30:00+05:30,83.60004846954345,BE,0.10884913605375202,0.23860382842297115,33.59387969970703,36.42856979370117,14.231950759887695,1.1788932856828542,2.0775647477933123,0.004898202814081979,0.570214520490105,50000,5.0,250000.0,596.5095710574278,272.12284013438006,0.5442456802687601,1.1930191421148557
2026-01-02,CHENNPETRO,SHORT,A_MOD_BREAK_C1_LOW,MODERATE,2026-01-02 10:00:00+05:30,2026-01-02 10:05:00+05:30,831.9335555908203,838.1730572577516,821.9503529237305,2026-01-02 10:10:00+05:30,827.5752755126953,BE,0.3944899210853839,0.5238735772630196,34.250919342041016,13.563218116760254,6.847596645355225,2.2757815740254164,2.7406255856845037,0.003672243811346747,0.7237637901306151,50000,5.0,250000.0,1309.683943157549,986.2248027134597,1.9724496054269194,2.6193678863150978
2026-01-05,CMSINFO,SHORT,A_MOD_BREAK_C1_LOW,MODERATE,2026-01-05 13:05:00+05:30,2026-01-05 13:10:00+05:30,345.5308861022949,348.1223677480622,341.38451546906737,2026-01-05 13:30:00+05:30,344.53049999999996,BE,0.15983300412632243,0.28952147044787996,28.073131561279297,22.5,7.7160491943359375,5.296754454454073,3.122115898387432,0.0025628306622800003,0.6310969734191894,50000,5.0,250000.0,723.8036761197,399.5825103158061,0.7991650206316122,1.4476073522394
2026-01-05,DEVYANI,SHORT,A_MOD_BREAK_C1_LOW,MODERATE,2026-01-05 10:55:00+05:30,2026-01-05 11:00:00+05:30,143.7,144.77775,141.9756,2026-01-05 11:25:00+05:30,143.14816122436523,BE,0.25445586165058304,0.3840214165864743,30.482824325561523,11.217948913574219,3.415627956390381,4.692294776987323,4.619837400391484,0.0029844668799987014,0.6672423648834227,50000,5.0,250000.0,960.0535414661858,636.1396541264576,1.2722793082529151,1.9201070829323719
2026-01-05,GREENPANEL,SHORT,A_MOD_BREAK_C1_LOW,MODERATE,2026-01-05 09:35:00+05:30,2026-01-05 09:40:00+05:30,227.45,229.155875,224.7206,2026-01-05 12:15:00+05:30,229.155875,SL,-0.8810405202601275,-0.7500000000000089,46.50518798828125,15.156794548034668,4.804804801940918,1.9117665947653495,3.9290155207307356,0.0034505495658287634,0.8921369739081548,50000,5.0,250000.0,-1875.0000000000223,-2202.6013006503185,-4.405202601300637,-3.7500000000000444
2026-01-05,IRB,SHORT,A_PULLBACK_C2_THEN_BREAK_C2_LOW,MODERATE,2026-01-05 09:30:00+05:30,2026-01-05 09:40:00+05:30,42.26999969482422,42.58702469253541,41.76275969848633,2026-01-05 14:30:00+05:30,42.25,EOD,-0.08268933443634853,0.047314158903744845,26.366682052612305,31.395349502563477,9.391534805297852,1.408479670630554,1.774782030011946,0.0027978156549393085,0.4907232746501288,50000,5.0,250000.0,118.28539725936211,-206.72333609087133,-0.4134466721817427,0.2365707945187242
2026-01-05,JUNIPER,SHORT,A_MOD_BREAK_C1_LOW,MODERATE,2026-01-05 09:30:00+05:30,2026-01-05 09:35:00+05:30,249.7500030517578,251.623128074646,246.7530030151367,2026-01-05 09:45:00+05:30,249.19534693908687,BE,0.09230834868011317,0.22208452688426208,31.74856185913086,28.387096405029297,37.453182220458984,0.5954947345258519,1.744493071438575,0.004903923174044323,0.42766466000091574,50000,5.0,250000.0,555.2113172106552,230.77087170028292,0.46154174340056586,1.1104226344213104
2026-01-05,MAXHEALTH,SHORT,A_MOD_BREAK_C1_LOW,MODERATE,2026-01-05 09:35:00+05:30,2026-01-05 09:40:00+05:30,1050.1899444091796,1058.0663689922485,1037.5876650762693,2026-01-05 10:15:00+05:30,1058.0663689922485,SL,-0.8810405202601161,-0.750000000000006,42.18241882324219,17.045454025268555,5.079365253448486,1.929520659987338,3.8683111708313134,0.0020060385341649856,0.8304023978464168,50000,5.0,250000.0,-1875.0000000000148,-2202.6013006502903,-4.405202601300581,-3.7500000000000298
2026-01-05,MPHASIS,SHORT,A_MOD_BREAK_C1_LOW,MODERATE,2026-01-05 09:35:00+05:30,2026-01-05 09:40:00+05:30,2780.1438111816406,2800.994889765503,2746.7820854474608,2026-01-05 10:00:00+05:30,2769.8848979492186,BE,0.23942148289129792,0.36900656689632233,32.36427688598633,24.339622497558594,10.389610290527344,1.969078808282678,3.1933029784956077,0.0026344709148550588,0.6900529447392636,50000,5.0,250000.0,922.5164172408058,598.5537072282448,1.1971074144564895,1.8450328344816116
2026-01-05,TECHM,SHORT,A_MOD_BREAK_C1_LOW,MODERATE,2026-01-05 09:35:00+05:30,2026-01-05 09:40:00+05:30,1586.0827444091797,1597.9783649922485,1567.0497514762694,2026-01-05 10:00:00+05:30,1580.8282755126952,BE,0.20165177997093198,0.33128592534065887,32.02640151977539,19.653179168701172,5.014568328857422,1.5000939763323506,4.923749961426442,0.002691511395748261,0.6029124686547922,50000,5.0,250000.0,828.2148133516472,504.12944992733,1.00825889985466,1.6564296267032943
2026-01-05,VAIBHAVGBL,SHORT,A_MOD_BREAK_C1_LOW,MODERATE,2026-01-05 14:05:00+05:30,2026-01-05 14:10:00+05:30,233.64999694824218,235.402371925354,230.84619698486327,2026-01-05 14:30:00+05:30,233.50999450683594,EOD,-0.07006737043271405,0.059919727470508714,47.71134567260742,24.820144653320312,34.08662796020508,3.6302525228886027,1.9732066853640646,0.002142184864788292,0.9243305193573144,50000,5.0,250000.0,149.79931867627178,-175.16842608178513,-0.35033685216357024,0.2995986373525436
2026-01-05,VINDHYATEL,SHORT,B_HUGE_RED_FAILED_BOUNCE,HUGE,2026-01-05 09:40:00+05:30,2026-01-05 11:10:00+05:30,1392.9213111816407,1403.3682210155032,1376.206255447461,2026-01-05 14:30:00+05:30,1391.800048828125,EOD,-0.04946315538594554,0.08049717844897614,35.1578254699707,19.186046600341797,31.552080154418945,2.002892474480059,3.236887879689229,0.005065419883622267,0.7773673820495605,50000,5.0,250000.0,201.24294612244034,-123.65788846486386,-0.2473157769297277,0.4024858922448807
2026-01-06,CUMMINSIND,SHORT,A_MOD_BREAK_C1_LOW,MODERATE,2026-01-06 13:30:00+05:30,2026-01-06 13:35:00+05:30,4200.1598,4231.6609985000005,4149.7578824,2026-01-06 14:00:00+05:30,4172.580397949218,BE,0.5274164568553592,0.6566274466695752,34.60649871826172,19.420289993286133,3.9304420948028564,5.325771751490929,3.5839307111884424,0.0022451021129190527,0.7290974807739257,50000,5.0,250000.0,1641.5686166739379,1318.5411421383978,2.637082284276796,3.2831372333478757
2026-01-06,DCMSHRIRAM,SHORT,A_MOD_BREAK_C1_LOW,MODERATE,2026-01-06 10:10:00+05:30,2026-01-06 10:15:00+05:30,1244.3510555908204,1253.6836885077516,1229.4188429237304,2026-01-06 10:50:00+05:30,1241.4130510253906,BE,0.10634943177866929,0.23610737116583183,32.7812614440918,36.046512603759766,21.66666603088379,1.182400577140619,1.3818938298077803,0.0039025735340994096,0.5277337141513743,50000,5.0,250000.0,590.2684279145795,265.8735794466732,0.5317471588933464,1.1805368558291591
2026-01-06,EXIDEIND,SHORT,A_MOD_BREAK_C1_LOW,MODERATE,2026-01-06 11:15:00+05:30,2026-01-06 11:20:00+05:30,362.9274,365.6493555,358.5722712,2026-01-06 13:15:00+05:30,365.6493555,SL,-0.8810405202601315,-0.7500000000000099,25.875497817993164,24.62686538696289,5.961798191070557,3.17593211326758,2.3481616716889966,0.0021245623026306553,0.5981324672698973,50000,5.0,250000.0,-1875.0000000000246,-2202.6013006503285,-4.405202601300657,-3.7500000000000493
2026-01-06,FEDFINA,SHORT,A_MOD_BREAK_C1_LOW,MODERATE,2026-01-06 13:25:00+05:30,2026-01-06 13:30:00+05:30,160.5399963378906,161.7440463104248,158.61351638183592,2026-01-06 13:40:00+05:30,160.07880612182615,BE,0.15758295166397032,0.2872743407155641,32.70387649536133,16.784870147705078,5.338672637939453,5.104844142157874,2.495500961836437,0.0034494100234498592,0.7005581474304199,50000,5.0,250000.0,718.1858517889103,393.9573791599258,0.7879147583198515,1.4363717035778207
2026-01-06,FMGOETZE,SHORT,A_MOD_BREAK_C1_LOW,MODERATE,2026-01-06 11:15:00+05:30,2026-01-06 11:20:00+05:30,473.35532220458987,476.90548712112434,467.67505833813476,2026-01-06 14:30:00+05:30,472.8500061035156,EOD,-0.023174221979045662,0.10675196356107286,25.235673904418945,24.110671997070312,9.395973205566406,2.7072127975821485,2.4817690302063133,0.002866496506625302,0.5885351085662842,50000,5.0,250000.0,266.87990890268213,-57.93555494761416,-0.11587110989522832,0.5337598178053643
2026-01-06,GMRAIRPORT,SHORT,A_MOD_BREAK_C1_LOW,MODERATE,2026-01-06 09:30:00+05:30,2026-01-06 09:35:00+05:30,104.45,105.23337500000001,103.1966,2026-01-06 14:20:00+05:30,103.84058877563476,BE,0.4541416264328936,0.5834477973817578,25.853153228759766,32.82442855834961,8.062200546264648,1.228839266035335,2.2666454981488235,0.0028092960991927883,0.4628441699875801,50000,5.0,250000.0,1458.6194934543946,1135.3540660822339,2.2707081321644678,2.917238986908789
2026-01-06,RALLIS,SHORT,A_MOD_BREAK_C1_LOW,MODERATE,2026-01-06 09:40:00+05:30,2026-01-06 09:45:00+05:30,265.7468277954102,267.7399290038758,262.55786586186525,2026-01-06 09:50:00+05:30,267.7399290038758,SL,-0.8810405202601337,-0.7500000000000048,28.823427200317383,28.648649215698242,2.784904718399048,2.453165372155318,2.3918855192333743,0.004204841350066172,0.6423514080047608,50000,5.0,250000.0,-1875.0000000000118,-2202.6013006503345,-4.405202601300669,-3.7500000000000235
2026-01-06,SIYSIL,SHORT,A_MOD_BREAK_C1_LOW,MODERATE,2026-01-06 11:10:00+05:30,2026-01-06 11:15:00+05:30,611.5776722045898,616.1645047461243,604.2387401381347,2026-01-06 12:40:00+05:30,603.2042244873046,BE,1.2408709950463594,1.3691552353605323,25.625030517578125,13.302752494812012,15.0,2.6652099850343354,3.05684165551618,0.0027964272009970755,0.594375457763672,50000,5.0,250000.0,3422.8880884013306,3102.1774876158984,6.204354975231797,6.84577617680266
2026-01-06,SONATSOFTW,SHORT,A_MOD_BREAK_C1_LOW,MODERATE,2026-01-06 10:15:00+05:30,2026-01-06 10:20:00+05:30,354.4291,357.08731825,350.1759508,2026-01-06 10:55:00+05:30,352.9556938781738,BE,0.2861881780631533,0.41571251396293407,38.823551177978516,20.487804412841797,5.67668342590332,1.6016905089633928,2.598391341304634,0.0034248646823382962,0.7226491067382714,50000,5.0,250000.0,1039.281284907335,715.4704451578832,1.4309408903157663,2.07856256981467
2026-01-07,BOSCHLTD,SHORT,A_MOD_BREAK_C1_LOW,MODERATE,2026-01-07 09:45:00+05:30,2026-01-07 09:50:00+05:30,38162.366,38448.583745,37704.417608,2026-01-07 10:15:00+05:30,38448.583745,SL,-0.8810405202601078,-0.7500000000000046,44.22651672363281,17.757009506225586,2.4146175384521484,2.0710897344177983,4.497255359968963,0.0034049240440020955,0.8733977508544921,50000,5.0,250000.0,-1875.0000000000114,-2202.6013006502694,-4.405202601300539,-3.7500000000000226
2026-01-07,DBREALTY,SHORT,A_MOD_BREAK_C1_LOW,MODERATE,2026-01-07 09:45:00+05:30,2026-01-07 09:50:00+05:30,118.5499984741211,119.43912346267702,117.12739849243164,2026-01-07 12:10:00+05:30,117.61178214263914,BE,0.6623741365687293,0.7914098216431119,28.5256290435791,17.094017028808594,4.618474006652832,1.2035238847004823,2.3517449579482435,0.0032702963246259813,0.4985011154762709,50000,5.0,250000.0,1978.5245541077797,1655.9353414218235,3.311870682843647,3.957049108215559
2026-01-07,DLF,SHORT,A_MOD_BREAK_C1_LOW,MODERATE,2026-01-07 09:45:00+05:30,2026-01-07 09:50:00+05:30,695.4608555908203,700.6768120077516,687.1153253237304,2026-01-07 10:15:00+05:30,700.6768120077516,SL,-0.8810405202601262,-0.750000000000014,38.847259521484375,17.667844772338867,5.570651054382324,2.1666970289590344,3.813124443786211,0.002817725672202474,0.7927088928222656,50000,5.0,250000.0,-1875.000000000035,-2202.601300650316,-4.405202601300632,-3.75000000000007
2026-01-07,JLHL,SHORT,A_PULLBACK_C2_THEN_BREAK_C2_LOW,MODERATE,2026-01-07 10:20:00+05:30,2026-01-07 10:30:00+05:30,1370.1259444091797,1380.4018889922486,1353.6844330762697,2026-01-07 10:40:00+05:30,1367.089,BE,0.09187766000202521,0.22165439765388684,34.939308166503906,26.585365295410156,15.659955024719238,1.3074005906773023,1.8712002064047986,0.00400125050005645,0.6064447361863263,50000,5.0,250000.0,554.1359941347172,229.69415000506305,0.4593883000101261,1.1082719882694345
2026-01-07,LXCHEM,SHORT,A_MOD_BREAK_C1_LOW,MODERATE,2026-01-07 10:25:00+05:30,2026-01-07 10:30:00+05:30,161.8000061035156,163.013506149292,159.85840603027341,2026-01-07 14:10:00+05:30,160.89123367309568,BE,0.4323295232632498,0.5616640272797765,33.69499206542969,41.772151947021484,60.66666793823242,1.0997167981906493,0.9353968680994773,0.0037909878422762626,0.5046451640697828,50000,5.0,250000.0,1404.1600681994414,1080.8238081581244,2.161647616316249,2.8083201363988826
2026-01-07,MGL,SHORT,A_MOD_BREAK_C1_LOW,MODERATE,2026-01-07 10:35:00+05:30,2026-01-07 10:40:00+05:30,1060.8877555908202,1068.8444137577515,1048.1571025237304,2026-01-07 13:05:00+05:30,1058.5662244873047,BE,0.08904868535352835,0.21882909773265005,25.90228271484375,23.452768325805664,3.960275411605835,2.8669373630597654,3.2160368552645098,0.00386209495000188,0.5985342407226562,50000,5.0,250000.0,547.0727443316251,222.62171338382086,0.4452434267676417,1.0941454886632502
2026-01-07,NHPC,SHORT,A_MOD_BREAK_C1_LOW,MODERATE,2026-01-07 09:45:00+05:30,2026-01-07 09:50:00+05:30,82.85000152587891,83.47137653732301,81.85580150756836,2026-01-07 10:20:00+05:30,83.47137653732301,SL,-0.8810405202601294,-0.7500000000000113,25.536584854125977,33.5616455078125,9.090909004211426,1.6498222842853718,1.815898265583319,0.002533172371268695,0.5225625858409957,50000,5.0,250000.0,-1875.0000000000284,-2202.6013006503235,-4.405202601300648,-3.750000000000057
2026-01-07,RITCO,SHORT,A_MOD_BREAK_C1_LOW,MODERATE,2026-01-07 10:20:00+05:30,2026-01-07 10:25:00+05:30,269.946,271.97059500000006,266.70664800000003,2026-01-07 14:30:00+05:30,270.6000061035156,EOD,-0.3726530822620469,-0.2422729373710292,35.06090545654297,31.363636016845703,3.1007752418518066,1.5438683013531853,2.5796055510392346,0.003584656008967647,0.6560905345849519,50000,5.0,250000.0,-605.6823434275731,-931.6327056551173,-1.8632654113102345,-1.2113646868551462
2026-01-07,VISHNU,SHORT,B_HUGE_RED_FAILED_BOUNCE,HUGE,2026-01-07 09:35:00+05:30,2026-01-07 10:30:00+05:30,536.8926,540.9192945000001,530.4498888,2026-01-07 12:50:00+05:30,534.0473622436523,BE,0.4005696634659081,0.5299454222963267,25.904878616333008,29.431438446044922,44.52381134033203,1.6686722677598393,2.8883093467644927,0.004659385078114778,0.580590826102967,50000,5.0,250000.0,1324.8635557408168,1001.4241586647702,2.00284831732954,2.6497271114816336
2026-01-08,ADANIENT,SHORT,A_PULLBACK_C2_THEN_BREAK_C2_LOW,MODERATE,2026-01-08 11:05:00+05:30,2026-01-08 11:15:00+05:30,2236.752511181641,2253.528155015503,2209.911481047461,2026-01-08 11:40:00+05:30,2229.669,BE,0.18703416899603284,0.316687302069857,37.77627182006836,14.32584285736084,8.065760612487793,3.017006315491381,2.753779761403831,0.002194759253922594,0.7766440773010252,50000,5.0,250000.0,791.7182551746425,467.5854224900821,0.9351708449801642,1.583436510349285
2026-01-08,AVANTIFEED,SHORT,A_MOD_BREAK_C1_LOW,MODERATE,2026-01-08 11:20:00+05:30,2026-01-08 11:25:00+05:30,836.4326555908203,842.7059005077515,826.3954637237305,2026-01-08 11:30:00+05:30,828.5782755126952,BE,0.8101894909722573,0.9390331696910056,71.16839599609375,9.400545120239258,2.738957405090332,5.704471706223051,5.659178517420705,0.0044141251910358136,0.96,50000,5.0,250000.0,2347.582924227514,2025.4737274306433,4.050947454861287,4.695165848455028
2026-01-08,GOKEX,SHORT,A_MOD_BREAK_C1_LOW,MODERATE,2026-01-08 11:15:00+05:30,2026-01-08 11:20:00+05:30,610.9277777954102,615.5097361288758,603.5966444618653,2026-01-08 11:25:00+05:30,598.4399744873047,BE,1.9166655349922155,2.0440719446689637,74.52092742919922,24.12199592590332,7.454519271850586,3.654187559509007,3.3922403329579933,0.009716386888541427,0.96,50000,5.0,250000.0,5110.179861672409,4791.663837480539,9.583327674961078,10.220359723344819
2026-01-08,HBLENGINE,SHORT,A_PULLBACK_C2_THEN_BREAK_C2_LOW,MODERATE,2026-01-08 11:15:00+05:30,2026-01-08 11:25:00+05:30,927.9143555908203,934.8737132577514,916.7793833237304,2026-01-08 12:10:00+05:30,921.8572755126952,BE,0.5235468212885828,0.6527628376078322,47.24631881713867,9.610983848571777,6.472348690032959,4.640282322904659,3.5489822455075384,0.0032177456485185736,0.9186947822570801,50000,5.0,250000.0,1631.9070940195804,1308.867053221457,2.617734106442914,3.263814188039161
2026-01-08,HINDPETRO,SHORT,A_MOD_BREAK_C1_LOW,MODERATE,2026-01-08 10:05:00+05:30,2026-01-08 10:10:00+05:30,464.45707779541016,467.94050587887574,458.8835928618652,2026-01-08 10:50:00+05:30,463.38599999999997,BE,0.10084347213690315,0.23060856354997603,47.79710388183594,2.3255813121795654,5.5528082847595215,2.2261793766539304,3.7342984737196834,0.00413889470448178,0.926956558227539,50000,5.0,250000.0,576.5214088749401,252.10868034225786,0.5042173606845157,1.1530428177498804
2026-01-08,IXIGO,SHORT,A_MOD_BREAK_C1_LOW,MODERATE,2026-01-08 09:30:00+05:30,2026-01-08 09:35:00+05:30,225.3000061035156,226.989756149292,222.5964060302734,2026-01-08 10:20:00+05:30,224.27080612182615,BE,0.3273422391492593,0.45681311753564086,54.809364318847656,11.675127029418945,4.982006072998047,2.1378015421623484,5.769015958877008,0.0053092012645395235,0.96,50000,5.0,250000.0,1142.0327938391022,818.3555978731482,1.6367111957462963,2.2840655876782043
2026-01-08,LATENTVIEW,SHORT,A_MOD_BREAK_C1_LOW,MODERATE,2026-01-08 13:30:00+05:30,2026-01-08 13:35:00+05:30,454.65905,458.068992875,449.2031414,2026-01-08 14:00:00+05:30,453.4563061218261,BE,0.13481658094556506,0.26453754262097334,42.08527374267578,33.9869270324707,24.274982452392578,5.525987180371518,2.0305273467599103,0.002378335889879164,0.8412791061401366,50000,5.0,250000.0,661.3438565524334,337.04145236391264,0.6740829047278253,1.3226877131048669
2026-01-08,MUTHOOTFIN,SHORT,A_MOD_BREAK_C1_LOW,MODERATE,2026-01-08 11:20:00+05:30,2026-01-08 11:25:00+05:30,3819.9358111816405,3848.585329765503,3774.0965814474607,2026-01-08 12:25:00+05:30,3848.585329765503,SL,-0.8810405202601294,-0.7500000000000071,48.8528938293457,22.21030044555664,3.3565115928649902,4.828985612659442,3.8469598556314573,0.0030609041722953014,0.9427934074401854,50000,5.0,250000.0,-1875.0000000000177,-2202.6013006503235,-4.405202601300648,-3.750000000000035
2026-01-08,ONGC,SHORT,A_MOD_BREAK_C1_LOW,MODERATE,2026-01-08 09:45:00+05:30,2026-01-08 09:50:00+05:30,236.14999694824218,237.92112192535402,233.31619698486327,2026-01-08 11:30:00+05:30,233.94974999999997,BE,0.8028626526929752,0.9317158486876652,39.42198944091797,19.638242721557617,5.589575290679932,1.8924078943114755,3.3675719623875024,0.0022307261131277374,0.7825012231182777,50000,5.0,250000.0,2329.2896217191633,2007.156631732438,4.014313263464876,4.658579243438327
2026-01-08,TCS,SHORT,A_MOD_BREAK_C1_LOW,MODERATE,2026-01-08 10:05:00+05:30,2026-01-08 10:10:00+05:30,3216.6565888183595,3240.781513234497,3178.056709752539,2026-01-08 10:25:00+05:30,3208.496602050781,BE,0.12394405522483912,0.25367913988531193,40.2220344543457,10.968379020690918,5.052314758300781,1.7968064568601818,2.8964646170556896,0.003820386411613042,0.7777716467657174,50000,5.0,250000.0,634.1978497132799,309.8601380620978,0.6197202761241957,1.26839569942656
2026-01-09,ADANIENT,SHORT,A_MOD_BREAK_C1_LOW,MODERATE,2026-01-09 09:30:00+05:30,2026-01-09 09:35:00+05:30,2180.8637888183594,2197.220267234497,2154.693423352539,2026-01-09 09:40:00+05:30,2175.6073979492185,BE,0.11127180028456328,0.24102334570784528,35.47843551635742,22.100954055786133,18.318506240844727,1.88248162107229,4.244436201844972,0.003832608982465816,0.721610816433012,50000,5.0,250000.0,602.5583642696132,278.1795007114082,0.5563590014228164,1.2051167285392264
2026-01-09,AGI,SHORT,A_MOD_BREAK_C1_LOW,MODERATE,2026-01-09 09:30:00+05:30,2026-01-09 09:35:00+05:30,703.60925,708.886319375,695.165939,2026-01-09 09:45:00+05:30,700.7961122436523,BE,0.27027033329726596,0.399815345853926,36.2227668762207,19.873149871826172,13.755475044250488,2.5781500736357783,4.120954332523553,0.004231526227644216,0.7533415031433106,50000,5.0,250000.0,999.5383646348149,675.6758332431649,1.3513516664863299,1.9990767292696296
2026-01-09,APTUS,SHORT,A_PULLBACK_C2_THEN_BREAK_C2_LOW,MODERATE,2026-01-09 09:30:00+05:30,2026-01-09 09:40:00+05:30,276.69465,278.76985987500007,273.3743142,2026-01-09 09:50:00+05:30,278.76985987500007,SL,-0.8810405202601304,-0.7500000000000149,42.7111930847168,26.046510696411133,4.370370388031006,1.2498827791180305,3.6896950266141126,0.004632855926210426,0.7193973826164073,50000,5.0,250000.0,-1875.0000000000373,-2202.601300650326,-4.405202601300651,-3.7500000000000746
2026-01-09,ARVIND,SHORT,A_PULLBACK_C2_THEN_BREAK_C2_LOW,MODERATE,2026-01-09 09:30:00+05:30,2026-01-09 09:40:00+05:30,293.49127779541016,295.69246237887575,289.9693824618652,2026-01-09 09:50:00+05:30,295.69246237887575,SL,-0.8810405202601223,-0.7500000000000048,45.892398834228516,4.526749134063721,9.550732612609863,1.3246626451017358,5.666139726800591,0.0055674416626554785,0.7802019454062314,50000,5.0,250000.0,-1875.0000000000118,-2202.601300650306,-4.405202601300612,-3.7500000000000235
2026-01-09,INOXWIND,SHORT,A_MOD_BREAK_C1_LOW,MODERATE,2026-01-09 09:30:00+05:30,2026-01-09 09:35:00+05:30,115.68999786376953,116.55767284774781,114.3017178894043,2026-01-09 09:40:00+05:30,115.18451632690429,BE,0.3074308624932205,0.43692760497798216,48.52831268310547,20.917430877685547,13.04054069519043,1.4175552534272053,4.173126341114919,0.005792005539480534,0.835996859596343,50000,5.0,250000.0,1092.3190124449554,768.5771562330513,1.5371543124661027,2.1846380248899107
2026-01-09,KTKBANK,SHORT,A_MOD_BREAK_C1_LOW,MODERATE,2026-01-09 14:00:00+05:30,2026-01-09 14:05:00+05:30,189.14999694824218,190.568621925354,186.88019698486326,2026-01-09 14:30:00+05:30,188.69000244140625,EOD,0.11344160574548003,0.24319033267645052,34.11485290527344,17.74193572998047,5.026594638824463,5.408053726235601,2.589263801033085,0.0025294472656806036,0.7217227935791015,50000,5.0,250000.0,607.9758316911264,283.60401436370006,0.5672080287274001,1.2159516633822527
2026-01-09,NFL,SHORT,A_MOD_BREAK_C1_LOW,MODERATE,2026-01-09 09:30:00+05:30,2026-01-09 09:35:00+05:30,84.2,84.8315,83.1896,2026-01-09 09:50:00+05:30,84.8315,SL,-0.881040520260105,-0.7500000000000031,53.22524642944336,26.865671157836914,13.7244291305542,1.1794555802113096,3.5106892852617606,0.004642179333909157,0.8164047265369792,50000,5.0,250000.0,-1875.0000000000077,-2202.6013006502626,-4.405202601300525,-3.750000000000015
2026-01-09,RAYMOND,SHORT,A_MOD_BREAK_C1_LOW,MODERATE,2026-01-09 09:30:00+05:30,2026-01-09 09:35:00+05:30,410.0179861022949,413.09312099806215,405.0977702690674,2026-01-09 09:50:00+05:30,413.09312099806215,SL,-0.8810405202601183,-0.7500000000000057,34.6446647644043,10.576923370361328,8.853209495544434,1.7372234164924787,4.1088966374767635,0.0034734916570780846,0.6836840693522481,50000,5.0,250000.0,-1875.0000000000143,-2202.601300650296,-4.405202601300592,-3.7500000000000284
2026-01-09,VOLTAMP,SHORT,A_MOD_BREAK_C1_LOW,MODERATE,2026-01-09 09:30:00+05:30,2026-01-09 09:35:00+05:30,7420.5156,7476.169467000001,7331.4694128,2026-01-09 09:40:00+05:30,7382.079999999999,BE,0.38857266532296064,0.5179640077840508,38.38884735107422,18.681318283081055,4.126122951507568,2.009129474689734,4.618023779345633,0.004541868086245348,0.7858327102661133,50000,5.0,250000.0,1294.9100194601272,971.4316633074017,1.9428633266148034,2.5898200389202546
2026-01-09,WHEELS,SHORT,A_MOD_BREAK_C1_LOW,MODERATE,2026-01-09 09:35:00+05:30,2026-01-09 09:40:00+05:30,817.2365444091797,823.3658184922486,807.4297058762695,2026-01-09 09:45:00+05:30,814.9876377563476,BE,0.1454771846553303,0.27518429862408955,49.71305847167969,9.8305082321167,4.043900966644287,1.4738054827533373,4.792620698118073,0.006872161967830145,0.8636118365570293,50000,5.0,250000.0,687.9607465602238,363.69296163832576,0.7273859232766515,1.3759214931204478
2026-01-12,ADSL,SHORT,A_MOD_BREAK_C1_LOW,MODERATE,2026-01-12 13:20:00+05:30,2026-01-12 13:25:00+05:30,128.41000671386718,129.37308176422118,126.86908663330077,2026-01-12 14:30:00+05:30,128.80999755859375,EOD,-0.44196525213174576,-0.31149507344693433,29.83892059326172,48.402950286865234,24.1036319732666,3.63678665705392,1.675706541667248,0.0034966588575817913,0.6413691359822882,50000,5.0,250000.0,-778.7376836173358,-1104.9131303293643,-2.209826260658729,-1.5574753672346717
2026-01-12,BAJAJ-AUTO,SHORT,A_MOD_BREAK_C1_LOW,MODERATE,2026-01-12 10:40:00+05:30,2026-01-12 10:45:00+05:30,9417.6161,9488.24822075,9304.604706799999,2026-01-12 11:15:00+05:30,9389.584499999999,BE,0.1679728043589943,0.29765069739889116,29.355634689331055,40.341880798339844,38.18840408325195,2.229950950823947,2.495139190248974,0.003912855608270037,0.6503345203399657,50000,5.0,250000.0,744.1267434972278,419.9320108974858,0.8398640217949717,1.4882534869944557
2026-01-12,CAMS,SHORT,A_MOD_BREAK_C1_LOW,MODERATE,2026-01-12 11:00:00+05:30,2026-01-12 11:05:00+05:30,709.9579555908203,715.2826402577515,701.4384601237305,2026-01-12 11:40:00+05:30,705.8612499999999,BE,0.4477204461837721,0.5770349579942632,27.05664825439453,32.392024993896484,7.6155853271484375,2.6073778288942995,2.430638249565673,0.0047055982651161244,0.615849723815918,50000,5.0,250000.0,1442.587394985658,1119.3011154594303,2.2386022309188607,2.885174789971316
2026-01-12,CUB,SHORT,A_MOD_BREAK_C1_LOW,MODERATE,2026-01-12 11:20:00+05:30,2026-01-12 11:25:00+05:30,267.4465,269.45234875000006,264.237142,2026-01-12 11:30:00+05:30,266.1961938781738,BE,0.3380406756871129,0.46749765722348696,48.19258499145508,12.22707462310791,6.702922344207764,3.5826975529227605,2.814489740488232,0.0052781697904805205,0.9328887748718262,50000,5.0,250000.0,1168.7441430587173,845.1016892177822,1.6902033784355643,2.3374882861174346
2026-01-12,EDELWEISS,SHORT,A_MOD_BREAK_C1_LOW,MODERATE,2026-01-12 11:00:00+05:30,2026-01-12 11:05:00+05:30,104.35000152587891,105.132626537323,103.09780150756836,2026-01-12 11:20:00+05:30,103.80046785736083,BE,0.39724537631615225,0.5266254532653699,30.330631256103516,27.330509185791016,5.541601657867432,1.8681000630439613,1.9821185525958773,0.00545820158174597,0.6409829075040399,50000,5.0,250000.0,1316.5636331634248,993.1134407903807,1.986226881580761,2.6331272663268495
2026-01-12,EKC,SHORT,A_MOD_BREAK_C1_LOW,MODERATE,2026-01-12 11:05:00+05:30,2026-01-12 11:10:00+05:30,108.96999664306641,109.78727161788942,107.66235668334961,2026-01-12 11:55:00+05:30,108.58478214263914,BE,0.22389985843985857,0.3535051044270889,31.429189682006836,32.44047546386719,18.05286979675293,2.013853109654214,2.115957048995798,0.0033782899688320697,0.6814378452301024,50000,5.0,250000.0,883.7627610677222,559.7496460996465,1.119499292199293,1.7675255221354442
2026-01-12,ELECON,SHORT,A_MOD_BREAK_C1_LOW,MODERATE,2026-01-12 11:20:00+05:30,2026-01-12 11:25:00+05:30,403.7192277954102,406.7471220038758,398.87459706186524,2026-01-12 11:30:00+05:30,402.2531377563476,BE,0.2335532468421375,0.3631459534559345,37.27372741699219,20.3125,1.049933910369873,3.512498443444902,2.7913674412049443,0.004148093122714677,0.7691059112548828,50000,5.0,250000.0,907.8648836398362,583.8831171053438,1.1677662342106876,1.8157297672796724
2026-01-12,GREENLAM,SHORT,A_MOD_BREAK_C1_LOW,MODERATE,2026-01-12 10:55:00+05:30,2026-01-12 11:00:00+05:30,240.0399963378906,241.8402963104248,237.1595163818359,2026-01-12 11:10:00+05:30,238.80426632690427,BE,0.3854062566455911,0.5148017121475364,50.98259353637695,22.708040237426758,1.8727842569351196,4.12807395383956,4.198169990283445,0.0033618345872309693,0.96,50000,5.0,250000.0,1287.0042803688411,963.5156416139778,1.9270312832279555,2.574008560737682
2026-01-12,NLCINDIA,SHORT,A_MOD_BREAK_C1_LOW,MODERATE,2026-01-12 11:20:00+05:30,2026-01-12 11:25:00+05:30,244.5500061035156,246.384131149292,241.61540603027342,2026-01-12 12:25:00+05:30,246.384131149292,SL,-0.8810405202601177,-0.7500000000000032,33.1413688659668,18.471338272094727,1.4740626811981201,3.5187928490340252,3.737700187866596,0.00378013904150796,0.7071205329895018,50000,5.0,250000.0,-1875.000000000008,-2202.6013006502944,-4.405202601300589,-3.750000000000016
2026-01-12,VINCOFE,SHORT,A_MOD_BREAK_C1_LOW,MODERATE,2026-01-12 11:05:00+05:30,2026-01-12 11:10:00+05:30,159.39999694824218,160.595496925354,157.48719698486326,2026-01-12 11:15:00+05:30,158.6745969390869,BE,0.3256084397667395,0.45508157029062285,41.83097839355469,11.507936477661133,7.860696315765381,2.633030193563088,3.289627335558687,0.004990368606942869,0.8374646759033202,50000,5.0,250000.0,1137.7039257265571,814.0210994168488,1.6280421988336975,2.275407851453114
2026-01-13,DEEPINDS,SHORT,A_MOD_BREAK_C1_LOW,MODERATE,2026-01-13 13:35:00+05:30,2026-01-13 13:40:00+05:30,383.87322220458987,386.7522713711243,379.2667435381348,2026-01-13 14:00:00+05:30,382.0426938781738,BE,0.3474127121288824,0.4768575197569967,28.604755401611328,8.677685737609863,3.500913381576538,7.134993910715114,4.83769374243188,0.0035621278608838716,0.6390713310241698,50000,5.0,250000.0,1192.1437993924917,868.531780322206,1.737063560644412,2.3842875987849834
2026-01-13,GRAPHITE,SHORT,A_MOD_BREAK_C1_LOW,MODERATE,2026-01-13 14:00:00+05:30,2026-01-13 14:05:00+05:30,592.9313777954102,597.3783631288758,585.8162012618652,2026-01-13 14:15:00+05:30,590.4661122436523,BE,0.286251609280891,0.41577586278601153,28.959943771362305,26.94805145263672,13.915410041809082,6.533530585994414,2.721108712116137,0.0036954110833060934,0.6443991565704346,50000,5.0,250000.0,1039.439656965029,715.6290232022276,1.431258046404455,2.0788793139300576
2026-01-13,HDFCLIFE,SHORT,A_MOD_BREAK_C1_LOW,MODERATE,2026-01-13 09:35:00+05:30,2026-01-13 09:40:00+05:30,749.8999777954101,755.5242276288757,740.9011780618652,2026-01-13 10:15:00+05:30,746.5830255126953,BE,0.31282956357961533,0.4423192933631199,30.959535598754883,34.504791259765625,29.211469650268555,0.7780748244758473,1.7626847730956092,0.00310786614341602,0.448690366919377,50000,5.0,250000.0,1105.7982334078,782.0739089490384,1.5641478178980768,2.2115964668155996
2026-01-13,JSFB,SHORT,A_MOD_BREAK_C1_LOW,MODERATE,2026-01-13 11:05:00+05:30,2026-01-13 11:10:00+05:30,408.16835,411.229612625,403.27032979999996,2026-01-13 12:45:00+05:30,405.71349999999995,BE,0.4721479762706332,0.6014307576763416,28.399553298950195,32.22748947143555,35.53408432006836,1.0149480411652116,1.2422596602155116,0.003280552924226853,0.42572218969894055,50000,5.0,250000.0,1503.5768941908539,1180.369940676583,2.3607398813531657,3.0071537883817077
2026-01-13,MAHLIFE,SHORT,A_MOD_BREAK_C1_LOW,MODERATE,2026-01-13 09:35:00+05:30,2026-01-13 09:40:00+05:30,366.9266,369.67854950000003,362.5234808,2026-01-13 09:45:00+05:30,366.09499999999997,BE,0.09686907932259269,0.22663933331626465,28.2596435546875,15.736041069030762,5.387205600738525,1.561671760597155,3.1511218560265633,0.004106656407140581,0.5571872114248146,50000,5.0,250000.0,566.5983332906617,242.1726983064817,0.4843453966129634,1.1331966665813233
2026-01-13,RBLBANK,SHORT,A_MOD_BREAK_C1_LOW,MODERATE,2026-01-13 14:05:00+05:30,2026-01-13 14:10:00+05:30,298.7902361022949,301.0311628730621,295.20475326906734,2026-01-13 14:30:00+05:30,298.1499938964844,EOD,0.08449182362688287,0.21427815519089702,39.644901275634766,23.58490562438965,15.767973899841309,6.659524222852277,2.66246754289368,0.0024976695132847195,0.8046735191345213,50000,5.0,250000.0,535.6953879772426,211.2295590672072,0.42245911813441434,1.0713907759544852
2026-01-13,RELIANCE,SHORT,A_MOD_BREAK_C1_LOW,MODERATE,2026-01-13 09:35:00+05:30,2026-01-13 09:40:00+05:30,1465.9067111816407,1476.9010115155031,1448.315830647461,2026-01-13 12:20:00+05:30,1459.3649999999998,BE,0.3167723828835722,0.4462569910992354,32.9735221862793,20.080320358276367,6.712995529174805,2.2416366723912704,2.3041852254640904,0.0020790729054644065,0.7046028327941893,50000,5.0,250000.0,1115.6424777480886,791.9309572089304,1.5838619144178607,2.2312849554961773
2026-01-14,ASIANPAINT,SHORT,A_MOD_BREAK_C1_LOW,MODERATE,2026-01-14 10:05:00+05:30,2026-01-14 10:10:00+05:30,2841.5316776367185,2862.8431652189943,2807.433297505078,2026-01-14 10:25:00+05:30,2835.781948974609,BE,0.07254425366113171,0.20234610465056135,36.685977935791016,29.615005493164062,17.01388931274414,1.057073815031862,1.7805383875362726,0.0037497488255239238,0.5843045060442547,50000,5.0,250000.0,505.86526162640337,181.36063415282928,0.36272126830565854,1.0117305232528069
2026-01-14,DATAPATTNS,SHORT,A_MOD_BREAK_C1_LOW,MODERATE,2026-01-14 13:35:00+05:30,2026-01-14 13:40:00+05:30,2586.4826,2605.8812195,2555.4448088,2026-01-14 14:30:00+05:30,2582.699951171875,EOD,0.016372014133646917,0.14624683066202807,33.98944854736328,6.829896926879883,3.9043376445770264,4.540356016617419,4.140859216540969,0.0036480033952618327,0.7198417282104492,50000,5.0,250000.0,365.61707665507015,40.93003533411729,0.08186007066823459,0.7312341533101403
2026-01-14,LATENTVIEW,SHORT,A_MOD_BREAK_C1_LOW,MODERATE,2026-01-14 13:55:00+05:30,2026-01-14 14:00:00+05:30,430.4139,433.64200425,425.2489332,2026-01-14 14:10:00+05:30,425.12155612182613,BE,1.101128329724121,1.2295940902870193,32.652000427246094,13.215859413146973,8.62977123260498,4.958248217632758,2.9468309373071446,0.0030522195460478425,0.6997800064086914,50000,5.0,250000.0,3073.9852257175485,2752.820824310302,5.505641648620604,6.147970451435096
2026-01-14,NETWEB,SHORT,A_MOD_BREAK_C1_LOW,MODERATE,2026-01-14 13:35:00+05:30,2026-01-14 13:40:00+05:30,3234.6529888183595,3258.9128862344974,3195.8371529525393,2026-01-14 14:15:00+05:30,3221.4354489746092,BE,0.279089559552707,0.4086231162798928,37.30088806152344,14.36265754699707,2.3016490936279297,6.7472477180380475,3.3392952527795843,0.0025337575890821322,0.7695133209228515,50000,5.0,250000.0,1021.557790699732,697.7238988817675,1.395447797763535,2.043115581399464
2026-01-14,POWERMECH,SHORT,A_MOD_BREAK_C1_LOW,MODERATE,2026-01-14 10:10:00+05:30,2026-01-14 10:15:00+05:30,2267.446322363281,2284.452169781006,2240.2369664949215,2026-01-14 10:55:00+05:30,2243.2095,BE,0.9402291462175965,1.0689039085176637,30.7022647857666,23.734939575195312,3.8117239475250244,2.4380833718308264,2.745302556641941,0.0047239034386518265,0.6705339717864989,50000,5.0,250000.0,2672.2597712941592,2350.572865543991,4.7011457310879825,5.344519542588318
2026-01-14,PRICOLLTD,SHORT,A_MOD_BREAK_C1_LOW,MODERATE,2026-01-14 09:45:00+05:30,2026-01-14 09:50:00+05:30,605.8788,610.422891,598.6082544,2026-01-14 10:00:00+05:30,610.422891,SL,-0.8810405202601309,-0.7500000000000155,35.00486755371094,16.842105865478516,2.715365409851074,1.6264734769223963,3.825162724291169,0.0058473679809067135,0.6697058717670834,50000,5.0,250000.0,-1875.0000000000389,-2202.601300650327,-4.405202601300654,-3.7500000000000777
2026-01-14,TANLA,SHORT,A_PULLBACK_C2_THEN_BREAK_C2_LOW,MODERATE,2026-01-14 09:35:00+05:30,2026-01-14 09:45:00+05:30,489.2521361022949,492.92152712306216,483.3811104690674,2026-01-14 10:00:00+05:30,488.1099438781738,BE,0.10369538106520886,0.23345676796029424,40.9079704284668,15.953307151794434,7.313199043273926,1.150937127219279,3.506861358417797,0.003503547463894392,0.6750335536903758,50000,5.0,250000.0,583.6419199007356,259.23845266302214,0.5184769053260443,1.1672838398014713
2026-01-14,TCPLPACK,SHORT,A_PULLBACK_C2_THEN_BREAK_C2_LOW,MODERATE,2026-01-14 09:55:00+05:30,2026-01-14 10:05:00+05:30,2812.0375776367187,2833.1278594689943,2778.293126705078,2026-01-14 11:40:00+05:30,2759.3533979492186,BE,1.7458950827563209,1.8735233165616767,36.23377990722656,22.92732810974121,11.856183052062988,1.0839270050200662,2.3873705693259284,0.003955519093966982,0.59319392448691,50000,5.0,250000.0,4683.808291404192,4364.737706890803,8.729475413781605,9.367616582808383
2026-01-14,TIINDIA,SHORT,A_MOD_BREAK_C1_LOW,MODERATE,2026-01-14 11:15:00+05:30,2026-01-14 11:20:00+05:30,2338.4321223632815,2355.970363281006,2310.370936894922,2026-01-14 12:00:00+05:30,2355.970363281006,SL,-0.8810405202601225,-0.7499999999999987,36.02923583984375,27.47252655029297,9.287749290466309,2.3553394986577483,2.7201712679506826,0.0025976800511025976,0.7504385375976561,50000,5.0,250000.0,-1874.9999999999966,-2202.6013006503063,-4.405202601300613,-3.749999999999993
2026-01-14,VOLTAS,SHORT,A_MOD_BREAK_C1_LOW,MODERATE,2026-01-14 10:15:00+05:30,2026-01-14 10:20:00+05:30,1433.2133,1443.96239975,1416.0147404,2026-01-14 11:05:00+05:30,1443.96239975,SL,-0.8810405202601225,-0.75000000000001,31.502260208129883,18.725868225097656,2.9714488983154297,1.9623302887369882,2.0611175421515875,0.004285215957263724,0.6759417036509212,50000,5.0,250000.0,-1875.000000000025,-2202.6013006503063,-4.405202601300613,-3.7500000000000497
2026-01-16,ACE,SHORT,A_MOD_BREAK_C1_LOW,MODERATE,2026-01-16 09:30:00+05:30,2026-01-16 09:35:00+05:30,863.7272444091797,870.2051987422485,853.3625174762695,2026-01-16 13:00:00+05:30,861.5769999999999,BE,0.11920823508139043,0.24894947138672474,42.37476348876953,10.748560905456543,3.77984881401062,1.0485108906263318,5.012910513693629,0.0035501440032174917,0.6791108581911509,50000,5.0,250000.0,622.3736784668118,298.02058770347605,0.5960411754069521,1.2447473569336236
2026-01-16,CONCORDBIO,SHORT,A_MOD_BREAK_C1_LOW,MODERATE,2026-01-16 09:30:00+05:30,2026-01-16 09:35:00+05:30,1330.0339888183594,1340.0092437344972,1314.073580952539,2026-01-16 14:30:00+05:30,1326.4000244140625,EOD,0.1435137595951911,0.2732234239762094,41.48278045654297,14.230769157409668,5.657797336578369,1.508385446599761,4.3650346297183376,0.002666366146326765,0.7462091600031027,50000,5.0,250000.0,683.0585599405234,358.78439898797774,0.7175687979759555,1.366117119881047
2026-01-16,ETERNAL,SHORT,A_MOD_BREAK_C1_LOW,MODERATE,2026-01-16 09:35:00+05:30,2026-01-16 09:40:00+05:30,290.9418,293.1238635,287.4504984,2026-01-16 09:50:00+05:30,293.1238635,SL,-0.8810405202601266,-0.7500000000000092,36.03419494628906,16.826923370361328,37.3563232421875,1.173407480794817,2.7509583889031695,0.005676524393294178,0.605859233333429,50000,5.0,250000.0,-1875.0000000000232,-2202.6013006503163,-4.4052026013006325,-3.750000000000046
2026-01-16,FINOPB,SHORT,A_MOD_BREAK_C1_LOW,MODERATE,2026-01-16 11:05:00+05:30,2026-01-16 11:10:00+05:30,235.45,237.215875,232.6246,2026-01-16 11:35:00+05:30,234.05005612182615,BE,0.46529054855583596,0.5945822374915453,34.839202880859375,17.886178970336914,0.0,2.988704048005224,2.9745754599157395,0.0052471945493337705,0.7325880432128906,50000,5.0,250000.0,1486.4555937288633,1163.22637138959,2.3264527427791797,2.9729111874577265
2026-01-16,GICRE,SHORT,A_MOD_BREAK_C1_LOW,MODERATE,2026-01-16 10:05:00+05:30,2026-01-16 10:10:00+05:30,361.2777361022949,363.98731912306215,356.94240326906737,2026-01-16 14:30:00+05:30,360.29998779296875,EOD,0.1409231630324089,0.27063619249687515,63.87070846557617,25.78125,19.294294357299805,1.609881456220447,2.6699984467768068,0.002302553525037883,0.8917292548385782,50000,5.0,250000.0,676.5904812421878,352.3079075810223,0.7046158151620445,1.3531809624843758
2026-01-16,IPCALAB,SHORT,A_MOD_BREAK_C1_LOW,MODERATE,2026-01-16 10:25:00+05:30,2026-01-16 10:30:00+05:30,1486.7026,1497.8528695000002,1468.8621688,2026-01-16 10:40:00+05:30,1497.8528695000002,SL,-0.8810405202601262,-0.75000000000001,32.30550003051758,14.814814567565918,2.506814479827881,1.992588868499332,2.55885021202427,0.00328451364982028,0.6932855524451467,50000,5.0,250000.0,-1875.000000000025,-2202.601300650316,-4.405202601300632,-3.7500000000000497
2026-01-16,LEMONTREE,SHORT,A_MOD_BREAK_C1_LOW,MODERATE,2026-01-16 09:30:00+05:30,2026-01-16 09:35:00+05:30,148.2500030517578,149.361878074646,146.47100301513672,2026-01-16 11:40:00+05:30,147.84219387817382,BE,0.14537482064561652,0.27508206758121173,29.564348220825195,24.875621795654297,11.971108436584473,1.7622336365098334,2.159772775162809,0.002811125208961297,0.6118561097015989,50000,5.0,250000.0,687.7051689530293,363.4370516140413,0.7268741032280825,1.3754103379060587
2026-01-16,NATCOPHARM,SHORT,A_MOD_BREAK_C1_LOW,MODERATE,2026-01-16 10:05:00+05:30,2026-01-16 10:10:00+05:30,876.9245555908203,883.5014897577515,866.4014609237305,2026-01-16 14:00:00+05:30,869.9018877563476,BE,0.6718057584023088,0.8008291921693598,35.31275177001953,10.301507949829102,5.99039888381958,1.5191807895669978,1.4134338965970032,0.0035207539678937484,0.6262196095543677,50000,5.0,250000.0,2002.0729804233993,1679.514396005772,3.359028792011544,4.004145960846799
2026-01-16,NATIONALUM,SHORT,A_MOD_BREAK_C1_LOW,MODERATE,2026-01-16 09:40:00+05:30,2026-01-16 09:45:00+05:30,363.97717779541017,366.7070066288758,359.60945166186525,2026-01-16 09:55:00+05:30,363.03586224365233,BE,0.12889072944806318,0.2586193885724747,39.14315414428711,23.178808212280273,16.346153259277344,1.376286004390481,2.521879503383927,0.005395648392200141,0.6879973629326408,50000,5.0,250000.0,646.5484714311866,322.226823620158,0.644453647240316,1.2930969428623733
2026-01-16,TDPOWERSYS,SHORT,A_MOD_BREAK_C1_LOW,MODERATE,2026-01-16 13:30:00+05:30,2026-01-16 13:35:00+05:30,670.7658444091796,675.7965882422485,662.7166542762694,2026-01-16 14:15:00+05:30,669.001,BE,0.13338604648000735,0.2631088663636652,29.0163631439209,23.426572799682617,8.092179298400879,4.727080255343964,2.8266844564347826,0.002475352821957026,0.6452454471588134,50000,5.0,250000.0,657.7721659091629,333.4651162000184,0.6669302324000368,1.3155443318183258
2026-01-19,BIKAJI,SHORT,A_PULLBACK_C2_THEN_BREAK_C2_LOW,MODERATE,2026-01-19 10:30:00+05:30,2026-01-19 10:40:00+05:30,694.7610444091797,699.9717522422486,686.4239118762696,2026-01-19 12:00:00+05:30,690.5654999999999,BE,0.47460349045085876,0.603883082239828,27.1712646484375,38.440860748291016,11.318758010864258,2.0126020414395875,2.106088999997968,0.0032635731688882854,0.6175689697265625,50000,5.0,250000.0,1509.70770559957,1186.508726127147,2.373017452254294,3.0194154111991405
2026-01-19,FEDFINA,SHORT,A_MOD_BREAK_C1_LOW,MODERATE,2026-01-19 10:00:00+05:30,2026-01-19 10:05:00+05:30,153.45999450683593,154.6109444656372,151.61847457275388,2026-01-19 10:10:00+05:30,152.95749999999998,BE,0.1978041806272686,0.3274433238778465,53.900634765625,17.9981632232666,2.627819299697876,2.0449629233660636,3.560556197323683,0.008024375002049576,0.96,50000,5.0,250000.0,818.6083096946163,494.5104515681715,0.9890209031363429,1.6372166193892326
2026-01-19,GREENPLY,SHORT,A_MOD_BREAK_C1_LOW,MODERATE,2026-01-19 11:25:00+05:30,2026-01-19 11:30:00+05:30,235.3000061035156,237.064756149292,232.47640603027344,2026-01-19 12:50:00+05:30,233.69899999999998,BE,0.5512305097879461,0.6804105660801805,43.712284088134766,8.333333015441895,10.549628257751465,2.9526823946079346,3.1887502719437473,0.0032929677334160275,0.8656842613220215,50000,5.0,250000.0,1701.026415200451,1378.0762744698652,2.7561525489397303,3.402052830400902
2026-01-19,KIRIINDUS,SHORT,A_MOD_BREAK_C1_LOW,MODERATE,2026-01-19 13:25:00+05:30,2026-01-19 13:30:00+05:30,516.0467944091797,519.9171453672486,509.8542328762695,2026-01-19 14:05:00+05:30,519.9171453672486,SL,-0.8810405202601285,-0.7500000000000123,43.99628448486328,24.657533645629883,7.338383674621582,7.07603946608382,3.3812301264130395,0.0029249066651040566,0.8699442672729492,50000,5.0,250000.0,-1875.0000000000307,-2202.6013006503213,-4.405202601300642,-3.7500000000000617
2026-01-19,MAPMYINDIA,SHORT,A_MOD_BREAK_C1_LOW,MODERATE,2026-01-19 09:40:00+05:30,2026-01-19 09:45:00+05:30,1453.2093,1464.10836975,1435.7707884,2026-01-19 10:10:00+05:30,1464.10836975,SL,-0.8810405202601174,-0.7500000000000056,70.37435913085938,18.344518661499023,8.812519073486328,1.121459335639755,4.326396952504828,0.004222185010417802,0.806255383736957,50000,5.0,250000.0,-1875.0000000000139,-2202.6013006502935,-4.405202601300587,-3.7500000000000275
2026-01-19,MINDACORP,SHORT,A_MOD_BREAK_C1_LOW,MODERATE,2026-01-19 09:35:00+05:30,2026-01-19 09:40:00+05:30,540.5918722045899,544.6463112461244,534.1047697381348,2026-01-19 09:45:00+05:30,536.6049999999999,BE,0.6083955209026024,0.7375013220844602,38.540435791015625,14.418604850769043,4.024170398712158,1.43246796792462,4.707735891884908,0.006967191493687635,0.6887884312520427,50000,5.0,250000.0,1843.7533052111505,1520.988802256506,3.0419776045130122,3.687506610422301
2026-01-19,NUVOCO,SHORT,A_MOD_BREAK_C1_LOW,MODERATE,2026-01-19 10:50:00+05:30,2026-01-19 10:55:00+05:30,342.7314277954102,345.30191350387577,338.6186506618653,2026-01-19 11:20:00+05:30,345.30191350387577,SL,-0.8810405202601151,-0.7500000000000019,32.53679656982422,40.5405387878418,17.836257934570312,2.2415790407588827,3.155039737977831,0.0024899983819807407,0.6980519485473633,50000,5.0,250000.0,-1875.0000000000048,-2202.601300650288,-4.4052026013005765,-3.7500000000000098
2026-01-19,SFL,SHORT,A_MOD_BREAK_C1_LOW,MODERATE,2026-01-19 09:40:00+05:30,2026-01-19 09:45:00+05:30,546.3407222045898,550.4382776211243,539.7846335381347,2026-01-19 10:40:00+05:30,544.9298877563476,BE,0.12850428020596852,0.2582334413128175,43.4003791809082,12.087912559509277,10.232558250427246,1.205333768930041,2.9244762279611254,0.004450805963244651,0.7219390972763802,50000,5.0,250000.0,645.5836032820437,321.2607005149213,0.6425214010298427,1.2911672065640873
2026-01-19,SUNTECK,SHORT,A_MOD_BREAK_C1_LOW,MODERATE,2026-01-19 09:40:00+05:30,2026-01-19 09:45:00+05:30,408.81821389770505,411.8843505019379,403.9123953309326,2026-01-19 10:05:00+05:30,407.21799999999996,BE,0.26186838971440146,0.3914243160666751,30.57100486755371,7.017543792724609,6.554306983947754,1.6237895653588148,3.7553818649272284,0.0039478741295418595,0.6027282469510982,50000,5.0,250000.0,978.5607901666878,654.6709742860037,1.3093419485720075,1.9571215803333757
2026-01-19,TIMKEN,SHORT,A_MOD_BREAK_C1_LOW,MODERATE,2026-01-19 09:40:00+05:30,2026-01-19 09:45:00+05:30,2965.9067,2988.1510002500004,2930.3158196,2026-01-19 13:10:00+05:30,2958.8499999999995,BE,0.10817166923673119,0.23792724160879866,60.75420379638672,32.411407470703125,8.151179313659668,1.0992376264114496,2.3006175855049187,0.00437263740810881,0.8023665846220036,50000,5.0,250000.0,594.8181040219966,270.429173091828,0.5408583461836559,1.1896362080439933
2026-01-20,BCLIND,SHORT,A_MOD_BREAK_C1_LOW,MODERATE,2026-01-20 11:00:00+05:30,2026-01-20 11:05:00+05:30,28.409999084472656,28.6230740776062,28.069079095458985,2026-01-20 14:30:00+05:30,28.600000381469727,EOD,-0.7997180715047872,-0.6687831859203237,37.73871994018555,27.272727966308594,10.01602554321289,2.2175635672387304,2.50959926700079,0.0029605098617865606,0.7760807991027832,50000,5.0,250000.0,-1671.9579648008093,-1999.2951787619681,-3.9985903575239368,-3.3439159296016188
2026-01-20,CAPACITE,SHORT,A_MOD_BREAK_C1_LOW,MODERATE,2026-01-20 11:15:00+05:30,2026-01-20 11:20:00+05:30,224.3000061035156,225.982256149292,221.60840603027341,2026-01-20 11:35:00+05:30,223.26780612182614,BE,0.3307207386862419,0.46018722853404986,48.52099609375,22.285715103149414,6.869300842285156,3.0077848403557863,3.0536015880982763,0.005444298998429028,0.93781494140625,50000,5.0,250000.0,1150.4680713351247,826.8018467156048,1.6536036934312097,2.3009361426702495
2026-01-20,CDSL,SHORT,A_MOD_BREAK_C1_LOW,MODERATE,2026-01-20 10:00:00+05:30,2026-01-20 10:05:00+05:30,1373.0253888183595,1383.3230792344973,1356.549084152539,2026-01-20 10:50:00+05:30,1383.3230792344973,SL,-0.8810405202601312,-0.7500000000000084,39.737205505371094,2.941176414489746,2.949223041534424,2.2612759619230114,4.212985774594059,0.00429641612791271,0.8060580825805663,50000,5.0,250000.0,-1875.0000000000211,-2202.601300650328,-4.405202601300656,-3.750000000000042
2026-01-20,GRSE,SHORT,A_MOD_BREAK_C1_LOW,MODERATE,2026-01-20 13:35:00+05:30,2026-01-20 13:40:00+05:30,2292.3414888183593,2309.534049984497,2264.833390952539,2026-01-20 13:50:00+05:30,2285.4358979492185,BE,0.17157295038804427,0.301246166979265,37.35737609863281,30.900243759155273,10.217012405395508,7.130122167496863,2.3335158902057924,0.00288169172389866,0.7703606414794921,50000,5.0,250000.0,753.1154174481625,428.9323759701106,0.8578647519402213,1.506230834896325
2026-01-20,IKIO,SHORT,A_MOD_BREAK_C1_LOW,MODERATE,2026-01-20 13:00:00+05:30,2026-01-20 13:05:00+05:30,157.95,159.134625,156.0546,2026-01-20 14:00:00+05:30,153.92038673400876,BE,2.4244486640940215,2.5511954833752646,45.30548858642578,25.0,8.349967002868652,6.365522988564927,2.5526917121277846,0.0021835442962525767,0.8895823287963867,50000,5.0,250000.0,6377.988708438162,6061.121660235053,12.122243320470107,12.755977416876323
2026-01-20,JINDALPOLY,SHORT,A_MOD_BREAK_C1_LOW,MODERATE,2026-01-20 10:55:00+05:30,2026-01-20 11:00:00+05:30,388.9222,391.8391165,384.25513359999997,2026-01-20 11:20:00+05:30,387.15799999999996,BE,0.32413753223929576,0.4536125734144301,32.54048538208008,37.60683822631836,11.428571701049805,2.2262937946401515,1.9624537187478859,0.003323540283046222,0.6962299666685954,50000,5.0,250000.0,1134.0314335360754,810.3438305982394,1.6206876611964787,2.2680628670721505
2026-01-20,LIKHITHA,SHORT,A_MOD_BREAK_C1_LOW,MODERATE,2026-01-20 09:30:00+05:30,2026-01-20 09:35:00+05:30,164.1700012207031,165.4012762298584,162.19996120605467,2026-01-20 10:00:00+05:30,163.48899999999998,BE,0.2852891491808127,0.4148146528838901,34.88390350341797,19.896194458007812,16.09195327758789,1.796458801160809,3.926948316304689,0.0042712738216483396,0.6976388427544111,50000,5.0,250000.0,1037.0366322097252,713.2228729520317,1.4264457459040636,2.0740732644194506
2026-01-20,OLAELEC,SHORT,A_MOD_BREAK_C1_LOW,MODERATE,2026-01-20 09:35:00+05:30,2026-01-20 09:40:00+05:30,34.35999984741211,34.617699846267705,33.947679849243166,2026-01-20 09:50:00+05:30,34.07191122436523,BE,0.7094673507466959,0.8384418635804497,44.15047836303711,0.6535947918891907,6.675039768218994,2.2726793334209927,5.451256062159299,0.006195863698558583,0.8722571754455566,50000,5.0,250000.0,2096.1046589511243,1773.6683768667397,3.5473367537334792,4.192209317902249
2026-01-20,PREMEXPLN,SHORT,A_MOD_BREAK_C1_LOW,MODERATE,2026-01-20 13:45:00+05:30,2026-01-20 13:50:00+05:30,472.7054277954102,476.25071850387576,467.03296266186527,2026-01-20 13:55:00+05:30,470.1061122436523,BE,0.42053079298840873,0.5498806230934277,53.896156311035156,13.98963737487793,2.9259467124938965,6.762594115705419,2.9505904706821444,0.003601630948814731,0.96,50000,5.0,250000.0,1374.7015577335692,1051.326982471022,2.1026539649420437,2.7494031154671386
2026-01-20,SAPPHIRE,SHORT,A_MOD_BREAK_C1_LOW,MODERATE,2026-01-20 13:50:00+05:30,2026-01-20 13:55:00+05:30,208.5000030517578,210.063753074646,205.9980030151367,2026-01-20 14:00:00+05:30,207.67115306091307,BE,0.2679819807726831,0.39752996580963024,49.62819290161133,27.966102600097656,6.362433910369873,6.281739411876751,2.970804977508499,0.0036476350102831287,0.9544228935241699,50000,5.0,250000.0,993.8249145240756,669.9549519317078,1.3399099038634157,1.987649829048151
2026-01-21,AEGISLOG,SHORT,A_MOD_BREAK_C1_LOW,MODERATE,2026-01-21 09:45:00+05:30,2026-01-21 09:50:00+05:30,660.4678555908204,665.4213645077516,652.5422413237305,2026-01-21 10:30:00+05:30,658.1686122436523,BE,0.21851118346260864,0.34812342912756294,45.473243713378906,24.584102630615234,14.880952835083008,1.1709554138593377,2.470660183628358,0.00567665779380908,0.7470158531260678,50000,5.0,250000.0,870.3085728189075,546.2779586565216,1.0925559173130432,1.7406171456378148
2026-01-21,BIRLACORPN,SHORT,A_MOD_BREAK_C1_LOW,MODERATE,2026-01-21 11:25:00+05:30,2026-01-21 11:30:00+05:30,1045.1909444091798,1053.0298764922486,1032.6486530762695,2026-01-21 12:10:00+05:30,1053.0298764922486,SL,-0.8810405202601232,-0.7499999999999964,39.441429138183594,20.63953399658203,20.80654525756836,3.431575338853604,2.3490536617219773,0.0043081086130632275,0.8016214370727539,50000,5.0,250000.0,-1874.9999999999911,-2202.601300650308,-4.405202601300616,-3.7499999999999827
2026-01-21,INDRAMEDCO,SHORT,A_MOD_BREAK_C1_LOW,MODERATE,2026-01-21 10:45:00+05:30,2026-01-21 10:50:00+05:30,378.9741777954101,381.81648412887574,374.4264876618652,2026-01-21 10:55:00+05:30,376.72680612182614,BE,0.46372073182594725,0.5930144598921017,38.59615707397461,25.905292510986328,4.802410125732422,1.8838037060110362,2.0309736566171694,0.006246820456519796,0.7686080046615504,50000,5.0,250000.0,1482.5361497302542,1159.301829564868,2.318603659129736,2.965072299460508
2026-01-21,INFY,SHORT,A_MOD_BREAK_C1_LOW,MODERATE,2026-01-21 11:00:00+05:30,2026-01-21 11:05:00+05:30,1635.0729444091796,1647.3359914922485,1615.4520690762695,2026-01-21 11:50:00+05:30,1647.3359914922485,SL,-0.8810405202601087,-0.7499999999999997,45.8088264465332,33.17307662963867,20.72397232055664,2.2888773567084604,2.4865745968568462,0.002265149019428394,0.897132396697998,50000,5.0,250000.0,-1874.999999999999,-2202.6013006502717,-4.405202601300543,-3.7499999999999987
2026-01-21,LATENTVIEW,SHORT,A_MOD_BREAK_C1_LOW,MODERATE,2026-01-21 10:40:00+05:30,2026-01-21 10:45:00+05:30,394.67105,397.631082875,389.9349974,2026-01-21 10:55:00+05:30,393.72763775634763,BE,0.10928348141550132,0.23903760958710976,56.04784393310547,23.04526710510254,3.1882753372192383,2.0316743498801553,2.25666254156082,0.006134081521013102,0.96,50000,5.0,250000.0,597.5940239677744,273.2087035387533,0.5464174070775066,1.195188047935549
2026-01-21,MPHASIS,SHORT,A_MOD_BREAK_C1_LOW,MODERATE,2026-01-21 09:40:00+05:30,2026-01-21 09:45:00+05:30,2755.4488,2776.1146660000004,2722.3834144,2026-01-21 09:55:00+05:30,2776.1146660000004,SL,-0.8810405202601268,-0.75000000000001,35.100196838378906,17.408906936645508,3.000993013381958,2.1095882428842696,3.3956360682468913,0.005240514074250818,0.7365029525756834,50000,5.0,250000.0,-1875.000000000025,-2202.6013006503167,-4.405202601300633,-3.7500000000000497
2026-01-21,OFSS,SHORT,A_MOD_BREAK_C1_LOW,MODERATE,2026-01-21 09:35:00+05:30,2026-01-21 09:40:00+05:30,7671.9653,7729.50503975,7579.9017164,2026-01-21 09:50:00+05:30,7649.880999999999,BE,0.15816651034509285,0.28785714137680524,41.83782196044922,18.061674118041992,12.980757713317871,1.967078114323917,4.084679892240568,0.004131962519521083,0.8318059994134237,50000,5.0,250000.0,719.6428534420131,395.4162758627321,0.7908325517254643,1.4392857068840261
2026-01-21,SANOFI,SHORT,A_MOD_BREAK_C1_LOW,MODERATE,2026-01-21 10:30:00+05:30,2026-01-21 10:35:00+05:30,3994.201,4024.1575075,3946.270588,2026-01-21 12:35:00+05:30,4024.1575075,SL,-0.8810405202601213,-0.7500000000000011,49.60686111450195,28.247047424316406,10.158315658569336,1.360964254608721,2.117364039689555,0.00321141751202806,0.8422716612740555,50000,5.0,250000.0,-1875.0000000000027,-2202.601300650303,-4.405202601300607,-3.7500000000000053
2026-01-21,VADILALIND,SHORT,A_MOD_BREAK_C1_LOW,MODERATE,2026-01-21 10:05:00+05:30,2026-01-21 10:10:00+05:30,4067.2864776367187,4097.791126218995,4018.479039905078,2026-01-21 10:15:00+05:30,4058.2383979492183,BE,0.09268416710620753,0.22245985713693148,61.311424255371094,20.731163024902344,5.143625259399414,1.6198091927745777,3.035530128772321,0.008043417598385111,0.893466608735551,50000,5.0,250000.0,556.1496428423287,231.7104177655188,0.4634208355310376,1.1122992856846574
2026-01-21,VMART,SHORT,A_MOD_BREAK_C1_LOW,MODERATE,2026-01-21 10:50:00+05:30,2026-01-21 10:55:00+05:30,572.0855722045899,576.3762139961243,565.2205453381348,2026-01-21 11:00:00+05:30,562.8836122436522,BE,1.4805206806745554,1.6084936254338587,56.88064193725586,7.984790802001953,6.018640995025635,3.396003633406615,3.940583091718795,0.004399924988619569,0.96,50000,5.0,250000.0,4021.2340635846467,3701.3017016863882,7.402603403372776,8.042468127169293
2026-01-22,HINDZINC,SHORT,A_MOD_BREAK_C1_LOW,MODERATE,2026-01-22 10:00:00+05:30,2026-01-22 10:05:00+05:30,657.4184777954101,662.3491163788757,649.5294560618652,2026-01-22 10:10:00+05:30,662.3491163788757,SL,-0.8810405202601094,-0.7499999999999984,34.25361251831055,20.56910514831543,1.8991270065307617,2.62007406120255,3.542619450170435,0.009272212402474878,0.7238041877746582,50000,5.0,250000.0,-1874.9999999999961,-2202.6013006502735,-4.405202601300547,-3.749999999999992
2026-01-22,INDRAMEDCO,SHORT,A_MOD_BREAK_C1_LOW,MODERATE,2026-01-22 11:25:00+05:30,2026-01-22 11:30:00+05:30,375.72482779541014,378.54276400387573,371.2161298618652,2026-01-22 11:45:00+05:30,373.1661377563476,BE,0.5518217661620983,0.6810010544354511,38.80643081665039,28.837209701538086,16.007747650146484,2.887397566332415,1.6307583087534152,0.0037139058113098145,0.7736343776874266,50000,5.0,250000.0,1702.5026360886277,1379.554415405246,2.759108830810492,3.4050052721772555
2026-01-22,KEI,SHORT,A_MOD_BREAK_C1_LOW,MODERATE,2026-01-22 10:00:00+05:30,2026-01-22 10:05:00+05:30,3765.2468,3793.486151,3720.0638384,2026-01-22 10:10:00+05:30,3739.8860510253903,BE,0.5443591364654449,0.6735481184024796,39.15934371948242,18.231046676635742,5.268970489501953,1.7779907193812183,2.52944951223661,0.009538974478492817,0.7585385316839495,50000,5.0,250000.0,1683.870296006199,1360.8978411636122,2.7217956823272242,3.3677405920123977
2026-01-22,NEOGEN,SHORT,A_PULLBACK_C2_THEN_BREAK_C2_LOW,MODERATE,2026-01-22 13:20:00+05:30,2026-01-22 13:30:00+05:30,1195.2609,1204.2253567500002,1180.9177692,2026-01-22 14:30:00+05:30,1194.5999755859375,EOD,-0.07469770262061166,0.0552954099027662,45.175804138183594,13.293051719665527,9.592596054077148,8.372332022423802,5.435236866197137,0.0029871433675954157,0.8876370620727538,50000,5.0,250000.0,138.2385247569155,-186.74425655152916,-0.37348851310305836,0.276477049513831
2026-01-22,PNBHOUSING,SHORT,A_MOD_BREAK_C1_LOW,MODERATE,2026-01-22 10:05:00+05:30,2026-01-22 10:10:00+05:30,874.825,881.3861875000001,864.3271000000001,2026-01-22 10:15:00+05:30,865.5889999999999,BE,0.9270621422219445,1.0557540079444578,45.44191360473633,10.259918212890625,13.142857551574707,1.4103814240411066,2.6085636382652457,0.01127346910749163,0.7884454532782386,50000,5.0,250000.0,2639.3850198611444,2317.655355554861,4.635310711109723,5.278770039722288
2026-01-23,ADANIENSOL,SHORT,A_MOD_BREAK_C1_LOW,MODERATE,2026-01-23 13:15:00+05:30,2026-01-23 13:20:00+05:30,865.5268722045898,872.0183237461243,855.1405497381347,2026-01-23 13:25:00+05:30,841.9182244873045,BE,2.6011447163392094,2.727662014369529,55.97664260864258,18.854415893554688,10.735018730163574,3.881963434919654,2.5643005139227584,0.007564770220201862,0.96,50000,5.0,250000.0,6819.155035923824,6502.861790848024,13.005723581696046,13.638310071847648
2026-01-23,ADANIENT,SHORT,A_MOD_BREAK_C1_LOW,MODERATE,2026-01-23 13:15:00+05:30,2026-01-23 13:20:00+05:30,1952.2094555908204,1966.8510265077516,1928.7829421237307,2026-01-23 13:25:00+05:30,1902.6909999999998,BE,2.409768059890363,2.536533948701435,60.578697204589844,8.73397445678711,5.982076168060303,3.266108587761763,3.242138358800623,0.008327487045172884,0.96,50000,5.0,250000.0,6341.334871753587,6024.420149725908,12.048840299451816,12.682669743507175
2026-01-23,ADANIGREEN,SHORT,A_MOD_BREAK_C1_LOW,MODERATE,2026-01-23 13:15:00+05:30,2026-01-23 13:20:00+05:30,822.0355722045898,828.2008389961243,812.1711453381347,2026-01-23 13:30:00+05:30,816.3417244873046,BE,0.5634880952249516,0.6926522293937993,66.78264617919922,0.37105751037597656,4.599884510040283,4.846516380108249,4.30602273633319,0.009009947065039043,0.96,50000,5.0,250000.0,1731.6305734844982,1408.720238062379,2.817440476124758,3.4632611469689962
2026-01-23,ADFFOODS,SHORT,A_MOD_BREAK_C1_LOW,MODERATE,2026-01-23 13:35:00+05:30,2026-01-23 13:40:00+05:30,177.09999389648436,178.42824385070801,174.97479396972656,2026-01-23 13:45:00+05:30,176.55808877563476,BE,0.17632117223902166,0.30598822107602747,45.17558670043945,14.339622497558594,10.923527717590332,5.639754593923012,3.128871196799965,0.0022942624302501476,0.8876338005065918,50000,5.0,250000.0,764.9705526900686,440.80293059755417,0.8816058611951083,1.5299411053801373
2026-01-23,AMBUJACEM,SHORT,A_MOD_BREAK_C1_LOW,MODERATE,2026-01-23 13:15:00+05:30,2026-01-23 13:20:00+05:30,527.2445055908203,531.1988393827514,520.9175715237304,2026-01-23 13:25:00+05:30,517.7987499999999,BE,1.6637974194598972,1.7915322949142172,50.379241943359375,13.559322357177734,7.722683429718018,3.9671166742941355,3.4012911527966816,0.004473167592911063,0.96,50000,5.0,250000.0,4478.830737285543,4159.493548649743,8.318987097299486,8.957661474571086
2026-01-23,GMRAIRPORT,SHORT,A_MOD_BREAK_C1_LOW,MODERATE,2026-01-23 13:05:00+05:30,2026-01-23 13:10:00+05:30,93.2999984741211,93.999748462677,92.18039849243165,2026-01-23 13:20:00+05:30,93.00819336700438,BE,0.1831017931029535,0.3127600341790514,47.3702392578125,19.230770111083984,11.14751148223877,5.523229383038456,3.123482744379051,0.002211102947578885,0.9205535888671874,50000,5.0,250000.0,781.9000854476285,457.7544827573837,0.9155089655147673,1.563800170895257
2026-01-23,IOLCP,SHORT,A_MOD_BREAK_C1_LOW,MODERATE,2026-01-23 13:35:00+05:30,2026-01-23 13:40:00+05:30,69.9300033569336,70.45447838211061,69.09084331665039,2026-01-23 14:30:00+05:30,70.0,EOD,-0.2302905163693306,-0.10009529487526217,53.05453872680664,24.79338836669922,11.434368133544922,8.24771497050519,2.829258290014242,0.0023462685985568654,0.96,50000,5.0,250000.0,-250.2382371881554,-575.7262909233265,-1.151452581846653,-0.5004764743763108
2026-01-23,IRFC,SHORT,A_MOD_BREAK_C1_LOW,MODERATE,2026-01-23 13:35:00+05:30,2026-01-23 13:40:00+05:30,114.86999816894532,115.73152315521241,113.49155819091797,2026-01-23 13:45:00+05:30,114.40217755126952,BE,0.27772559704862365,0.40726092550967913,48.81907653808594,10.97560977935791,7.2479329109191895,7.2093601861627254,3.1559463415896536,0.002180503260922432,0.942286148071289,50000,5.0,250000.0,1018.1523137741979,694.3139926215591,1.3886279852431183,2.036304627548396
2026-01-23,LICHSGFIN,SHORT,A_MOD_BREAK_C1_LOW,MODERATE,2026-01-23 13:20:00+05:30,2026-01-23 13:25:00+05:30,510.4978861022949,514.3266202480621,504.37191146906736,2026-01-23 14:00:00+05:30,509.0224999999999,BE,0.15932011557673822,0.28900924812043877,47.0120735168457,25.294116973876953,12.255891799926758,4.428249890076244,2.5024814937881628,0.0022723459209533768,0.9151811027526855,50000,5.0,250000.0,722.5231203010968,398.30028894184557,0.7966005778836912,1.4450462406021936
2026-01-23,MOTILALOFS,SHORT,A_MOD_BREAK_C1_LOW,MODERATE,2026-01-23 13:35:00+05:30,2026-01-23 13:40:00+05:30,756.8486,762.5249645000001,747.7664168,2026-01-23 13:45:00+05:30,753.3532755126952,BE,0.3323617569679139,0.46182611519726086,45.39059066772461,11.22449016571045,8.094525337219238,7.615999362879178,3.0306433440853078,0.0022957837427708063,0.8908588600158691,50000,5.0,250000.0,1154.5652879931522,830.9043924197848,1.6618087848395697,2.3091305759863046
2026-01-27,ADSL,SHORT,A_MOD_BREAK_C1_LOW,MODERATE,2026-01-27 10:45:00+05:30,2026-01-27 10:50:00+05:30,116.46999664306641,117.34352161788941,115.07235668334961,2026-01-27 10:55:00+05:30,115.99695153045653,BE,0.27661513623227213,0.40615190713843147,30.50113296508789,28.4946231842041,2.7047414779663086,2.2651649268273095,2.559988630726823,0.00519602920359802,0.6675169944763184,50000,5.0,250000.0,1015.3797678460787,691.5378405806804,1.3830756811613607,2.0307595356921575
2026-01-27,BHARATWIRE,SHORT,A_MOD_BREAK_C1_LOW,MODERATE,2026-01-27 10:45:00+05:30,2026-01-27 10:50:00+05:30,158.95,160.142125,157.0426,2026-01-27 10:55:00+05:30,158.474,BE,0.16978970768807475,0.2994652406417107,32.75625991821289,28.2608699798584,4.750402450561523,3.0468320833088054,3.163903793815526,0.004501347646773237,0.7013438987731933,50000,5.0,250000.0,748.6631016042768,424.4742692201869,0.8489485384403738,1.4973262032085535
2026-01-27,BLS,SHORT,A_MOD_BREAK_C1_LOW,MODERATE,2026-01-27 14:05:00+05:30,2026-01-27 14:10:00+05:30,268.4463,270.45964725000005,265.2249444,2026-01-27 14:20:00+05:30,267.5001122436523,BE,0.22286157357243558,0.3524681682510369,27.249080657958984,13.492063522338867,2.923802375793457,4.642857898658945,3.5342150445096108,0.003245543945213048,0.6187362098693847,50000,5.0,250000.0,881.1704206275922,557.1539339310889,1.1143078678621778,1.7623408412551844
2026-01-27,GHCL,SHORT,A_MOD_BREAK_C1_LOW,MODERATE,2026-01-27 10:50:00+05:30,2026-01-27 10:55:00+05:30,515.0469944091797,518.9098468672486,508.8664304762695,2026-01-27 11:05:00+05:30,513.5861377563476,BE,0.15393948209905617,0.283635603874907,35.9365234375,27.87610626220703,14.399999618530273,2.363226038134534,3.1269166320318003,0.002994966702874262,0.7490478515624999,50000,5.0,250000.0,709.0890096872674,384.8487052476404,0.7696974104952808,1.418178019374535
2026-01-27,JSWENERGY,SHORT,A_MOD_BREAK_C1_LOW,MODERATE,2026-01-27 09:40:00+05:30,2026-01-27 09:45:00+05:30,439.3121138977051,442.6069547519379,434.04036853093265,2026-01-27 09:50:00+05:30,434.4996122436523,BE,0.9668227799186404,1.0954629981301691,56.86018753051758,19.508058547973633,25.04990005493164,1.0614306559037343,3.437612220340536,0.016770468111867574,0.7957503647831534,50000,5.0,250000.0,2738.657495325423,2417.056949796601,4.834113899593202,5.477314990650846
2026-01-27,KFINTECH,SHORT,A_MOD_BREAK_C1_LOW,MODERATE,2026-01-27 13:00:00+05:30,2026-01-27 13:05:00+05:30,1010.4978722045898,1018.0766062461244,998.3718977381347,2026-01-27 14:10:00+05:30,1006.8113877563476,BE,0.2352280944633622,0.3648186255157074,25.288576126098633,12.021858215332031,1.9680509567260742,3.5996291874218684,2.854167266931952,0.002289558550757997,0.5893286418914794,50000,5.0,250000.0,912.0465637892685,588.0702361584056,1.1761404723168112,1.8240931275785368
2026-01-27,NORTHARC,SHORT,A_MOD_BREAK_C1_LOW,MODERATE,2026-01-27 13:45:00+05:30,2026-01-27 13:50:00+05:30,263.19735,265.171330125,260.0389818,2026-01-27 14:05:00+05:30,262.03375,BE,0.3126117029137963,0.4421017156897568,32.5112190246582,7.3422956466674805,1.6071428060531616,8.796914002065206,6.134592713667956,0.0035897435625733814,0.697668285369873,50000,5.0,250000.0,1105.254289224392,781.5292572844908,1.5630585145689817,2.2105085784487843
2026-01-27,NUVAMA,SHORT,A_MOD_BREAK_C1_LOW,MODERATE,2026-01-27 13:40:00+05:30,2026-01-27 13:45:00+05:30,1248.0503888183594,1257.4107667344972,1233.073784152539,2026-01-27 14:00:00+05:30,1243.8202755126952,BE,0.20931350875570345,0.33893770183984445,25.308746337890625,17.31958770751953,5.842701435089111,3.6342586382595425,2.4092304251221663,0.004436060160148044,0.5896311950683593,50000,5.0,250000.0,847.3442545996111,523.2837718892586,1.0465675437785171,1.694688509199222
2026-01-27,SANDUMA,SHORT,A_MOD_BREAK_C1_LOW,MODERATE,2026-01-27 14:05:00+05:30,2026-01-27 14:10:00+05:30,205.78000183105468,207.3233518447876,203.31064180908203,2026-01-27 14:30:00+05:30,206.6999969482422,EOD,-0.5777235517790271,-0.4470770283804483,27.649436950683594,28.74493980407715,15.628364562988281,4.7345479217347455,2.7898747106176103,0.002883374248151078,0.6247415542602539,50000,5.0,250000.0,-1117.6925709511208,-1444.3088794475677,-2.8886177588951356,-2.235385141902242
2026-01-27,SUPRIYA,SHORT,A_MOD_BREAK_C1_LOW,MODERATE,2026-01-27 10:45:00+05:30,2026-01-27 10:50:00+05:30,698.8602,704.1016515,690.4738775999999,2026-01-27 12:20:00+05:30,689.9135255126953,BE,1.1517808906577613,1.2801808555279979,43.23490905761719,28.473804473876953,7.149202346801758,3.120267145904668,3.5203884224461923,0.00421008593292002,0.8585236358642578,50000,5.0,250000.0,3200.452138819995,2879.4522266444037,5.758904453288808,6.400904277639991
2026-01-28,EICHERMOT,SHORT,A_MOD_BREAK_C1_LOW,MODERATE,2026-01-28 10:10:00+05:30,2026-01-28 10:15:00+05:30,6910.6176,6962.447232,6827.690188799999,2026-01-28 10:40:00+05:30,6886.0965,BE,0.22522873133908736,0.35483225117245576,48.86402130126953,3.4172661304473877,1.792559266090393,2.842646031224513,3.113238842591687,0.004588293532530467,0.9429603195190428,50000,5.0,250000.0,887.0806279311395,563.0718283477183,1.1261436566954366,1.774161255862279
2026-01-28,MSUMI,SHORT,A_MOD_BREAK_C1_LOW,MODERATE,2026-01-28 09:45:00+05:30,2026-01-28 09:50:00+05:30,41.72999877929688,42.04297377014161,41.22923879394531,2026-01-28 11:45:00+05:30,42.04297377014161,SL,-0.8810405202601114,-0.7500000000000069,25.5286865234375,41.66666793823242,13.621317863464355,1.9212342180855897,1.5814585901828104,0.00600082047836013,0.5582192155256812,50000,5.0,250000.0,-1875.0000000000173,-2202.6013006502785,-4.405202601300557,-3.7500000000000346
2026-01-28,SIYSIL,SHORT,A_MOD_BREAK_C1_LOW,MODERATE,2026-01-28 09:35:00+05:30,2026-01-28 09:40:00+05:30,520.14595,524.047044625,513.9041986,2026-01-28 09:45:00+05:30,502.75374999999997,BE,3.2179993272245815,3.3437153552767267,27.940162658691406,13.549039840698242,17.22834014892578,2.2343312957088908,4.784327349063486,0.010982691110198652,0.6291024398803711,50000,5.0,250000.0,8359.288388191817,8044.998318061454,16.08999663612291,16.718576776383635
2026-01-28,SOLARA,SHORT,A_MOD_BREAK_C1_LOW,MODERATE,2026-01-28 09:50:00+05:30,2026-01-28 09:55:00+05:30,510.8478222045898,514.6791808711242,504.7176483381347,2026-01-28 10:20:00+05:30,509.6243061218261,BE,0.10975344102987439,0.23950695874234104,26.372657775878906,41.81184768676758,47.540985107421875,1.0728495387934354,1.5055775823051656,0.004584847597693277,0.41861741504229305,50000,5.0,250000.0,598.7673968558526,274.38360257468594,0.5487672051493719,1.1975347937117051
2026-01-29,APOLLOTYRE,SHORT,A_MOD_BREAK_C1_LOW,MODERATE,2026-01-29 13:00:00+05:30,2026-01-29 13:05:00+05:30,480.8038138977051,484.4098425019379,475.03416813093264,2026-01-29 13:20:00+05:30,484.4098425019379,SL,-0.8810405202601201,-0.7500000000000004,49.86895751953125,6.159420490264893,3.768115997314453,6.484721163426421,5.159338293972584,0.0027255443158201945,0.9580343627929686,50000,5.0,250000.0,-1875.000000000001,-2202.6013006503003,-4.4052026013006005,-3.7500000000000018
2026-01-29,ASIANPAINT,SHORT,A_MOD_BREAK_C1_LOW,MODERATE,2026-01-29 10:25:00+05:30,2026-01-29 10:30:00+05:30,2437.5124,2455.793743,2408.2622512000003,2026-01-29 10:55:00+05:30,2430.4695510253905,BE,0.1592466960484402,0.2889359239612307,45.2682991027832,14.796905517578125,2.149752616882324,2.161970903932201,2.385780069000086,0.004612168016236273,0.889024486541748,50000,5.0,250000.0,722.3398099030767,398.11674012110046,0.7962334802422009,1.4446796198061533
2026-01-29,CDSL,SHORT,A_MOD_BREAK_C1_LOW,MODERATE,2026-01-29 10:15:00+05:30,2026-01-29 10:20:00+05:30,1327.0345888183595,1336.9873482344972,1311.1101737525391,2026-01-29 10:30:00+05:30,1323.1575510253904,BE,0.1624729688399941,0.292158005950797,40.253753662109375,11.568123817443848,5.576430320739746,2.778908514134703,2.3101145342971385,0.004169715464955402,0.8138063049316406,50000,5.0,250000.0,730.3950148769925,406.1824220999852,0.8123648441999705,1.460790029753985
2026-01-29,HIKAL,SHORT,A_MOD_BREAK_C1_LOW,MODERATE,2026-01-29 10:20:00+05:30,2026-01-29 10:25:00+05:30,192.92999572753905,194.3769706954956,190.61483577880858,2026-01-29 11:40:00+05:30,191.58302449035642,BE,0.5690088313866853,0.6981657943355051,25.041990280151367,14.337568283081055,6.090216636657715,2.0469931377331,2.0179244413369597,0.004400900303562775,0.5856298542022704,50000,5.0,250000.0,1745.4144858387626,1422.5220784667135,2.8450441569334273,3.490828971677525
2026-01-29,KSOLVES,SHORT,A_MOD_BREAK_C1_LOW,MODERATE,2026-01-29 09:55:00+05:30,2026-01-29 10:00:00+05:30,264.4471,266.43045324999997,261.2737348,2026-01-29 10:10:00+05:30,263.789,BE,0.11911749131516543,0.24885884549310255,39.82041931152344,37.64706039428711,10.984405517578125,1.1888242968667337,1.8985239769114208,0.004911219842708236,0.6602767404701011,50000,5.0,250000.0,622.1471137327563,297.79372828791355,0.5955874565758271,1.2442942274655127
2026-01-29,MANINFRA,SHORT,A_MOD_BREAK_C1_LOW,MODERATE,2026-01-29 10:15:00+05:30,2026-01-29 10:20:00+05:30,103.82000274658203,104.5986527671814,102.57416271362305,2026-01-29 11:50:00+05:30,104.5986527671814,SL,-0.8810405202601229,-0.7500000000000063,30.918210983276367,12.244897842407227,2.290449857711792,3.6230589344017297,2.4834974947739563,0.005315934236233051,0.6737731647491454,50000,5.0,250000.0,-1875.0000000000157,-2202.601300650307,-4.405202601300615,-3.750000000000031
2026-01-29,PIDILITIND,SHORT,A_MOD_BREAK_C1_LOW,MODERATE,2026-01-29 10:45:00+05:30,2026-01-29 10:50:00+05:30,1415.3168555908203,1425.9317320077516,1398.3330533237304,2026-01-29 11:30:00+05:30,1425.9317320077516,SL,-0.8810405202601386,-0.7500000000000131,49.57782745361328,3.225806474685669,2.808012008666992,5.412917938963529,3.7815294279297045,0.0027592816932053214,0.9536674118041992,50000,5.0,250000.0,-1875.0000000000327,-2202.6013006503463,-4.405202601300692,-3.7500000000000657
2026-01-29,RAMKY,SHORT,A_MOD_BREAK_C1_LOW,MODERATE,2026-01-29 10:35:00+05:30,2026-01-29 10:40:00+05:30,478.50428610229494,482.0930682480622,472.7622346690674,2026-01-29 11:10:00+05:30,476.42499999999995,BE,0.305038808119977,0.4345386577896766,28.618562698364258,17.673377990722656,1.8348623514175415,2.792359480734308,3.7555102221771572,0.004484806848473468,0.6392784404754639,50000,5.0,250000.0,1086.3466444741914,762.5970202999425,1.5251940405998852,2.1726932889483828
2026-01-29,SKFINDIA,SHORT,A_MOD_BREAK_C1_LOW,MODERATE,2026-01-29 10:30:00+05:30,2026-01-29 10:35:00+05:30,1674.1651,1686.7213382500001,1654.0751188,2026-01-29 12:25:00+05:30,1664.0772755126952,BE,0.47327720771468595,0.6025585222929756,25.528602600097656,22.691293716430664,6.3775835037231445,2.6259085471596353,2.052158275932525,0.003288828319277326,0.5929290390014648,50000,5.0,250000.0,1506.3963057324388,1183.1930192867148,2.3663860385734297,3.0127926114648775
2026-01-29,TATAELXSI,SHORT,A_MOD_BREAK_C1_LOW,MODERATE,2026-01-29 09:50:00+05:30,2026-01-29 09:55:00+05:30,5332.4333,5372.42654975,5268.4441004,2026-01-29 10:25:00+05:30,5310.383499999999,BE,0.2839763222915218,0.41350353130531775,30.219907760620117,16.564416885375977,6.679893970489502,1.7420407996080227,1.7872343230161383,0.002757291455171911,0.6075174724915127,50000,5.0,250000.0,1033.7588282632944,709.9408057288044,1.419881611457609,2.0675176565265887
2026-01-30,NBCC,SHORT,A_MOD_BREAK_C1_LOW,MODERATE,2026-01-30 13:15:00+05:30,2026-01-30 13:20:00+05:30,98.0499984741211,98.78537346267701,96.87339849243165,2026-01-30 14:05:00+05:30,98.78537346267701,SL,-0.881040520260126,-0.7500000000000102,27.600730895996094,24.365482330322266,5.345099925994873,3.235240629867164,2.4862993054538207,0.002606669737737809,0.6240109634399413,50000,5.0,250000.0,-1875.0000000000255,-2202.6013006503154,-4.405202601300631,-3.750000000000051
2026-02-01,CANTABIL,SHORT,A_MOD_BREAK_C1_LOW,MODERATE,2026-02-01 13:00:00+05:30,2026-02-01 13:05:00+05:30,287.9424,290.10196800000006,284.4870912,2026-02-01 13:10:00+05:30,283.849,BE,1.2933877420806925,1.4216037651974944,36.532649993896484,15.335463523864746,5.649657249450684,3.6675705728316115,2.543583903141971,0.006051587147845162,0.7579897499084471,50000,5.0,250000.0,3554.009412993736,3233.4693552017316,6.466938710403464,7.108018825987472
2026-02-01,GENUSPOWER,SHORT,A_MOD_BREAK_C1_LOW,MODERATE,2026-02-01 13:25:00+05:30,2026-02-01 13:30:00+05:30,275.9448,278.014386,272.6334624,2026-02-01 14:05:00+05:30,274.4208,BE,0.42293766624653084,0.5522843699174621,39.9943866555139,38.904899132307335,60.1419413919414,2.180967211258933,1.305707562444942,0.007078157349896487,0.7752011779549557,50000,5.0,250000.0,1380.7109247936553,1057.344165616327,2.1146883312326543,2.7614218495873106
2026-02-01,JUBLPHARMA,SHORT,A_MOD_BREAK_C1_LOW,MODERATE,2026-02-01 14:00:00+05:30,2026-02-01 14:05:00+05:30,953.55925,960.710944375,942.116539,2026-02-01 14:25:00+05:30,960.710944375,SL,-0.8810405202601207,-0.7500000000000036,36.02533721923828,35.35353469848633,28.496732711791992,2.1393697297165892,1.3218729699788065,0.0035117143055348413,0.7164737067875144,50000,5.0,250000.0,-1875.0000000000089,-2202.6013006503017,-4.405202601300603,-3.7500000000000178
2026-02-01,MAITHANALL,SHORT,A_PULLBACK_C2_THEN_BREAK_C2_LOW,MODERATE,2026-02-01 13:05:00+05:30,2026-02-01 13:15:00+05:30,1017.4964722045898,1025.1276957461243,1005.2865145381347,2026-02-01 13:20:00+05:30,1003.1002755126952,BE,1.2866397427416425,1.4148645312452672,27.900169372558594,35.30280685424805,46.83733367919922,3.5868552869741706,1.7704590682342007,0.007941978613772258,0.617025494000089,50000,5.0,250000.0,3537.161328113168,3216.599356854106,6.433198713708213,7.074322656226337
2026-02-01,TIRUMALCHM,SHORT,A_PULLBACK_C2_THEN_BREAK_C2_LOW,MODERATE,2026-02-01 13:25:00+05:30,2026-02-01 13:35:00+05:30,185.78000183105468,187.1733518447876,183.550641809082,2026-02-01 14:30:00+05:30,186.0,EOD,-0.2486377031288844,-0.11841864935784996,27.886005401611328,36.88725662231445,60.82767105102539,1.542953798836695,1.0685931443703398,0.005941513349514762,0.5017366530391085,50000,5.0,250000.0,-296.0466233946249,-621.594257822211,-1.243188515644422,-0.5920932467892498
2026-02-02,BOROLTD,SHORT,A_MOD_BREAK_C1_LOW,MODERATE,2026-02-02 11:00:00+05:30,2026-02-02 11:05:00+05:30,246.95,248.80212500000002,243.98659999999998,2026-02-02 11:20:00+05:30,245.73499999999999,BE,0.3625773202454749,0.49200242964162927,34.48782730102539,15.966386795043945,0.0,3.6350767112241638,3.7963267245985635,0.002443608967398825,0.7273174095153807,50000,5.0,250000.0,1230.0060741040732,906.4433006136873,1.8128866012273746,2.4600121482081465
2026-02-02,DEVYANI,SHORT,A_MOD_BREAK_C1_LOW,MODERATE,2026-02-02 10:05:00+05:30,2026-02-02 10:10:00+05:30,114.07999725341797,114.93559723281861,112.71103728637695,2026-02-02 10:40:00+05:30,113.84049999999999,BE,0.08014601356732161,0.20993799016838982,45.1070442199707,14.677103996276855,8.1653470993042,1.0365480249643313,2.167437223614602,0.006432638654635995,0.7180015676683185,50000,5.0,250000.0,524.8449754209746,200.36503391830402,0.40073006783660803,1.0496899508419493
2026-02-02,EPL,SHORT,A_MOD_BREAK_C1_LOW,MODERATE,2026-02-02 11:20:00+05:30,2026-02-02 11:25:00+05:30,188.61000366210936,190.0245786895752,186.34668361816404,2026-02-02 14:15:00+05:30,190.0245786895752,SL,-0.8810405202601146,-0.7500000000000125,36.32302474975586,25.947521209716797,3.2679738998413086,2.54185877702555,2.3040321284929774,0.0027789977924456946,0.7548453712463379,50000,5.0,250000.0,-1875.0000000000314,-2202.6013006502867,-4.405202601300574,-3.750000000000063
2026-02-02,GANECOS,SHORT,A_MOD_BREAK_C1_LOW,MODERATE,2026-02-02 10:10:00+05:30,2026-02-02 10:15:00+05:30,678.8142222045899,683.9053288711243,670.6684515381348,2026-02-02 10:50:00+05:30,677.1252755126952,BE,0.11906696349090254,0.24880838330249866,38.62923049926758,12.108108520507812,1.1139564514160156,2.0052573650644026,2.3896489795628524,0.007837286554258088,0.7894384574890136,50000,5.0,250000.0,622.0209582562467,297.6674087272564,0.5953348174545128,1.2440419165124934
2026-02-02,IREDA,SHORT,A_MOD_BREAK_C1_LOW,MODERATE,2026-02-02 11:00:00+05:30,2026-02-02 11:05:00+05:30,124.7999984741211,125.73599846267702,123.30239849243164,2026-02-02 11:35:00+05:30,125.73599846267702,SL,-0.8810405202601312,-0.7500000000000099,33.292022705078125,29.438201904296875,3.6802775859832764,2.9639816861278834,2.8387143976256444,0.00445320980603447,0.7093803405761718,50000,5.0,250000.0,-1875.0000000000246,-2202.601300650328,-4.405202601300656,-3.7500000000000493
2026-02-02,LICI,SHORT,A_MOD_BREAK_C1_LOW,MODERATE,2026-02-02 11:05:00+05:30,2026-02-02 11:10:00+05:30,790.1419277954102,796.0679922538758,780.6602246618653,2026-02-02 14:30:00+05:30,794.8499755859375,EOD,-0.7266883920144507,-0.595848369123167,40.18815231323242,10.431654930114746,4.048691749572754,3.8245521890202663,3.53484995372278,0.0021505376947295583,0.8128222846984863,50000,5.0,250000.0,-1489.6209228079174,-1816.7209800361265,-3.633441960072253,-2.9792418456158347
2026-02-02,PNB,SHORT,A_MOD_BREAK_C1_LOW,MODERATE,2026-02-02 11:05:00+05:30,2026-02-02 11:10:00+05:30,118.50999755859375,119.39882254028322,117.08787758789063,2026-02-02 11:55:00+05:30,119.39882254028322,SL,-0.8810405202601259,-0.7500000000000118,35.20738220214844,21.4611873626709,3.1180508136749268,3.5228999286786293,3.555410299957291,0.003920080870084767,0.7381107330322265,50000,5.0,250000.0,-1875.0000000000293,-2202.601300650315,-4.40520260130063,-3.7500000000000586
2026-02-02,RAJRATAN,SHORT,A_MOD_BREAK_C1_LOW,MODERATE,2026-02-02 11:10:00+05:30,2026-02-02 11:15:00+05:30,393.9212,396.875609,389.1941456,2026-02-02 11:40:00+05:30,396.875609,SL,-0.8810405202601161,-0.7499999999999996,32.09758758544922,20.901639938354492,11.240711212158203,3.865827016089865,3.6411577758596123,0.004149979241039473,0.6914638137817382,50000,5.0,250000.0,-1874.9999999999989,-2202.6013006502903,-4.405202601300581,-3.749999999999998
2026-02-02,SKIPPER,SHORT,A_MOD_BREAK_C1_LOW,MODERATE,2026-02-02 11:05:00+05:30,2026-02-02 11:10:00+05:30,344.931,347.5179825,340.79182799999995,2026-02-02 11:30:00+05:30,344.02899999999994,BE,0.13177666527065648,0.261501575677467,33.574947357177734,29.122806549072266,6.616522312164307,2.957190023810447,3.4572403710718027,0.005014163395122629,0.713624210357666,50000,5.0,250000.0,653.7539391936676,329.44166317664116,0.6588833263532823,1.3075078783873353
2026-02-02,UNIPARTS,SHORT,A_MOD_BREAK_C1_LOW,MODERATE,2026-02-02 11:05:00+05:30,2026-02-02 11:10:00+05:30,416.5666638977051,419.6909138769379,411.5678639309326,2026-02-02 11:35:00+05:30,419.6909138769379,SL,-0.8810405202601252,-0.7499999999999996,32.42519760131836,17.218542098999023,7.193912506103516,3.8355074989135556,3.3228757787797853,0.004624871613024522,0.6963779640197754,50000,5.0,250000.0,-1874.9999999999989,-2202.601300650313,-4.405202601300626,-3.749999999999998
2026-02-04,CRISIL,SHORT,A_MOD_BREAK_C1_LOW,MODERATE,2026-02-04 10:20:00+05:30,2026-02-04 10:25:00+05:30,4733.5531,4769.054748250001,4676.7504628,2026-02-04 11:00:00+05:30,4706.978602050781,BE,0.4320721510429277,0.5614069893758923,32.55785369873047,26.223403930664062,20.506568908691406,0.98234033044958,1.8078261211126976,0.004586367543670941,0.5106686693652684,50000,5.0,250000.0,1403.5174734397308,1080.180377607319,2.160360755214638,2.8070349468794618
2026-02-04,DEEPAKNTR,SHORT,A_MOD_BREAK_C1_LOW,MODERATE,2026-02-04 09:55:00+05:30,2026-02-04 10:00:00+05:30,1629.674,1641.896555,1610.117912,2026-02-04 11:05:00+05:30,1625.8629999999998,BE,0.10408957622079923,0.2338504510718186,55.91856002807617,11.428571701049805,6.556283950805664,1.7087178258346325,3.2196279391062332,0.003525444512568976,0.9090256195210606,50000,5.0,250000.0,584.6261276795465,260.22394055199806,0.5204478811039961,1.169252255359093
2026-02-04,INFY,SHORT,A_MOD_BREAK_C1_LOW,MODERATE,2026-02-04 10:20:00+05:30,2026-02-04 10:25:00+05:30,1543.1913,1554.76523475,1524.6730043999999,2026-02-04 10:45:00+05:30,1538.6019999999999,BE,0.16771198803443485,0.29739021986451675,60.764610290527344,7.849056720733643,2.1421549320220947,1.1214586463993044,3.2392181717192257,0.008036754920806116,0.8062552631198783,50000,5.0,250000.0,743.4755496612919,419.27997008608713,0.8385599401721743,1.4869510993225838
2026-02-04,LATENTVIEW,SHORT,A_MOD_BREAK_C1_LOW,MODERATE,2026-02-04 09:35:00+05:30,2026-02-04 09:40:00+05:30,450.3099138977051,453.6872382519379,444.9061949309326,2026-02-04 09:55:00+05:30,447.43830612182614,BE,0.508460268554427,0.637695881714759,52.582252502441406,7.262569904327393,10.956449508666992,1.863060842997192,4.123992105846236,0.007742784322050283,0.9360356475245086,50000,5.0,250000.0,1594.2397042868977,1271.1506713860676,2.5423013427721353,3.1884794085737953
2026-02-04,LUPIN,SHORT,A_MOD_BREAK_C1_LOW,MODERATE,2026-02-04 11:15:00+05:30,2026-02-04 11:20:00+05:30,2165.0669,2181.3049017499998,2139.0860971999996,2026-02-04 11:50:00+05:30,2181.3049017499998,SL,-0.8810405202601245,-0.7499999999999984,26.272045135498047,15.686274528503418,10.046503067016602,3.5680179437827113,2.8060221346303966,0.002634511702560473,0.6040806770324707,50000,5.0,250000.0,-1874.9999999999961,-2202.6013006503113,-4.405202601300622,-3.749999999999992
2026-02-04,TRITURBINE,SHORT,A_MOD_BREAK_C1_LOW,MODERATE,2026-02-04 09:40:00+05:30,2026-02-04 09:45:00+05:30,517.14655,521.0251491250001,510.9407914,2026-02-04 09:50:00+05:30,515.5921377563476,BE,0.17090071702661422,0.30057480682264054,46.259647369384766,16.94915199279785,2.4834437370300293,1.5098730225564345,4.0227676897570115,0.008789615621884817,0.8181224894881474,50000,5.0,250000.0,751.4370170566013,427.2517925665355,0.854503585133071,1.5028740341132028
2026-02-05,KAYNES,SHORT,A_MOD_BREAK_C1_LOW,MODERATE,2026-02-05 09:35:00+05:30,2026-02-05 09:40:00+05:30,3616.2766,3643.3986745,3572.8812808000002,2026-02-05 09:45:00+05:30,3587.7309999999998,BE,0.6603260521679954,0.7893643976237983,33.79610061645508,14.986250877380371,3.417896270751953,2.100439128806435,3.5339563965766883,0.008030023225158443,0.7169415092468261,50000,5.0,250000.0,1973.4109940594958,1650.8151304199885,3.3016302608399775,3.946821988118992
2026-02-05,MOIL,SHORT,A_MOD_BREAK_C1_LOW,MODERATE,2026-02-05 09:45:00+05:30,2026-02-05 09:50:00+05:30,321.13577220458984,323.5442904961243,317.28214293813477,2026-02-05 10:30:00+05:30,323.5442904961243,SL,-0.8810405202601328,-0.7500000000000079,37.95903396606445,7.089552402496338,2.3330957889556885,2.103621674175242,4.538911537080636,0.004767090562149182,0.7793855094909667,50000,5.0,250000.0,-1875.0000000000196,-2202.601300650332,-4.405202601300664,-3.7500000000000395
2026-02-05,MRF,SHORT,A_MOD_BREAK_C1_LOW,MODERATE,2026-02-05 09:45:00+05:30,2026-02-05 09:50:00+05:30,135982.798,137002.66898500003,134351.004424,2026-02-05 10:55:00+05:30,135615.62999999998,BE,0.14029677984962494,0.2700106229613206,37.91455841064453,20.0,6.075139999389648,1.647719985139511,2.68540895836007,0.003744472506186356,0.7170693735590823,50000,5.0,250000.0,675.0265574033015,350.74194962406233,0.7014838992481246,1.350053114806603
2026-02-05,PARADEEP,SHORT,A_MOD_BREAK_C1_LOW,MODERATE,2026-02-05 09:40:00+05:30,2026-02-05 09:45:00+05:30,127.22999877929688,128.1842237701416,125.70323879394532,2026-02-05 09:50:00+05:30,126.47829846954345,BE,0.4615234420787988,0.5908200243382771,35.39141082763672,4.848484992980957,3.4125008583068848,2.547744705743153,4.9903784408402965,0.004455167561697108,0.7408711624145508,50000,5.0,250000.0,1477.0500608456928,1153.808605196997,2.307617210393994,2.9541001216913854
2026-02-05,PARAGMILK,SHORT,A_PULLBACK_C2_THEN_BREAK_C2_LOW,MODERATE,2026-02-05 09:35:00+05:30,2026-02-05 09:45:00+05:30,239.34999389648436,241.145118850708,236.47779396972655,2026-02-05 09:55:00+05:30,238.3629438781738,BE,0.28285907462423365,0.4123877348989784,50.108985900878906,3.846153736114502,4.720254421234131,1.8056465877064316,4.859601193541347,0.012926022096802827,0.9259881528486256,50000,5.0,250000.0,1030.969337247446,707.1476865605841,1.4142953731211683,2.061938674494892
2026-02-05,REDINGTON,SHORT,A_MOD_BREAK_C1_LOW,MODERATE,2026-02-05 10:10:00+05:30,2026-02-05 10:15:00+05:30,268.69625,270.71147187500003,265.471895,2026-02-05 10:25:00+05:30,266.79799999999994,BE,0.5773207086244792,0.706466874770331,36.87971878051758,17.603912353515625,6.180356979370117,2.0755112368728263,2.690501723346366,0.008956810707269712,0.7631957817077637,50000,5.0,250000.0,1766.1671869258273,1443.301771561198,2.886603543122396,3.5323343738516546
2026-02-05,SDBL,SHORT,A_MOD_BREAK_C1_LOW,MODERATE,2026-02-05 09:35:00+05:30,2026-02-05 09:40:00+05:30,89.00000305175782,89.667503074646,87.93200301513671,2026-02-05 10:10:00+05:30,87.96309693908691,BE,1.0365133150594454,1.1650630079955104,41.243438720703125,13.13131332397461,7.946024417877197,1.7966646166870384,4.0176033648888385,0.008345057091964427,0.7930678887307785,50000,5.0,250000.0,2912.657519988776,2591.2832876486136,5.182566575297227,5.825315039977552
2026-02-05,UNIPARTS,SHORT,A_MOD_BREAK_C1_LOW,MODERATE,2026-02-05 09:45:00+05:30,2026-02-05 09:50:00+05:30,488.8022138977051,492.4682305019379,482.93658733093264,2026-02-05 10:05:00+05:30,492.4682305019379,SL,-0.8810405202601257,-0.7500000000000071,33.08209991455078,8.457711219787598,2.523815631866455,2.39253230344322,3.1343857378481443,0.003980019601171655,0.7062314987182616,50000,5.0,250000.0,-1875.0000000000177,-2202.6013006503144,-4.405202601300629,-3.750000000000035
2026-02-05,VADILALIND,SHORT,A_MOD_BREAK_C1_LOW,MODERATE,2026-02-05 10:40:00+05:30,2026-02-05 10:45:00+05:30,4649.07,4683.938025,4593.2811599999995,2026-02-05 10:50:00+05:30,4627.9423979492185,BE,0.32497396825720565,0.4544479229347204,33.78814697265625,20.456466674804688,2.4691357612609863,2.652158739266403,2.378994159884033,0.0035360984392063593,0.7168222045898438,50000,5.0,250000.0,1136.119807336801,812.434920643014,1.6248698412860278,2.2722396146736017
2026-02-05,WOCKPHARMA,SHORT,A_MOD_BREAK_C1_LOW,MODERATE,2026-02-05 10:30:00+05:30,2026-02-05 10:35:00+05:30,1374.725,1385.0354375,1358.2283,2026-02-05 10:45:00+05:30,1369.5964999999999,BE,0.24347661291776226,0.373056429467714,43.58136749267578,14.19558334350586,6.947681903839111,2.660742181716905,3.579436374714362,0.003577139486665873,0.8637205123901366,50000,5.0,250000.0,932.641073669285,608.6915322944056,1.2173830645888113,1.86528214733857
2026-02-06,APOLLOHOSP,SHORT,A_MOD_BREAK_C1_LOW,MODERATE,2026-02-06 10:25:00+05:30,2026-02-06 10:30:00+05:30,7018.596,7071.23547,6934.372847999999,2026-02-06 11:40:00+05:30,7071.23547,SL,-0.8810405202601217,-0.7500000000000011,41.69301986694336,6.25,2.599388360977173,2.529117706587684,2.566649293061281,0.003174603291046925,0.8353952980041504,50000,5.0,250000.0,-1875.0000000000027,-2202.6013006503044,-4.405202601300609,-3.7500000000000053
2026-02-06,DLINKINDIA,SHORT,A_MOD_BREAK_C1_LOW,MODERATE,2026-02-06 09:35:00+05:30,2026-02-06 09:40:00+05:30,397.87042220458983,400.8544503711243,393.09597713813474,2026-02-06 09:45:00+05:30,394.7808061218261,BE,0.6474832395530051,0.7765382673193518,37.309139251708984,3.632478713989258,2.2427237033843994,1.7447629297266958,5.928191298880969,0.006083991659346537,0.7249706014778066,50000,5.0,250000.0,1941.3456682983797,1618.7080988825128,3.2374161977650258,3.8826913365967592
2026-02-06,GOACARBON,SHORT,B_HUGE_RED_FAILED_BOUNCE,HUGE,2026-02-06 09:35:00+05:30,2026-02-06 09:55:00+05:30,369.57606389770507,372.3478843769379,365.1411511309326,2026-02-06 10:05:00+05:30,368.10099999999994,BE,0.26957731024438997,0.3991232230108413,36.62726593017578,26.347305297851562,52.65901184082031,2.1399030662910876,2.9090592563890363,0.0027671390819805236,0.7994089889526367,50000,5.0,250000.0,997.8080575271033,673.9432756109749,1.3478865512219498,1.9956161150542064
2026-02-06,KSOLVES,SHORT,A_PULLBACK_C2_THEN_BREAK_C2_LOW,MODERATE,2026-02-06 10:20:00+05:30,2026-02-06 10:30:00+05:30,256.9486,258.8757145,253.86521679999998,2026-02-06 11:40:00+05:30,256.11605612182615,BE,0.19436823026071842,0.3240118366762268,56.109107971191406,19.63190269470215,28.461538314819336,1.5544629183161387,1.7676862332360768,0.005488093116816617,0.870415322367128,50000,5.0,250000.0,810.0295916905669,485.92057565179607,0.971841151303592,1.620059183381134
2026-02-06,MANYAVAR,SHORT,A_PULLBACK_C2_THEN_BREAK_C2_LOW,MODERATE,2026-02-06 09:30:00+05:30,2026-02-06 09:40:00+05:30,461.0077861022949,464.46534449806217,455.47569266906737,2026-02-06 09:45:00+05:30,459.77519387817375,BE,0.1376517898031901,0.2673690686533563,37.772457122802734,12.949640274047852,5.2992658615112305,1.7129647674637212,4.7774891279721015,0.003988043544304945,0.7263556911481921,50000,5.0,250000.0,668.4226716333907,344.1294745079752,0.6882589490159504,1.3368453432667813
2026-02-06,PARAGMILK,SHORT,A_MOD_BREAK_C1_LOW,MODERATE,2026-02-06 09:40:00+05:30,2026-02-06 09:45:00+05:30,236.2500030517578,238.021878074646,233.4150030151367,2026-02-06 09:50:00+05:30,233.54855612182615,BE,1.0148918067718682,1.1434695852003076,40.01140213012695,10.588234901428223,14.418169021606445,1.7319205924114338,3.6182200097038653,0.005778864031326997,0.7632571356239051,50000,5.0,250000.0,2858.6739630007687,2537.2295169296704,5.074459033859341,5.717347926001538
2026-02-06,TATATECH,SHORT,A_MOD_BREAK_C1_LOW,MODERATE,2026-02-06 10:00:00+05:30,2026-02-06 10:05:00+05:30,624.3751,629.0579132500001,616.8825988,2026-02-06 10:30:00+05:30,621.5089744873046,BE,0.32957106440297157,0.4590390476326429,37.72740173339844,8.139534950256348,11.087515830993652,1.7169877408765741,3.415917496432764,0.004229586585578843,0.726383880654377,50000,5.0,250000.0,1147.5976190816073,823.9276610074289,1.647855322014858,2.2951952381632146
2026-02-06,THERMAX,SHORT,A_MOD_BREAK_C1_LOW,MODERATE,2026-02-06 09:40:00+05:30,2026-02-06 09:45:00+05:30,2864.0271776367185,2885.507381468994,2829.658851505078,2026-02-06 12:35:00+05:30,2855.5409999999997,BE,0.1666226264826116,0.2963022733506767,42.650630950927734,26.140350341796875,12.021787643432617,1.1955951915644032,2.8332079858073023,0.0051449302390856304,0.7089886227876865,50000,5.0,250000.0,740.7556833766918,416.55656620652906,0.8331131324130581,1.4815113667533835
2026-02-06,UDS,SHORT,A_MOD_BREAK_C1_LOW,MODERATE,2026-02-06 09:35:00+05:30,2026-02-06 09:40:00+05:30,148.17999572753905,149.2913456954956,146.4018357788086,2026-02-06 09:45:00+05:30,149.2913456954956,SL,-0.8810405202601228,-0.7500000000000091,55.20165252685547,16.16320037841797,11.26248836517334,0.5253045992555851,4.615161879089397,0.017037963767750228,0.7019283048697273,50000,5.0,250000.0,-1875.0000000000227,-2202.601300650307,-4.405202601300615,-3.7500000000000457
2026-02-06,VASCONEQ,SHORT,A_MOD_BREAK_C1_LOW,MODERATE,2026-02-06 09:35:00+05:30,2026-02-06 09:40:00+05:30,43.06999893188477,43.393023923873905,42.55315894470215,2026-02-06 09:55:00+05:30,42.878249999999994,BE,0.31571703146528285,0.44520301054110856,54.68672561645508,7.5471696853637695,10.742252349853516,1.081536982212244,4.1755255300890175,0.0038265308590836465,0.7992689718871426,50000,5.0,250000.0,1113.0075263527713,789.2925786632071,1.578585157326414,2.2260150527055425
2026-02-09,ASKAUTOLTD,SHORT,A_PULLBACK_C2_THEN_BREAK_C2_LOW,MODERATE,2026-02-09 13:20:00+05:30,2026-02-09 13:30:00+05:30,452.9094,456.30622050000005,447.4744872,2026-02-09 14:30:00+05:30,452.79998779296875,EOD,-0.10587597526684747,0.024157636611484568,32.74376678466797,22.87234115600586,22.889909744262695,3.8511828443350766,2.402801662201887,0.00230211295828914,0.7011565017700194,50000,5.0,250000.0,60.39409152871142,-264.68993816711867,-0.5293798763342373,0.12078818305742284
2026-02-09,POWERGRID,SHORT,A_MOD_BREAK_C1_LOW,MODERATE,2026-02-09 09:35:00+05:30,2026-02-09 09:40:00+05:30,289.09216389770506,291.2603551269379,285.6230579309326,2026-02-09 10:25:00+05:30,291.2603551269379,SL,-0.881040520260121,-0.7500000000000152,28.906904220581055,27.272727966308594,14.393939018249512,0.792443061085467,1.9386458559615378,0.0029267930062382695,0.42921339179674944,50000,5.0,250000.0,-1875.0000000000382,-2202.6013006503026,-4.405202601300606,-3.7500000000000764
2026-02-10,BAJFINANCE,SHORT,A_MOD_BREAK_C1_LOW,MODERATE,2026-02-10 09:50:00+05:30,2026-02-10 09:55:00+05:30,970.2059444091797,977.4824889922486,958.5634730762695,2026-02-10 10:20:00+05:30,964.1838877563475,BE,0.4914410794101046,0.6206987998305193,29.16799545288086,12.211220741271973,4.325471878051758,2.0866626103221897,3.06379280945805,0.0023987342977904486,0.6475199317932128,50000,5.0,250000.0,1551.7469995762983,1228.6026985252615,2.457205397050523,3.1034939991525965
2026-02-10,GOODLUCK,SHORT,A_MOD_BREAK_C1_LOW,MODERATE,2026-02-10 14:05:00+05:30,2026-02-10 14:10:00+05:30,1137.1725444091796,1145.7013384922486,1123.5264738762694,2026-02-10 14:20:00+05:30,1131.6849489746091,BE,0.3531275053594883,0.48256488969504496,28.255094528198242,35.269710540771484,18.20787811279297,4.533029961802493,2.8680535841739587,0.0021913302314416046,0.6338264179229736,50000,5.0,250000.0,1206.4122242376125,882.8187633987208,1.7656375267974416,2.412824448475225
2026-02-10,TATVA,SHORT,A_MOD_BREAK_C1_LOW,MODERATE,2026-02-10 10:20:00+05:30,2026-02-10 10:25:00+05:30,1209.758,1218.831185,1195.240904,2026-02-10 11:45:00+05:30,1203.6,BE,0.3796244594898029,0.5090274253197854,26.36901092529297,36.461124420166016,16.857330322265625,1.0923248977892368,1.5103209289344839,0.006771011463743022,0.42220806743923517,50000,5.0,250000.0,1272.5685632994634,949.0611487245072,1.8981222974490144,2.545137126598927
2026-02-10,YATRA,SHORT,A_MOD_BREAK_C1_LOW,MODERATE,2026-02-10 09:35:00+05:30,2026-02-10 09:40:00+05:30,148.27000732421874,149.3820323791504,146.4907672363281,2026-02-10 10:35:00+05:30,147.88232244873046,BE,0.13174726853720028,0.2614722171292093,39.89031219482422,41.049381256103516,10.383944511413574,1.2384720975009258,0.7331232715956224,0.005090344916051974,0.6117434635648065,50000,5.0,250000.0,653.6805428230233,329.3681713430007,0.6587363426860015,1.3073610856460467
2025-08-26,RTNINDIA,LONG,B_HUGE_GREEN_PULLBACK_HOLD_THEN_BREAK,HUGE,2025-08-26 13:30:00+05:30,2025-08-26 14:10:00+05:30,57.41000061035156,56.979425605773926,58.27115061950683,2025-08-26 14:15:00+05:30,57.826,BE,0.5937348095114511,0.7246113660089951,28.00084114074707,78.9473648071289,67.77970886230469,2.571083144193228,2.422276299544462,0.006653517811475825,6.801384667647912,50000,5.0,250000.0,1811.5284150224877,1484.3370237786278,2.9686740475572555,3.6230568300449755
2025-08-28,PDSL,LONG,B_HUGE_GREEN_PULLBACK_HOLD_THEN_BREAK,HUGE,2025-08-28 09:40:00+05:30,2025-08-28 10:20:00+05:30,332.91657610473635,330.41970178395087,337.91032474630737,2025-08-28 10:25:00+05:30,334.3439560852051,BE,0.2982579191880228,0.4287500481861515,37.618682861328125,85.09615325927734,90.1224365234375,1.1619958670120014,4.786219933149129,0.006934604413270917,7.542350936884876,50000,5.0,250000.0,1071.8751204653786,745.644797970057,1.491289595940114,2.143750240930757
2025-08-28,RIIL,LONG,B_HUGE_GREEN_PULLBACK_HOLD_THEN_BREAK,HUGE,2025-08-28 10:50:00+05:30,2025-08-28 11:25:00+05:30,889.1778,882.5089665,902.515467,2025-08-28 12:05:00+05:30,882.5089665,SL,-0.8789605197401249,-0.7500000000000006,33.364200592041016,79.85074615478516,86.48316955566406,3.527728570760646,2.729547838400509,0.004780652418447694,8.601604556975957,50000,5.0,250000.0,-1875.0000000000014,-2197.401299350312,-4.3948025987006245,-3.7500000000000027
2025-09-01,EDELWEISS,LONG,B_HUGE_GREEN_PULLBACK_HOLD_THEN_BREAK,HUGE,2025-09-01 09:30:00+05:30,2025-09-01 09:55:00+05:30,110.3,109.47275,111.95449999999998,2025-09-01 10:20:00+05:30,109.47275,SL,-0.8789605197401171,-0.749999999999993,31.304920196533203,63.91128921508789,66.56109619140625,1.8665984423524558,1.4447772537801853,0.006301369841240312,5.3602749985443605,50000,5.0,250000.0,-1874.9999999999825,-2197.401299350293,-4.394802598700586,-3.7499999999999654
2025-09-01,ICRA,LONG,B_HUGE_GREEN_PULLBACK_HOLD_THEN_BREAK,HUGE,2025-09-01 10:35:00+05:30,2025-09-01 11:05:00+05:30,6296.259,6249.037057500001,6390.702885,2025-09-01 14:30:00+05:30,6261.0,EOD,-0.6892065968666019,-0.5599991995246704,47.231021881103516,82.38095092773438,80.89856719970703,3.392499607633882,3.4608957518535255,0.002076477887045305,9.444896336942307,50000,5.0,250000.0,-1399.997998811676,-1723.0164921665048,-3.44603298433301,-2.7999959976233524
2025-09-01,IOLCP,LONG,B_HUGE_GREEN_PULLBACK_HOLD_THEN_BREAK,HUGE,2025-09-01 09:40:00+05:30,2025-09-01 10:10:00+05:30,93.50999908447265,92.80867409133911,94.91264907073973,2025-09-01 10:20:00+05:30,94.14671030426025,BE,0.5500819871752015,0.6809017495684327,36.53976821899414,76.65904235839844,92.7330093383789,2.263921187408049,2.9369230465128178,0.005170987523640364,7.365242275185851,50000,5.0,250000.0,1702.2543739210819,1375.2049679380036,2.7504099358760072,3.4045087478421636
2025-09-01,KANSAINER,LONG,B_HUGE_GREEN_PULLBACK_HOLD_THEN_BREAK,HUGE,2025-09-01 13:35:00+05:30,2025-09-01 14:05:00+05:30,242.65000610351564,240.8301310577393,246.28975619506835,2025-09-01 14:30:00+05:30,241.47999572753906,EOD,-0.6114887490395936,-0.48218023760421497,26.674997329711914,79.27461242675781,70.1790542602539,2.2722349414874743,3.6382454755705096,0.002174951078792694,8.071293279113448,50000,5.0,250000.0,-1205.4505940105373,-1528.721872598984,-3.057443745197968,-2.4109011880210747
2025-09-01,KHAICHEM,LONG,A_MOD_BREAK_C1_HIGH,MODERATE,2025-09-01 09:30:00+05:30,2025-09-01 09:35:00+05:30,121.05,120.14212500000001,122.86574999999999,2025-09-01 09:40:00+05:30,123.45851182556153,BE,1.8571631293821007,1.9896834577129558,25.890810012817383,80.85291290283203,76.1217041015625,1.0446039225097787,4.493598422139583,0.020257185334308796,7.149880571798597,50000,5.0,250000.0,4974.208644282389,4642.907823455252,9.285815646910503,9.948417288564778
2025-09-01,MANGLMCEM,LONG,A_MOD_BREAK_C1_HIGH,MODERATE,2025-09-01 10:20:00+05:30,2025-09-01 10:25:00+05:30,727.5955022094727,722.1385359429016,738.5094347426146,2025-09-01 10:30:00+05:30,736.9325743408203,BE,1.1516754193846288,1.283277879397824,42.89624786376953,95.0693359375,94.9820785522461,1.9927977833326032,2.779921582442785,0.00618108243072705,7.062029835445539,50000,5.0,250000.0,3208.19469849456,2879.1885484615723,5.7583770969231445,6.4163893969891195
2025-09-01,NUCLEUS,LONG,B_HUGE_GREEN_PULLBACK_HOLD_THEN_BREAK,HUGE,2025-09-01 11:30:00+05:30,2025-09-01 13:15:00+05:30,1035.207,1027.4429475000002,1050.735105,2025-09-01 14:30:00+05:30,1027.4429475000002,SL,-0.8789605197401049,-0.7499999999999936,26.712419509887695,72.50859069824219,72.78911590576172,4.015731207692514,5.165741021477977,0.002599665384097302,10.795080724787422,50000,5.0,250000.0,-1874.9999999999839,-2197.4012993502624,-4.394802598700525,-3.749999999999968
2025-09-01,PRIMESECU,LONG,B_HUGE_GREEN_PULLBACK_HOLD_THEN_BREAK,HUGE,2025-09-01 09:40:00+05:30,2025-09-01 10:05:00+05:30,270.054,268.028595,274.10480999999993,2025-09-01 10:10:00+05:30,273.178,BE,1.0253675475873616,1.1568056759018654,64.79779052734375,65.47314453125,51.75038146972656,1.7055235213077766,2.886835353202886,0.009187685570995854,7.601276561842578,50000,5.0,250000.0,2892.014189754663,2563.418868968404,5.126837737936808,5.784028379509326
2025-09-01,SIGACHI,LONG,B_HUGE_GREEN_PULLBACK_HOLD_THEN_BREAK,HUGE,2025-09-01 13:00:00+05:30,2025-09-01 13:20:00+05:30,31.599999237060548,31.362999242782596,32.073999225616454,2025-09-01 13:30:00+05:30,31.854150760650636,BE,0.6732969227489317,0.8042769928045421,25.930471420288086,82.8125,90.92538452148438,3.810808926196446,3.3296979326652445,0.00251381448156524,9.533635338085508,50000,5.0,250000.0,2010.6924820113554,1683.2423068723294,3.366484613744659,4.021384964022711
2025-09-01,SPIC,LONG,B_HUGE_GREEN_PULLBACK_HOLD_THEN_BREAK,HUGE,2025-09-01 10:50:00+05:30,2025-09-01 13:35:00+05:30,113.98000030517578,113.12515030288696,115.6897003097534,2025-09-01 13:55:00+05:30,113.12515030288696,SL,-0.8789605197401082,-0.7499999999999957,37.27218246459961,69.81131744384766,67.4275131225586,2.551789165165288,2.736790729926928,0.005519651746383945,7.34634566490356,50000,5.0,250000.0,-1874.999999999989,-2197.4012993502706,-4.394802598700541,-3.7499999999999782
2025-09-02,ANANTRAJ,LONG,B_HUGE_GREEN_PULLBACK_HOLD_THEN_BREAK,HUGE,2025-09-02 09:45:00+05:30,2025-09-02 10:35:00+05:30,533.4066477905274,529.4060979320984,541.4077475073852,2025-09-02 12:20:00+05:30,535.5884121704102,BE,0.27855809609883553,0.40902459482274545,34.981075286865234,87.38461303710938,86.62142181396484,2.596370317207743,4.369572049794213,0.003885853485266115,9.339976565772748,50000,5.0,250000.0,1022.5614870568636,696.3952402470889,1.3927904804941778,2.045122974113727
2025-09-02,APOLLO,LONG,B_HUGE_GREEN_PULLBACK_HOLD_THEN_BREAK,HUGE,2025-09-02 11:00:00+05:30,2025-09-02 13:00:00+05:30,288.75775220947264,286.5920690679016,293.0891184926147,2025-09-02 13:05:00+05:30,293.4669560852051,BE,1.4987952558497926,1.6308493329440583,41.01661682128906,66.8094253540039,87.60943603515625,2.5089258637865455,3.780761527609805,0.00937523339004911,8.467918372645372,50000,5.0,250000.0,4077.1233323601455,3746.9881396244814,7.493976279248963,8.154246664720292
2025-09-02,DABUR,LONG,B_HUGE_GREEN_PULLBACK_HOLD_THEN_BREAK,HUGE,2025-09-02 09:35:00+05:30,2025-09-02 10:00:00+05:30,538.1076,534.0717930000001,546.179214,2025-09-02 10:10:00+05:30,540.0749121704101,BE,0.23518821474458615,0.3655982874819241,32.4326286315918,86.28762817382812,90.47618865966797,1.2851349391207192,4.894291587488385,0.0033101044721048725,8.167991238805689,50000,5.0,250000.0,913.9957187048102,587.9705368614653,1.1759410737229308,1.8279914374096202
2025-09-02,JINDALSAW,LONG,B_HUGE_GREEN_PULLBACK_HOLD_THEN_BREAK,HUGE,2025-09-02 09:45:00+05:30,2025-09-02 10:05:00+05:30,204.2499969482422,202.7181219711304,207.31374690246582,2025-09-02 10:20:00+05:30,205.18260304260255,BE,0.3260719815896705,0.45660029781869643,48.27874755859375,74.5156478881836,68.69918823242188,1.9227290766339398,3.7471205913528993,0.0040240952772983025,8.184005636283281,50000,5.0,250000.0,1141.500744546741,815.1799539741762,1.6303599079483526,2.283001489093482
2025-09-02,KPRMILL,LONG,B_HUGE_GREEN_PULLBACK_HOLD_THEN_BREAK,HUGE,2025-09-02 10:20:00+05:30,2025-09-02 11:10:00+05:30,1018.1536022094726,1010.5174501929016,1033.4259062426147,2025-09-02 11:45:00+05:30,1010.5174501929016,SL,-0.8789605197401141,-0.7499999999999988,28.59198760986328,82.06521606445312,87.28858184814453,3.861003620058257,2.830208205757054,0.0054193056795383675,9.086285093245863,50000,5.0,250000.0,-1874.9999999999968,-2197.401299350285,-4.39480259870057,-3.749999999999994
2025-09-02,MAHSCOOTER,LONG,B_HUGE_GREEN_PULLBACK_HOLD_THEN_BREAK,HUGE,2025-09-02 09:50:00+05:30,2025-09-02 10:10:00+05:30,16393.278,16270.328415,16639.177169999995,2025-09-02 10:40:00+05:30,16448.506,BE,0.20652140704143698,0.3368941830914037,34.14735412597656,75.72815704345703,84.23412322998047,362.76041170376084,3.827891788931273,0.0034602379476603357,440.5068168292957,50000,5.0,250000.0,842.2354577285091,516.3035176035925,1.0326070352071848,1.6844709154570183
2025-09-02,MANAPPURAM,LONG,A_MOD_BREAK_C1_HIGH,MODERATE,2025-09-02 09:30:00+05:30,2025-09-02 09:35:00+05:30,276.7053238952637,274.6300339660492,280.85590375369264,2025-09-02 09:40:00+05:30,278.06329391479494,BE,0.3601912584215203,0.49076396522289517,62.10264587402344,87.23403930664062,80.41766357421875,1.8261728295994293,3.404419826459445,0.003293722490721111,7.993375873874372,50000,5.0,250000.0,1226.9099130572379,900.4781460538007,1.8009562921076014,2.4538198261144757
2025-09-02,RITES,LONG,B_HUGE_GREEN_PULLBACK_HOLD_THEN_BREAK,HUGE,2025-09-02 10:25:00+05:30,2025-09-02 13:05:00+05:30,265.2330286743164,263.243780959259,269.21152410443113,2025-09-02 13:10:00+05:30,266.199,BE,0.23378897102727883,0.36419722329142035,40.88383102416992,73.95079803466797,85.31303405761719,3.5764283258109635,3.8464752625154346,0.0066485281512148045,10.00169846123941,50000,5.0,250000.0,910.4930582285508,584.4724275681971,1.1689448551363941,1.8209861164571017
2025-09-02,RPGLIFE,LONG,B_HUGE_GREEN_PULLBACK_HOLD_THEN_BREAK,HUGE,2025-09-02 09:35:00+05:30,2025-09-02 10:10:00+05:30,2390.3778823242187,2372.4500482067874,2426.233550559082,2025-09-02 10:40:00+05:30,2372.4500482067874,SL,-0.8789605197401006,-0.7499999999999858,47.44715881347656,76.48221588134766,64.36270141601562,1.9109387998037537,3.8822516012354633,0.0053646143510251865,8.073067702813422,50000,5.0,250000.0,-1874.9999999999643,-2197.4012993502515,-4.394802598700503,-3.7499999999999285
2025-09-02,SAIL,LONG,B_HUGE_GREEN_PULLBACK_HOLD_THEN_BREAK,HUGE,2025-09-02 09:45:00+05:30,2025-09-02 10:20:00+05:30,122.52000122070312,121.60110121154786,124.35780123901365,2025-09-02 11:00:00+05:30,123.59809121704102,BE,0.7488514260728767,0.8799297956223994,67.22916412353516,74.77477264404297,72.80414581298828,2.583515873936171,3.7024155246385377,0.002603252663680351,9.777272470631502,50000,5.0,250000.0,2199.824489055998,1872.1285651821916,3.7442571303643835,4.399648978111996
2025-09-03,AAVAS,LONG,B_HUGE_GREEN_PULLBACK_HOLD_THEN_BREAK,HUGE,2025-09-03 09:30:00+05:30,2025-09-03 10:20:00+05:30,1595.1190088378905,1583.1556162716065,1619.0457939704588,2025-09-03 10:25:00+05:30,1607.9616486816406,BE,0.6741399415109275,0.8051211083683599,73.21312713623047,86.80042266845703,87.2723159790039,2.013859033528503,6.458475514783702,0.005718946946288907,11.310453183213511,50000,5.0,250000.0,2012.8027709208998,1685.3498537773187,3.3706997075546377,4.0256055418417995
2025-09-03,BANDHANBNK,LONG,B_HUGE_GREEN_PULLBACK_HOLD_THEN_BREAK,HUGE,2025-09-03 09:30:00+05:30,2025-09-03 10:05:00+05:30,164.38999633789064,163.15707136535647,166.855846282959,2025-09-03 10:20:00+05:30,164.97359121704102,BE,0.22461001158123445,0.3550063216443228,25.99199676513672,91.17646789550781,91.26121520996094,2.0907304540480154,4.9489726884592695,0.0024249904487509953,8.883160667915075,50000,5.0,250000.0,887.5158041108069,561.5250289530861,1.1230500579061724,1.7750316082216138
2025-09-03,DELTACORP,LONG,B_HUGE_GREEN_PULLBACK_HOLD_THEN_BREAK,HUGE,2025-09-03 11:05:00+05:30,2025-09-03 13:00:00+05:30,91.05,90.367125,92.41574999999999,2025-09-03 13:05:00+05:30,93.11980152130127,BE,2.140369332175478,2.2732581233402223,54.47789001464844,86.42972564697266,90.40380859375,5.1874874441853835,4.95813797276121,0.0074235115713893055,13.323407084913068,50000,5.0,250000.0,5683.145308350556,5350.923330438695,10.701846660877392,11.366290616701113
2025-09-03,EVEREADY,LONG,B_HUGE_GREEN_PULLBACK_HOLD_THEN_BREAK,HUGE,2025-09-03 10:00:00+05:30,2025-09-03 10:55:00+05:30,467.79355220947264,464.2851005679016,474.81045549261466,2025-09-03 11:00:00+05:30,471.23204391479493,BE,0.6041545854232419,0.7350446984747183,34.33734893798828,83.04762268066406,92.80267333984375,2.686832791663357,3.240242452459229,0.006717468668651661,8.188922914014194,50000,5.0,250000.0,1837.6117461867957,1510.3864635581047,3.020772927116209,3.6752234923735916
2025-09-03,HIRECT,LONG,B_HUGE_GREEN_PULLBACK_HOLD_THEN_BREAK,HUGE,2025-09-03 11:15:00+05:30,2025-09-03 13:00:00+05:30,1609.3218,1597.2518865,1633.4616269999997,2025-09-03 14:30:00+05:30,1631.0,EOD,1.215354170942708,1.3470394796118503,39.5154914855957,84.48844909667969,62.721744537353516,20.083154416514297,3.7538011361535637,0.0030039427482298126,29.29243863549782,50000,5.0,250000.0,3367.5986990296255,3038.38542735677,6.07677085471354,6.735197398059251
2025-09-03,NEULANDLAB,LONG,B_HUGE_GREEN_PULLBACK_HOLD_THEN_BREAK,HUGE,2025-09-03 11:20:00+05:30,2025-09-03 14:00:00+05:30,14183.8362,14077.4574285,14396.593742999998,2025-09-03 14:30:00+05:30,14156.0,EOD,-0.32593300251449653,-0.1962529713928855,51.38455581665039,77.48344421386719,91.1019287109375,638.0580104100763,5.3978187122547805,0.003411198039087162,772.8034891049617,50000,5.0,250000.0,-490.63242848221375,-814.8325062862414,-1.6296650125724825,-0.9812648569644274
2025-09-03,RELIGARE,LONG,B_HUGE_GREEN_PULLBACK_HOLD_THEN_BREAK,HUGE,2025-09-03 13:10:00+05:30,2025-09-03 13:50:00+05:30,247.1300018310547,245.2765268173218,250.8369518585205,2025-09-03 13:55:00+05:30,249.15029391479493,BE,0.6865044939256426,0.8175017475706415,29.54816246032715,87.37201690673828,89.02587127685547,2.421066735385927,3.3703725189043245,0.0037371200933364484,8.072097888235986,50000,5.0,250000.0,2043.7543689266038,1716.2612348141065,3.4325224696282133,4.087508737853208
2025-09-03,TARC,LONG,B_HUGE_GREEN_PULLBACK_HOLD_THEN_BREAK,HUGE,2025-09-03 09:30:00+05:30,2025-09-03 10:35:00+05:30,163.05,161.82712500000002,165.49575,2025-09-03 11:10:00+05:30,163.56781756591798,BE,0.18723438763001785,0.31758207048019976,25.241117477416992,74.68152618408203,70.71401977539062,1.7914911988444109,2.477492086724068,0.005497915946428487,6.134271816488641,50000,5.0,250000.0,793.9551762004994,468.08596907504466,0.9361719381500893,1.5879103524009988
2025-09-04,LMW,LONG,B_HUGE_GREEN_PULLBACK_HOLD_THEN_BREAK,HUGE,2025-09-04 09:35:00+05:30,2025-09-04 10:10:00+05:30,14412.882,14304.785385000001,14629.075229999999,2025-09-04 11:00:00+05:30,14456.5,BE,0.17230379065747126,0.30263204819133604,29.93936538696289,79.1457290649414,91.32915496826172,321.4948458053781,3.052888457292089,0.0039610749926037555,390.0646524199094,50000,5.0,250000.0,756.5801204783402,430.75947664367817,0.8615189532873564,1.5131602409566802
2025-09-04,RAMCOIND,LONG,B_HUGE_GREEN_PULLBACK_HOLD_THEN_BREAK,HUGE,2025-09-04 11:10:00+05:30,2025-09-04 11:30:00+05:30,314.0628,311.707329,318.77374199999997,2025-09-04 11:35:00+05:30,316.84658782958985,BE,0.7552926079656144,0.8863793577557957,28.170907974243164,69.81131744384766,62.71186447143555,3.5899184681783107,2.9792158967303966,0.0021965765531118692,8.674606483202195,50000,5.0,250000.0,2215.9483943894893,1888.2315199140357,3.7764630398280716,4.431896788778979
2025-09-04,UNIECOM,LONG,B_HUGE_GREEN_PULLBACK_HOLD_THEN_BREAK,HUGE,2025-09-04 10:10:00+05:30,2025-09-04 10:35:00+05:30,154.49000244140626,153.33132742309573,156.80735247802733,2025-09-04 10:40:00+05:30,155.28275,BE,0.38253664159513123,0.5131384206524293,37.850975036621094,79.96845245361328,79.38192749023438,1.982285731747699,1.9594949541282318,0.006943861978796187,6.253690678558026,50000,5.0,250000.0,1282.8460516310734,956.3416039878281,1.9126832079756562,2.5656921032621467
2025-09-05,BLUEJET,LONG,B_HUGE_GREEN_PULLBACK_HOLD_THEN_BREAK,HUGE,2025-09-05 09:40:00+05:30,2025-09-05 10:00:00+05:30,733.4966455810547,727.9954207391969,744.4990952647705,2025-09-05 10:55:00+05:30,727.9954207391969,SL,-0.8789605197401043,-0.7499999999999896,39.807701110839844,73.36956787109375,91.8869857788086,2.6230234160333477,3.18326698832069,0.004494193598251509,7.7845081083536005,50000,5.0,250000.0,-1874.9999999999739,-2197.4012993502606,-4.3948025987005215,-3.7499999999999476
2025-09-05,GLENMARK,LONG,B_HUGE_GREEN_PULLBACK_HOLD_THEN_BREAK,HUGE,2025-09-05 09:35:00+05:30,2025-09-05 10:05:00+05:30,2049.4098,2034.0392265,2080.1509469999996,2025-09-05 10:55:00+05:30,2034.0392265,SL,-0.8789605197401148,-0.7499999999999933,28.073074340820312,85.58558654785156,89.72966003417969,1.6280166906824993,4.653920088851883,0.003131259997979008,8.238151821336054,50000,5.0,250000.0,-1874.9999999999834,-2197.401299350287,-4.394802598700574,-3.7499999999999667
2025-09-05,SUNTECK,LONG,B_HUGE_GREEN_PULLBACK_HOLD_THEN_BREAK,HUGE,2025-09-05 09:50:00+05:30,2025-09-05 10:15:00+05:30,414.38284779052736,411.2749764320984,420.5985905073852,2025-09-05 10:30:00+05:30,416.746,BE,0.4396063130293364,0.5702823420594865,25.974647521972656,79.76190185546875,94.6592025756836,2.076282772711483,4.804844503974598,0.006625766988180897,8.639954496473498,50000,5.0,250000.0,1425.7058551487162,1099.015782573341,2.198031565146682,2.851411710297432
2025-09-08,ABSLAMC,LONG,B_HUGE_GREEN_PULLBACK_HOLD_THEN_BREAK,HUGE,2025-09-08 09:55:00+05:30,2025-09-08 11:30:00+05:30,852.0203455810547,845.6301929891969,864.8006507647705,2025-09-08 13:40:00+05:30,856.0241756591797,BE,0.3393762604860801,0.46992188612520946,33.373416900634766,87.85578918457031,86.8160629272461,3.165490316667515,3.0902838369936907,0.005030714848820174,9.030558339000267,50000,5.0,250000.0,1174.8047153130237,848.4406512152002,1.6968813024304001,2.3496094306260473
2025-09-08,DATAPATTNS,LONG,B_HUGE_GREEN_PULLBACK_HOLD_THEN_BREAK,HUGE,2025-09-08 09:30:00+05:30,2025-09-08 10:20:00+05:30,2510.502,2491.673235,2548.15953,2025-09-08 13:25:00+05:30,2520.9145,BE,0.2842837378953439,0.414757685913013,28.197059631347656,62.57310104370117,67.20479583740234,1.3075880586743247,1.2771211778375784,0.005058025965658645,4.54100936927105,50000,5.0,250000.0,1036.8942147825326,710.7093447383597,1.4214186894767193,2.0737884295650653
2025-09-08,SAREGAMA,LONG,B_HUGE_GREEN_PULLBACK_HOLD_THEN_BREAK,HUGE,2025-09-08 09:30:00+05:30,2025-09-08 09:50:00+05:30,507.1014,503.29813950000005,514.7079209999999,2025-09-08 10:10:00+05:30,511.2615878295898,BE,0.6893847895838028,0.8203857906110695,29.592599868774414,79.72508239746094,82.88190460205078,1.73132972116358,4.480138329650672,0.003556787381043692,8.34173715187074,50000,5.0,250000.0,2050.964476527674,1723.4619739595068,3.446923947919014,4.1019289530553475
2025-09-09,FLUOROCHEM,LONG,B_HUGE_GREEN_PULLBACK_HOLD_THEN_BREAK,HUGE,2025-09-09 11:00:00+05:30,2025-09-09 11:20:00+05:30,3554.0107088378904,3527.3556285216064,3607.3208694704585,2025-09-09 11:25:00+05:30,3596.179,BE,1.0550219985844367,1.1864987085505454,42.93071365356445,82.57142639160156,92.19742584228516,3.84028727799937,4.595010672591897,0.005166700435999934,10.907909637639559,50000,5.0,250000.0,2966.2467713763635,2637.554996461092,5.275109992922183,5.932493542752727
2025-09-09,ITDC,LONG,B_HUGE_GREEN_PULLBACK_HOLD_THEN_BREAK,HUGE,2025-09-09 10:55:00+05:30,2025-09-09 13:00:00+05:30,603.6207,599.0935447500001,612.6750105,2025-09-09 13:05:00+05:30,648.05,BE,7.22096774050144,7.360466597649798,47.49351119995117,76.21178436279297,86.80988311767578,2.5869247715953256,2.8184880383709086,0.01233000538634494,7.8734165628611175,50000,5.0,250000.0,18401.166494124496,18052.4193512536,36.1048387025072,36.80233298824899
2025-09-09,VAIBHAVGBL,LONG,B_HUGE_GREEN_PULLBACK_HOLD_THEN_BREAK,HUGE,2025-09-09 09:45:00+05:30,2025-09-09 10:15:00+05:30,240.29000549316407,238.48783045196535,243.89435557556152,2025-09-09 10:20:00+05:30,244.7635,BE,1.729352398604357,1.8617064399556078,51.942657470703125,85.75550079345703,88.56522369384766,1.834042603330891,4.747149940440502,0.011886904637018839,9.539625763849472,50000,5.0,250000.0,4654.26609988902,4323.380996510893,8.646761993021785,9.308532199778039
2025-09-10,AGARIND,LONG,B_HUGE_GREEN_PULLBACK_HOLD_THEN_BREAK,HUGE,2025-09-10 10:10:00+05:30,2025-09-10 10:50:00+05:30,886.7272977905274,880.0768430570985,900.0282072573851,2025-09-10 11:40:00+05:30,880.0768430570985,SL,-0.8789605197401043,-0.7499999999999923,36.92914581298828,70.25060272216797,74.24958038330078,2.144555339702624,2.947460542005417,0.00900763019066473,7.498031673522874,50000,5.0,250000.0,-1874.999999999981,-2197.4012993502606,-4.3948025987005215,-3.749999999999962
2025-09-10,JLHL,LONG,B_HUGE_GREEN_PULLBACK_HOLD_THEN_BREAK,HUGE,2025-09-10 09:55:00+05:30,2025-09-10 10:25:00+05:30,1499.2998,1488.0550515,1521.7892969999998,2025-09-10 10:55:00+05:30,1488.0550515,SL,-0.8789605197401209,-0.7500000000000009,43.79591369628906,77.65814208984375,59.29526138305664,1.2928300606851386,3.2627059516969346,0.006331777573968554,6.6885553104980735,50000,5.0,250000.0,-1875.0000000000023,-2197.4012993503025,-4.394802598700605,-3.750000000000005
2025-09-10,KELLTONTEC,LONG,A_MOD_BREAK_C1_HIGH,MODERATE,2025-09-10 09:35:00+05:30,2025-09-10 09:40:00+05:30,26.699999618530274,26.4997496213913,27.100499612808225,2025-09-10 09:45:00+05:30,26.80932939147949,BE,0.27900772719121336,0.40947481090351634,44.0289421081543,82.58064270019531,74.41912841796875,1.240850121261734,3.2200581508663455,0.008151008075659882,6.958138107857549,50000,5.0,250000.0,1023.6870272587909,697.5193179780334,1.395038635956067,2.047374054517582
2025-09-10,LTTS,LONG,B_HUGE_GREEN_PULLBACK_HOLD_THEN_BREAK,HUGE,2025-09-10 09:40:00+05:30,2025-09-10 10:05:00+05:30,4242.748282324219,4210.927670206787,4306.389506559081,2025-09-10 10:40:00+05:30,4210.927670206787,SL,-0.8789605197401108,-0.7500000000000004,34.97269058227539,85.22561645507812,94.92406463623047,2.1705604918302956,3.8846572483263797,0.0040171768289076065,8.025799191469764,50000,5.0,250000.0,-1875.000000000001,-2197.401299350277,-4.394802598700554,-3.7500000000000018
2025-09-10,MANORAMA,LONG,A_MOD_BREAK_C1_HIGH,MODERATE,2025-09-10 09:55:00+05:30,2025-09-10 10:00:00+05:30,1346.1692044189454,1336.0729353858032,1366.3617424852293,2025-09-10 14:25:00+05:30,1350.4365,BE,0.18664856303795355,0.31699548370641756,39.73540496826172,76.23529052734375,72.35308074951172,0.8413709632618552,2.005230979381893,0.00435604866251026,4.721860334927554,50000,5.0,250000.0,792.488709266044,466.62140759488386,0.9332428151897677,1.584977418532088
2025-09-10,MIDHANI,LONG,B_HUGE_GREEN_PULLBACK_HOLD_THEN_BREAK,HUGE,2025-09-10 09:40:00+05:30,2025-09-10 10:55:00+05:30,381.87634779052735,379.0122751820984,387.6044930073852,2025-09-10 13:50:00+05:30,379.0122751820984,SL,-0.8789605197401119,-0.7500000000000001,25.90097427368164,73.36448669433594,79.86396789550781,2.650554886409077,3.117367949133804,0.004022827160928322,8.008667431249888,50000,5.0,250000.0,-1875.0000000000005,-2197.4012993502797,-4.39480259870056,-3.7500000000000013
2025-09-11,ATGL,LONG,B_HUGE_GREEN_PULLBACK_HOLD_THEN_BREAK,HUGE,2025-09-11 09:35:00+05:30,2025-09-11 09:55:00+05:30,608.1216,603.560688,617.2434239999999,2025-09-11 10:00:00+05:30,612.158,BE,0.5329513544409786,0.663748829181544,29.859378814697266,87.54863739013672,92.08869934082031,1.7075105630289946,3.9019753465410885,0.0029798636914209675,7.9326568566762585,50000,5.0,250000.0,1659.37207295386,1332.3783861024467,2.6647567722048935,3.31874414590772
2025-09-11,KPRMILL,LONG,B_HUGE_GREEN_PULLBACK_HOLD_THEN_BREAK,HUGE,2025-09-11 09:35:00+05:30,2025-09-11 09:55:00+05:30,1008.2016,1000.640088,1023.3246239999999,2025-09-11 11:05:00+05:30,1000.640088,SL,-0.8789605197401159,-0.7499999999999993,25.25884246826172,70.10675811767578,84.1849136352539,1.0857391598113821,1.754732906845976,0.0037530506685313873,4.317559547719189,50000,5.0,250000.0,-1874.9999999999984,-2197.4012993502897,-4.394802598700579,-3.749999999999997
2025-09-11,LANDMARK,LONG,B_HUGE_GREEN_PULLBACK_HOLD_THEN_BREAK,HUGE,2025-09-11 09:30:00+05:30,2025-09-11 11:00:00+05:30,641.5283044189454,636.7168421358033,651.1512289852295,2025-09-11 11:45:00+05:30,644.5605,BE,0.3421027055057399,0.4726518783611653,25.826984405517578,68.05555725097656,49.84918975830078,3.301144947464066,2.0266665196035065,0.005002867057167757,7.774836516653357,50000,5.0,250000.0,1181.6296959029132,855.2567637643497,1.7105135275286996,2.3632593918058267
2025-09-11,REPCOHOME,LONG,B_HUGE_GREEN_PULLBACK_HOLD_THEN_BREAK,HUGE,2025-09-11 09:45:00+05:30,2025-09-11 13:00:00+05:30,369.97397389526367,367.1991690910492,375.5235835036926,2025-09-11 13:20:00+05:30,377.56391217041016,BE,1.918878349327014,2.0514789716790016,28.587865829467773,78.3185806274414,84.05253601074219,4.023603122298425,2.82070537971265,0.004124789372039511,8.838695881338776,50000,5.0,250000.0,5128.697429197504,4797.195873317535,9.59439174663507,10.257394858395008
2025-09-12,BLUEJET,LONG,B_HUGE_GREEN_PULLBACK_HOLD_THEN_BREAK,HUGE,2025-09-12 10:40:00+05:30,2025-09-12 11:05:00+05:30,708.2415955810546,702.9297836141967,718.8652195147704,2025-09-12 11:10:00+05:30,712.6555878295899,BE,0.4924877331060955,0.6232325630230622,43.000186920166016,82.15103149414062,91.4205322265625,3.6356100775357074,3.9755623208154853,0.003327812179363562,9.864007297595627,50000,5.0,250000.0,1558.0814075576554,1231.2193327652387,2.4624386655304775,3.116162815115311
2025-09-12,HINDZINC,LONG,B_HUGE_GREEN_PULLBACK_HOLD_THEN_BREAK,HUGE,2025-09-12 13:15:00+05:30,2025-09-12 13:35:00+05:30,456.7913522094727,453.36541706790166,463.6432224926147,2025-09-12 13:40:00+05:30,458.32091217041017,BE,0.20447859406952187,0.3348487123364091,26.37517547607422,78.48837280273438,89.24694061279297,4.9061731390429495,3.255233959179334,0.002558026310893096,10.427536859243835,50000,5.0,250000.0,837.1217808410229,511.19648517380466,1.0223929703476093,1.674243561682046
2025-09-12,PNBHOUSING,LONG,B_HUGE_GREEN_PULLBACK_HOLD_THEN_BREAK,HUGE,2025-09-12 10:20:00+05:30,2025-09-12 11:20:00+05:30,829.6659,823.44340575,842.1108884999999,2025-09-12 11:35:00+05:30,832.1959121704101,BE,0.17461223145402202,0.30494349236363044,39.08131408691406,77.94486236572266,81.82376861572266,2.2456904669250917,2.9380486717287004,0.0030427461685194933,7.842624980603228,50000,5.0,250000.0,762.358730909076,436.53057863505506,0.8730611572701101,1.524717461818152
2025-09-12,SBC,LONG,B_HUGE_GREEN_PULLBACK_HOLD_THEN_BREAK,HUGE,2025-09-12 09:35:00+05:30,2025-09-12 10:00:00+05:30,21.77999954223633,21.616649545669556,22.10669953536987,2025-09-12 10:10:00+05:30,21.884150760650634,BE,0.347640227759563,0.47819660515755524,40.34792709350586,90.32257843017578,93.48871612548828,1.9327534093347576,5.136515144308422,0.003550062523710196,9.505402498152353,50000,5.0,250000.0,1195.491512893888,869.1005693989075,1.738201138797815,2.390983025787776
2025-09-15,AEGISLOG,LONG,B_HUGE_GREEN_PULLBACK_HOLD_THEN_BREAK,HUGE,2025-09-15 10:00:00+05:30,2025-09-15 11:05:00+05:30,745.149,739.5603825000001,756.3262349999999,2025-09-15 11:20:00+05:30,739.5603825000001,SL,-0.8789605197401005,-0.7499999999999921,54.715431213378906,85.6557388305664,93.24799346923828,2.0974012675458966,4.009611869298859,0.006876799215044588,9.131031130019554,50000,5.0,250000.0,-1874.9999999999802,-2197.401299350251,-4.394802598700502,-3.7499999999999605
2025-09-15,BANCOINDIA,LONG,B_HUGE_GREEN_PULLBACK_HOLD_THEN_BREAK,HUGE,2025-09-15 09:30:00+05:30,2025-09-15 09:55:00+05:30,645.129,640.2905325,654.805935,2025-09-15 10:00:00+05:30,654.032,BE,1.2483058905034368,1.3800340707052419,30.96131706237793,81.06712341308594,77.53148651123047,2.009570303557159,4.621391903267912,0.005134983137836607,8.655418489299914,50000,5.0,250000.0,3450.0851767631043,3120.7647262585915,6.241529452517184,6.9001703535262084
2025-09-15,BRIGADE,LONG,B_HUGE_GREEN_PULLBACK_HOLD_THEN_BREAK,HUGE,2025-09-15 13:05:00+05:30,2025-09-15 13:55:00+05:30,966.8933522094727,959.6416520679018,981.3967524926147,2025-09-15 14:30:00+05:30,968.5999755859375,EOD,0.046341479391267114,0.17650585481479852,44.8425178527832,84.13284301757812,73.91783142089844,4.407927602461632,3.9917242863649576,0.0022747479533753454,11.278846989301783,50000,5.0,250000.0,441.2646370369963,115.85369847816779,0.23170739695633555,0.8825292740739926
2025-09-15,CESC,LONG,B_HUGE_GREEN_PULLBACK_HOLD_THEN_BREAK,HUGE,2025-09-15 09:30:00+05:30,2025-09-15 09:50:00+05:30,160.1699951171875,158.96872015380862,162.5725450439453,2025-09-15 09:55:00+05:30,161.0852973022461,BE,0.4407791554003955,0.5714567103463435,33.39627456665039,94.5674057006836,92.65067291259766,1.6955689942837184,6.384962003863811,0.0034047785127725642,10.535926016836981,50000,5.0,250000.0,1428.6417758658588,1101.9478885009887,2.2038957770019776,2.8572835517317174
2025-09-15,FLAIR,LONG,B_HUGE_GREEN_PULLBACK_HOLD_THEN_BREAK,HUGE,2025-09-15 11:00:00+05:30,2025-09-15 13:00:00+05:30,333.9167761047363,331.4124002839508,338.9255277463073,2025-09-15 13:05:00+05:30,336.68691217041015,BE,0.6985758080765115,0.8295887669941364,27.27666473388672,75.1445083618164,90.52193450927734,3.9235790355866387,4.580038360677975,0.0029174291557536236,10.459015136959238,50000,5.0,250000.0,2073.9719174853412,1746.4395201912787,3.492879040382557,4.1479438349706825
2025-09-15,HARIOMPIPE,LONG,B_HUGE_GREEN_PULLBACK_HOLD_THEN_BREAK,HUGE,2025-09-15 13:00:00+05:30,2025-09-15 13:25:00+05:30,512.35245,508.509806625,520.0377367499999,2025-09-15 13:30:00+05:30,523.425,BE,2.0283766684870774,2.1611197526234096,43.83364486694336,94.65478515625,88.83497619628906,3.8463936129483733,4.114733979012438,0.0063722877906898295,10.952330581980421,50000,5.0,250000.0,5402.799381558524,5070.9416712176935,10.141883342435387,10.805598763117048
2025-09-15,IEX,LONG,B_HUGE_GREEN_PULLBACK_HOLD_THEN_BREAK,HUGE,2025-09-15 09:50:00+05:30,2025-09-15 10:25:00+05:30,147.49000244140626,146.3838274230957,149.70235247802734,2025-09-15 14:30:00+05:30,147.24000549316406,EOD,-0.29921573659483736,-0.1695009452193316,38.24814987182617,81.00436401367188,86.99356079101562,1.8073573237899643,3.387867746023042,0.0036404463921105752,7.4633397517238125,50000,5.0,250000.0,-423.75236304832896,-748.0393414870935,-1.496078682974187,-0.847504726096658
2025-09-15,MOTILALOFS,LONG,B_HUGE_GREEN_PULLBACK_HOLD_THEN_BREAK,HUGE,2025-09-15 11:30:00+05:30,2025-09-15 13:10:00+05:30,937.7374977905273,930.7044665570984,951.8035602573851,2025-09-15 13:30:00+05:30,943.90975,BE,0.5274165510972986,0.6582068248327096,30.75806427001953,87.61384582519531,90.22132110595703,6.550113969615339,3.1344336572305784,0.003154682317308495,12.545217334952753,50000,5.0,250000.0,1645.5170620817742,1318.5413777432466,2.6370827554864933,3.2910341241635486
2025-09-15,REPCOHOME,LONG,B_HUGE_GREEN_PULLBACK_HOLD_THEN_BREAK,HUGE,2025-09-15 09:55:00+05:30,2025-09-15 10:30:00+05:30,380.7761522094727,377.92033106790166,386.48779449261474,2025-09-15 11:00:00+05:30,377.92033106790166,SL,-0.8789605197401104,-0.7499999999999953,38.19183349609375,66.20111846923828,68.7698745727539,1.8313888636933224,2.918232081298644,0.00451009130173165,7.114994611041215,50000,5.0,250000.0,-1874.9999999999884,-2197.4012993502756,-4.394802598700552,-3.749999999999977
2025-09-15,SANDUMA,LONG,B_HUGE_GREEN_PULLBACK_HOLD_THEN_BREAK,HUGE,2025-09-15 09:40:00+05:30,2025-09-15 10:00:00+05:30,160.6999938964844,159.49474394226075,163.11049380493165,2025-09-15 10:05:00+05:30,161.86295608520507,BE,0.5928099193120496,0.7236852724896873,29.86773681640625,84.69387817382812,85.29772186279297,2.2976166676926075,3.9318992107363333,0.004184384383938206,8.056950217598516,50000,5.0,250000.0,1809.2131812242183,1482.024798280124,2.9640495965602485,3.618426362448437
2025-09-16,ARVINDFASN,LONG,B_HUGE_GREEN_PULLBACK_HOLD_THEN_BREAK,HUGE,2025-09-16 09:30:00+05:30,2025-09-16 09:50:00+05:30,569.1138,564.8454465,577.650507,2025-09-16 10:10:00+05:30,564.8454465,SL,-0.8789605197401116,-0.7499999999999981,31.215471267700195,86.0655746459961,87.35042572021484,1.8916693632469996,4.467611373085984,0.0029313706028886643,8.702391360854445,50000,5.0,250000.0,-1874.9999999999955,-2197.401299350279,-4.394802598700558,-3.7499999999999907
2025-09-16,BIGBLOC,LONG,B_HUGE_GREEN_PULLBACK_HOLD_THEN_BREAK,HUGE,2025-09-16 09:30:00+05:30,2025-09-16 10:10:00+05:30,58.59000091552734,58.15057590866089,59.46885092926024,2025-09-16 10:20:00+05:30,59.52090076065063,BE,1.4568379075739482,1.588837396444874,29.67403221130371,80.16877746582031,63.87337112426758,0.9541593474014834,2.4725832714021707,0.0067231197514516896,5.009619342182228,50000,5.0,250000.0,3972.093491112185,3642.0947689348704,7.284189537869741,7.9441869822243705
2025-09-16,FORCEMOT,LONG,B_HUGE_GREEN_PULLBACK_HOLD_THEN_BREAK,HUGE,2025-09-16 11:00:00+05:30,2025-09-16 13:00:00+05:30,19852.9698,19704.0725265,20150.764346999997,2025-09-16 14:15:00+05:30,19704.0725265,SL,-0.8789605197401077,-0.7499999999999942,62.1948127746582,85.26011657714844,86.65558624267578,331.55297121907256,4.241613939533029,0.0027722162328661635,404.16242027418144,50000,5.0,250000.0,-1874.9999999999857,-2197.4012993502693,-4.394802598700538,-3.7499999999999716
2025-09-16,MTARTECH,LONG,B_HUGE_GREEN_PULLBACK_HOLD_THEN_BREAK,HUGE,2025-09-16 09:50:00+05:30,2025-09-16 13:00:00+05:30,1703.6407088378905,1690.8634035216064,1729.1953194704588,2025-09-16 13:15:00+05:30,1720.822,BE,0.8772589466717267,1.0085043796487625,43.507545471191406,69.16058349609375,59.25213623046875,3.4530024573234623,2.634316942366196,0.007705795227522625,9.166706984858845,50000,5.0,250000.0,2521.260949121906,2193.1473666793167,4.386294733358633,5.042521898243812
2025-09-16,MVGJL,LONG,B_HUGE_GREEN_PULLBACK_HOLD_THEN_BREAK,HUGE,2025-09-16 11:30:00+05:30,2025-09-16 13:00:00+05:30,199.88999633789064,198.39082136535646,202.88834628295896,2025-09-16 13:10:00+05:30,201.05502365112304,BE,0.45214188778781755,0.5828342261125754,27.395462036132812,76.79012298583984,77.99003601074219,3.532783906154786,3.7455492593354407,0.0024944786003723274,8.985813435308199,50000,5.0,250000.0,1457.0855652814384,1130.3547194695439,2.260709438939088,2.914171130562877
2025-09-16,TIMETECHNO,LONG,A_MOD_BREAK_C1_HIGH,MODERATE,2025-09-16 09:30:00+05:30,2025-09-16 09:35:00+05:30,244.7499969482422,242.9143719711304,248.4212469024658,2025-09-16 09:50:00+05:30,246.259,BE,0.4858126067168462,0.6165487520218027,25.912622451782227,62.68656539916992,76.37130737304688,0.7405736840182237,2.0620764445699815,0.00443873390481635,3.920926480774728,50000,5.0,250000.0,1541.3718800545068,1214.5315167921153,2.4290630335842307,3.0827437601090137
2025-09-17,DEN,LONG,A_MOD_BREAK_C1_HIGH,MODERATE,2025-09-17 09:30:00+05:30,2025-09-17 09:35:00+05:30,37.05,36.772124999999996,37.60574999999999,2025-09-17 09:45:00+05:30,37.18809923934936,BE,0.24231813906243865,0.3727374881224444,39.40321350097656,86.23853302001953,69.43797302246094,1.5066489262946707,3.7637203576094906,0.0046344571055153055,7.450173869711509,50000,5.0,250000.0,931.843720306111,605.7953476560966,1.2115906953121933,1.8636874406122221
2025-09-17,HARSHA,LONG,A_MOD_BREAK_C1_HIGH,MODERATE,2025-09-17 10:10:00+05:30,2025-09-17 10:15:00+05:30,421.0842,417.92606850000004,427.40046299999995,2025-09-17 10:20:00+05:30,423.725,BE,0.49639306903661434,0.627142979955081,34.84926223754883,70.68273162841797,71.73332977294922,1.3618737665538807,1.1569254032407132,0.0040210383521689375,4.45359072234004,50000,5.0,250000.0,1567.8574498877024,1240.982672591536,2.481965345183072,3.1357148997754045
2025-09-17,MAHABANK,LONG,B_HUGE_GREEN_PULLBACK_HOLD_THEN_BREAK,HUGE,2025-09-17 10:00:00+05:30,2025-09-17 10:20:00+05:30,56.0599983215332,55.639548334121706,56.900898296356196,2025-09-17 10:25:00+05:30,56.62959923934937,BE,0.8848006501965568,1.0160558952378314,53.0213508605957,83.78378295898438,77.89163208007812,2.7085964686502493,3.7306076958247387,0.0034092650958089813,9.427226540622122,50000,5.0,250000.0,2540.139738094578,2212.001625491392,4.424003250982785,5.0802794761891565
2025-09-17,NEOGEN,LONG,A_MOD_BREAK_C1_HIGH,MODERATE,2025-09-17 09:35:00+05:30,2025-09-17 09:40:00+05:30,1553.2106044189454,1541.5615248858035,1576.5087634852296,2025-09-17 10:00:00+05:30,1570.0756486816406,BE,0.9544723630127008,1.085818253797228,31.374547958374023,67.05607604980469,73.32736206054688,0.5360241476280919,2.239910693635739,0.004470897775980189,4.525167526569137,50000,5.0,250000.0,2714.5456344930703,2386.180907531752,4.772361815063504,5.429091268986141
2025-09-17,ONMOBILE,LONG,A_MOD_BREAK_C1_HIGH,MODERATE,2025-09-17 09:35:00+05:30,2025-09-17 09:40:00+05:30,59.9500015258789,59.50037651443481,60.84925154876708,2025-09-17 09:45:00+05:30,63.808,BE,6.297063273575152,6.435360093286563,30.355224609375,79.37915802001953,82.58064270019531,2.127697641714691,4.116919730273764,0.00808129101118782,8.435418889335235,50000,5.0,250000.0,16088.400233216407,15742.658183937881,31.485316367875765,32.176800466432816
2025-09-17,PREMEXPLN,LONG,B_HUGE_GREEN_PULLBACK_HOLD_THEN_BREAK,HUGE,2025-09-17 13:00:00+05:30,2025-09-17 13:20:00+05:30,596.36925,591.896480625,605.3147887499999,2025-09-17 13:40:00+05:30,599.6955,BE,0.4270903399649684,0.5577500852030974,31.625070571899414,80.03597259521484,83.20940399169922,2.673833186563222,3.7144305528292545,0.006067685061280833,8.489391855250599,50000,5.0,250000.0,1394.3752130077437,1067.7258499124212,2.1354516998248423,2.788750426015487
2025-09-17,SCI,LONG,B_HUGE_GREEN_PULLBACK_HOLD_THEN_BREAK,HUGE,2025-09-17 09:30:00+05:30,2025-09-17 09:50:00+05:30,220.88999633789064,219.23332136535646,224.20334628295896,2025-09-17 09:55:00+05:30,222.2213293914795,BE,0.47199498136774026,0.6027131493779095,45.76924133300781,61.03678894042969,66.94554901123047,1.6877501046849122,4.028465585396038,0.0038072789520179804,7.700038994085209,50000,5.0,250000.0,1506.782873444774,1179.9874534193507,2.3599749068387013,3.013565746889548
2025-09-17,SPAL,LONG,B_HUGE_GREEN_PULLBACK_HOLD_THEN_BREAK,HUGE,2025-09-17 11:20:00+05:30,2025-09-17 14:00:00+05:30,767.6035022094727,761.8464759429017,779.1175547426147,2025-09-17 14:30:00+05:30,765.0999755859375,EOD,-0.4556596622186111,-0.3261484107783574,61.99266052246094,82.86713409423828,91.94444274902344,2.8745507997562876,4.312816956589862,0.0023268150892968697,10.048997209305607,50000,5.0,250000.0,-815.3710269458935,-1139.1491555465277,-2.2782983110930553,-1.6307420538917872
2025-09-17,UTKARSHBNK,LONG,B_HUGE_GREEN_PULLBACK_HOLD_THEN_BREAK,HUGE,2025-09-17 10:40:00+05:30,2025-09-17 13:45:00+05:30,18.990000534057618,18.847575530052186,19.27485054206848,2025-09-17 14:30:00+05:30,18.920000076293945,EOD,-0.49807353000910554,-0.3686174607427223,63.5417594909668,86.84210205078125,90.63491821289062,3.7991291712773703,3.7322889658323724,0.004041701241143336,10.952156325903822,50000,5.0,250000.0,-921.5436518568057,-1245.1838250227638,-2.4903676500455276,-1.8430873037136113
2025-09-18,BANCOINDIA,LONG,B_HUGE_GREEN_PULLBACK_HOLD_THEN_BREAK,HUGE,2025-09-18 09:55:00+05:30,2025-09-18 10:35:00+05:30,788.9577477905274,783.0405646820984,800.7921140073852,2025-09-18 10:40:00+05:30,803.7814121704101,BE,1.7465156758355824,1.8788920473113246,43.69386291503906,80.21680450439453,76.61598205566406,2.261042657177592,3.4753975795095604,0.01130987133762366,7.847851478783259,50000,5.0,250000.0,4697.230118278312,4366.289189588956,8.732578379177912,9.394460236556625
2025-09-18,LANDMARK,LONG,A_MOD_BREAK_C1_HIGH,MODERATE,2025-09-18 09:30:00+05:30,2025-09-18 09:35:00+05:30,660.9321477905273,655.9751566820984,670.8461300073851,2025-09-18 10:25:00+05:30,655.9751566820984,SL,-0.8789605197401095,-0.7499999999999994,25.3632755279541,76.58863067626953,89.61904907226562,0.9590448776129118,3.9609044305438017,0.004902066839154719,6.171705311999247,50000,5.0,250000.0,-1874.9999999999986,-2197.401299350274,-4.394802598700548,-3.749999999999997
2025-09-18,LAOPALA,LONG,B_HUGE_GREEN_PULLBACK_HOLD_THEN_BREAK,HUGE,2025-09-18 09:50:00+05:30,2025-09-18 10:15:00+05:30,254.2308286743164,252.32409745925904,258.0442911044311,2025-09-18 10:20:00+05:30,257.226,BE,1.0466648175213262,1.1781306544536259,69.2813949584961,90.80000305175781,73.80146789550781,1.250980077749279,3.1967678518062415,0.00571101398889995,7.943930035388659,50000,5.0,250000.0,2945.3266361340648,2616.6620438033156,5.233324087606631,5.890653272268129
2025-09-18,NORTHARC,LONG,B_HUGE_GREEN_PULLBACK_HOLD_THEN_BREAK,HUGE,2025-09-18 11:25:00+05:30,2025-09-18 14:05:00+05:30,276.54528823242185,274.4711985706787,280.69346755590817,2025-09-18 14:30:00+05:30,276.010009765625,EOD,-0.32324259377469317,-0.1935590623214596,48.780723571777344,88.65638732910156,92.62460327148438,3.1251232081588376,3.8513306253887207,0.004817359839499292,9.710420571537128,50000,5.0,250000.0,-483.897655803649,-808.1064844367329,-1.6162129688734657,-0.967795311607298
2025-09-18,SHALPAINTS,LONG,B_HUGE_GREEN_PULLBACK_HOLD_THEN_BREAK,HUGE,2025-09-18 11:20:00+05:30,2025-09-18 13:00:00+05:30,77.66000061035156,77.07755060577392,78.82490061950682,2025-09-18 13:05:00+05:30,83.64830152130126,BE,7.570966285071334,7.710920504617539,46.69767379760742,90.4428939819336,84.81147003173828,4.013731316798058,4.939779136906353,0.0064296799445793355,11.640474199008924,50000,5.0,250000.0,19277.301261543846,18927.415712678336,37.85483142535667,38.55460252308769
2025-09-19,AVANTIFEED,LONG,B_HUGE_GREEN_PULLBACK_HOLD_THEN_BREAK,HUGE,2025-09-19 09:30:00+05:30,2025-09-19 09:50:00+05:30,740.6481,735.09323925,751.7578215,2025-09-19 10:05:00+05:30,735.09323925,SL,-0.8789605197401107,-0.7499999999999984,34.35333251953125,88.02520751953125,91.51062774658203,1.320734889110931,4.736494479508305,0.00429652813608959,7.365319668557339,50000,5.0,250000.0,-1874.9999999999961,-2197.4012993502765,-4.394802598700553,-3.749999999999992
2025-09-19,FACT,LONG,B_HUGE_GREEN_PULLBACK_HOLD_THEN_BREAK,HUGE,2025-09-19 10:35:00+05:30,2025-09-19 11:30:00+05:30,1003.6507022094727,996.1233219429017,1018.7054627426147,2025-09-19 14:30:00+05:30,997.75,EOD,-0.7170949993095469,-0.587923885917946,28.48663902282715,68.64274597167969,83.23954010009766,2.6830259720606815,2.1585218375503517,0.003646460724338873,6.833423963051185,50000,5.0,250000.0,-1469.809714794865,-1792.7374982738672,-3.585474996547734,-2.93961942958973
2025-09-19,JUNIPER,LONG,B_HUGE_GREEN_PULLBACK_HOLD_THEN_BREAK,HUGE,2025-09-19 10:15:00+05:30,2025-09-19 10:40:00+05:30,311.01220220947266,308.67961069290163,315.6773852426147,2025-09-19 10:45:00+05:30,308.67961069290163,SL,-0.8789605197401024,-0.7499999999999947,45.82170104980469,74.5762710571289,53.03944778442383,0.9418422391761775,1.4070457184097513,0.0054989673954851034,4.889524782491168,50000,5.0,250000.0,-1874.9999999999868,-2197.4012993502556,-4.394802598700511,-3.7499999999999734
2025-09-19,POWERMECH,LONG,B_HUGE_GREEN_PULLBACK_HOLD_THEN_BREAK,HUGE,2025-09-19 09:35:00+05:30,2025-09-19 10:05:00+05:30,3098.5194823242186,3075.280586206787,3144.9972745590817,2025-09-19 10:10:00+05:30,3110.64,BE,0.26072795822050615,0.39117125920697954,44.926998138427734,85.21241760253906,86.14080047607422,1.6826502592284094,4.548938191363114,0.005680227497681382,8.553582786772004,50000,5.0,250000.0,977.9281480174488,651.8198955512654,1.3036397911025308,1.9558562960348975
2025-09-22,CANTABIL,LONG,B_HUGE_GREEN_PULLBACK_HOLD_THEN_BREAK,HUGE,2025-09-22 10:55:00+05:30,2025-09-22 11:15:00+05:30,271.2042238952637,269.1701922160492,275.2722872536926,2025-09-22 11:25:00+05:30,272.97858782958986,BE,0.5234686603201231,0.6542537976884225,26.006296157836914,82.13058471679688,88.19000244140625,4.006388721924738,4.495135501656071,0.005136940731836202,10.277541118244894,50000,5.0,250000.0,1635.6344942210562,1308.6716508003078,2.6173433016006156,3.2712689884421122
2025-09-22,EKC,LONG,A_MOD_BREAK_C1_HIGH,MODERATE,2025-09-22 09:30:00+05:30,2025-09-22 09:35:00+05:30,141.9499938964844,140.88536894226075,144.07924380493165,2025-09-22 09:40:00+05:30,143.05953547668457,BE,0.6506919098433002,0.7816425698540774,31.662866592407227,82.8125,83.54586029052734,2.175296363703595,2.1239194733073576,0.003714890098808997,5.853473987917348,50000,5.0,250000.0,1954.1064246351934,1626.7297746082504,3.253459549216501,3.908212849270387
2025-09-22,UNIECOM,LONG,B_HUGE_GREEN_PULLBACK_HOLD_THEN_BREAK,HUGE,2025-09-22 10:25:00+05:30,2025-09-22 13:15:00+05:30,149.9999969482422,148.8749969711304,152.24999690246582,2025-09-22 13:20:00+05:30,150.7264526977539,BE,0.35373953002169345,0.48430384286098704,35.179298400878906,83.19039154052734,89.80341339111328,3.6985287512685723,4.318901072401925,0.009039477529665932,10.58660593927781,50000,5.0,250000.0,1210.7596071524677,884.3488250542337,1.7686976501084675,2.4215192143049356
2025-09-22,VADILALIND,LONG,B_HUGE_GREEN_PULLBACK_HOLD_THEN_BREAK,HUGE,2025-09-22 09:35:00+05:30,2025-09-22 09:55:00+05:30,5903.1804,5858.9065470000005,5991.728106,2025-09-22 10:00:00+05:30,5982.0,BE,1.2035357475577535,1.3352056799754892,40.41180419921875,80.18372344970703,73.79166412353516,1.6701325672064118,3.3728865364302485,0.009154071091791876,7.448254137428611,50000,5.0,250000.0,3338.014199938723,3008.839368894384,6.017678737788767,6.6760283998774455
2025-09-22,VENUSPIPES,LONG,B_HUGE_GREEN_PULLBACK_HOLD_THEN_BREAK,HUGE,2025-09-22 09:30:00+05:30,2025-09-22 09:50:00+05:30,1434.2868,1423.529649,1455.801102,2025-09-22 10:35:00+05:30,1450.635,BE,1.0083978282118515,1.1398138782285319,37.25822067260742,80.99173736572266,76.99469757080078,1.1557872420757964,4.592531118480524,0.0054246386498621344,7.592128642892563,50000,5.0,250000.0,2849.53469557133,2520.9945705296286,5.041989141059258,5.699069391142659
2025-09-24,AGARIND,LONG,B_HUGE_GREEN_PULLBACK_HOLD_THEN_BREAK,HUGE,2025-09-24 10:10:00+05:30,2025-09-24 10:30:00+05:30,982.9965477905273,975.6240736820984,997.7414960073851,2025-09-24 12:05:00+05:30,975.6240736820984,SL,-0.8789605197401175,-0.7499999999999991,29.771703720092773,68.43629455566406,94.20697021484375,2.675727490743535,3.8167105507189474,0.005446433031652405,8.327922993798454,50000,5.0,250000.0,-1874.9999999999977,-2197.4012993502934,-4.394802598700586,-3.7499999999999956
2025-09-24,GULPOLY,LONG,B_HUGE_GREEN_PULLBACK_HOLD_THEN_BREAK,HUGE,2025-09-24 10:10:00+05:30,2025-09-24 10:35:00+05:30,158.35999755859376,157.17229757690433,160.73539752197266,2025-09-24 11:00:00+05:30,157.17229757690433,SL,-0.8789605197401,-0.7499999999999879,30.628835678100586,82.2727279663086,89.82032775878906,2.4379931639536583,4.267942223456385,0.0027954439978611027,8.514255954537818,50000,5.0,250000.0,-1874.9999999999698,-2197.40129935025,-4.3948025987005,-3.7499999999999396
2025-09-24,KAYNES,LONG,B_HUGE_GREEN_PULLBACK_HOLD_THEN_BREAK,HUGE,2025-09-24 09:55:00+05:30,2025-09-24 10:15:00+05:30,7435.4868,7379.720649,7547.019101999999,2025-09-24 10:50:00+05:30,7379.720649,SL,-0.8789605197401176,-0.7499999999999974,34.06862258911133,86.8194808959961,91.58454895019531,2.2994012640872605,3.617552209760424,0.003292531874071233,8.497071758834146,50000,5.0,250000.0,-1874.9999999999936,-2197.401299350294,-4.394802598700587,-3.7499999999999876
2025-09-25,AWL,LONG,B_HUGE_GREEN_PULLBACK_HOLD_THEN_BREAK,HUGE,2025-09-25 13:30:00+05:30,2025-09-25 14:00:00+05:30,258.40167610473634,256.4636635339508,262.27770124630734,2025-09-25 14:30:00+05:30,258.6000061035156,EOD,-0.053282163347293174,0.07675259764913378,34.014102935791016,81.0526351928711,85.13438415527344,4.141581628539035,2.2976398756316563,0.0023800298060720876,9.114383527237518,50000,5.0,250000.0,191.88149412283445,-133.20540836823292,-0.2664108167364658,0.3837629882456689
2025-09-25,GREAVESCOT,LONG,A_MOD_BREAK_C1_HIGH,MODERATE,2025-09-25 10:00:00+05:30,2025-09-25 10:05:00+05:30,228.4499938964844,226.73661894226078,231.87674380493164,2025-09-25 10:10:00+05:30,230.70579391479492,BE,0.8562190511293274,0.9874371103431456,31.197561264038086,68.28610229492188,64.34010314941406,1.6799109708295759,1.6180848512775063,0.007371553726363601,4.805070594967692,50000,5.0,250000.0,2468.592775857864,2140.5476278233186,4.281095255646637,4.937185551715729
2025-09-25,SHARDACROP,LONG,B_HUGE_GREEN_PULLBACK_HOLD_THEN_BREAK,HUGE,2025-09-25 09:50:00+05:30,2025-09-25 10:20:00+05:30,868.0235455810547,861.5133689891968,881.0438987647705,2025-09-25 11:10:00+05:30,872.375,BE,0.370719630325379,0.5013060349684924,34.782257080078125,62.607627868652344,52.757469177246094,1.3647511276466677,1.6360989130126824,0.006508184996233813,5.3459796687668115,50000,5.0,250000.0,1253.2650874212309,926.7990758134476,1.8535981516268951,2.506530174842462
2025-09-25,SOLARA,LONG,B_HUGE_GREEN_PULLBACK_HOLD_THEN_BREAK,HUGE,2025-09-25 10:50:00+05:30,2025-09-25 11:15:00+05:30,665.133,660.1445025,675.109995,2025-09-25 11:20:00+05:30,678.3089256591796,BE,1.8484370398528123,1.9809460151848721,28.32889747619629,80.7203369140625,66.30838775634766,3.0959044340217123,2.974219781626277,0.009205155623586554,8.362454005013795,50000,5.0,250000.0,4952.36503796218,4621.092599632031,9.242185199264062,9.90473007592436
2025-09-29,DHANUKA,LONG,B_HUGE_GREEN_PULLBACK_HOLD_THEN_BREAK,HUGE,2025-09-29 09:35:00+05:30,2025-09-29 10:00:00+05:30,1552.0102911621093,1540.3702139783936,1575.2904455295409,2025-09-29 10:50:00+05:30,1540.3702139783936,SL,-0.8789605197400993,-0.7499999999999907,27.342220306396484,63.31269454956055,89.07876586914062,2.618988784470762,3.309445208883102,0.005661341241804304,7.540714870336631,50000,5.0,250000.0,-1874.9999999999768,-2197.401299350248,-4.394802598700496,-3.7499999999999534
2025-09-29,INDIAGLYCO,LONG,B_HUGE_GREEN_PULLBACK_HOLD_THEN_BREAK,HUGE,2025-09-29 09:40:00+05:30,2025-09-29 10:00:00+05:30,864.42285,857.939678625,877.38919275,2025-09-29 10:25:00+05:30,857.939678625,SL,-0.8789605197401139,-0.7499999999999981,29.530975341796875,79.60057067871094,87.76903533935547,2.6476793883148733,3.0294829357545647,0.005284235321158724,8.080929788409623,50000,5.0,250000.0,-1874.9999999999955,-2197.4012993502847,-4.394802598700569,-3.7499999999999907
2025-09-29,MOLDTECH,LONG,B_HUGE_GREEN_PULLBACK_HOLD_THEN_BREAK,HUGE,2025-09-29 13:00:00+05:30,2025-09-29 13:25:00+05:30,181.9999969482422,180.6349969711304,184.7299969024658,2025-09-29 13:35:00+05:30,180.6349969711304,SL,-0.8789605197401024,-0.7499999999999951,38.231040954589844,81.5721664428711,79.58574676513672,3.9402783802402697,3.690759064925048,0.0050770015338300846,10.34023055383383,50000,5.0,250000.0,-1874.9999999999877,-2197.4012993502556,-4.394802598700511,-3.7499999999999756
2025-09-29,USHAMART,LONG,B_HUGE_GREEN_PULLBACK_HOLD_THEN_BREAK,HUGE,2025-09-29 09:35:00+05:30,2025-09-29 10:05:00+05:30,469.0938,465.5755965,476.1302069999999,2025-09-29 11:15:00+05:30,465.5755965,SL,-0.8789605197401188,-0.7499999999999937,26.433910369873047,86.2595443725586,82.77973175048828,1.1293436345685153,4.303031529505336,0.007615883875155507,7.2932111629673475,50000,5.0,250000.0,-1874.999999999984,-2197.401299350297,-4.394802598700593,-3.749999999999968
2025-09-30,BLISSGVS,LONG,A_MOD_BREAK_C1_HIGH,MODERATE,2025-09-30 09:55:00+05:30,2025-09-30 10:00:00+05:30,155.38999633789064,154.22457136535647,157.72084628295897,2025-09-30 10:05:00+05:30,164.9636266937256,BE,6.023093528847647,6.161033902734249,50.9444694519043,85.35800170898438,90.84967041015625,2.2617972748037705,3.518098027366246,0.010129853744395336,8.264534809860645,50000,5.0,250000.0,15402.584756835622,15057.733822119118,30.115467644238237,30.805169513671242
2025-09-30,TI,LONG,B_HUGE_GREEN_PULLBACK_HOLD_THEN_BREAK,HUGE,2025-09-30 10:00:00+05:30,2025-09-30 11:30:00+05:30,455.64109779052734,452.2237895570984,462.4757142573852,2025-09-30 12:00:00+05:30,452.2237895570984,SL,-0.8789605197401095,-0.7499999999999906,27.8998966217041,80.73394775390625,94.20289611816406,3.6376695958042906,3.7924142502730036,0.003921012924473368,9.214187786887653,50000,5.0,250000.0,-1874.9999999999766,-2197.401299350274,-4.394802598700548,-3.7499999999999534
2025-10-01,GREENPANEL,LONG,A_MOD_BREAK_C1_HIGH,MODERATE,2025-10-01 09:50:00+05:30,2025-10-01 09:55:00+05:30,287.25745220947266,285.1030213179016,291.5663139926147,2025-10-01 10:00:00+05:30,290.127,BE,0.8677133211554104,0.9989463348838832,56.01950454711914,90.0,91.74879455566406,0.8959495535060519,4.407441621205154,0.011129625353443907,8.034024584901854,50000,5.0,250000.0,2497.365837209708,2169.283302888526,4.338566605777052,4.994731674419415
2025-10-01,GRWRHITECH,LONG,B_HUGE_GREEN_PULLBACK_HOLD_THEN_BREAK,HUGE,2025-10-01 13:40:00+05:30,2025-10-01 14:10:00+05:30,3020.604,2997.94947,3065.9130599999994,2025-10-01 14:20:00+05:30,3030.5808513183592,BE,0.19992905739226338,0.3302932565261591,35.97565460205078,83.33333587646484,92.16706848144531,6.012037899855506,3.5918732225382866,0.0020630813744677134,12.593608807002743,50000,5.0,250000.0,825.7331413153977,499.8226434806584,0.9996452869613169,1.6514662826307955
2025-10-01,SUNTECK,LONG,B_HUGE_GREEN_PULLBACK_HOLD_THEN_BREAK,HUGE,2025-10-01 13:10:00+05:30,2025-10-01 13:30:00+05:30,432.03640220947267,428.7961291929016,438.5169482426147,2025-10-01 13:40:00+05:30,436.1875,BE,0.829637827364015,0.9608213033203328,27.915048599243164,79.43925476074219,94.99320983886719,3.450310804562906,4.542641226431621,0.0026822969261710164,10.321227813686214,50000,5.0,250000.0,2402.053258300832,2074.0945684100375,4.148189136820075,4.804106516601664
2025-10-01,VMART,LONG,B_HUGE_GREEN_PULLBACK_HOLD_THEN_BREAK,HUGE,2025-10-01 09:35:00+05:30,2025-10-01 10:15:00+05:30,722.9445477905274,717.5224636820984,733.7887160073852,2025-10-01 10:55:00+05:30,726.8628378295898,BE,0.41135113110749144,0.5419903989922246,26.695829391479492,81.42414855957031,91.35802459716797,1.5245232019272676,3.3206462250099946,0.004082056784702922,6.39380790520646,50000,5.0,250000.0,1354.9759974805615,1028.3778277687286,2.0567556555374575,2.709951994961123
2025-10-03,CRISIL,LONG,B_HUGE_GREEN_PULLBACK_HOLD_THEN_BREAK,HUGE,2025-10-03 09:40:00+05:30,2025-10-03 13:05:00+05:30,4543.308382324219,4509.233569456787,4611.458008059081,2025-10-03 13:15:00+05:30,4558.9820947265625,BE,0.21460127105976337,0.34498455934275996,38.610774993896484,69.23688507080078,61.40525817871094,1.9904002669755225,2.413740186564011,0.0038210078231208063,7.169126552873788,50000,5.0,250000.0,862.4613983568998,536.5031776494085,1.073006355298817,1.7249227967137997
2025-10-03,JUBLINGREA,LONG,B_HUGE_GREEN_PULLBACK_HOLD_THEN_BREAK,HUGE,2025-10-03 09:45:00+05:30,2025-10-03 10:35:00+05:30,663.1825977905273,658.2087283070985,673.1303367573852,2025-10-03 10:40:00+05:30,667.99,BE,0.5940217971806445,0.7248987270608613,38.41530990600586,83.88278198242188,94.91080474853516,2.981553316002951,4.564270969357239,0.004466983126729637,9.833478142384646,50000,5.0,250000.0,1812.2468176521534,1485.0544929516113,2.970108985903223,3.6244936353043067
2025-10-03,KIOCL,LONG,B_HUGE_GREEN_PULLBACK_HOLD_THEN_BREAK,HUGE,2025-10-03 09:45:00+05:30,2025-10-03 10:05:00+05:30,464.7929522094727,461.3070050679016,471.7648464926147,2025-10-03 10:10:00+05:30,495.3095878295898,BE,6.427174681601559,6.5656407815676,54.23054122924805,86.81591796875,74.0829086303711,3.109186463249954,2.925579246775632,0.009571113333796823,8.789578889160294,50000,5.0,250000.0,16414.101953919,16067.936704003898,32.1358734080078,32.828203907837995
2025-10-03,MINDACORP,LONG,B_HUGE_GREEN_PULLBACK_HOLD_THEN_BREAK,HUGE,2025-10-03 09:50:00+05:30,2025-10-03 13:00:00+05:30,588.9177477905273,584.5008646820984,597.7515140073851,2025-10-03 14:30:00+05:30,588.2000122070312,EOD,-0.25165033079522053,-0.12187365488454305,39.31140899658203,62.64044952392578,59.10260772705078,2.155907168162454,2.719658099446401,0.005073328411957728,6.934712206596206,50000,5.0,250000.0,-304.6841372113576,-629.1258269880512,-1.2582516539761024,-0.6093682744227152
2025-10-03,NAVNETEDUL,LONG,B_HUGE_GREEN_PULLBACK_HOLD_THEN_BREAK,HUGE,2025-10-03 09:35:00+05:30,2025-10-03 13:00:00+05:30,158.43999938964845,157.25169939422608,160.81659938049316,2025-10-03 13:15:00+05:30,159.61970608520508,BE,0.6136738086025745,0.7445763065521114,46.70383834838867,79.01023864746094,76.20513153076172,3.1860653715424747,3.867346237035843,0.004736270945684507,9.910161722100737,50000,5.0,250000.0,1861.4407663802785,1534.184521506436,3.0683690430128725,3.722881532760557
2025-10-03,NOCIL,LONG,B_HUGE_GREEN_PULLBACK_HOLD_THEN_BREAK,HUGE,2025-10-03 09:30:00+05:30,2025-10-03 10:00:00+05:30,175.8299987792969,174.51127378845217,178.46744876098631,2025-10-03 10:55:00+05:30,176.44905574035644,BE,0.22168448266631627,0.3520769864968269,32.1181755065918,81.78571319580078,85.88964080810547,1.4472924240937994,3.6137373966238537,0.002374435821559351,7.3061930509430875,50000,5.0,250000.0,880.1924662420672,554.2112066657907,1.1084224133315814,1.7603849324841343
2025-10-03,PREMEXPLN,LONG,B_HUGE_GREEN_PULLBACK_HOLD_THEN_BREAK,HUGE,2025-10-03 13:20:00+05:30,2025-10-03 13:55:00+05:30,605.121,600.5825925,614.1978149999999,2025-10-03 14:00:00+05:30,611.161,BE,0.8669155022089879,0.998147477942422,41.88062286376953,76.8807373046875,90.70211791992188,4.557320103629628,3.052226815675869,0.005696502859661688,10.543439722404061,50000,5.0,250000.0,2495.368694856055,2167.28875552247,4.33457751104494,4.99073738971211
2025-10-03,PSPPROJECT,LONG,A_MOD_BREAK_C1_HIGH,MODERATE,2025-10-03 09:40:00+05:30,2025-10-03 09:45:00+05:30,766.0532044189453,760.3078053858032,777.5440024852294,2025-10-03 14:30:00+05:30,770.4500122070312,EOD,0.4432751269579876,0.5739559292648599,27.355398178100586,73.7122573852539,79.14171600341797,0.9820660473175463,3.692909601633321,0.004588439340408332,5.450508430397283,50000,5.0,250000.0,1434.88982316215,1108.187817394969,2.2163756347899377,2.8697796463242997
2025-10-03,SIYSIL,LONG,A_MOD_BREAK_C1_HIGH,MODERATE,2025-10-03 09:30:00+05:30,2025-10-03 09:35:00+05:30,666.1332,661.137201,676.125198,2025-10-03 09:40:00+05:30,679.5551756591797,BE,1.8823555740716753,2.014908678801729,29.839235305786133,76.64884185791016,92.86474609375,1.360998968469391,3.6524319077163963,0.00483161730093283,6.597305695807089,50000,5.0,250000.0,5037.271697004323,4705.888935179189,9.411777870358378,10.074543394008646
2025-10-03,WELENT,LONG,B_HUGE_GREEN_PULLBACK_HOLD_THEN_BREAK,HUGE,2025-10-03 11:25:00+05:30,2025-10-03 13:10:00+05:30,521.2542544189453,517.3448475108032,529.0730682352294,2025-10-03 14:30:00+05:30,523.9000244140625,EOD,0.3769830771746856,0.5075776308179083,35.850341796875,59.35672378540039,34.79096603393555,2.328530706836094,2.018138123196874,0.003843413691217365,6.310911348225656,50000,5.0,250000.0,1268.9440770447707,942.457692936714,1.8849153858734278,2.5378881540895413
2025-10-06,GRINDWELL,LONG,B_HUGE_GREEN_PULLBACK_HOLD_THEN_BREAK,HUGE,2025-10-06 09:35:00+05:30,2025-10-06 11:00:00+05:30,1698.3396,1685.602053,1723.814694,2025-10-06 14:30:00+05:30,1701.5,EOD,0.05591080972787841,0.18608763524091304,25.193309783935547,87.76041412353516,81.57341766357422,2.104982807252968,4.01635687059799,0.0040786136536908576,8.071835022042306,50000,5.0,250000.0,465.21908810228257,139.777024319696,0.27955404863939204,0.9304381762045651
2025-10-06,IXIGO,LONG,B_HUGE_GREEN_PULLBACK_HOLD_THEN_BREAK,HUGE,2025-10-06 09:40:00+05:30,2025-10-06 10:10:00+05:30,296.5593,294.33510525,301.00768949999997,2025-10-06 10:45:00+05:30,294.33510525,SL,-0.8789605197401139,-0.7499999999999936,35.07747268676758,84.0625,87.76671600341797,1.4022465539570452,4.170390058472305,0.00784252113952879,7.88579204543743,50000,5.0,250000.0,-1874.9999999999839,-2197.4012993502847,-4.394802598700569,-3.749999999999968
2025-10-06,RIIL,LONG,A_MOD_BREAK_C1_HIGH,MODERATE,2025-10-06 09:30:00+05:30,2025-10-06 09:35:00+05:30,904.1808,897.399444,917.7435119999999,2025-10-06 10:15:00+05:30,897.399444,SL,-0.8789605197401178,-0.7499999999999956,43.089378356933594,84.67023468017578,90.80378723144531,1.4574106970149432,3.831054263771156,0.004127950639299762,7.475099772825482,50000,5.0,250000.0,-1874.9999999999889,-2197.4012993502943,-4.394802598700589,-3.749999999999978
2025-10-06,SANSERA,LONG,B_HUGE_GREEN_PULLBACK_HOLD_THEN_BREAK,HUGE,2025-10-06 10:00:00+05:30,2025-10-06 11:05:00+05:30,1434.2868,1423.529649,1455.801102,2025-10-06 11:10:00+05:30,1445.65,BE,0.6612899318949907,0.7922543803652103,28.23447036743164,77.49577331542969,87.35042572021484,3.6490765691096563,4.080123805637324,0.004934014105990797,9.800307440502971,50000,5.0,250000.0,1980.635950913026,1653.224829737477,3.306449659474954,3.9612719018260516
2025-10-06,SRF,LONG,B_HUGE_GREEN_PULLBACK_HOLD_THEN_BREAK,HUGE,2025-10-06 09:45:00+05:30,2025-10-06 10:05:00+05:30,2944.5888,2922.5043840000003,2988.757632,2025-10-06 14:30:00+05:30,2945.0,EOD,-0.11598857900452673,0.013964598384671163,28.694169998168945,74.75727844238281,82.26128387451172,2.0365293291304423,2.73498585873685,0.0022552549351788345,6.603798369250698,50000,5.0,250000.0,34.91149596167791,-289.97144751131685,-0.5799428950226337,0.06982299192335582
2025-10-06,TATACHEM,LONG,B_HUGE_GREEN_PULLBACK_HOLD_THEN_BREAK,HUGE,2025-10-06 09:30:00+05:30,2025-10-06 10:25:00+05:30,940.0880044189453,933.0373443858032,954.1893244852293,2025-10-06 11:00:00+05:30,933.0373443858032,SL,-0.8789605197401108,-0.7500000000000004,38.05583572387695,89.74359130859375,88.21917724609375,1.3339300603073476,4.970351736371068,0.0038635758060218493,8.305474023965672,50000,5.0,250000.0,-1875.000000000001,-2197.401299350277,-4.394802598700554,-3.7500000000000018
2025-10-06,YATHARTH,LONG,B_HUGE_GREEN_PULLBACK_HOLD_THEN_BREAK,HUGE,2025-10-06 10:55:00+05:30,2025-10-06 11:15:00+05:30,780.4560477905274,774.6026274320984,792.1628885073852,2025-10-06 11:25:00+05:30,774.6026274320984,SL,-0.8789605197401169,-0.7499999999999973,50.99037170410156,70.84941864013672,79.22371673583984,3.64125210533869,3.189982953002307,0.004600141459661037,9.589184506484056,50000,5.0,250000.0,-1874.9999999999934,-2197.4012993502924,-4.3948025987005845,-3.7499999999999867
2025-10-07,ETERNAL,LONG,B_HUGE_GREEN_PULLBACK_HOLD_THEN_BREAK,HUGE,2025-10-07 09:45:00+05:30,2025-10-07 10:20:00+05:30,340.0180022094727,337.4678671929017,345.11827224261475,2025-10-07 13:35:00+05:30,337.4678671929017,SL,-0.8789605197401067,-0.7499999999999882,29.048694610595703,68.78048706054688,80.8484878540039,2.207119379626174,2.845157605181721,0.0036662451285528223,6.826839673559091,50000,5.0,250000.0,-1874.9999999999707,-2197.4012993502665,-4.394802598700533,-3.7499999999999414
2025-10-07,INDHOTEL,LONG,B_HUGE_GREEN_PULLBACK_HOLD_THEN_BREAK,HUGE,2025-10-07 10:00:00+05:30,2025-10-07 13:00:00+05:30,731.0462044189453,725.5633578858033,742.0118974852294,2025-10-07 14:30:00+05:30,730.0999755859375,EOD,-0.2592017388224158,-0.129434887601926,29.708410263061523,76.24113464355469,94.8377685546875,3.5304587790586472,3.462320311799983,0.0025164669173326475,9.3746443178797,50000,5.0,250000.0,-323.587219004815,-648.0043470560395,-1.296008694112079,-0.6471744380096299
2025-10-07,RAMKY,LONG,A_MOD_BREAK_C1_HIGH,MODERATE,2025-10-07 09:35:00+05:30,2025-10-07 09:40:00+05:30,624.87495,620.188387875,634.24807425,2025-10-07 09:45:00+05:30,641.9683243408203,BE,2.601997822132696,2.7354872108123924,37.486698150634766,90.0,91.58163452148438,2.026374154486732,4.878168849992877,0.008095428472907723,8.983674879587365,50000,5.0,250000.0,6838.718027030981,6504.99455533174,13.009989110663481,13.677436054061962
2025-10-07,RPEL,LONG,B_HUGE_GREEN_PULLBACK_HOLD_THEN_BREAK,HUGE,2025-10-07 10:45:00+05:30,2025-10-07 11:05:00+05:30,717.89355,712.5093483750001,728.6619532499999,2025-10-07 11:10:00+05:30,728.7571621704102,BE,1.3813609712772228,1.513262261572094,31.97625160217285,59.78947448730469,61.11111068725586,5.535335384268484,2.82459846550116,0.0036546021342361654,11.021366817019203,50000,5.0,250000.0,3783.1556539302355,3453.402428193057,6.906804856386114,7.566311307860471
2025-10-07,YATRA,LONG,B_HUGE_GREEN_PULLBACK_HOLD_THEN_BREAK,HUGE,2025-10-07 10:10:00+05:30,2025-10-07 10:35:00+05:30,159.05,157.85712500000002,161.43574999999998,2025-10-07 10:40:00+05:30,161.514,BE,1.4172503814110065,1.5491983652939318,51.145389556884766,68.71269989013672,81.7008056640625,2.5226399300565356,3.278551382345658,0.009580386874145093,8.246620350069369,50000,5.0,250000.0,3872.9959132348295,3543.1259535275162,7.086251907055033,7.745991826469659
2025-10-08,BALKRISIND,LONG,B_HUGE_GREEN_PULLBACK_HOLD_THEN_BREAK,HUGE,2025-10-08 10:30:00+05:30,2025-10-08 10:50:00+05:30,2308.4616,2291.148138,2343.088524,2025-10-08 11:30:00+05:30,2320.816648681641,BE,0.4045765723496626,0.5352070262568245,38.987220764160156,75.23961639404297,87.60926818847656,1.9304043732663205,2.988744686303391,0.003243096176211636,7.548685983534563,50000,5.0,250000.0,1338.017565642061,1011.4414308741565,2.0228828617483128,2.676035131284122
2025-10-08,DHAMPURSUG,LONG,B_HUGE_GREEN_PULLBACK_HOLD_THEN_BREAK,HUGE,2025-10-08 09:40:00+05:30,2025-10-08 10:00:00+05:30,144.85000305175782,143.76362802886965,147.02275309753418,2025-10-08 10:05:00+05:30,145.3526233062744,BE,0.2166077111475873,0.3469936098910468,39.883209228515625,78.82353210449219,94.27505493164062,2.2302558699861783,4.844347617145441,0.006016083032098598,9.128976147221252,50000,5.0,250000.0,867.484024727617,541.5192778689683,1.0830385557379367,1.734968049455234
2025-10-08,ECLERX,LONG,B_HUGE_GREEN_PULLBACK_HOLD_THEN_BREAK,HUGE,2025-10-08 09:30:00+05:30,2025-10-08 10:05:00+05:30,4092.1183088378907,4061.427421521607,4153.500083470459,2025-10-08 10:20:00+05:30,4061.427421521607,SL,-0.8789605197401051,-0.7499999999999909,33.764015197753906,76.68630981445312,93.5447998046875,1.888039046831308,3.4231530306240168,0.004493356703071486,7.404520080257331,50000,5.0,250000.0,-1874.9999999999773,-2197.401299350263,-4.394802598700526,-3.7499999999999547
2025-10-08,PCBL,LONG,B_HUGE_GREEN_PULLBACK_HOLD_THEN_BREAK,HUGE,2025-10-08 13:35:00+05:30,2025-10-08 14:00:00+05:30,392.0784,389.137812,397.95957599999997,2025-10-08 14:30:00+05:30,391.1499938964844,EOD,-0.3664182916338118,-0.23679093352646124,47.00593566894531,78.04878234863281,78.84346771240234,2.946978378568202,2.7248234468460435,0.004344000752465408,8.715185143301646,50000,5.0,250000.0,-591.9773338161532,-916.0457290845295,-1.8320914581690588,-1.1839546676323065
2025-10-08,RBLBANK,LONG,B_HUGE_GREEN_PULLBACK_HOLD_THEN_BREAK,HUGE,2025-10-08 13:15:00+05:30,2025-10-08 13:45:00+05:30,285.5571,283.41542175,289.84045649999996,2025-10-08 13:50:00+05:30,289.57866217041015,BE,1.2765566121987526,1.4083215477430482,35.22465133666992,78.04878234863281,75.4531478881836,7.1114981958833505,2.3207895448524183,0.002476492163583453,12.318704922602112,50000,5.0,250000.0,3520.8038693576204,3191.391530496882,6.382783060993763,7.041607738715242
2025-10-09,KSL,LONG,B_HUGE_GREEN_PULLBACK_HOLD_THEN_BREAK,HUGE,2025-10-09 10:50:00+05:30,2025-10-09 13:00:00+05:30,817.1634,811.0346745,829.420851,2025-10-09 13:15:00+05:30,820.4313243408203,BE,0.26945610058298536,0.3999107572390402,35.59009552001953,64.08317565917969,82.09996032714844,2.411090436665409,3.9026465821854,0.003591650766147457,8.246992409619859,50000,5.0,250000.0,999.7768930976004,673.6402514574635,1.3472805029149268,1.9995537861952006
2025-10-09,NYKAA,LONG,B_HUGE_GREEN_PULLBACK_HOLD_THEN_BREAK,HUGE,2025-10-09 10:00:00+05:30,2025-10-09 10:30:00+05:30,261.0322069885254,259.07446543611144,264.94769009335323,2025-10-09 11:50:00+05:30,262.181091217041,BE,0.30962429954555626,0.44013121666864496,25.650806427001953,68.2509536743164,76.9585189819336,2.254529507438741,1.762179128880588,0.00445829137586071,5.73170588793428,50000,5.0,250000.0,1100.3280416716123,774.0607488638906,1.548121497727781,2.2006560833432243
2025-10-10,ARMANFIN,LONG,B_HUGE_GREEN_PULLBACK_HOLD_THEN_BREAK,HUGE,2025-10-10 11:25:00+05:30,2025-10-10 13:00:00+05:30,1617.3234,1605.1934745,1641.5832509999998,2025-10-10 13:20:00+05:30,1622.6175,BE,0.19697677188670248,0.3273371299766065,34.947364807128906,80.2120132446289,91.14090728759766,3.280666873754983,3.6110133624682006,0.003932455418861296,8.8386552194864,50000,5.0,250000.0,818.3428249415163,492.4419297167562,0.9848838594335123,1.6366856498830327
2025-10-10,BANARISUG,LONG,B_HUGE_GREEN_PULLBACK_HOLD_THEN_BREAK,HUGE,2025-10-10 11:20:00+05:30,2025-10-10 13:00:00+05:30,3434.286817675781,3408.529666543213,3485.8011199409175,2025-10-10 13:20:00+05:30,3464.0765,BE,0.7363576410835992,0.8674197557086908,37.947784423828125,90.43035125732422,84.50662994384766,3.3813107125233373,4.879120829943125,0.0052388910935872385,10.39448142694149,50000,5.0,250000.0,2168.549389271727,1840.894102708998,3.6817882054179956,4.337098778543454
2025-10-10,CLEAN,LONG,B_HUGE_GREEN_PULLBACK_HOLD_THEN_BREAK,HUGE,2025-10-10 09:50:00+05:30,2025-10-10 10:45:00+05:30,1058.5117088378906,1050.5728710216065,1074.389384470459,2025-10-10 11:40:00+05:30,1063.1011486816406,BE,0.30307638489870153,0.4335747829174727,35.657100677490234,82.1276626586914,94.32125091552734,2.239331135983938,2.561867037180812,0.004034554681507623,7.3152001329400225,50000,5.0,250000.0,1083.9369572936819,757.6909622467539,1.5153819244935078,2.167873914587364
2025-10-10,HIRECT,LONG,B_HUGE_GREEN_PULLBACK_HOLD_THEN_BREAK,HUGE,2025-10-10 09:50:00+05:30,2025-10-10 10:15:00+05:30,1638.2276044189452,1625.9408973858033,1662.8010184852292,2025-10-10 10:20:00+05:30,1649.038,BE,0.5290911651534371,0.6598836176301064,28.01871109008789,61.14982604980469,63.642520904541016,1.5122655861049268,1.2157776275399659,0.005250552728167245,4.561938278502415,50000,5.0,250000.0,1649.709044075266,1322.7279128835928,2.6454558257671854,3.2994180881505324
2025-10-10,PSB,LONG,A_MOD_BREAK_C1_HIGH,MODERATE,2025-10-10 09:30:00+05:30,2025-10-10 09:35:00+05:30,29.590000915527344,29.36807590866089,30.03385092926025,2025-10-10 10:00:00+05:30,29.750480152130127,BE,0.4117030644940374,0.5423427902584851,33.20921325683594,69.64286041259766,72.61904907226562,1.1473475761114273,2.003077911857329,0.0031917978579519904,4.579844911542232,50000,5.0,250000.0,1355.8569756462127,1029.2576612350933,2.058515322470187,2.7117139512924253
2025-10-10,VPRPL,LONG,B_HUGE_GREEN_PULLBACK_HOLD_THEN_BREAK,HUGE,2025-10-10 10:20:00+05:30,2025-10-10 10:40:00+05:30,96.71999816894531,95.99459818267823,98.17079814147948,2025-10-10 10:45:00+05:30,99.14168243408203,BE,2.370620896679518,2.503809254531468,44.07935333251953,78.67459869384766,79.9084243774414,2.613743150412675,4.107236691893748,0.011266030338947389,9.398421423316849,50000,5.0,250000.0,6259.52313632867,5926.552241698794,11.853104483397589,12.519046272657341
2025-10-13,AKUMS,LONG,B_HUGE_GREEN_PULLBACK_HOLD_THEN_BREAK,HUGE,2025-10-13 11:10:00+05:30,2025-10-13 13:05:00+05:30,461.79235220947265,458.32890956790163,468.7192374926147,2025-10-13 14:30:00+05:30,463.0,EOD,0.1312383341187773,0.2615131638168724,30.56137466430664,79.23728942871094,80.10010528564453,2.218348351664555,3.325591758568079,0.004209447035229104,7.780053837299195,50000,5.0,250000.0,653.7829095421811,328.0958352969432,0.6561916705938865,1.307565819084362
2025-10-13,NAM-INDIA,LONG,B_HUGE_GREEN_PULLBACK_HOLD_THEN_BREAK,HUGE,2025-10-13 10:40:00+05:30,2025-10-13 11:05:00+05:30,895.179,888.4651575,908.6066849999999,2025-10-13 11:35:00+05:30,904.279,BE,0.8853005697861911,1.0165564652432668,27.185787200927734,83.95989990234375,89.57594299316406,3.1089242508704675,3.648020823215964,0.00385538300901885,8.405445721165185,50000,5.0,250000.0,2541.3911631081673,2213.2514244654776,4.426502848930955,5.082782326216335
2025-10-13,SWARAJENG,LONG,B_HUGE_GREEN_PULLBACK_HOLD_THEN_BREAK,HUGE,2025-10-13 13:30:00+05:30,2025-10-13 13:50:00+05:30,4370.874,4338.092445,4436.437109999999,2025-10-13 14:30:00+05:30,4386.0,EOD,0.21567882019163376,0.34606351041005085,40.24066162109375,83.06244659423828,79.17731475830078,5.246379553985105,4.276696192182196,0.003307151138987328,12.466378110666554,50000,5.0,250000.0,865.158776025127,539.1970504790844,1.0783941009581688,1.730317552050254
2025-10-15,ABREL,LONG,B_HUGE_GREEN_PULLBACK_HOLD_THEN_BREAK,HUGE,2025-10-15 09:35:00+05:30,2025-10-15 09:55:00+05:30,1649.3298,1636.9598265,1674.0697469999998,2025-10-15 10:00:00+05:30,1670.1743513183594,BE,1.132242304264357,1.263819481001279,41.784725189208984,77.8042984008789,84.06175994873047,2.350450607711822,4.469578550066601,0.003000871146597513,9.115638688936375,50000,5.0,250000.0,3159.548702503198,2830.605760660893,5.6612115213217855,6.319097405006397
2025-10-15,ANURAS,LONG,B_HUGE_GREEN_PULLBACK_HOLD_THEN_BREAK,HUGE,2025-10-15 11:15:00+05:30,2025-10-15 13:00:00+05:30,1121.9242911621093,1113.5098589783936,1138.753155529541,2025-10-15 14:05:00+05:30,1125.7126756591797,BE,0.20729467973904775,0.3376684618483778,39.72703170776367,92.26519012451172,90.14048767089844,3.876955794079109,3.37580294744072,0.0029574789814091106,9.759760856257664,50000,5.0,250000.0,844.1711546209444,518.2366993476194,1.0364733986952388,1.688342309241889
2025-10-15,BAJAJFINSV,LONG,B_HUGE_GREEN_PULLBACK_HOLD_THEN_BREAK,HUGE,2025-10-15 11:25:00+05:30,2025-10-15 13:20:00+05:30,2076.6151911621096,2061.040577228394,2107.764419029541,2025-10-15 14:30:00+05:30,2083.0,EOD,0.1771277667094272,0.3074623004331093,54.401580810546875,78.55152893066406,93.14847564697266,5.72412634718158,4.037573055545065,0.002286485497625858,13.09487004640551,50000,5.0,250000.0,768.6557510827732,442.81941677356804,0.885638833547136,1.5373115021655466
2025-10-15,BAJFINANCE,LONG,B_HUGE_GREEN_PULLBACK_HOLD_THEN_BREAK,HUGE,2025-10-15 13:05:00+05:30,2025-10-15 13:35:00+05:30,1055.211,1047.2969175,1071.039165,2025-10-15 14:30:00+05:30,1060.5,EOD,0.370640467215556,0.5012267688642355,46.09490203857422,76.37362670898438,88.32195281982422,7.555372562691887,3.8363806858967644,0.0020654860987259784,14.72485399211174,50000,5.0,250000.0,1253.0669221605888,926.60116803889,1.85320233607778,2.5061338443211776
2025-10-15,CESC,LONG,A_MOD_BREAK_C1_HIGH,MODERATE,2025-10-15 09:30:00+05:30,2025-10-15 09:35:00+05:30,164.4499938964844,163.21661894226077,166.91674380493163,2025-10-15 09:40:00+05:30,165.71137669372558,BE,0.63609954693182,0.7670312216826192,34.54146194458008,73.49397277832031,72.35548400878906,1.2852750431604356,2.2989423843855668,0.0035844632189382,5.404968685253125,50000,5.0,250000.0,1917.578054206548,1590.24886732955,3.1804977346590997,3.835156108413096
2025-10-15,CHOLAHLDNG,LONG,B_HUGE_GREEN_PULLBACK_HOLD_THEN_BREAK,HUGE,2025-10-15 11:25:00+05:30,2025-10-15 13:00:00+05:30,1870.0738911621095,1856.0483369783938,1898.124999529541,2025-10-15 14:30:00+05:30,1880.342,BE,0.41842655984692223,0.5490750331533568,49.1644401550293,79.78141784667969,85.7370376586914,3.7733995241847347,4.246929637994886,0.0026896510865145927,11.051574219739855,50000,5.0,250000.0,1372.687582883392,1046.0663996173057,2.0921327992346117,2.745375165766784
2025-10-15,IRCON,LONG,B_HUGE_GREEN_PULLBACK_HOLD_THEN_BREAK,HUGE,2025-10-15 11:05:00+05:30,2025-10-15 11:25:00+05:30,173.8800018310547,172.5759018173218,176.4882018585205,2025-10-15 13:45:00+05:30,174.6843766937256,BE,0.3320673194096702,0.4626034358180214,36.31956481933594,79.4871826171875,88.12771606445312,3.0065413385831055,2.3015135806160183,0.002311045407811569,7.869959060880432,50000,5.0,250000.0,1156.5085895450536,830.1682985241755,1.6603365970483512,2.313017179090107
2025-10-15,MANORAMA,LONG,B_HUGE_GREEN_PULLBACK_HOLD_THEN_BREAK,HUGE,2025-10-15 09:35:00+05:30,2025-10-15 10:15:00+05:30,1522.3044,1510.887117,1545.1389659999998,2025-10-15 10:35:00+05:30,1536.2773243408203,BE,0.7867521042701817,0.9178797841496306,40.95680618286133,80.84291076660156,88.07034301757812,1.6972238532266375,4.0699926725674755,0.004200563939952504,8.086464031457195,50000,5.0,250000.0,2294.6994603740764,1966.880260675454,3.933760521350908,4.5893989207481525
2025-10-15,VASCONEQ,LONG,B_HUGE_GREEN_PULLBACK_HOLD_THEN_BREAK,HUGE,2025-10-15 13:20:00+05:30,2025-10-15 13:45:00+05:30,67.89999847412109,67.39074848556518,68.9184984512329,2025-10-15 14:00:00+05:30,68.38422634887695,BE,0.5822869174089622,0.7131485797314333,66.15837860107422,81.88775634765625,93.77726745605469,5.172969743164639,3.94888180940082,0.006865690940466426,12.697077922277208,50000,5.0,250000.0,1782.8714493285834,1455.7172935224057,2.9114345870448117,3.565742898657167
2025-10-16,FMGOETZE,LONG,B_HUGE_GREEN_PULLBACK_HOLD_THEN_BREAK,HUGE,2025-10-16 09:30:00+05:30,2025-10-16 09:50:00+05:30,477.3954477905273,473.8149819320984,484.5563795073852,2025-10-16 10:10:00+05:30,482.4981621704102,BE,0.9375414568463012,1.068865319830581,38.00822067260742,76.0,83.32538604736328,1.5259343005501957,3.8870253441745657,0.0030227570589245315,7.899465953822153,50000,5.0,250000.0,2672.1632995764526,2343.853642115753,4.6877072842315055,5.344326599152905
2025-10-16,INDIAGLYCO,LONG,B_HUGE_GREEN_PULLBACK_HOLD_THEN_BREAK,HUGE,2025-10-16 09:55:00+05:30,2025-10-16 10:35:00+05:30,992.0483455810547,984.6079829891969,1006.9290707647705,2025-10-16 10:55:00+05:30,984.6079829891969,SL,-0.8789605197401036,-0.7499999999999909,44.655757904052734,79.00466918945312,89.94412231445312,2.302057912510115,2.890866677210084,0.004909242556961606,7.840468012561455,50000,5.0,250000.0,-1874.9999999999773,-2197.401299350259,-4.394802598700517,-3.7499999999999547
2025-10-16,KPRMILL,LONG,B_HUGE_GREEN_PULLBACK_HOLD_THEN_BREAK,HUGE,2025-10-16 13:05:00+05:30,2025-10-16 13:25:00+05:30,1041.6083044189454,1033.7962421358034,1057.2324289852295,2025-10-16 13:35:00+05:30,1046.5508513183593,BE,0.34395949951581617,0.4745110881360555,58.88983917236328,70.5882339477539,85.85858917236328,5.529590005848849,2.136950220729759,0.0025554485008364818,11.261423774422738,50000,5.0,250000.0,1186.2777203401388,859.8987487895405,1.719797497579081,2.3725554406802773
2025-10-16,PUNJABCHEM,LONG,B_HUGE_GREEN_PULLBACK_HOLD_THEN_BREAK,HUGE,2025-10-16 09:35:00+05:30,2025-10-16 09:55:00+05:30,1408.2816,1397.7194880000002,1429.405824,2025-10-16 10:00:00+05:30,1452.4296486816406,BE,3.0008794935489123,3.134887843570533,33.86125946044922,88.93871307373047,79.2212905883789,2.256089404358887,5.205079727240964,0.006292431569399349,9.796124027228513,50000,5.0,250000.0,7837.2196089263325,7502.19873387228,15.00439746774456,15.674439217852665
2025-10-16,SONACOMS,LONG,B_HUGE_GREEN_PULLBACK_HOLD_THEN_BREAK,HUGE,2025-10-16 09:35:00+05:30,2025-10-16 10:10:00+05:30,468.49367389526367,464.97997134104924,475.5210790036926,2025-10-16 10:55:00+05:30,470.13533782958984,BE,0.2200229134001527,0.3504132554612007,27.491247177124023,79.34782409667969,88.31727600097656,1.4493417782187088,5.165965863195044,0.003904084287407952,8.68294176301712,50000,5.0,250000.0,876.0331386530019,550.0572835003818,1.1001145670007637,1.7520662773060036
2025-10-16,ZYDUSWELL,LONG,B_HUGE_GREEN_PULLBACK_HOLD_THEN_BREAK,HUGE,2025-10-16 09:45:00+05:30,2025-10-16 13:00:00+05:30,477.74552389526366,474.1624324660492,484.91170675369256,2025-10-16 13:10:00+05:30,474.1624324660492,SL,-0.8789605197401157,-0.7499999999999939,55.06052017211914,86.5671615600586,85.83649444580078,2.431800114182994,5.356864101772022,0.005979822594198719,10.445658864726273,50000,5.0,250000.0,-1874.9999999999848,-2197.4012993502893,-4.394802598700578,-3.7499999999999694
2025-10-17,ALEMBICLTD,LONG,B_HUGE_GREEN_PULLBACK_HOLD_THEN_BREAK,HUGE,2025-10-17 10:40:00+05:30,2025-10-17 11:00:00+05:30,100.24999694824218,99.49812197113037,101.7537469024658,2025-10-17 14:30:00+05:30,99.98999786376953,EOD,-0.3889487606455997,-0.2593507155984131,39.1927604675293,93.58490753173828,82.5779037475586,3.2285622070908864,5.012575682417983,0.0037083522914500206,10.976162129257903,50000,5.0,250000.0,-648.3767889960328,-972.3719016139993,-1.9447438032279984,-1.2967535779920656
2025-10-20,CYIENTDLM,LONG,B_HUGE_GREEN_PULLBACK_HOLD_THEN_BREAK,HUGE,2025-10-20 10:30:00+05:30,2025-10-20 11:00:00+05:30,458.2416238952637,454.80481171604924,465.1152482536926,2025-10-20 11:05:00+05:30,460.36475,BE,0.3327831732781845,0.46332022104164156,45.091068267822266,81.92420196533203,91.22627258300781,2.868468119996156,3.54554551800236,0.004437870150209623,8.96340162519415,50000,5.0,250000.0,1158.3005526041038,831.9579331954612,1.6639158663909224,2.3166011052082074
2025-10-20,ECLERX,LONG,B_HUGE_GREEN_PULLBACK_HOLD_THEN_BREAK,HUGE,2025-10-20 09:35:00+05:30,2025-10-20 11:20:00+05:30,4300.159664648438,4267.908467163575,4364.662059618164,2025-10-20 11:35:00+05:30,4322.992,BE,0.4003398858330512,0.5309648276380727,45.67367172241211,92.21532440185547,83.5662612915039,3.4148041533186695,4.442084313924323,0.007565185660986066,11.136520630922643,50000,5.0,250000.0,1327.4120690951818,1000.8497145826279,2.001699429165256,2.6548241381903632
2025-10-20,KARURVYSYA,LONG,B_HUGE_GREEN_PULLBACK_HOLD_THEN_BREAK,HUGE,2025-10-20 10:15:00+05:30,2025-10-20 10:35:00+05:30,235.05,233.28712500000003,238.57575,2025-10-20 10:45:00+05:30,236.18929391479492,BE,0.35413796172030026,0.4847027929355052,32.36369323730469,74.28571319580078,66.43598937988281,2.030422010718384,3.166048457051715,0.006642088838802871,7.190529031652847,50000,5.0,250000.0,1211.756982338763,885.3449043007506,1.7706898086015013,2.423513964677526
2025-10-20,LICHSGFIN,LONG,B_HUGE_GREEN_PULLBACK_HOLD_THEN_BREAK,HUGE,2025-10-20 10:50:00+05:30,2025-10-20 13:00:00+05:30,577.1154,572.7870345,585.772131,2025-10-20 14:30:00+05:30,574.0499877929688,EOD,-0.6604059162418782,-0.5311610480384464,31.021350860595703,65.0,60.91986846923828,0.7011656962575934,2.887214651531639,0.002765376948648029,5.009697320650439,50000,5.0,250000.0,-1327.9026200961162,-1651.0147906046952,-3.3020295812093905,-2.6558052401922323
2025-10-20,TOLINS,LONG,A_MOD_BREAK_C1_HIGH,MODERATE,2025-10-20 09:55:00+05:30,2025-10-20 10:00:00+05:30,162.05,160.83462500000002,164.48075,2025-10-20 10:05:00+05:30,166.93768243408203,BE,2.88230293254162,3.016157009615565,32.87805938720703,68.75739288330078,91.7561264038086,1.3435890852119567,2.1575975189298284,0.006296296178558727,5.22420507731032,50000,5.0,250000.0,7540.392524038913,7205.757331354051,14.411514662708102,15.080785048077825
2025-10-21,GOODLUCK,LONG,A_MOD_BREAK_C1_HIGH,MODERATE,2025-10-21 14:00:00+05:30,2025-10-21 14:05:00+05:30,1251.6503044189453,1242.2629271358032,1270.4250589852293,2025-10-21 14:10:00+05:30,1267.6855,BE,1.149524588780199,1.2811242504749565,33.559322357177734,89.1025619506836,89.16230010986328,1.7582648226534048,3.9163615003784016,0.004921776689976144,7.842101759825676,50000,5.0,250000.0,3202.8106261873913,2873.811471950498,5.747622943900995,6.405621252374782
2025-10-21,MANGLMCEM,LONG,A_MOD_BREAK_C1_HIGH,MODERATE,2025-10-21 14:00:00+05:30,2025-10-21 14:05:00+05:30,765.90315,760.158876375,777.3916972499999,2025-10-21 14:30:00+05:30,765.2000122070312,EOD,-0.22162079858212233,-0.09180505302383629,31.019298553466797,80.07662963867188,66.65345764160156,0.6236851093623821,3.5029688600877567,0.0047917949539642325,5.8859409570980326,50000,5.0,250000.0,-229.5126325595907,-554.0519964553058,-1.1081039929106116,-0.45902526511918146
2025-10-21,MMTC,LONG,A_MOD_BREAK_C1_HIGH,MODERATE,2025-10-21 14:00:00+05:30,2025-10-21 14:05:00+05:30,68.27000122070312,67.75797621154786,69.29405123901367,2025-10-21 14:10:00+05:30,68.78302787017822,BE,0.6205557232950507,0.7514671748966031,30.46268081665039,71.0227279663086,77.44554901123047,2.129264956440058,2.3111296780557185,0.003360974976660003,6.528693855089637,50000,5.0,250000.0,1878.6679372415078,1551.389308237627,3.1027786164752538,3.7573358744830156
2025-10-23,BAJAJHLDNG,LONG,B_HUGE_GREEN_PULLBACK_HOLD_THEN_BREAK,HUGE,2025-10-23 09:30:00+05:30,2025-10-23 09:50:00+05:30,13051.6098,12953.7227265,13247.383946999998,2025-10-23 10:05:00+05:30,13090.61,BE,0.16849194835858744,0.2988152465299752,47.28353500366211,87.73006439208984,90.57063293457031,340.8000865055227,4.879092126555336,0.004536976206320955,415.7311143242777,50000,5.0,250000.0,747.0381163249381,421.22987089646864,0.8424597417929373,1.4940762326498762
2025-10-23,INOXWIND,LONG,B_HUGE_GREEN_PULLBACK_HOLD_THEN_BREAK,HUGE,2025-10-23 11:30:00+05:30,2025-10-23 13:00:00+05:30,153.40000610351564,152.24950605773927,155.70100619506835,2025-10-23 14:30:00+05:30,153.2899932861328,EOD,-0.20155815361887772,-0.071716305740292,35.73070526123047,59.68586349487305,62.307289123535156,1.5326082159283594,2.437425963132683,0.002901153900694224,5.753336834454163,50000,5.0,250000.0,-179.29076435073,-503.8953840471943,-1.0077907680943885,-0.35858152870146
2025-10-23,UCOBANK,LONG,B_HUGE_GREEN_PULLBACK_HOLD_THEN_BREAK,HUGE,2025-10-23 09:40:00+05:30,2025-10-23 10:20:00+05:30,32.9500015258789,32.70287651443481,33.444251548767085,2025-10-23 10:25:00+05:30,33.15025,BE,0.47700964715193034,0.6077343394470601,41.67439270019531,73.95833587646484,84.85880279541016,2.148802229391415,2.6920966317717347,0.004690635888679356,7.625093069065992,50000,5.0,250000.0,1519.3358486176503,1192.5241178798258,2.385048235759651,3.0386716972353005
2025-10-24,AAVAS,LONG,B_HUGE_GREEN_PULLBACK_HOLD_THEN_BREAK,HUGE,2025-10-24 09:30:00+05:30,2025-10-24 10:15:00+05:30,1704.3408,1691.558244,1729.9059119999997,2025-10-24 10:20:00+05:30,1711.5498513183593,BE,0.2924971615461752,0.422981795563384,25.242082595825195,78.93700408935547,89.98822021484375,1.5925055402937234,3.6325827058219358,0.004252000044359236,7.297740385031501,50000,5.0,250000.0,1057.45448890846,731.242903865438,1.462485807730876,2.1149089778169197
2025-10-27,BDL,LONG,B_HUGE_GREEN_PULLBACK_HOLD_THEN_BREAK,HUGE,2025-10-27 10:35:00+05:30,2025-10-27 11:00:00+05:30,1556.2112044189453,1544.5396203858033,1579.5543724852294,2025-10-27 12:35:00+05:30,1544.5396203858033,SL,-0.8789605197400963,-0.7499999999999895,27.848546981811523,83.48213958740234,82.26055145263672,3.3857749633753786,2.5772794955025478,0.002625711879202662,7.732289029137063,50000,5.0,250000.0,-1874.9999999999736,-2197.4012993502406,-4.3948025987004815,-3.749999999999947
2025-10-27,IIFL,LONG,B_HUGE_GREEN_PULLBACK_HOLD_THEN_BREAK,HUGE,2025-10-27 09:35:00+05:30,2025-10-27 13:00:00+05:30,503.20062610473633,499.42662140895084,510.7486354963073,2025-10-27 14:30:00+05:30,504.70001220703125,EOD,0.16764764066742036,0.2979698403600233,25.404277801513672,85.4237289428711,82.99533081054688,3.542723839602869,4.828598452857406,0.0035446829279243974,10.125609619565228,50000,5.0,250000.0,744.9246009000582,419.11910166855085,0.8382382033371016,1.4898492018001164
2025-10-27,JUBLINGREA,LONG,B_HUGE_GREEN_PULLBACK_HOLD_THEN_BREAK,HUGE,2025-10-27 13:05:00+05:30,2025-10-27 13:45:00+05:30,679.6359,674.53863075,689.8304384999999,2025-10-27 14:30:00+05:30,680.0,EOD,-0.0764318395908055,0.053572802731581375,28.379714965820312,75.0,50.660064697265625,1.8118410443841337,2.2036423206940503,0.0021240352895499598,6.5787280292497945,50000,5.0,250000.0,133.93200682895343,-191.07959897701375,-0.3821591979540275,0.26786401365790685
2025-10-27,KICL,LONG,B_HUGE_GREEN_PULLBACK_HOLD_THEN_BREAK,HUGE,2025-10-27 09:30:00+05:30,2025-10-27 10:15:00+05:30,6266.152882324219,6219.156735706788,6360.1451755590815,2025-10-27 10:50:00+05:30,6219.156735706788,SL,-0.8789605197400945,-0.7499999999999881,29.36677360534668,86.77340698242188,79.60709381103516,1.8778414390188505,4.648787063905246,0.005425317646182038,8.009569886369668,50000,5.0,250000.0,-1874.9999999999702,-2197.4012993502365,-4.394802598700473,-3.74999999999994
2025-10-27,KIRIINDUS,LONG,A_MOD_BREAK_C1_HIGH,MODERATE,2025-10-27 09:45:00+05:30,2025-10-27 09:50:00+05:30,577.9655455810547,573.6308039891968,586.6350287647705,2025-10-27 09:55:00+05:30,583.0455878295899,BE,0.7478753374906081,0.8789524371090269,26.69576072692871,77.84809875488281,92.869873046875,1.7758903469916807,2.413663374016251,0.004097702375755401,6.056199402468252,50000,5.0,250000.0,2197.381092772567,1869.68834372652,3.7393766874530403,4.394762185545134
2025-10-27,LALPATHLAB,LONG,B_HUGE_GREEN_PULLBACK_HOLD_THEN_BREAK,HUGE,2025-10-27 09:35:00+05:30,2025-10-27 09:55:00+05:30,1575.315,1563.5001375000002,1598.9447249999998,2025-10-27 10:00:00+05:30,1593.0066486816406,BE,0.9916603965053222,1.1230546704399165,54.16007614135742,85.88235473632812,80.554443359375,1.9886127916248781,4.5845328534126795,0.006768588529158562,9.485347283314763,50000,5.0,250000.0,2807.636676099791,2479.1509912633055,4.958301982526611,5.615273352199583
2025-10-27,SFL,LONG,A_MOD_BREAK_C1_HIGH,MODERATE,2025-10-27 09:45:00+05:30,2025-10-27 09:50:00+05:30,680.9861455810546,675.8787494891968,691.2009377647704,2025-10-27 14:25:00+05:30,684.6399121704102,BE,0.4059083308841294,0.5365405174635305,40.88825225830078,70.8185043334961,53.18733596801758,1.7789308637240098,1.780476421425616,0.004196435378885932,6.403336454859305,50000,5.0,250000.0,1341.351293658826,1014.7708272103235,2.029541654420647,2.682702587317652
2025-10-28,CHENNPETRO,LONG,B_HUGE_GREEN_PULLBACK_HOLD_THEN_BREAK,HUGE,2025-10-28 11:25:00+05:30,2025-10-28 13:00:00+05:30,819.8639522094727,813.7149725679017,832.1619114926148,2025-10-28 13:05:00+05:30,826.0145,BE,0.6192814756581393,0.7501912694114709,29.422138214111328,89.53341674804688,92.9223403930664,2.7271289334196887,4.858240733884165,0.005323479839628947,9.942783324056661,50000,5.0,250000.0,1875.4781735286772,1548.203689145348,3.0964073782906962,3.750956347057354
2025-10-28,GOKULAGRO,LONG,B_HUGE_GREEN_PULLBACK_HOLD_THEN_BREAK,HUGE,2025-10-28 11:30:00+05:30,2025-10-28 13:00:00+05:30,170.35000305175782,169.07237802886965,172.90525309753417,2025-10-28 13:25:00+05:30,171.08520608520507,BE,0.30108799891815036,0.43158380996557444,26.720203399658203,73.0,87.16458892822266,1.8856372059345905,3.521728141222474,0.0029293142845868,6.97540526251648,50000,5.0,250000.0,1078.959524913936,752.7199972953758,1.5054399945907517,2.157919049827872
2025-10-28,ORIENTELEC,LONG,B_HUGE_GREEN_PULLBACK_HOLD_THEN_BREAK,HUGE,2025-10-28 09:30:00+05:30,2025-10-28 09:55:00+05:30,210.7499969482422,209.1693719711304,213.91124690246582,2025-10-28 11:40:00+05:30,211.66310304260253,BE,0.3027670614023882,0.43326505697866213,29.850730895996094,86.66666412353516,54.20289993286133,1.0139502411988184,4.990223485830827,0.0021649134697087303,7.8566161453639864,50000,5.0,250000.0,1083.1626424466554,756.9176535059704,1.5138353070119408,2.1663252848933108
2025-10-28,RPGLIFE,LONG,A_MOD_BREAK_C1_HIGH,MODERATE,2025-10-28 09:50:00+05:30,2025-10-28 09:55:00+05:30,2410.482,2392.403385,2446.6392299999998,2025-10-28 10:00:00+05:30,2421.0151486816408,BE,0.3064699036029,0.4369727167280567,28.176488876342773,67.96116638183594,92.65214538574219,1.7173508179778634,2.1616606274799,0.005151155875431551,5.897211251135481,50000,5.0,250000.0,1092.4317918201418,766.1747590072499,1.5323495180145,2.1848635836402837
2025-10-28,SIYSIL,LONG,B_HUGE_GREEN_PULLBACK_HOLD_THEN_BREAK,HUGE,2025-10-28 11:20:00+05:30,2025-10-28 13:00:00+05:30,753.3006544189453,747.6508995108032,764.6001642352294,2025-10-28 13:15:00+05:30,757.72,BE,0.4559669280479202,0.5866642429062456,53.89616775512695,79.81981658935547,84.75603485107422,2.382337386276742,4.184825133037054,0.0036521375269055554,9.214383170645327,50000,5.0,250000.0,1466.660607265614,1139.9173201198005,2.279834640239601,2.933321214531228
2025-10-28,SPARC,LONG,A_MOD_BREAK_C1_HIGH,MODERATE,2025-10-28 09:30:00+05:30,2025-10-28 09:35:00+05:30,138.27999572753907,137.24289575958252,140.35419566345215,2025-10-28 09:40:00+05:30,142.83021452331542,BE,3.1563728991854743,3.2905835524770333,42.81571578979492,80.64046478271484,82.9232177734375,2.110231550022672,4.435552641852762,0.006076164499891261,8.680634219114886,50000,5.0,250000.0,8226.458881192582,7890.932247963686,15.781864495927373,16.452917762385162
2025-10-29,ADANIGREEN,LONG,B_HUGE_GREEN_PULLBACK_HOLD_THEN_BREAK,HUGE,2025-10-29 09:35:00+05:30,2025-10-29 10:05:00+05:30,1045.0090088378906,1037.1714412716065,1060.684143970459,2025-10-29 10:10:00+05:30,1050.2398243408204,BE,0.3699667671109084,0.5005521922482502,34.77790451049805,88.60465240478516,87.09614562988281,2.472162944975939,4.358157572012213,0.004924441695311447,9.224383798612147,50000,5.0,250000.0,1251.3804806206256,924.9169177772711,1.8498338355545423,2.5027609612412514
2025-10-29,BAJAJHIND,LONG,A_MOD_BREAK_C1_HIGH,MODERATE,2025-10-29 10:45:00+05:30,2025-10-29 10:50:00+05:30,22.61999969482422,22.45034969711304,22.95929969024658,2025-10-29 10:55:00+05:30,22.881150760650634,BE,1.0230788606326253,1.1545140112719345,40.4777946472168,77.64705657958984,86.24561309814453,2.9567732183649245,3.1536607191743062,0.004911902487524384,8.724972758178136,50000,5.0,250000.0,2886.2850281798364,2557.697151581563,5.115394303163126,5.772570056359673
2025-10-29,BALMLAWRIE,LONG,B_HUGE_GREEN_PULLBACK_HOLD_THEN_BREAK,HUGE,2025-10-29 10:05:00+05:30,2025-10-29 10:25:00+05:30,204.9499938964844,203.41286894226076,208.02424380493164,2025-10-29 11:10:00+05:30,203.41286894226076,SL,-0.8789605197401011,-0.7499999999999979,32.24546813964844,76.88787078857422,92.77999877929688,2.243827978785715,3.6106462265384525,0.005246956676695472,7.755165426379088,50000,5.0,250000.0,-1874.9999999999948,-2197.401299350253,-4.3948025987005055,-3.7499999999999893
2025-10-29,CONFIPET,LONG,B_HUGE_GREEN_PULLBACK_HOLD_THEN_BREAK,HUGE,2025-10-29 11:05:00+05:30,2025-10-29 13:00:00+05:30,41.98000030517578,41.665150302886964,42.609700309753414,2025-10-29 13:15:00+05:30,42.27280152130127,BE,0.5666365793419795,0.6974778799355795,40.62672424316406,67.19999694824219,90.47618865966797,4.808152570602873,2.6741883684919876,0.003307193824009904,10.114225942602975,50000,5.0,250000.0,1743.6946998389487,1416.5914483549489,2.8331828967098978,3.4873893996778973
2025-10-29,GNA,LONG,B_HUGE_GREEN_PULLBACK_HOLD_THEN_BREAK,HUGE,2025-10-29 10:55:00+05:30,2025-10-29 13:15:00+05:30,317.26345220947263,314.8839763179016,322.02240399261467,2025-10-29 14:30:00+05:30,317.20001220703125,EOD,-0.14990505147343688,-0.019996000799832436,25.166656494140625,71.12970733642578,78.32491302490234,4.093128539147164,4.9214808884072765,0.0032799406512553624,11.157790276061792,50000,5.0,250000.0,-49.99000199958109,-374.7626286835922,-0.7495252573671843,-0.09998000399916217
2025-10-29,HAVELLS,LONG,B_HUGE_GREEN_PULLBACK_HOLD_THEN_BREAK,HUGE,2025-10-29 10:25:00+05:30,2025-10-29 10:45:00+05:30,1505.301,1494.0112425,1527.8805149999998,2025-10-29 14:30:00+05:30,1508.300048828125,EOD,0.0690385955850631,0.19923250088354885,37.124629974365234,80.6282730102539,85.13257598876953,2.3350389193147953,2.8174890676522746,0.002752738276692054,7.1475539179929335,50000,5.0,250000.0,498.0812522088721,172.59648896265776,0.34519297792531556,0.9961625044177443
2025-10-29,HINDPETRO,LONG,A_MOD_BREAK_C1_HIGH,MODERATE,2025-10-29 09:30:00+05:30,2025-10-29 09:35:00+05:30,456.0912,452.670516,462.93256799999995,2025-10-29 09:40:00+05:30,458.7197060852051,BE,0.4456276477366612,0.5763115107691313,26.221038818359375,85.0,88.37064361572266,1.7530887395218104,2.570785468582645,0.0029063392529559175,6.180868309557914,50000,5.0,250000.0,1440.7787769228285,1114.069119341653,2.228138238683306,2.8815575538456573
2025-10-29,MRPL,LONG,B_HUGE_GREEN_PULLBACK_HOLD_THEN_BREAK,HUGE,2025-10-29 09:30:00+05:30,2025-10-29 10:00:00+05:30,157.4499938964844,156.26911894226077,159.81174380493164,2025-10-29 10:05:00+05:30,162.00253547668456,BE,2.757728613161288,2.891420613959021,30.712697982788086,81.3432846069336,77.51687622070312,2.782521403565738,3.1878176495981982,0.005389539369391119,8.089277820314868,50000,5.0,250000.0,7228.551534897553,6894.32153290322,13.788643065806442,14.457103069795107
2025-10-29,NMDC,LONG,B_HUGE_GREEN_PULLBACK_HOLD_THEN_BREAK,HUGE,2025-10-29 09:30:00+05:30,2025-10-29 10:05:00+05:30,76.43999938964843,75.86669939422607,77.58659938049315,2025-10-29 10:10:00+05:30,76.66930152130126,BE,0.16965181953366992,0.2999766267448217,32.045989990234375,87.5,89.03803253173828,1.4807684184317278,4.975622996025396,0.002794294784582151,8.53450660428507,50000,5.0,250000.0,749.9415668620542,424.1295488341748,0.8482590976683496,1.4998831337241083
2025-10-29,VBL,LONG,B_HUGE_GREEN_PULLBACK_HOLD_THEN_BREAK,HUGE,2025-10-29 10:05:00+05:30,2025-10-29 13:00:00+05:30,468.49367389526367,464.97997134104924,475.5210790036926,2025-10-29 13:05:00+05:30,493.46516217041017,BE,5.193304736452794,5.3301655212379915,46.70613479614258,91.52046966552734,94.92903900146484,2.5494552508208113,3.513035486508567,0.005009176899585275,8.973195405523859,50000,5.0,250000.0,13325.413803094978,12983.261841131987,25.966523682263976,26.65082760618996
2025-10-30,ASALCBR,LONG,B_HUGE_GREEN_PULLBACK_HOLD_THEN_BREAK,HUGE,2025-10-30 10:05:00+05:30,2025-10-30 13:20:00+05:30,1164.1328044189454,1155.4018083858034,1181.5947964852294,2025-10-30 13:25:00+05:30,1188.424,BE,1.953988100349408,2.086634401921099,39.06328582763672,85.71978759765625,88.21675872802734,4.5723926273045015,3.761229132923706,0.013160770887253813,11.196631284055538,50000,5.0,250000.0,5216.586004802748,4884.97025087352,9.76994050174704,10.433172009605496
2025-10-30,JKPAPER,LONG,B_HUGE_GREEN_PULLBACK_HOLD_THEN_BREAK,HUGE,2025-10-30 10:40:00+05:30,2025-10-30 13:00:00+05:30,399.5799,396.58305075000004,405.57359849999995,2025-10-30 13:20:00+05:30,401.64145608520505,BE,0.3853254702682921,0.5159308777055704,25.763248443603516,67.61363983154297,61.87619400024414,0.8225075680508603,2.328041136490019,0.00319173733041715,4.5493982744223835,50000,5.0,250000.0,1289.827194263926,963.3136756707303,1.9266273513414607,2.579654388527852
2025-10-30,RGL,LONG,B_HUGE_GREEN_PULLBACK_HOLD_THEN_BREAK,HUGE,2025-10-30 13:20:00+05:30,2025-10-30 13:50:00+05:30,138.5799987792969,137.54064878845216,140.65869876098634,2025-10-30 14:00:00+05:30,139.28089695739746,BE,0.3751793216735112,0.5057715285571812,26.188676834106445,82.96146392822266,82.69290161132812,2.9482213282084357,4.038137366903669,0.004395049345610074,9.205243697211925,50000,5.0,250000.0,1264.4288213929528,937.948304183778,1.875896608367556,2.5288576427859057
2025-10-30,SKIPPER,LONG,B_HUGE_GREEN_PULLBACK_HOLD_THEN_BREAK,HUGE,2025-10-30 10:50:00+05:30,2025-10-30 11:20:00+05:30,526.8053522094726,522.8543120679016,534.7074324926147,2025-10-30 13:25:00+05:30,522.8543120679016,SL,-0.8789605197401293,-0.7500000000000049,32.089630126953125,52.15946960449219,58.32140350341797,1.7194989672746919,2.071171938339696,0.003166147783680223,5.715737922729512,50000,5.0,250000.0,-1875.0000000000123,-2197.4012993503234,-4.394802598700647,-3.750000000000025
2025-10-30,VENKEYS,LONG,B_HUGE_GREEN_PULLBACK_HOLD_THEN_BREAK,HUGE,2025-10-30 10:00:00+05:30,2025-10-30 10:20:00+05:30,1515.303,1503.9382275000003,1538.032545,2025-10-30 10:25:00+05:30,1532.1896486816406,BE,0.9830243564431298,1.1144073945369677,26.878557205200195,70.69351196289062,86.82852935791016,2.82747906144525,3.725908541133691,0.003740947736873564,8.302395478003557,50000,5.0,250000.0,2786.0184863424192,2457.5608911078243,4.915121782215649,5.572036972684838
2025-10-31,ARKADE,LONG,A_MOD_BREAK_C1_HIGH,MODERATE,2025-10-31 10:10:00+05:30,2025-10-31 10:15:00+05:30,172.55,171.25587500000003,175.13825,2025-10-31 10:20:00+05:30,175.1529526977539,BE,1.3766257037205516,1.5085208332389985,29.993087768554688,65.37102508544922,51.009029388427734,1.5863016454311207,1.839449102373748,0.004179485753488941,5.001659037178062,50000,5.0,250000.0,3771.3020830974965,3441.564259301379,6.883128518602757,7.542604166194993
2025-10-31,EICHERMOT,LONG,B_HUGE_GREEN_PULLBACK_HOLD_THEN_BREAK,HUGE,2025-10-31 09:30:00+05:30,2025-10-31 09:50:00+05:30,7046.409,6993.5609325,7152.105134999999,2025-10-31 12:05:00+05:30,7075.709,BE,0.2853393155633606,0.4158146369306719,25.084796905517578,86.875,87.71147155761719,2.778519221996508,5.637498518632323,0.002369740782263072,10.68367447224405,50000,5.0,250000.0,1039.5365923266797,713.3482889084016,1.4266965778168033,2.0790731846533594
2025-10-31,EPL,LONG,B_HUGE_GREEN_PULLBACK_HOLD_THEN_BREAK,HUGE,2025-10-31 10:55:00+05:30,2025-10-31 11:20:00+05:30,203.3299987792969,201.80502378845216,206.3799487609863,2025-10-31 11:35:00+05:30,204.69406756591798,BE,0.5400577829289902,0.6708645034231808,42.40240478515625,64.52381134033203,51.889801025390625,1.69969224428529,1.9817489630092806,0.0023578772417797,6.238801836206023,50000,5.0,250000.0,1677.1612585579521,1350.1444573224753,2.700288914644951,3.354322517115904
2025-10-31,THANGAMAYL,LONG,B_HUGE_GREEN_PULLBACK_HOLD_THEN_BREAK,HUGE,2025-10-31 11:30:00+05:30,2025-10-31 13:00:00+05:30,2168.533717675781,2152.269714793213,2201.061723440918,2025-10-31 13:05:00+05:30,2206.6601486816407,BE,1.6259468846375462,1.75816639119281,51.88522720336914,90.90908813476562,88.61759185791016,0.7302978937732385,3.0961315942120384,0.005671303397615273,6.500166892184627,50000,5.0,250000.0,4395.415977982025,4064.8672115938657,8.129734423187731,8.79083195596405
2025-10-31,TI,LONG,A_MOD_BREAK_C1_HIGH,MODERATE,2025-10-31 10:20:00+05:30,2025-10-31 10:25:00+05:30,526.1052,522.159411,533.996778,2025-10-31 10:30:00+05:30,538.0809121704101,BE,2.143403365409186,2.276296103975048,33.32091522216797,77.45098114013672,83.25186157226562,2.41005345365957,1.6807818272447448,0.007203395801372846,6.1739863591169675,50000,5.0,250000.0,5690.74025993762,5358.508413522965,10.71701682704593,11.38148051987524
2025-10-31,WINDMACHIN,LONG,B_HUGE_GREEN_PULLBACK_HOLD_THEN_BREAK,HUGE,2025-10-31 09:35:00+05:30,2025-10-31 10:25:00+05:30,288.0576,285.897168,292.37846399999995,2025-10-31 10:50:00+05:30,285.897168,SL,-0.8789605197401131,-0.7499999999999853,25.748817443847656,73.75886535644531,80.28758239746094,2.3192896132362857,4.367207393922975,0.004586124215624531,8.3309738910854,50000,5.0,250000.0,-1874.9999999999634,-2197.401299350283,-4.394802598700566,-3.749999999999927
2025-11-03,ANANTRAJ,LONG,B_HUGE_GREEN_PULLBACK_HOLD_THEN_BREAK,HUGE,2025-11-03 13:10:00+05:30,2025-11-03 13:50:00+05:30,647.9295477905273,643.0700761820983,657.6484910073851,2025-11-03 13:55:00+05:30,650.6421756591797,BE,0.2881819100122879,0.41866092971104046,26.11951446533203,75.71428680419922,75.8525619506836,4.614056685007948,1.8316191246264495,0.0026845786855445655,8.712613913751714,50000,5.0,250000.0,1046.652324277601,720.4547750307197,1.4409095500614395,2.0933046485552023
2025-11-03,APOLLOPIPE,LONG,B_HUGE_GREEN_PULLBACK_HOLD_THEN_BREAK,HUGE,2025-11-03 13:45:00+05:30,2025-11-03 14:05:00+05:30,309.6619261047363,307.3394616589508,314.3068549963073,2025-11-03 14:10:00+05:30,310.8645878295898,BE,0.2579392732338974,0.38837894602732825,39.2434196472168,83.15217590332031,80.13237762451172,3.99978523623411,3.696936319387832,0.003664787616072333,10.471377032350574,50000,5.0,250000.0,970.9473650683207,644.8481830847436,1.2896963661694871,1.9418947301366414
2025-11-03,GHCLTEXTIL,LONG,B_HUGE_GREEN_PULLBACK_HOLD_THEN_BREAK,HUGE,2025-11-03 10:00:00+05:30,2025-11-03 13:00:00+05:30,79.92999725341797,79.33052227401734,81.12894721221923,2025-11-03 13:05:00+05:30,80.40805152130127,BE,0.4673790227155167,0.5980911851749952,28.37640380859375,79.939208984375,69.90740966796875,4.177240342441799,2.6139695378238543,0.006013605329725478,9.080497341970492,50000,5.0,250000.0,1495.2279629374877,1168.4475567887916,2.3368951135775835,2.9904559258749757
2025-11-03,GLAND,LONG,B_HUGE_GREEN_PULLBACK_HOLD_THEN_BREAK,HUGE,2025-11-03 09:30:00+05:30,2025-11-03 09:50:00+05:30,1964.3928,1949.6598540000002,1993.8586919999998,2025-11-03 09:55:00+05:30,1979.045,BE,0.614985314361888,0.745889518633951,33.68119812011719,66.05042266845703,71.08235168457031,1.2034454680896902,3.6536902228467243,0.003966228686445205,6.370577798334617,50000,5.0,250000.0,1864.7237965848774,1537.4632859047201,3.0749265718094403,3.7294475931697546
2025-11-03,GRAVITA,LONG,B_HUGE_GREEN_PULLBACK_HOLD_THEN_BREAK,HUGE,2025-11-03 10:40:00+05:30,2025-11-03 11:00:00+05:30,1804.9608955810547,1791.423688864197,1832.0353090147703,2025-11-03 11:05:00+05:30,1815.537,BE,0.455250074855269,0.5859464570583196,40.1501579284668,72.65100860595703,75.75179290771484,2.7615365865264634,4.732592330440927,0.007018598777008913,9.813324598018482,50000,5.0,250000.0,1464.866142645799,1138.1251871381726,2.276250374276345,2.9297322852915983
2025-11-03,IKIO,LONG,B_HUGE_GREEN_PULLBACK_HOLD_THEN_BREAK,HUGE,2025-11-03 11:20:00+05:30,2025-11-03 13:40:00+05:30,212.10000305175782,210.50925302886964,215.28150309753417,2025-11-03 14:30:00+05:30,212.16000366210938,EOD,-0.10168295908590329,0.0282888304989366,35.03871536254883,68.958740234375,59.53609085083008,3.0894426740097685,3.828749165775493,0.002661097323422784,9.40508113652489,50000,5.0,250000.0,70.7220762473415,-254.2073977147582,-0.5084147954295164,0.141444152494683
2025-11-03,LICI,LONG,B_HUGE_GREEN_PULLBACK_HOLD_THEN_BREAK,HUGE,2025-11-03 13:20:00+05:30,2025-11-03 13:50:00+05:30,914.6829,907.82277825,928.4031434999999,2025-11-03 14:00:00+05:30,920.231,BE,0.47583676826411503,0.6065599345959104,37.35064697265625,78.53260803222656,83.11016082763672,4.504314583708965,3.2198011273800966,0.002442570427198685,10.05273593165171,50000,5.0,250000.0,1516.399836489776,1189.5919206602875,2.379183841320575,3.032799672979552
2025-11-03,NEOGEN,LONG,B_HUGE_GREEN_PULLBACK_HOLD_THEN_BREAK,HUGE,2025-11-03 11:05:00+05:30,2025-11-03 13:15:00+05:30,1479.2958,1468.2010815,1501.4852369999999,2025-11-03 14:30:00+05:30,1480.699951171875,EOD,-0.035138123874009795,0.09492024325864379,29.65653419494629,88.319091796875,81.50114440917969,5.0324132737728196,2.9258261929700295,0.0032165866255477226,10.58789962582333,50000,5.0,250000.0,237.30060814660948,-87.84530968502449,-0.17569061937004898,0.47460121629321894
2025-11-03,NSLNISP,LONG,B_HUGE_GREEN_PULLBACK_HOLD_THEN_BREAK,HUGE,2025-11-03 13:00:00+05:30,2025-11-03 13:25:00+05:30,45.25000076293945,44.91062575721741,45.92875077438354,2025-11-03 13:50:00+05:30,45.503079391479496,BE,0.42862803156122237,0.5592897773989015,58.238037109375,69.0721664428711,87.83055114746094,5.636675700050504,3.3553095273252564,0.002552719290426922,12.379131875006747,50000,5.0,250000.0,1398.2244434972536,1071.570078903056,2.143140157806112,2.796448886994507
2025-11-03,SAKSOFT,LONG,B_HUGE_GREEN_PULLBACK_HOLD_THEN_BREAK,HUGE,2025-11-03 13:45:00+05:30,2025-11-03 14:05:00+05:30,199.1699951171875,197.67622015380863,202.1575450439453,2025-11-03 14:15:00+05:30,200.397,BE,0.48532359264119046,0.6160591017188787,34.245052337646484,72.6269302368164,71.37931060791016,4.590664276275445,2.8277707217518673,0.003158650506081893,9.859833594185934,50000,5.0,250000.0,1540.1477542971968,1213.3089816029762,2.4266179632059526,3.0802955085943937
2025-11-06,AJMERA,LONG,B_HUGE_GREEN_PULLBACK_HOLD_THEN_BREAK,HUGE,2025-11-06 13:00:00+05:30,2025-11-06 13:20:00+05:30,214.90000610351564,213.2882560577393,218.12350619506836,2025-11-06 13:35:00+05:30,213.2882560577393,SL,-0.8789605197401067,-0.7499999999999906,35.12508010864258,60.15625,61.44596481323242,4.386542207372563,2.356440209568356,0.003911364652855556,9.230180947605277,50000,5.0,250000.0,-1874.9999999999766,-2197.4012993502665,-4.394802598700533,-3.7499999999999534
2025-11-07,ADANIENT,LONG,B_HUGE_GREEN_PULLBACK_HOLD_THEN_BREAK,HUGE,2025-11-07 11:25:00+05:30,2025-11-07 13:15:00+05:30,2307.0614176757813,2289.758457043213,2341.667338940918,2025-11-07 13:30:00+05:30,2318.4237026367186,BE,0.3619253612336637,0.4925003241736036,27.54195785522461,77.28658294677734,83.63712310791016,6.06831968738495,3.303047710090834,0.0035086086078523686,11.884568353603552,50000,5.0,250000.0,1231.250810434009,904.8134030841592,1.8096268061683185,2.462501620868018
2025-11-07,APOLLOTYRE,LONG,B_HUGE_GREEN_PULLBACK_HOLD_THEN_BREAK,HUGE,2025-11-07 13:05:00+05:30,2025-11-07 13:50:00+05:30,514.8029522094727,510.94193006790164,522.5249964926147,2025-11-07 14:30:00+05:30,516.5,EOD,0.19928660924448294,0.3296499725271212,28.731433868408203,84.28571319580078,93.56363677978516,6.141276786388056,5.221019911530712,0.002371909812965795,14.007799488905864,50000,5.0,250000.0,824.124931317803,498.2165231112073,0.9964330462224147,1.648249862635606
2025-11-07,SYRMA,LONG,B_HUGE_GREEN_PULLBACK_HOLD_THEN_BREAK,HUGE,2025-11-07 13:45:00+05:30,2025-11-07 14:10:00+05:30,802.3604522094727,796.3427488179017,814.3958589926146,2025-11-07 14:30:00+05:30,805.5499877929688,EOD,0.2670674930804125,0.3975190420605859,38.15177536010742,83.36380004882812,89.93446350097656,5.992123634715913,4.323805087820628,0.003954368422293102,13.11347243679841,50000,5.0,250000.0,993.7976051514648,667.6687327010312,1.3353374654020624,1.9875952103029295
2025-11-10,CARTRADE,LONG,B_HUGE_GREEN_PULLBACK_HOLD_THEN_BREAK,HUGE,2025-11-10 11:00:00+05:30,2025-11-10 11:20:00+05:30,3007.9015088378906,2985.3422475216066,3053.0200314704584,2025-11-10 11:45:00+05:30,3039.853,BE,0.9309366379459644,1.0622519077911574,33.91958236694336,76.62601470947266,57.39448928833008,2.1118734441620823,3.141124702248669,0.00459818174124535,6.920123816424294,50000,5.0,250000.0,2655.629769477893,2327.341594864911,4.6546831897298215,5.311259538955786
2025-11-10,HUDCO,LONG,B_HUGE_GREEN_PULLBACK_HOLD_THEN_BREAK,HUGE,2025-11-10 11:25:00+05:30,2025-11-10 13:40:00+05:30,235.55,233.78337500000004,239.08325,2025-11-10 14:30:00+05:30,236.1300048828125,EOD,0.11597931830360053,0.2462342953990612,25.94603729248047,61.011417388916016,86.67927551269531,4.196391101879917,2.94734581209737,0.003020808036052853,9.17039274317403,50000,5.0,250000.0,615.585738497653,289.9482957590013,0.5798965915180027,1.231171476995306
2025-11-10,LATENTVIEW,LONG,B_HUGE_GREEN_PULLBACK_HOLD_THEN_BREAK,HUGE,2025-11-10 11:20:00+05:30,2025-11-10 13:10:00+05:30,461.79235220947265,458.32890956790163,468.7192374926147,2025-11-10 13:30:00+05:30,464.4524560852051,BE,0.4453554538542211,0.5760389627513337,41.78070831298828,91.88191986083984,94.49005126953125,4.9670396011226,3.9640710389038505,0.003881300217983189,11.821678107353014,50000,5.0,250000.0,1440.0974068783341,1113.3886346355528,2.2267772692711056,2.880194813756668
2025-11-11,ADANIENSOL,LONG,B_HUGE_GREEN_PULLBACK_HOLD_THEN_BREAK,HUGE,2025-11-11 13:30:00+05:30,2025-11-11 13:55:00+05:30,984.3468544189453,976.9642530108033,999.1120572352294,2025-11-11 14:30:00+05:30,985.25,EOD,-0.038303502957199864,0.09175074588802289,35.27992630004883,80.42959594726562,92.0265121459961,5.167246725350534,3.205043539913873,0.0025423727833924687,10.927353125252129,50000,5.0,250000.0,229.37686472005723,-95.75875739299967,-0.19151751478599935,0.4587537294401144
2025-11-11,GOKULAGRO,LONG,B_HUGE_GREEN_PULLBACK_HOLD_THEN_BREAK,HUGE,2025-11-11 09:45:00+05:30,2025-11-11 10:10:00+05:30,178.40000610351564,177.06200605773927,181.07600619506835,2025-11-11 10:15:00+05:30,179.46,BE,0.4634598984874911,0.594166962006333,41.44589614868164,80.91010284423828,71.69906616210938,2.178942685286616,4.042246118593904,0.006216946016219095,8.953045939484687,50000,5.0,250000.0,1485.4174050158324,1158.6497462187278,2.317299492437456,2.970834810031665
2025-11-11,GPPL,LONG,B_HUGE_GREEN_PULLBACK_HOLD_THEN_BREAK,HUGE,2025-11-11 10:00:00+05:30,2025-11-11 10:20:00+05:30,174.7499969482422,173.43937197113038,177.37124690246583,2025-11-11 10:25:00+05:30,175.472,BE,0.28269153658654883,0.41316341308529686,26.162517547607422,67.54386138916016,64.23999786376953,2.4610068962409994,2.355357472951639,0.00460855938021343,7.095392508245042,50000,5.0,250000.0,1032.908532713242,706.728841466372,1.413457682932744,2.065817065426484
2025-11-11,HEG,LONG,B_HUGE_GREEN_PULLBACK_HOLD_THEN_BREAK,HUGE,2025-11-11 09:30:00+05:30,2025-11-11 09:50:00+05:30,553.86075,549.7067943750001,562.16866125,2025-11-11 09:55:00+05:30,555.8275,BE,0.22470185101964216,0.3550982805696077,44.772621154785156,79.89418029785156,58.00091552734375,1.2708884241344396,2.386140330120697,0.010781176556917696,5.857943674571557,50000,5.0,250000.0,887.7457014240192,561.7546275491054,1.1235092550982106,1.7754914028480384
2025-11-11,POLYMED,LONG,B_HUGE_GREEN_PULLBACK_HOLD_THEN_BREAK,HUGE,2025-11-11 10:00:00+05:30,2025-11-11 10:25:00+05:30,2003.7007088378907,1988.6729535216066,2033.756219470459,2025-11-11 10:45:00+05:30,2011.946,BE,0.2810334122564507,0.41150313146773865,48.66520690917969,86.93181610107422,93.6004638671875,1.165767471527315,4.000129834727823,0.01121100246530203,7.741961845333787,50000,5.0,250000.0,1028.7578286693465,702.5835306411267,1.4051670612822535,2.057515657338693
2025-11-11,VRLLOG,LONG,B_HUGE_GREEN_PULLBACK_HOLD_THEN_BREAK,HUGE,2025-11-11 13:45:00+05:30,2025-11-11 14:05:00+05:30,272.5545,270.51034125,276.6428175,2025-11-11 14:30:00+05:30,273.1000061035156,EOD,0.06995060506133643,0.20014569692138867,32.841270446777344,73.75,77.78153991699219,4.487434390691815,2.483779565776212,0.002203047587279319,9.498160970645483,50000,5.0,250000.0,500.36424230347166,174.87651265334108,0.3497530253066821,1.0007284846069433
2025-11-12,GREENLAM,LONG,B_HUGE_GREEN_PULLBACK_HOLD_THEN_BREAK,HUGE,2025-11-12 13:50:00+05:30,2025-11-12 14:10:00+05:30,267.00340220947265,265.0008766929016,271.00845324261473,2025-11-12 14:30:00+05:30,267.04998779296875,EOD,-0.11251014122091293,0.017447561757864168,47.57703399658203,94.9579849243164,90.54353332519531,5.342110326772453,4.000131626227749,0.003378378366284261,12.69797808617555,50000,5.0,250000.0,43.61890439466042,-281.27535305228236,-0.5625507061045647,0.08723780878932083
2025-11-12,IRMENERGY,LONG,B_HUGE_GREEN_PULLBACK_HOLD_THEN_BREAK,HUGE,2025-11-12 09:35:00+05:30,2025-11-12 10:00:00+05:30,312.01240220947267,309.67230919290165,316.6925882426147,2025-11-12 10:05:00+05:30,315.052,BE,0.8429904879937463,0.9741913363067819,28.3647403717041,73.36956787109375,87.59463500976562,1.2068310854481081,4.9316374529648295,0.005923735775475421,7.535158647355883,50000,5.0,250000.0,2435.4783407669547,2107.476219984366,4.214952439968732,4.87095668153391
2025-11-12,KRBL,LONG,B_HUGE_GREEN_PULLBACK_HOLD_THEN_BREAK,HUGE,2025-11-12 10:30:00+05:30,2025-11-12 10:50:00+05:30,385.4770738952637,382.5859958410492,391.2592300036926,2025-11-12 11:00:00+05:30,386.836,BE,0.22213788587337382,0.3525309795999838,57.97768783569336,79.65367889404297,82.25492095947266,2.8731877040437763,2.929398872419226,0.004036299005629617,8.763204541762523,50000,5.0,250000.0,881.3274489999595,555.3447146834345,1.110689429366869,1.7626548979999193
2025-11-12,PREMIERENE,LONG,B_HUGE_GREEN_PULLBACK_HOLD_THEN_BREAK,HUGE,2025-11-12 09:35:00+05:30,2025-11-12 13:00:00+05:30,1051.4101911621094,1043.5246147283935,1067.181344029541,2025-11-12 14:20:00+05:30,1055.2248243408203,BE,0.23240467716278582,0.36281112840409413,45.64545440673828,85.60794067382812,83.49689483642578,3.16916343144893,3.919957633714681,0.005792616423454351,9.410212682474132,50000,5.0,250000.0,907.0278210102354,581.0116929069645,1.162023385813929,1.8140556420204708
2025-11-12,ROHLTD,LONG,B_HUGE_GREEN_PULLBACK_HOLD_THEN_BREAK,HUGE,2025-11-12 11:25:00+05:30,2025-11-12 13:00:00+05:30,448.0896,444.72892800000005,454.81094399999995,2025-11-12 13:05:00+05:30,456.626,BE,1.772655035638124,1.9050654154883213,27.372644424438477,55.11811065673828,74.38524627685547,3.0589264060744195,0.6649247601279084,0.002141259127281923,6.302979483062528,50000,5.0,250000.0,4762.663538720803,4431.63758909531,8.86327517819062,9.525327077441608
2025-11-12,ZEEL,LONG,B_HUGE_GREEN_PULLBACK_HOLD_THEN_BREAK,HUGE,2025-11-12 10:20:00+05:30,2025-11-12 10:40:00+05:30,100.85000305175781,100.09362802886963,102.36275309753417,2025-11-12 11:15:00+05:30,101.85352365112304,BE,0.8638345701151956,0.9950625374301759,27.980609893798828,70.23411560058594,72.60818481445312,3.114942029357157,3.756096785632265,0.003597071110458083,9.06495012142483,50000,5.0,250000.0,2487.6563435754397,2159.586425287989,4.3191728505759786,4.975312687150879
2025-11-13,ANGELONE,LONG,B_HUGE_GREEN_PULLBACK_HOLD_THEN_BREAK,HUGE,2025-11-13 10:55:00+05:30,2025-11-13 13:00:00+05:30,2734.5468,2714.0376990000004,2775.565002,2025-11-13 14:30:00+05:30,2716.0,EOD,-0.8072941184352185,-0.6782403577806777,38.72554016113281,65.9851303100586,80.57474517822266,1.4607814398052141,3.2299892849197294,0.0030851114888303223,6.72119398724501,50000,5.0,250000.0,-1695.6008944516943,-2018.2352960880462,-4.036470592176093,-3.3912017889033885
2025-11-13,BLAL,LONG,A_MOD_BREAK_C1_HIGH,MODERATE,2025-11-13 09:40:00+05:30,2025-11-13 09:45:00+05:30,207.2499969482422,205.69562197113038,210.3587469024658,2025-11-13 09:55:00+05:30,209.2603293914795,BE,0.8388081987287305,0.9700036057126483,31.29470443725586,58.89679718017578,71.06591033935547,2.003141550407777,1.9829400873814986,0.0028233590113828947,5.404050000462891,50000,5.0,250000.0,2425.0090142816207,2097.020496821826,4.194040993643652,4.850018028563241
2025-11-13,OLECTRA,LONG,B_HUGE_GREEN_PULLBACK_HOLD_THEN_BREAK,HUGE,2025-11-13 10:00:00+05:30,2025-11-13 10:30:00+05:30,1463.9926911621094,1453.0127459783937,1485.9525815295408,2025-11-13 10:40:00+05:30,1453.0127459783937,SL,-0.8789605197400975,-0.7499999999999918,26.879348754882812,80.1047134399414,81.01679992675781,3.0794466506996545,3.088152033998666,0.0039037916367050496,8.456328875738713,50000,5.0,250000.0,-1874.9999999999795,-2197.401299350244,-4.394802598700488,-3.749999999999959
2025-11-13,TATACOMM,LONG,B_HUGE_GREEN_PULLBACK_HOLD_THEN_BREAK,HUGE,2025-11-13 11:25:00+05:30,2025-11-13 13:05:00+05:30,1884.7769044189454,1870.6410776358034,1913.0485579852293,2025-11-13 13:30:00+05:30,1890.8105,BE,0.18977154990003467,0.32012253370192667,42.326171875,65.65656280517578,60.31428146362305,5.4942614210008776,2.458022958997569,0.003282928728313524,10.811207029674499,50000,5.0,250000.0,800.3063342548168,474.42887475008666,0.9488577495001734,1.6006126685096336
2025-11-14,FEDFINA,LONG,A_MOD_BREAK_C1_HIGH,MODERATE,2025-11-14 09:45:00+05:30,2025-11-14 09:50:00+05:30,139.7499969482422,138.7018719711304,141.84624690246582,2025-11-14 09:55:00+05:30,141.3646233062744,BE,1.0239314633750147,1.155367723285321,30.365966796875,75.8354721069336,90.93112182617188,1.9133761460814103,2.093466792522162,0.004514834639125904,6.260775141957024,50000,5.0,250000.0,2888.419308213303,2559.828658437537,5.119657316875074,5.7768386164266055
2025-11-14,RVNL,LONG,B_HUGE_GREEN_PULLBACK_HOLD_THEN_BREAK,HUGE,2025-11-14 10:55:00+05:30,2025-11-14 13:00:00+05:30,318.9137761047363,316.5219227839508,323.69748274630734,2025-11-14 13:05:00+05:30,321.6820439147949,BE,0.7369672676139444,0.8680301753880524,32.214080810546875,67.0520248413086,74.80133056640625,2.0315243908196456,2.4097902949798273,0.0029691877552107267,6.361609228356109,50000,5.0,250000.0,2170.075438470131,1842.418169034861,3.6848363380697218,4.340150876940261
2025-11-17,APLLTD,LONG,B_HUGE_GREEN_PULLBACK_HOLD_THEN_BREAK,HUGE,2025-11-17 13:05:00+05:30,2025-11-17 14:10:00+05:30,947.1394022094727,940.0358566929017,961.3464932426147,2025-11-17 14:30:00+05:30,948.0499877929688,EOD,-0.033919344433920445,0.09614060838054796,47.502593994140625,79.4871826171875,85.42233276367188,4.991711926669959,3.2556124729094216,0.0025743099281489218,11.330743478563909,50000,5.0,250000.0,240.35152095136988,-84.7983610848011,-0.1695967221696022,0.4807030419027397
2025-11-17,ELGIEQUIP,LONG,A_MOD_BREAK_C1_HIGH,MODERATE,2025-11-17 10:25:00+05:30,2025-11-17 10:30:00+05:30,507.90154779052733,504.0922861820984,515.5200710073852,2025-11-17 10:35:00+05:30,512.9565,BE,0.8640339911663532,0.9952622179362753,36.333709716796875,74.0740737915039,79.38997650146484,1.8838767236498033,1.2374537772870724,0.0047464121197841585,5.147192391234812,50000,5.0,250000.0,2488.1555448406884,2160.084977915883,4.320169955831766,4.976311089681377
2025-11-17,INOXINDIA,LONG,B_HUGE_GREEN_PULLBACK_HOLD_THEN_BREAK,HUGE,2025-11-17 09:40:00+05:30,2025-11-17 10:15:00+05:30,1225.5451088378907,1216.3535205216065,1243.9282854704588,2025-11-17 10:20:00+05:30,1235.1833243408203,BE,0.6554862478159744,0.7864431454562228,48.412559509277344,92.83154296875,91.57652282714844,1.2492410147917854,4.334577105306722,0.003325787402531708,8.635398973284584,50000,5.0,250000.0,1966.107863640557,1638.7156195399361,3.277431239079872,3.932215727281114
2025-11-17,NUCLEUS,LONG,A_MOD_BREAK_C1_HIGH,MODERATE,2025-11-17 09:40:00+05:30,2025-11-17 09:45:00+05:30,972.4944477905274,965.2007394320984,987.0818645073851,2025-11-17 11:30:00+05:30,965.2007394320984,SL,-0.878960519740116,-0.7499999999999989,35.3553581237793,83.33333587646484,39.71014404296875,0.7727518780205083,1.316407806370859,0.004018454105350335,4.718118089175399,50000,5.0,250000.0,-1874.9999999999973,-2197.40129935029,-4.39480259870058,-3.7499999999999942
2025-11-17,SEAMECLTD,LONG,B_HUGE_GREEN_PULLBACK_HOLD_THEN_BREAK,HUGE,2025-11-17 10:20:00+05:30,2025-11-17 11:05:00+05:30,886.3772522094727,879.7294228179016,899.6729109926147,2025-11-17 11:30:00+05:30,890.9690743408203,BE,0.3874356169026838,0.5180437697268941,33.1620979309082,74.07820892333984,92.25656127929688,1.962771260864802,4.255207164670007,0.005291453047353349,8.01036442897787,50000,5.0,250000.0,1295.1094243172354,968.5890422567095,1.937178084513419,2.590218848634471
2025-11-17,TVSSRICHAK,LONG,B_HUGE_GREEN_PULLBACK_HOLD_THEN_BREAK,HUGE,2025-11-17 10:50:00+05:30,2025-11-17 13:00:00+05:30,4444.8888,4411.552134,4511.562131999999,2025-11-17 13:05:00+05:30,4511.562131999999,TARGET,1.3681159420289917,1.4999999999999865,26.357263565063477,71.28578186035156,65.32393646240234,3.2171354756820145,4.362081695805944,0.004707096231572921,9.08612934042704,50000,5.0,250000.0,3749.999999999966,3420.2898550724794,6.840579710144959,7.499999999999932
2025-11-17,WONDERLA,LONG,B_HUGE_GREEN_PULLBACK_HOLD_THEN_BREAK,HUGE,2025-11-17 09:30:00+05:30,2025-11-17 10:00:00+05:30,543.4086477905273,539.3330829320984,551.5597775073852,2025-11-17 10:05:00+05:30,548.8485,BE,0.8698252690548086,1.0010610305137402,25.43406105041504,90.41095733642578,83.23917388916016,2.3703356341724553,6.21802885188581,0.003838249702188089,10.721442953721649,50000,5.0,250000.0,2502.6525762843503,2174.5631726370216,4.349126345274043,5.005305152568701
2025-11-18,CONTROLPR,LONG,A_MOD_BREAK_C1_HIGH,MODERATE,2025-11-18 09:40:00+05:30,2025-11-18 09:45:00+05:30,768.8537522094726,763.0873490679016,780.3865584926147,2025-11-18 09:50:00+05:30,775.666,BE,0.7549401826786664,0.8860264739491608,38.94776153564453,83.24873352050781,90.9307861328125,0.4436011703916474,3.7791240019963155,0.008381497545413308,6.11504702818617,50000,5.0,250000.0,2215.066184872902,1887.3504566966658,3.7747009133933314,4.430132369745804
2025-11-18,KABRAEXTRU,LONG,B_HUGE_GREEN_PULLBACK_HOLD_THEN_BREAK,HUGE,2025-11-18 10:50:00+05:30,2025-11-18 11:20:00+05:30,234.9499938964844,233.18786894226076,238.47424380493163,2025-11-18 11:25:00+05:30,236.26905574035644,BE,0.4307578616038083,0.5614223784373491,30.662864685058594,75.45709991455078,92.52861022949219,3.5183844051343462,4.737672770388269,0.006062600862290448,10.494351068023589,50000,5.0,250000.0,1403.5559460933728,1076.8946540095208,2.1537893080190416,2.8071118921867457
2025-11-18,POKARNA,LONG,A_MOD_BREAK_C1_HIGH,MODERATE,2025-11-18 09:30:00+05:30,2025-11-18 09:35:00+05:30,954.1908,947.034369,968.5036619999998,2025-11-18 09:40:00+05:30,962.105,BE,0.698402096910008,0.8294148298223009,27.243440628051758,85.72381591796875,93.83686828613281,1.4811634430914984,5.079097801534353,0.008337265912682504,8.353147212292749,50000,5.0,250000.0,2073.537074555752,1746.00524227502,3.4920104845500397,4.147074149111504
2025-11-19,INTELLECT,LONG,B_HUGE_GREEN_PULLBACK_HOLD_THEN_BREAK,HUGE,2025-11-19 11:00:00+05:30,2025-11-19 11:30:00+05:30,1169.2338,1160.4645465,1186.772307,2025-11-19 11:35:00+05:30,1160.4645465,SL,-0.8789605197401039,-0.7499999999999895,38.195674896240234,81.55339813232422,93.43092346191406,3.732651085869558,3.1982147281175735,0.009199181162276698,9.21748743001995,50000,5.0,250000.0,-1874.9999999999736,-2197.4012993502597,-4.39480259870052,-3.749999999999947
2025-11-19,KAMATHOTEL,LONG,B_HUGE_GREEN_PULLBACK_HOLD_THEN_BREAK,HUGE,2025-11-19 10:45:00+05:30,2025-11-19 11:15:00+05:30,241.3,239.49025000000003,244.9195,2025-11-19 12:45:00+05:30,244.16529391479492,BE,1.0559625614723123,1.1874404951491522,32.76381301879883,66.04938507080078,77.08260345458984,1.8011885907176906,2.2095498349692044,0.004000355607166548,6.129343429033858,50000,5.0,250000.0,2968.6012378728806,2639.906403680781,5.279812807361562,5.937202475745761
2025-11-19,LTTS,LONG,B_HUGE_GREEN_PULLBACK_HOLD_THEN_BREAK,HUGE,2025-11-19 10:40:00+05:30,2025-11-19 11:00:00+05:30,4274.754682324219,4242.694022206788,4338.876002559082,2025-11-19 11:20:00+05:30,4302.055,BE,0.5078757198356684,0.638640570151682,59.19807052612305,86.61320495605469,92.00543975830078,2.8915251994614333,4.895210573574861,0.00430296708434585,10.72430955026439,50000,5.0,250000.0,1596.601425379205,1269.689299589171,2.539378599178342,3.1932028507584103
2025-11-19,PAISALO,LONG,B_HUGE_GREEN_PULLBACK_HOLD_THEN_BREAK,HUGE,2025-11-19 13:20:00+05:30,2025-11-19 13:45:00+05:30,34.39999847412109,34.14199848556518,34.9159984512329,2025-11-19 13:50:00+05:30,34.54605152130127,BE,0.2940861290742069,0.4245728304030495,28.070802688598633,71.42857360839844,61.94316864013672,2.9201784003723366,2.6185171022821163,0.002461615350481979,7.315795645573278,50000,5.0,250000.0,1061.4320760076237,735.2153226855172,1.4704306453710343,2.1228641520152474
2025-11-19,WINDLAS,LONG,B_HUGE_GREEN_PULLBACK_HOLD_THEN_BREAK,HUGE,2025-11-19 13:40:00+05:30,2025-11-19 14:00:00+05:30,819.3138544189453,813.1690005108032,831.6035622352294,2025-11-19 14:30:00+05:30,819.9500122070312,EOD,-0.05239073211206896,0.07764518867279495,40.098960876464844,85.98949432373047,93.53716278076172,4.830871678792447,6.096979533008687,0.0033683254820457615,13.272666902920776,50000,5.0,250000.0,194.11297168198737,-130.9768302801724,-0.2619536605603448,0.38822594336397476
2025-11-20,BDL,LONG,B_HUGE_GREEN_PULLBACK_HOLD_THEN_BREAK,HUGE,2025-11-20 10:10:00+05:30,2025-11-20 10:30:00+05:30,1577.3154,1565.4855345,1600.9751309999997,2025-11-20 11:05:00+05:30,1565.4855345,SL,-0.8789605197401142,-0.7499999999999918,43.597537994384766,79.6875,80.97093200683594,2.3104588831710644,2.714577874582557,0.0037774283506301397,7.352167823973277,50000,5.0,250000.0,-1874.9999999999795,-2197.4012993502856,-4.394802598700571,-3.749999999999959
2025-11-20,CDSL,LONG,B_HUGE_GREEN_PULLBACK_HOLD_THEN_BREAK,HUGE,2025-11-20 09:30:00+05:30,2025-11-20 09:50:00+05:30,1650.33,1637.952525,1675.0849499999997,2025-11-20 09:55:00+05:30,1663.3948243408204,BE,0.6606855438294277,0.7916492059661069,37.10586929321289,73.14286041259766,90.53141021728516,2.2548869084149796,3.7541146826621636,0.0026004070671733783,8.034472808688644,50000,5.0,250000.0,1979.123014915267,1651.7138595735692,3.303427719147138,3.958246029830534
2025-11-20,MANINDS,LONG,A_MOD_BREAK_C1_HIGH,MODERATE,2025-11-20 09:30:00+05:30,2025-11-20 09:35:00+05:30,462.14239779052735,458.6763298070984,469.0745337573852,2025-11-20 09:40:00+05:30,458.6763298070984,SL,-0.8789605197401077,-0.7500000000000003,32.07441329956055,74.58677673339844,76.16957092285156,1.4025751320450601,3.313800366438875,0.0074886042028871076,6.63107449762568,50000,5.0,250000.0,-1875.000000000001,-2197.4012993502693,-4.394802598700538,-3.7500000000000018
2025-11-20,VSSL,LONG,B_HUGE_GREEN_PULLBACK_HOLD_THEN_BREAK,HUGE,2025-11-20 10:40:00+05:30,2025-11-20 11:00:00+05:30,280.95617389526365,278.84900259104916,285.17051650369257,2025-11-20 11:35:00+05:30,282.84891217041013,BE,0.5428670344174422,0.6736774098625326,32.06854248046875,66.4000015258789,86.83970642089844,3.833789774167942,3.9711491736853075,0.00250559640090905,9.919961422197822,50000,5.0,250000.0,1684.1935246563314,1357.1675860436055,2.7143351720872113,3.3683870493126626
2025-11-21,DCMSHRIRAM,LONG,B_HUGE_GREEN_PULLBACK_HOLD_THEN_BREAK,HUGE,2025-11-21 11:05:00+05:30,2025-11-21 11:30:00+05:30,1260.252,1250.80011,1279.1557799999998,2025-11-21 11:40:00+05:30,1250.80011,SL,-0.8789605197401317,-0.7500000000000039,42.87828826904297,84.0404052734375,84.96880340576172,1.8620359974876182,4.467860799538182,0.00771456138952583,8.424983362494594,50000,5.0,250000.0,-1875.0000000000098,-2197.4012993503293,-4.394802598700658,-3.750000000000019
2025-11-21,GMRAIRPORT,LONG,B_HUGE_GREEN_PULLBACK_HOLD_THEN_BREAK,HUGE,2025-11-21 10:00:00+05:30,2025-11-21 11:15:00+05:30,105.03000335693359,104.2422783317566,106.60545340728758,2025-11-21 14:30:00+05:30,104.30000305175781,EOD,-0.8240717131848784,-0.6950397808661855,26.359397888183594,80.84291076660156,91.09822845458984,3.0946649495397636,2.3256305163780873,0.003917821217827048,7.420124844005264,50000,5.0,250000.0,-1737.5994521654636,-2060.179282962196,-4.120358565924391,-3.475198904330927
2025-11-24,BLISSGVS,LONG,B_HUGE_GREEN_PULLBACK_HOLD_THEN_BREAK,HUGE,2025-11-24 10:30:00+05:30,2025-11-24 11:20:00+05:30,165.05,163.812125,167.52575,2025-11-24 11:25:00+05:30,167.9945,BE,1.651751767254813,1.7840048470160415,31.679044723510742,78.20069122314453,75.74907684326172,2.5853852378222792,4.596203791485255,0.005867161498720627,9.250031397676503,50000,5.0,250000.0,4460.012117540104,4129.379418137033,8.258758836274065,8.920024235080207
2025-11-24,JYOTICNC,LONG,B_HUGE_GREEN_PULLBACK_HOLD_THEN_BREAK,HUGE,2025-11-24 09:45:00+05:30,2025-11-24 10:05:00+05:30,1010.202,1002.625485,1025.35503,2025-11-24 10:10:00+05:30,1013.949,BE,0.24049893362726887,0.37091591582673145,32.44949722290039,83.77823638916016,71.25730895996094,2.3387053750129465,3.304031390639313,0.003236933673784358,7.6523645099146815,50000,5.0,250000.0,927.2897895668285,601.2473340681722,1.2024946681363444,1.854579579133657
2025-11-26,CCL,LONG,B_HUGE_GREEN_PULLBACK_HOLD_THEN_BREAK,HUGE,2025-11-26 09:35:00+05:30,2025-11-26 13:35:00+05:30,1022.6045044189453,1014.9349706358033,1037.9435719852295,2025-11-26 13:50:00+05:30,1030.8481013183593,BE,0.6751548672309969,0.8061373545482377,32.88308334350586,82.55451965332031,82.47135925292969,4.0403577415850265,4.057416839424998,0.005974933454622797,11.088676268522109,50000,5.0,250000.0,2015.343386370594,1687.8871680774923,3.3757743361549846,4.030686772741189
2025-11-26,FINEORG,LONG,B_HUGE_GREEN_PULLBACK_HOLD_THEN_BREAK,HUGE,2025-11-26 10:35:00+05:30,2025-11-26 10:55:00+05:30,4503.5006176757815,4469.724363043213,4571.0531269409175,2025-11-26 14:20:00+05:30,4469.724363043213,SL,-0.8789605197401076,-0.750000000000002,47.41670227050781,81.39825439453125,81.32374572753906,3.456461365842576,4.140283205441603,0.002527907640515622,10.634809915278437,50000,5.0,250000.0,-1875.000000000005,-2197.401299350269,-4.3948025987005375,-3.75000000000001
2025-11-26,HIRECT,LONG,B_HUGE_GREEN_PULLBACK_HOLD_THEN_BREAK,HUGE,2025-11-26 11:00:00+05:30,2025-11-26 13:45:00+05:30,1490.1980044189454,1479.0215193858035,1512.5509744852295,2025-11-26 14:00:00+05:30,1500.3853243408203,BE,0.5527986038689853,0.6836219006914505,48.61327362060547,72.97794342041016,81.1633529663086,3.1439040130729197,2.3385793782197615,0.004561622884039282,8.48791523110511,50000,5.0,250000.0,1709.0547517286261,1381.9965096724632,2.7639930193449262,3.418109503457252
2025-11-26,IOB,LONG,A_MOD_BREAK_C1_HIGH,MODERATE,2025-11-26 09:30:00+05:30,2025-11-26 09:35:00+05:30,39.73000030517578,39.43202530288696,40.32595030975341,2025-11-26 09:45:00+05:30,40.17909923934936,BE,0.998973585392989,1.1303773740849385,32.31084060668945,83.45864868164062,69.57672119140625,0.748713128794091,3.846070849843412,0.004431633730629468,6.396113291971584,50000,5.0,250000.0,2825.9434352123462,2497.4339634824723,4.994867926964944,5.6518868704246925
2025-11-26,MAXIND,LONG,B_HUGE_GREEN_PULLBACK_HOLD_THEN_BREAK,HUGE,2025-11-26 09:55:00+05:30,2025-11-26 13:00:00+05:30,205.2499969482422,203.7106219711304,208.3287469024658,2025-11-26 13:55:00+05:30,203.7106219711304,SL,-0.8789605197401105,-0.7499999999999946,27.782543182373047,86.9565200805664,81.67188262939453,1.8911577686405818,4.474333093082555,0.0065357421311979785,7.899504600545679,50000,5.0,250000.0,-1874.9999999999866,-2197.401299350276,-4.394802598700552,-3.7499999999999734
2025-11-26,NATCOPHARM,LONG,B_HUGE_GREEN_PULLBACK_HOLD_THEN_BREAK,HUGE,2025-11-26 13:40:00+05:30,2025-11-26 14:00:00+05:30,917.0333455810547,910.1555954891969,930.7888457647705,2025-11-26 14:05:00+05:30,920.4304121704101,BE,0.240024536176156,0.37044090116515227,50.968345642089844,80.81123352050781,91.32290649414062,4.873236767270836,3.1389845199738846,0.004804086786362942,11.06497017420411,50000,5.0,250000.0,926.1022529128807,600.06134044039,1.2001226808807801,1.8522045058257615
2025-11-26,POKARNA,LONG,B_HUGE_GREEN_PULLBACK_HOLD_THEN_BREAK,HUGE,2025-11-26 10:20:00+05:30,2025-11-26 13:35:00+05:30,941.6383022094726,934.5760149429016,955.7628767426146,2025-11-26 14:30:00+05:30,941.0,EOD,-0.1976333015318046,-0.0677863472603963,39.426368713378906,73.58490753173828,85.82720184326172,6.737252227030493,3.9014339189729665,0.00498374469149384,13.733672073239966,50000,5.0,250000.0,-169.46586815099076,-494.08325382951153,-0.988166507659023,-0.33893173630198153
2025-11-26,RAILTEL,LONG,B_HUGE_GREEN_PULLBACK_HOLD_THEN_BREAK,HUGE,2025-11-26 09:30:00+05:30,2025-11-26 09:50:00+05:30,344.0688,341.488284,349.229832,2025-11-26 14:30:00+05:30,343.29998779296875,EOD,-0.3530919274536731,-0.22344723120238164,25.891151428222656,76.16580200195312,92.55514526367188,1.4241244428109903,3.201914912195247,0.0035241286078565243,6.299430998678214,50000,5.0,250000.0,-558.6180780059541,-882.7298186341828,-1.7654596372683655,-1.1172361560119082
2025-11-26,VENUSPIPES,LONG,B_HUGE_GREEN_PULLBACK_HOLD_THEN_BREAK,HUGE,2025-11-26 10:05:00+05:30,2025-11-26 10:55:00+05:30,1302.6605044189453,1292.8905506358033,1322.2004119852293,2025-11-26 11:25:00+05:30,1292.8905506358033,SL,-0.8789605197401082,-0.7499999999999931,25.410865783691406,82.40223693847656,72.57743835449219,2.4790072763914712,2.932661455175594,0.0040200509347601485,7.114448866879577,50000,5.0,250000.0,-1874.9999999999827,-2197.4012993502706,-4.394802598700541,-3.7499999999999654
2025-11-26,VPRPL,LONG,B_HUGE_GREEN_PULLBACK_HOLD_THEN_BREAK,HUGE,2025-11-26 11:25:00+05:30,2025-11-26 13:00:00+05:30,83.05,82.427125,84.29574999999998,2025-11-26 13:05:00+05:30,87.05803969573975,BE,4.689850455847549,4.826056226056296,44.71027374267578,80.46875,70.01233673095703,3.082749884029455,3.563429193818671,0.004214863161607363,9.307883944650047,50000,5.0,250000.0,12065.14056514074,11724.626139618873,23.449252279237744,24.13028113028148
2025-11-27,BAJFINANCE,LONG,B_HUGE_GREEN_PULLBACK_HOLD_THEN_BREAK,HUGE,2025-11-27 09:30:00+05:30,2025-11-27 09:50:00+05:30,1029.2058,1021.4867565,1044.643887,2025-11-27 10:10:00+05:30,1032.4931756591798,BE,0.18905891474713107,0.3194089713816047,30.860597610473633,82.53968048095703,80.13774108886719,1.5556340952092294,4.883996103827485,0.0029382752519517834,8.367666293406813,50000,5.0,250000.0,798.5224284540117,472.6472868678277,0.9452945737356553,1.5970448569080233
2025-11-27,PATELENG,LONG,B_HUGE_GREEN_PULLBACK_HOLD_THEN_BREAK,HUGE,2025-11-27 09:40:00+05:30,2025-11-27 10:10:00+05:30,35.98000030517578,35.71015030288696,36.51970030975341,2025-11-27 10:15:00+05:30,36.57992863082886,BE,1.535292325788604,1.6673938870611433,44.56348419189453,88.96247100830078,86.69308471679688,1.4800639324420923,5.137445156955085,0.013415519130986982,9.18978803248286,50000,5.0,250000.0,4168.484717652858,3838.23081447151,7.676461628943019,8.336969435305717
2025-11-28,FINOPB,LONG,B_HUGE_GREEN_PULLBACK_HOLD_THEN_BREAK,HUGE,2025-11-28 11:00:00+05:30,2025-11-28 11:20:00+05:30,314.1628261047363,311.8066049089508,318.87526849630734,2025-11-28 11:25:00+05:30,315.6003378295898,BE,0.32703943242262895,0.4575690073446985,44.264278411865234,78.05642700195312,75.91959381103516,3.162719930850117,2.162271980206814,0.0075907208911858955,8.129717121302779,50000,5.0,250000.0,1143.9225183617461,817.5985810565724,1.635197162113145,2.287845036723492
2025-11-28,HAL,LONG,B_HUGE_GREEN_PULLBACK_HOLD_THEN_BREAK,HUGE,2025-11-28 10:15:00+05:30,2025-11-28 10:55:00+05:30,4526.105235351562,4492.159446086426,4593.996813881836,2025-11-28 14:30:00+05:30,4530.0,EOD,-0.04399571418540851,0.08605112886057398,54.892181396484375,77.90055084228516,82.66345977783203,1.8484865429952404,2.414787718548164,0.0025141340901359845,7.518963306217975,50000,5.0,250000.0,215.12782215143494,-109.98928546352127,-0.21997857092704254,0.4302556443028699
2025-12-01,GPPL,LONG,A_MOD_BREAK_C1_HIGH,MODERATE,2025-12-01 09:35:00+05:30,2025-12-01 09:40:00+05:30,181.3,179.94025000000002,184.0195,2025-12-01 09:45:00+05:30,183.9465,BE,1.3279035055004278,1.4597352454495172,43.41719055175781,72.94589233398438,85.20387268066406,2.731166448515383,3.1849216938325298,0.0034101842541173805,8.423855617454405,50000,5.0,250000.0,3649.338113623793,3319.7587637510696,6.639517527502139,7.298676227247586
2025-12-01,HINDOILEXP,LONG,B_HUGE_GREEN_PULLBACK_HOLD_THEN_BREAK,HUGE,2025-12-01 11:15:00+05:30,2025-12-01 13:50:00+05:30,149.07000427246095,147.9519792404175,151.30605433654785,2025-12-01 14:15:00+05:30,150.4074206085205,BE,0.7660725649049146,0.8971733398592481,25.518264770507812,70.34764862060547,94.69192504882812,4.631112342868574,3.042507815073255,0.0036245173699146994,10.183165785790933,50000,5.0,250000.0,2242.9333496481204,1915.1814122622866,3.830362824524573,4.48586669929624
2025-12-01,PILANIINVS,LONG,B_HUGE_GREEN_PULLBACK_HOLD_THEN_BREAK,HUGE,2025-12-01 09:55:00+05:30,2025-12-01 10:20:00+05:30,5231.046,5191.813155000001,5309.511689999999,2025-12-01 11:00:00+05:30,5191.813155000001,SL,-0.8789605197401058,-0.7499999999999912,39.10207748413086,82.40223693847656,92.5254898071289,1.5620980559121966,4.228422263791398,0.0035779277274302856,7.792475052102364,50000,5.0,250000.0,-1874.999999999978,-2197.4012993502647,-4.3948025987005295,-3.749999999999956
2025-12-02,CANFINHOME,LONG,B_HUGE_GREEN_PULLBACK_HOLD_THEN_BREAK,HUGE,2025-12-02 09:45:00+05:30,2025-12-02 10:35:00+05:30,916.6833,909.8081752500001,930.4335494999999,2025-12-02 13:00:00+05:30,909.8081752500001,SL,-0.8789605197401141,-0.7499999999999936,30.30161476135254,78.2909927368164,73.95475006103516,1.2399531744861285,2.385712350240764,0.0035119859453438085,5.250652864991005,50000,5.0,250000.0,-1874.9999999999839,-2197.401299350285,-4.39480259870057,-3.749999999999968
2025-12-04,INDIACEM,LONG,A_MOD_BREAK_C1_HIGH,MODERATE,2025-12-04 09:40:00+05:30,2025-12-04 09:45:00+05:30,382.5765,379.70717625000003,388.31514749999997,2025-12-04 09:50:00+05:30,392.818,BE,2.5435675751380407,2.676980943680538,33.177696228027344,79.80455780029297,94.55595397949219,1.5917400509470738,3.215357394862569,0.00516812784347928,6.615553679785333,50000,5.0,250000.0,6692.452359201346,6358.918937845102,12.717837875690204,13.38490471840269
2025-12-04,MPHASIS,LONG,B_HUGE_GREEN_PULLBACK_HOLD_THEN_BREAK,HUGE,2025-12-04 09:55:00+05:30,2025-12-04 11:20:00+05:30,2920.1840176757814,2898.2826375432132,2963.986777940918,2025-12-04 14:30:00+05:30,2905.0,EOD,-0.649227249196563,-0.5199678370908496,31.887529373168945,81.33047485351562,94.07876586914062,2.9743503527584205,3.8773634950462736,0.003283396102468541,9.068269575060013,50000,5.0,250000.0,-1299.919592727124,-1623.0681229914078,-3.2461362459828154,-2.5998391854542477
2025-12-04,PTCIL,LONG,B_HUGE_GREEN_PULLBACK_HOLD_THEN_BREAK,HUGE,2025-12-04 10:25:00+05:30,2025-12-04 11:10:00+05:30,18753.75,18613.096875,19035.056249999998,2025-12-04 12:20:00+05:30,18613.096875,SL,-0.8789605197401098,-0.7500000000000039,39.90800857543945,69.46721649169922,61.45058059692383,292.2328883965041,1.2402049414659764,0.0065177759833200686,354.1103217404035,50000,5.0,250000.0,-1875.0000000000098,-2197.4012993502743,-4.394802598700549,-3.750000000000019
2025-12-09,GMBREW,LONG,B_HUGE_GREEN_PULLBACK_HOLD_THEN_BREAK,HUGE,2025-12-09 13:00:00+05:30,2025-12-09 13:20:00+05:30,988.5977044189453,981.1832216358033,1003.4266699852294,2025-12-09 13:25:00+05:30,995.6041756591796,BE,0.5778723342817922,0.7087282530513667,26.45528221130371,87.63440704345703,71.21417999267578,4.994074956648131,5.535723545047736,0.00626003218622568,12.521251498859694,50000,5.0,250000.0,1771.8206326284167,1444.6808357044804,2.889361671408961,3.5436412652568334
2025-12-09,JKIL,LONG,B_HUGE_GREEN_PULLBACK_HOLD_THEN_BREAK,HUGE,2025-12-09 13:15:00+05:30,2025-12-09 13:40:00+05:30,565.1629977905274,560.9242753070985,573.6404427573852,2025-12-09 13:45:00+05:30,568.1404256591796,BE,0.39620683427132164,0.5268263988074892,26.616920471191406,76.27812194824219,91.0333251953125,6.0055523821286165,4.395434509154019,0.004165765582687123,12.937054044979117,50000,5.0,250000.0,1317.0659970187228,990.517085678304,1.981034171356608,2.6341319940374457
2025-12-09,KIRLOSBROS,LONG,B_HUGE_GREEN_PULLBACK_HOLD_THEN_BREAK,HUGE,2025-12-09 11:10:00+05:30,2025-12-09 13:00:00+05:30,1578.9156955810547,1567.0738278641968,1602.5994310147703,2025-12-09 13:10:00+05:30,1584.1333243408203,BE,0.20009203905183748,0.3304564502315287,29.910314559936523,87.37113189697266,93.072265625,6.3792987352476835,3.1109262705021425,0.005697451115225665,12.088565712688192,50000,5.0,250000.0,826.1411255788217,500.2300976295937,1.0004601952591874,1.6522822511576434
2025-12-09,PRAKASH,LONG,B_HUGE_GREEN_PULLBACK_HOLD_THEN_BREAK,HUGE,2025-12-09 13:10:00+05:30,2025-12-09 14:05:00+05:30,131.04000549316407,130.05720545196536,133.00560557556153,2025-12-09 14:30:00+05:30,130.83999633789062,EOD,-0.2823688427242444,-0.15263213285188904,37.981998443603516,84.53900909423828,73.38160705566406,4.18032878641628,5.957279153011481,0.005453354191578082,12.48284240834505,50000,5.0,250000.0,-381.5803321297226,-705.922106810611,-1.4118442136212221,-0.7631606642594452
2025-12-09,SHAREINDIA,LONG,B_HUGE_GREEN_PULLBACK_HOLD_THEN_BREAK,HUGE,2025-12-09 11:10:00+05:30,2025-12-09 13:10:00+05:30,158.60999755859376,157.42042257690431,160.98914752197265,2025-12-09 13:15:00+05:30,160.03844425964354,BE,0.7694979605958601,0.9006031921298542,38.05534362792969,82.6302719116211,94.68225860595703,8.188135124616679,4.011824860048939,0.005601885213754714,15.531817038799867,50000,5.0,250000.0,2251.5079803246354,1923.7449014896501,3.8474898029793003,4.503015960649271
2025-12-09,SJS,LONG,B_HUGE_GREEN_PULLBACK_HOLD_THEN_BREAK,HUGE,2025-12-09 13:45:00+05:30,2025-12-09 14:05:00+05:30,1690.338,1677.6604650000002,1715.6930699999998,2025-12-09 14:30:00+05:30,1691.4000244140625,EOD,-0.06718755403298177,0.06282911548237895,32.18269729614258,77.69953155517578,40.36126708984375,4.795615704990993,3.117403614869002,0.004107333705306723,10.415440836395135,50000,5.0,250000.0,157.07278870594735,-167.9688850824544,-0.3359377701649088,0.3141455774118947
2025-12-09,SOLARA,LONG,B_HUGE_GREEN_PULLBACK_HOLD_THEN_BREAK,HUGE,2025-12-09 11:05:00+05:30,2025-12-09 11:25:00+05:30,605.121,600.5825925,614.1978149999999,2025-12-09 11:30:00+05:30,612.0084256591797,BE,1.0067758865576097,1.1381898263619528,46.01081848144531,88.3520278930664,87.42821502685547,2.265888821847722,4.29458608128788,0.01066462066033644,8.893032722976086,50000,5.0,250000.0,2845.4745659048817,2516.9397163940243,5.033879432788049,5.690949131809763
2025-12-10,GMRP&UI,LONG,B_HUGE_GREEN_PULLBACK_HOLD_THEN_BREAK,HUGE,2025-12-10 09:40:00+05:30,2025-12-10 10:35:00+05:30,110.49999694824218,109.67124697113037,112.15749690246581,2025-12-10 10:45:00+05:30,110.90627787017823,BE,0.23726228144759606,0.3676750526304043,29.67673683166504,83.44481658935547,86.63914489746094,1.9748765579866183,2.9863452358363896,0.007197273691168952,7.26993284951282,50000,5.0,250000.0,919.1876315760107,593.1557036189902,1.1863114072379803,1.8383752631520214
2025-12-10,KINGFA,LONG,B_HUGE_GREEN_PULLBACK_HOLD_THEN_BREAK,HUGE,2025-12-10 10:30:00+05:30,2025-12-10 10:55:00+05:30,3954.1905823242187,3924.5341529567872,4013.5034410590815,2025-12-10 11:05:00+05:30,3924.5341529567872,SL,-0.8789605197401031,-0.7499999999999947,52.74831771850586,89.27279663085938,88.40474700927734,3.699400804982188,7.1042921515409585,0.004920815294362429,13.180031276566861,50000,5.0,250000.0,-1874.9999999999868,-2197.401299350258,-4.394802598700516,-3.7499999999999734
2025-12-10,LINDEINDIA,LONG,B_HUGE_GREEN_PULLBACK_HOLD_THEN_BREAK,HUGE,2025-12-10 09:30:00+05:30,2025-12-10 10:25:00+05:30,5994.1986,5949.2421105,6084.111578999999,2025-12-10 11:25:00+05:30,5949.2421105,SL,-0.8789605197401077,-0.7499999999999901,26.043521881103516,90.47618865966797,92.15154266357422,1.031702506956712,4.435466343362411,0.003294224228732657,6.7173903567196245,50000,5.0,250000.0,-1874.9999999999752,-2197.4012993502693,-4.394802598700538,-3.7499999999999507
2025-12-10,TIRUMALCHM,LONG,B_HUGE_GREEN_PULLBACK_HOLD_THEN_BREAK,HUGE,2025-12-10 09:35:00+05:30,2025-12-10 10:25:00+05:30,229.96999816894532,228.24522318267825,233.41954814147948,2025-12-10 10:35:00+05:30,230.6659206085205,BE,0.17228621292264917,0.3026144475871725,31.19400978088379,77.43080139160156,72.0839614868164,2.5018246784861935,2.83124944544159,0.008502202412105342,7.591355659184165,50000,5.0,250000.0,756.5361189679312,430.71553230662295,0.8614310646132458,1.5130722379358623
2025-12-11,ADOR,LONG,B_HUGE_GREEN_PULLBACK_HOLD_THEN_BREAK,HUGE,2025-12-11 13:10:00+05:30,2025-12-11 13:30:00+05:30,1110.222,1101.895335,1126.8753299999998,2025-12-11 14:10:00+05:30,1101.895335,SL,-0.8789605197401084,-0.7500000000000043,31.34426498413086,72.11054992675781,90.9909896850586,5.781211200058872,3.407557099818727,0.0031075646506992932,11.67769147222055,50000,5.0,250000.0,-1875.0000000000107,-2197.401299350271,-4.394802598700542,-3.7500000000000213
2025-12-11,AIIL,LONG,B_HUGE_GREEN_PULLBACK_HOLD_THEN_BREAK,HUGE,2025-12-11 09:30:00+05:30,2025-12-11 13:00:00+05:30,518.9037477905273,515.0119696820983,526.6873040073851,2025-12-11 14:30:00+05:30,520.5999755859375,EOD,0.19652701534040606,0.3268867882786901,66.33822631835938,95.72649383544922,76.61988067626953,3.016051407363062,5.992803570682815,0.002839413799989916,12.211976835420987,50000,5.0,250000.0,817.2169706967253,491.3175383510152,0.9826350767020304,1.6344339413934508
2025-12-11,EPL,LONG,B_HUGE_GREEN_PULLBACK_HOLD_THEN_BREAK,HUGE,2025-12-11 11:00:00+05:30,2025-12-11 11:25:00+05:30,210.05,208.47462500000003,213.20075,2025-12-11 12:00:00+05:30,208.47462500000003,SL,-0.878960519740102,-0.7499999999999903,51.9652214050293,74.94145202636719,77.71424865722656,2.216380233134174,3.5357917356553603,0.004839149113053792,8.439256465160298,50000,5.0,250000.0,-1874.999999999976,-2197.401299350255,-4.394802598700511,-3.749999999999952
2025-12-11,NAVA,LONG,A_MOD_BREAK_C1_HIGH,MODERATE,2025-12-11 09:30:00+05:30,2025-12-11 09:35:00+05:30,557.36145,553.181239125,565.72187175,2025-12-11 09:45:00+05:30,553.181239125,SL,-0.8789605197401117,-0.7499999999999898,28.152305603027344,67.05882263183594,44.901065826416016,0.8656701717190183,1.694998530937481,0.0050118567431224415,3.849712241017885,50000,5.0,250000.0,-1874.9999999999745,-2197.4012993502793,-4.394802598700558,-3.7499999999999494
2025-12-11,NEOGEN,LONG,B_HUGE_GREEN_PULLBACK_HOLD_THEN_BREAK,HUGE,2025-12-11 11:00:00+05:30,2025-12-11 11:20:00+05:30,1125.1250044189453,1116.6865668858034,1142.0018794852294,2025-12-11 11:30:00+05:30,1116.6865668858034,SL,-0.8789605197401105,-0.7499999999999877,39.67771530151367,72.35932922363281,86.6212158203125,3.731380356786074,3.563872008745533,0.010905468726662221,9.593061438704169,50000,5.0,250000.0,-1874.999999999969,-2197.401299350276,-4.394802598700552,-3.7499999999999383
2025-12-12,ASIANENE,LONG,B_HUGE_GREEN_PULLBACK_HOLD_THEN_BREAK,HUGE,2025-12-12 10:05:00+05:30,2025-12-12 10:25:00+05:30,289.30785,287.138041125,293.6474677499999,2025-12-12 10:30:00+05:30,290.32641217041015,BE,0.22167613234402975,0.35206862531043587,47.91184997558594,77.63578033447266,85.71171569824219,1.8232410282356797,4.929401020629757,0.006458703387751773,8.715973343843652,50000,5.0,250000.0,880.1715632760896,554.1903308600744,1.1083806617201488,1.7603431265521792
2025-12-12,GMRAIRPORT,LONG,B_HUGE_GREEN_PULLBACK_HOLD_THEN_BREAK,HUGE,2025-12-12 09:45:00+05:30,2025-12-12 10:50:00+05:30,100.57999877929687,99.82564878845216,102.08869876098632,2025-12-12 11:20:00+05:30,101.07585726165772,BE,0.3624234826196079,0.49299909363581235,25.77657699584961,87.17948913574219,91.75538635253906,2.513021428829337,4.166337564324243,0.003538257532493884,8.798759090029208,50000,5.0,250000.0,1232.497734089531,906.0587065490198,1.8121174130980398,2.464995468179062
2025-12-12,MUTHOOTFIN,LONG,B_HUGE_GREEN_PULLBACK_HOLD_THEN_BREAK,HUGE,2025-12-12 09:50:00+05:30,2025-12-12 13:00:00+05:30,3792.658282324219,3764.2133452067874,3849.5481565590817,2025-12-12 14:30:00+05:30,3812.528,BE,0.39328373584419696,0.5238994973099556,34.728790283203125,85.51912689208984,79.70043182373047,3.159387988440186,2.755799599249957,0.0027323643095212907,8.401239585596548,50000,5.0,250000.0,1309.7487432748887,983.2093396104924,1.9664186792209846,2.6194974865497773
2025-12-12,NUCLEUS,LONG,A_MOD_BREAK_C1_HIGH,MODERATE,2025-12-12 09:55:00+05:30,2025-12-12 10:00:00+05:30,928.0856044189453,921.1249623858033,942.0068884852294,2025-12-12 11:05:00+05:30,921.1249623858033,SL,-0.8789605197401039,-0.7499999999999897,32.85952377319336,61.925926208496094,65.29914855957031,0.506070350731578,1.3865006570404328,0.005529457153978373,3.3173683541030137,50000,5.0,250000.0,-1874.999999999974,-2197.4012993502597,-4.39480259870052,-3.7499999999999476
2025-12-15,DEEPAKFERT,LONG,B_HUGE_GREEN_PULLBACK_HOLD_THEN_BREAK,HUGE,2025-12-15 10:15:00+05:30,2025-12-15 13:45:00+05:30,1249.1498044189452,1239.7811808858032,1267.8870514852292,2025-12-15 14:25:00+05:30,1258.214,BE,0.5947513088628824,0.725629187867585,28.173145294189453,59.22330093383789,93.8455581665039,4.679562379405036,2.4351767600209877,0.003928112693191023,9.540805670651466,50000,5.0,250000.0,1814.0729696689625,1486.878272157206,2.973756544314412,3.6281459393379247
2025-12-15,IOC,LONG,B_HUGE_GREEN_PULLBACK_HOLD_THEN_BREAK,HUGE,2025-12-15 09:55:00+05:30,2025-12-15 13:15:00+05:30,162.07000427246095,160.8544792404175,164.50105433654784,2025-12-15 14:30:00+05:30,162.35000610351562,EOD,0.04260646391458193,0.1727659799304727,31.42353057861328,78.55973815917969,92.41773986816406,7.337184320229935,2.583561075419407,0.004442692560488478,12.957434628962034,50000,5.0,250000.0,431.9149498261818,106.5161597864548,0.2130323195729096,0.8638298996523636
2025-12-15,MONARCH,LONG,B_HUGE_GREEN_PULLBACK_HOLD_THEN_BREAK,HUGE,2025-12-15 10:45:00+05:30,2025-12-15 11:25:00+05:30,309.0618,306.74383650000004,313.697727,2025-12-15 11:40:00+05:30,306.74383650000004,SL,-0.8789605197401031,-0.7499999999999878,27.893230438232422,84.92462158203125,88.87049865722656,4.50857658402041,4.010538453538143,0.0031337448706310633,10.801347556843485,50000,5.0,250000.0,-1874.9999999999695,-2197.401299350258,-4.394802598700516,-3.7499999999999387
2025-12-15,NETWEB,LONG,B_HUGE_GREEN_PULLBACK_HOLD_THEN_BREAK,HUGE,2025-12-15 09:50:00+05:30,2025-12-15 11:30:00+05:30,3239.6478,3215.3504415,3288.2425169999997,2025-12-15 12:10:00+05:30,3250.1202026367187,BE,0.19290238573655133,0.32325744288371316,36.51035690307617,58.14664077758789,52.553401947021484,4.3164744729780145,1.6584961415709978,0.004398846478195664,9.30654163788608,50000,5.0,250000.0,808.143607209283,482.2559643413783,0.9645119286827566,1.6162872144185663
2025-12-15,VPRPL,LONG,B_HUGE_GREEN_PULLBACK_HOLD_THEN_BREAK,HUGE,2025-12-15 10:05:00+05:30,2025-12-15 10:30:00+05:30,74.9500015258789,74.38787651443482,76.07425154876708,2025-12-15 10:50:00+05:30,75.26352787017822,BE,0.2878354243105566,0.41831399321728385,28.07502555847168,68.89534759521484,88.38243103027344,3.8303307073626303,3.8463761651234707,0.005410088905584902,9.668031243458348,50000,5.0,250000.0,1045.7849830432096,719.5885607763914,1.4391771215527829,2.091569966086419
2025-12-16,RALLIS,LONG,A_MOD_BREAK_C1_HIGH,MODERATE,2025-12-16 09:40:00+05:30,2025-12-16 09:45:00+05:30,268.00360220947266,265.99357519290163,272.0236562426147,2025-12-16 09:50:00+05:30,270.83504391479494,BE,0.9251861104076556,1.0564938985817105,42.5335693359375,77.17391204833984,86.11111450195312,1.1795377976753916,2.1419560277468346,0.005775643552607404,5.844976976282938,50000,5.0,250000.0,2641.2347464542763,2312.9652760191393,4.6259305520382785,5.282469492908553
2025-12-16,SIRCA,LONG,A_MOD_BREAK_C1_HIGH,MODERATE,2025-12-16 09:35:00+05:30,2025-12-16 09:40:00+05:30,485.5971,481.95512175000005,492.88105649999994,2025-12-16 09:45:00+05:30,491.521,BE,1.0884006574556535,1.2199207944199015,55.649295806884766,81.44796752929688,90.44557189941406,2.752580934659928,5.705894654014632,0.002745837053806614,10.524718820145416,50000,5.0,250000.0,3049.801986049754,2721.001643639134,5.4420032872782675,6.099603972099508
2025-12-16,WABAG,LONG,B_HUGE_GREEN_PULLBACK_HOLD_THEN_BREAK,HUGE,2025-12-16 09:30:00+05:30,2025-12-16 09:50:00+05:30,1282.2564,1272.639477,1301.4902459999998,2025-12-16 10:10:00+05:30,1289.0213243408202,BE,0.3969591467288184,0.5275796900542079,33.21357345581055,89.2018814086914,86.91923522949219,2.9880023293463194,3.300436104410815,0.0024869183754066444,8.594873187533299,50000,5.0,250000.0,1318.9492251355198,992.3978668220459,1.984795733644092,2.6378984502710394
2025-12-17,DBL,LONG,B_HUGE_GREEN_PULLBACK_HOLD_THEN_BREAK,HUGE,2025-12-17 11:20:00+05:30,2025-12-17 13:00:00+05:30,464.0928,460.61210400000004,471.05419199999994,2025-12-17 13:05:00+05:30,469.0885,BE,0.945110483323049,1.0764441939198366,46.935279846191406,82.81938171386719,84.79662322998047,1.3314434386696807,4.1644856224103215,0.0035480858194022915,7.706950781802577,50000,5.0,250000.0,2691.1104847995916,2362.7762083076223,4.725552416615245,5.382220969599183
2025-12-17,GRANULES,LONG,B_HUGE_GREEN_PULLBACK_HOLD_THEN_BREAK,HUGE,2025-12-17 09:45:00+05:30,2025-12-17 10:05:00+05:30,578.3156522094727,573.9782848179017,586.9903869926147,2025-12-17 12:10:00+05:30,573.9782848179017,SL,-0.8789605197400944,-0.7499999999999886,26.38404655456543,57.85714340209961,56.46909713745117,1.4085689664061625,1.3847522898109128,0.0035423220510902454,4.388382214216789,50000,5.0,250000.0,-1874.9999999999714,-2197.401299350236,-4.394802598700473,-3.749999999999943
2025-12-19,APOLLO,LONG,B_HUGE_GREEN_PULLBACK_HOLD_THEN_BREAK,HUGE,2025-12-19 11:20:00+05:30,2025-12-19 13:00:00+05:30,234.90000610351564,233.13825605773928,238.42350619506834,2025-12-19 13:05:00+05:30,235.98989695739746,BE,0.33344286260542,0.4639807686516336,29.26436996459961,70.73170471191406,67.05693054199219,3.9039584832883647,3.3669818054713305,0.004298656325156365,9.439860435114118,50000,5.0,250000.0,1159.951921629084,833.6071565135501,1.6672143130271002,2.319903843258168
2025-12-19,BASF,LONG,B_HUGE_GREEN_PULLBACK_HOLD_THEN_BREAK,HUGE,2025-12-19 10:55:00+05:30,2025-12-19 13:10:00+05:30,3886.7772,3857.6263710000003,3945.0788579999994,2025-12-19 14:30:00+05:30,3890.0,EOD,-0.0471257463282824,0.08291702441807075,34.8574104309082,77.2455062866211,91.74298095703125,6.29221763690039,4.232180673390673,0.0022078423161961337,13.132713228627772,50000,5.0,250000.0,207.29256104517688,-117.814365820706,-0.23562873164141201,0.41458512209035375
2025-12-19,GALAPREC,LONG,B_HUGE_GREEN_PULLBACK_HOLD_THEN_BREAK,HUGE,2025-12-19 10:05:00+05:30,2025-12-19 13:00:00+05:30,770.1040022094727,764.3282221929016,781.6555622426147,2025-12-19 13:05:00+05:30,781.6555622426147,TARGET,1.3681159420289932,1.4999999999999858,26.382408142089844,75.223876953125,85.7328109741211,2.5035261744342545,2.9060264753551546,0.004241657382234188,7.297422645757573,50000,5.0,250000.0,3749.999999999964,3420.289855072483,6.840579710144966,7.499999999999927
2025-12-19,RAIN,LONG,B_HUGE_GREEN_PULLBACK_HOLD_THEN_BREAK,HUGE,2025-12-19 10:30:00+05:30,2025-12-19 11:20:00+05:30,124.3199966430664,123.38759666824342,126.18479659271239,2025-12-19 11:25:00+05:30,125.11352787017822,BE,0.5075329320058471,0.6382973363409196,57.29523468017578,88.45843505859375,86.08061981201172,1.8132708034880671,5.061345726620529,0.010840681845268594,9.533531513743823,50000,5.0,250000.0,1595.7433408522988,1268.832330014618,2.537664660029236,3.191486681704598
2025-12-19,WOCKPHARMA,LONG,B_HUGE_GREEN_PULLBACK_HOLD_THEN_BREAK,HUGE,2025-12-19 09:30:00+05:30,2025-12-19 10:10:00+05:30,1461.0922088378907,1450.1340172716066,1483.0085919704588,2025-12-19 10:15:00+05:30,1476.6566756591797,BE,0.9339432793876445,1.0652624609961134,38.73503494262695,94.7129898071289,94.067138671875,1.721847741084933,5.818603869734162,0.005902981872103448,9.94930236568007,50000,5.0,250000.0,2663.1561524902836,2334.8581984691114,4.669716396938223,5.326312304980567
2025-12-22,AARTIPHARM,LONG,B_HUGE_GREEN_PULLBACK_HOLD_THEN_BREAK,HUGE,2025-12-22 11:20:00+05:30,2025-12-22 13:05:00+05:30,780.156,774.30483,791.8583399999999,2025-12-22 14:30:00+05:30,776.9000244140625,EOD,-0.5467420471067381,-0.4173492975683644,25.069913864135742,84.27184295654297,94.29308319091797,4.222160182463114,4.575353482809401,0.0034901014612181746,10.846770558792125,50000,5.0,250000.0,-1043.3732439209111,-1366.8551177668453,-2.7337102355336906,-2.0867464878418223
2025-12-22,GREAVESCOT,LONG,B_HUGE_GREEN_PULLBACK_HOLD_THEN_BREAK,HUGE,2025-12-22 10:10:00+05:30,2025-12-22 11:10:00+05:30,187.55,186.14337500000002,190.36325,2025-12-22 11:30:00+05:30,188.23360304260254,BE,0.23408245766132046,0.3644910917635444,56.34567642211914,84.45154571533203,91.2689437866211,2.9436110417151222,4.097598832289138,0.006149681584267036,10.07311083273516,50000,5.0,250000.0,911.2277294088609,585.2061441533011,1.1704122883066022,1.822455458817722
2025-12-22,JAYNECOIND,LONG,B_HUGE_GREEN_PULLBACK_HOLD_THEN_BREAK,HUGE,2025-12-22 13:10:00+05:30,2025-12-22 13:35:00+05:30,79.4500015258789,78.85412651443481,80.64175154876708,2025-12-22 13:45:00+05:30,78.85412651443481,SL,-0.8789605197401009,-0.7500000000000017,26.35667610168457,64.0,83.54263305664062,3.600968258461245,3.149352409045641,0.004053834827338885,8.976881477770865,50000,5.0,250000.0,-1875.0000000000043,-2197.4012993502524,-4.394802598700505,-3.750000000000009
2025-12-22,NIITLTD,LONG,B_HUGE_GREEN_PULLBACK_HOLD_THEN_BREAK,HUGE,2025-12-22 10:45:00+05:30,2025-12-22 11:25:00+05:30,99.73000030517578,98.98202530288697,101.2259503097534,2025-12-22 11:40:00+05:30,98.98202530288697,SL,-0.8789605197401034,-0.7499999999999929,66.33409118652344,80.17893981933594,88.03257751464844,1.4362977698828387,3.6641065964491686,0.01647733117787905,8.275949931341007,50000,5.0,250000.0,-1874.999999999982,-2197.4012993502583,-4.394802598700517,-3.7499999999999636
2025-12-22,POCL,LONG,A_MOD_BREAK_C1_HIGH,MODERATE,2025-12-22 09:55:00+05:30,2025-12-22 10:00:00+05:30,1332.2664,1322.274402,1352.250396,2025-12-22 10:05:00+05:30,1340.965,BE,0.5221340635517231,0.6529174645551328,54.372230529785156,79.29104614257812,81.03448486328125,1.752653191974733,3.077291296227704,0.00552338057452136,7.1478154818537964,50000,5.0,250000.0,1632.2936613878321,1305.3351588793075,2.610670317758615,3.2645873227756645
2025-12-22,SEAMECLTD,LONG,B_HUGE_GREEN_PULLBACK_HOLD_THEN_BREAK,HUGE,2025-12-22 10:00:00+05:30,2025-12-22 11:05:00+05:30,1052.1603411621093,1044.2691386033935,1067.9427462795409,2025-12-22 11:25:00+05:30,1055.6236486816406,BE,0.19879884337785117,0.3291615720571742,25.65117645263672,78.65168762207031,59.645755767822266,2.4262244724003987,1.7526911156385339,0.004225139016773755,6.083379644645212,50000,5.0,250000.0,822.9039301429356,496.99710844462794,0.9939942168892558,1.6458078602858712
2025-12-22,SHK,LONG,B_HUGE_GREEN_PULLBACK_HOLD_THEN_BREAK,HUGE,2025-12-22 09:30:00+05:30,2025-12-22 10:00:00+05:30,173.55,172.248375,176.15324999999999,2025-12-22 10:50:00+05:30,172.248375,SL,-0.8789605197401188,-0.7500000000000008,25.895891189575195,81.18132019042969,82.27959442138672,1.9827192756445557,4.769635760040623,0.004903926486857453,8.336604200353818,50000,5.0,250000.0,-1875.0000000000018,-2197.401299350297,-4.394802598700593,-3.7500000000000036
2025-12-23,HAL,LONG,B_HUGE_GREEN_PULLBACK_HOLD_THEN_BREAK,HUGE,2025-12-23 09:30:00+05:30,2025-12-23 09:55:00+05:30,4424.8848,4391.698164,4491.258072,2025-12-23 14:30:00+05:30,4425.7001953125,EOD,-0.11153148380070857,0.018427492451333113,32.36848449707031,81.28742218017578,82.90772247314453,1.8536666886963324,3.787751803727076,0.0023281739810235196,7.864477949519799,50000,5.0,250000.0,46.068731128332786,-278.8287095017714,-0.5576574190035428,0.09213746225666558
2025-12-23,HFCL,LONG,B_HUGE_GREEN_PULLBACK_HOLD_THEN_BREAK,HUGE,2025-12-23 11:30:00+05:30,2025-12-23 13:00:00+05:30,66.3,65.80275,67.29449999999999,2025-12-23 13:10:00+05:30,66.74914695739746,BE,0.5466311185757782,0.6774463912480541,34.47429656982422,75.48076629638672,87.5240478515625,5.602855366858769,3.991076371421485,0.0036018054993870066,12.306944962294468,50000,5.0,250000.0,1693.6159781201352,1366.5777964394456,2.733155592878891,3.3872319562402704
2025-12-23,ISGEC,LONG,B_HUGE_GREEN_PULLBACK_HOLD_THEN_BREAK,HUGE,2025-12-23 09:30:00+05:30,2025-12-23 09:55:00+05:30,853.6707,847.2681697500001,866.4757605,2025-12-23 10:05:00+05:30,857.3203243408203,BE,0.29703079874926147,0.42752133121358266,31.180973052978516,82.90229797363281,80.35873413085938,0.8755088873280753,3.1655682898684896,0.0065544249199940225,6.3209669843105525,50000,5.0,250000.0,1068.8033280339566,742.5769968731537,1.4851539937463074,2.1376066560679132
2025-12-23,NAZARA,LONG,B_HUGE_GREEN_PULLBACK_HOLD_THEN_BREAK,HUGE,2025-12-23 09:30:00+05:30,2025-12-23 10:45:00+05:30,237.65000610351564,235.8676310577393,241.21475619506836,2025-12-23 10:50:00+05:30,245.31185304260254,BE,3.0898803764183396,3.224004520222714,54.76612091064453,93.54838562011719,87.19672393798828,2.4634017056525033,6.8636069807593225,0.00514080689657349,12.047038584759603,50000,5.0,250000.0,8060.011300556785,7724.700941045849,15.4494018820917,16.120022601113572
2025-12-24,GRSE,LONG,B_HUGE_GREEN_PULLBACK_HOLD_THEN_BREAK,HUGE,2025-12-24 11:00:00+05:30,2025-12-24 11:30:00+05:30,2492.4984,2473.804662,2529.885876,2025-12-24 11:35:00+05:30,2503.467,BE,0.3095576446640966,0.4400644750664695,35.62690734863281,79.86906433105469,87.35012817382812,2.716473739375036,3.3280055586304242,0.0035019363564606485,8.519573980907314,50000,5.0,250000.0,1100.1611876661736,773.8941116602414,1.5477882233204827,2.2003223753323473
2025-12-24,JAYNECOIND,LONG,A_MOD_BREAK_C1_HIGH,MODERATE,2025-12-24 10:10:00+05:30,2025-12-24 10:15:00+05:30,79.63000183105468,79.03277681732177,80.82445185852049,2025-12-24 10:20:00+05:30,80.81681756591797,BE,1.3585411928055338,1.4904127936368385,28.00356101989746,75.9206771850586,91.19171142578125,1.7987959537401388,2.8409594636206283,0.005564930083858146,6.174949958426662,50000,5.0,250000.0,3726.0319840920965,3396.3529820138347,6.792705964027669,7.452063968184193
2025-12-24,KANSAINER,LONG,B_HUGE_GREEN_PULLBACK_HOLD_THEN_BREAK,HUGE,2025-12-24 11:20:00+05:30,2025-12-24 13:00:00+05:30,230.58999328613282,228.86056833648684,234.0488431854248,2025-12-24 13:35:00+05:30,228.86056833648684,SL,-0.8789605197401107,-0.7499999999999966,70.367919921875,83.54430389404297,87.41986846923828,5.172862371439313,4.074661485898724,0.002722683235890787,13.145642733176622,50000,5.0,250000.0,-1874.9999999999916,-2197.4012993502765,-4.394802598700553,-3.749999999999983
2025-12-24,MUTHOOTFIN,LONG,B_HUGE_GREEN_PULLBACK_HOLD_THEN_BREAK,HUGE,2025-12-24 09:35:00+05:30,2025-12-24 09:55:00+05:30,3868.7736,3839.757798,3926.805204,2025-12-24 14:10:00+05:30,3839.757798,SL,-0.8789605197401141,-0.7499999999999973,27.401517868041992,91.57733917236328,93.09663391113281,1.8275591045879689,4.740625549983685,0.002262368059962331,8.957118072645832,50000,5.0,250000.0,-1874.9999999999934,-2197.401299350285,-4.39480259870057,-3.7499999999999867
2025-12-24,NAUKRI,LONG,B_HUGE_GREEN_PULLBACK_HOLD_THEN_BREAK,HUGE,2025-12-24 09:40:00+05:30,2025-12-24 10:15:00+05:30,1383.2766,1372.9020255,1404.0257489999997,2025-12-24 11:10:00+05:30,1372.9020255,SL,-0.8789605197401178,-0.7499999999999913,26.078413009643555,84.61538696289062,93.01664733886719,1.6945249738396237,3.325979366120077,0.002885062755815283,7.140944189653025,50000,5.0,250000.0,-1874.9999999999782,-2197.4012993502943,-4.394802598700589,-3.749999999999956
2025-12-24,SANDUMA,LONG,A_MOD_BREAK_C1_HIGH,MODERATE,2025-12-24 09:35:00+05:30,2025-12-24 09:40:00+05:30,231.7499969482422,230.0118719711304,235.22624690246582,2025-12-24 09:45:00+05:30,246.05960304260253,BE,6.036629408172974,6.1745873927912776,28.76537322998047,67.20930480957031,74.47589111328125,2.818764966961375,1.3635303427077783,0.005820196908813081,5.974089533714208,50000,5.0,250000.0,15436.468481978194,15091.573520432436,30.18314704086487,30.872936963956388
2025-12-26,ACI,LONG,B_HUGE_GREEN_PULLBACK_HOLD_THEN_BREAK,HUGE,2025-12-26 09:40:00+05:30,2025-12-26 10:00:00+05:30,535.107,531.0936975,543.1336049999999,2025-12-26 10:05:00+05:30,541.371,BE,1.039150939025741,1.17060700009531,35.726436614990234,82.3834228515625,92.95580291748047,1.5934089553908413,3.4911530458638036,0.006970279214191693,6.841466582818256,50000,5.0,250000.0,2926.517500238275,2597.8773475643525,5.195754695128705,5.85303500047655
2025-12-26,CONCOR,LONG,B_HUGE_GREEN_PULLBACK_HOLD_THEN_BREAK,HUGE,2025-12-26 11:05:00+05:30,2025-12-26 13:00:00+05:30,517.9535455810546,514.0688939891968,525.7228487647704,2025-12-26 13:25:00+05:30,521.431,BE,0.5405760620045746,0.6713834568009944,38.83108139038086,74.63414764404297,77.69479370117188,3.8922719015023337,3.048812463411884,0.002360476344985038,9.349669593596762,50000,5.0,250000.0,1678.458642002486,1351.4401550114367,2.702880310022873,3.3569172840049717
2025-12-26,IONEXCHANG,LONG,A_MOD_BREAK_C1_HIGH,MODERATE,2025-12-26 09:35:00+05:30,2025-12-26 09:40:00+05:30,377.62549779052733,374.7933065570984,383.2898802573852,2025-12-26 09:45:00+05:30,381.8011621704102,BE,0.9743968395467055,1.1057686528887753,34.01924133300781,80.85106658935547,90.75043487548828,2.243743000647435,3.183998335972203,0.004483796056143454,7.184680046166012,50000,5.0,250000.0,2764.4216322219386,2435.9920988667636,4.871984197733528,5.528843264443877
2025-12-26,KCP,LONG,B_HUGE_GREEN_PULLBACK_HOLD_THEN_BREAK,HUGE,2025-12-26 11:15:00+05:30,2025-12-26 13:25:00+05:30,182.90000610351564,181.52825605773927,185.64350619506834,2025-12-26 14:30:00+05:30,182.5,EOD,-0.3483529341370746,-0.218702072261958,27.713125228881836,66.17021179199219,84.26145935058594,7.296019637019099,3.1999685100176234,0.0027305753955330844,13.454709786011236,50000,5.0,250000.0,-546.7551806548951,-870.8823353426865,-1.741764670685373,-1.0935103613097903
2025-12-26,RCF,LONG,A_MOD_BREAK_C1_HIGH,MODERATE,2025-12-26 10:20:00+05:30,2025-12-26 10:25:00+05:30,142.90000610351564,141.82825605773928,145.04350619506835,2025-12-26 10:30:00+05:30,143.61785304260255,BE,0.3717543823607081,0.5023421332584888,27.7281436920166,69.01408386230469,74.97075653076172,1.9478546139471868,1.4996358935683667,0.004155498737763538,5.0749274492231535,50000,5.0,250000.0,1255.855333146222,929.3859559017703,1.8587719118035406,2.5117106662924438
2025-12-26,RITES,LONG,B_HUGE_GREEN_PULLBACK_HOLD_THEN_BREAK,HUGE,2025-12-26 09:40:00+05:30,2025-12-26 10:05:00+05:30,253.5507,251.64906975000002,257.35396049999997,2025-12-26 10:30:00+05:30,254.7335,BE,0.3359533000808158,0.4664944723086885,26.622352600097656,84.42838287353516,92.23597717285156,1.3602676498296356,5.222963251546863,0.006923623263423301,8.753977532375828,50000,5.0,250000.0,1166.2361807717214,839.8832502020396,1.6797665004040792,2.332472361543443
2025-12-26,TARC,LONG,B_HUGE_GREEN_PULLBACK_HOLD_THEN_BREAK,HUGE,2025-12-26 09:35:00+05:30,2025-12-26 09:55:00+05:30,163.05,161.82712500000002,165.49575,2025-12-26 10:00:00+05:30,165.0035,BE,1.0666069602426698,1.1980987427169525,31.239294052124023,94.04255676269531,91.89505004882812,1.8057138667051826,5.256337048069858,0.008864280285532622,9.607347039610504,50000,5.0,250000.0,2995.2468567923815,2666.5174006066745,5.333034801213349,5.990493713584763
2025-12-29,FORCEMOT,LONG,B_HUGE_GREEN_PULLBACK_HOLD_THEN_BREAK,HUGE,2025-12-29 10:00:00+05:30,2025-12-29 11:00:00+05:30,19003.8,18861.2715,19288.856999999996,2025-12-29 11:05:00+05:30,19242.1,BE,1.1223953688969857,1.253959734368912,42.971561431884766,81.7034683227539,78.26152038574219,193.7699623855196,2.5821046478280123,0.005848285086772779,237.23569601496794,50000,5.0,250000.0,3134.89933592228,2805.9884222424644,5.611976844484929,6.26979867184456
2025-12-29,GPIL,LONG,B_HUGE_GREEN_PULLBACK_HOLD_THEN_BREAK,HUGE,2025-12-29 09:40:00+05:30,2025-12-29 10:25:00+05:30,262.0524,260.08700699999997,265.98318599999993,2025-12-29 10:35:00+05:30,260.08700699999997,SL,-0.8789605197401252,-0.7500000000000023,31.798479080200195,74.01812744140625,91.4914321899414,1.6259499270180324,3.198196488693128,0.005999999779921311,6.573032979840985,50000,5.0,250000.0,-1875.0000000000057,-2197.401299350313,-4.394802598700625,-3.7500000000000115
2025-12-29,SEAMECLTD,LONG,B_HUGE_GREEN_PULLBACK_HOLD_THEN_BREAK,HUGE,2025-12-29 13:25:00+05:30,2025-12-29 14:05:00+05:30,1060.6620411621093,1052.7070758533935,1076.5719717795407,2025-12-29 14:10:00+05:30,1064.796,BE,0.25931123229334085,0.3897526900615211,32.51047897338867,67.51361083984375,61.49797439575195,5.99180004675916,1.6432659787269015,0.002795836465084955,10.29472713901927,50000,5.0,250000.0,974.3817251538028,648.2780807333521,1.2965561614667043,1.9487634503076057
2025-12-29,TIIL,LONG,B_HUGE_GREEN_PULLBACK_HOLD_THEN_BREAK,HUGE,2025-12-29 11:05:00+05:30,2025-12-29 11:30:00+05:30,2270.454,2253.425595,2304.5108099999998,2025-12-29 11:35:00+05:30,2282.4321486816407,BE,0.3969457090005647,0.5275662348429214,38.5400505065918,83.75733947753906,93.2336196899414,4.5485006663713285,3.4873729266190927,0.0030437326446659313,11.010569844065868,50000,5.0,250000.0,1318.9155871073035,992.3642725014117,1.9847285450028236,2.637831174214607
2025-12-30,GAEL,LONG,B_HUGE_GREEN_PULLBACK_HOLD_THEN_BREAK,HUGE,2025-12-30 11:00:00+05:30,2025-12-30 11:25:00+05:30,133.1999938964844,132.20099394226077,135.19799380493163,2025-12-30 11:30:00+05:30,133.79739695739747,BE,0.31798302486652213,0.4485008170325812,35.8851203918457,84.8648681640625,90.26902770996094,2.7709933454283586,3.290559196892868,0.004403793997813182,8.41446447578809,50000,5.0,250000.0,1121.252042581453,794.9575621663054,1.5899151243326106,2.242504085162906
2025-12-31,APOLLO,LONG,B_HUGE_GREEN_PULLBACK_HOLD_THEN_BREAK,HUGE,2025-12-31 09:30:00+05:30,2025-12-31 09:55:00+05:30,270.85414779052735,268.8227416820984,274.9169600073852,2025-12-31 10:25:00+05:30,271.6825,BE,0.1754972071583869,0.3058296194575113,35.4153938293457,81.06796264648438,71.79486846923828,1.5147001451936972,3.639203226301503,0.006345042067905733,7.654974816430865,50000,5.0,250000.0,764.5740486437783,438.7430178959673,0.8774860357919346,1.5291480972875566
2025-12-31,BODALCHEM,LONG,B_HUGE_GREEN_PULLBACK_HOLD_THEN_BREAK,HUGE,2025-12-31 10:35:00+05:30,2025-12-31 10:55:00+05:30,54.05,53.644625,54.86074999999999,2025-12-31 11:00:00+05:30,54.476079391479495,BE,0.6573466790496054,0.7883059971868592,35.04752731323242,72.68722534179688,90.06356048583984,5.627301856807812,4.007900374225012,0.004013138822088264,12.283858070762275,50000,5.0,250000.0,1970.764992967148,1643.3666976240136,3.2867333952480275,3.941529985934296
2025-12-31,GHCLTEXTIL,LONG,B_HUGE_GREEN_PULLBACK_HOLD_THEN_BREAK,HUGE,2025-12-31 09:35:00+05:30,2025-12-31 11:10:00+05:30,73.55,72.998375,74.65324999999999,2025-12-31 11:15:00+05:30,73.778,BE,0.17965537965215603,0.3099932019034788,39.19712448120117,83.60128784179688,57.14285659790039,3.086748385251783,3.322431767867843,0.00701652092187583,9.536489735141336,50000,5.0,250000.0,774.9830047586969,449.1384491303901,0.89827689826078,1.549966009517394
2025-12-31,KSL,LONG,B_HUGE_GREEN_PULLBACK_HOLD_THEN_BREAK,HUGE,2025-12-31 11:15:00+05:30,2025-12-31 13:00:00+05:30,766.5032455810547,760.7544712391968,778.0007942647704,2025-12-31 13:25:00+05:30,770.1326621704102,BE,0.34295281588843435,0.47350309477218233,35.26763153076172,77.81155395507812,83.17655944824219,2.662379924175433,3.2861744987143564,0.003334950270238192,8.132943609788645,50000,5.0,250000.0,1183.7577369304558,857.3820397210859,1.714764079442172,2.367515473860912
2025-12-31,TATVA,LONG,B_HUGE_GREEN_PULLBACK_HOLD_THEN_BREAK,HUGE,2025-12-31 11:00:00+05:30,2025-12-31 13:00:00+05:30,1337.5675088378907,1327.5357525216066,1357.631021470459,2025-12-31 14:30:00+05:30,1334.800048828125,EOD,-0.33656864846506174,-0.20690245475311822,34.70679473876953,73.29376983642578,88.70553588867188,4.541620191343168,3.929093583265464,0.0030033560060951136,10.633643137972218,50000,5.0,250000.0,-517.2561368827955,-841.4216211626543,-1.6828432423253086,-1.034512273765591
2026-01-01,ACUTAAS,LONG,B_HUGE_GREEN_PULLBACK_HOLD_THEN_BREAK,HUGE,2026-01-01 10:40:00+05:30,2026-01-01 13:00:00+05:30,1742.3484,1729.2807870000001,1768.483626,2026-01-01 13:10:00+05:30,1748.0401486816406,BE,0.1963116071746705,0.326671099858131,57.67810821533203,74.25287628173828,87.4338607788086,3.660475979712169,5.004575444196999,0.0031402162015265913,11.119426416266109,50000,5.0,250000.0,816.6777496453274,490.7790179366762,0.9815580358733524,1.633355499290655
2026-01-01,AIAENG,LONG,B_HUGE_GREEN_PULLBACK_HOLD_THEN_BREAK,HUGE,2026-01-01 13:00:00+05:30,2026-01-01 13:55:00+05:30,4052.8104,4022.414322,4113.602556,2026-01-01 14:30:00+05:30,4087.6002026367187,BE,0.7273613881768866,0.8584117983096085,27.853300094604492,62.16653060913086,71.42875671386719,2.519203717573477,3.2098417709909586,0.0032259201132651023,7.463295731274495,50000,5.0,250000.0,2146.029495774021,1818.4034704422163,3.636806940884433,4.292058991548043
2026-01-01,WINDLAS,LONG,B_HUGE_GREEN_PULLBACK_HOLD_THEN_BREAK,HUGE,2026-01-01 13:00:00+05:30,2026-01-01 14:00:00+05:30,800.5601044189453,794.5559036358032,812.5685059852294,2026-01-01 14:30:00+05:30,800.0,EOD,-0.1998081930370719,-0.06996406838832829,25.60409164428711,81.4453125,72.16895294189453,4.311590840128224,5.463446838321197,0.002944124115125975,12.191025579152623,50000,5.0,250000.0,-174.91017097082073,-499.52048259267974,-0.9990409651853595,-0.34982034194164147
2026-01-02,ARIHANTCAP,LONG,B_HUGE_GREEN_PULLBACK_HOLD_THEN_BREAK,HUGE,2026-01-02 10:45:00+05:30,2026-01-02 11:15:00+05:30,91.53999786376953,90.85344787979126,92.91309783172606,2026-01-02 12:00:00+05:30,90.85344787979126,SL,-0.8789605197401074,-0.7499999999999953,35.418601989746094,72.01834869384766,60.30466079711914,3.115873155042195,4.889642000134776,0.0025454260803143545,10.15979252934693,50000,5.0,250000.0,-1874.9999999999884,-2197.4012993502683,-4.394802598700537,-3.749999999999977
2026-01-02,ASHAPURMIN,LONG,B_HUGE_GREEN_PULLBACK_HOLD_THEN_BREAK,HUGE,2026-01-02 09:45:00+05:30,2026-01-02 10:15:00+05:30,898.0796044189453,891.3440073858033,911.5507984852294,2026-01-02 10:20:00+05:30,901.0885878295899,BE,0.20467602785947647,0.335046402995794,34.20112228393555,82.77661895751953,86.28998565673828,1.9896885817314403,4.176963516449642,0.005837988720259853,8.227699308503066,50000,5.0,250000.0,837.616007489485,511.6900696486912,1.0233801392973825,1.67523201497897
2026-01-02,FINPIPE,LONG,B_HUGE_GREEN_PULLBACK_HOLD_THEN_BREAK,HUGE,2026-01-02 10:55:00+05:30,2026-01-02 13:25:00+05:30,177.85000305175782,176.51612802886964,180.51775309753418,2026-01-02 14:30:00+05:30,178.3000030517578,EOD,0.12275840841713767,0.2530222053856417,60.321014404296875,64.95098114013672,90.38209533691406,4.356360834892329,3.553488899985734,0.002459036049177985,11.16220528030665,50000,5.0,250000.0,632.5555134641041,306.8960210428442,0.6137920420856884,1.2651110269282082
2026-01-02,GOPAL,LONG,B_HUGE_GREEN_PULLBACK_HOLD_THEN_BREAK,HUGE,2026-01-02 13:30:00+05:30,2026-01-02 14:10:00+05:30,318.76375220947267,316.37302406790167,323.54520849261473,2026-01-02 14:15:00+05:30,319.9372939147949,BE,0.23774066947501332,0.36815406306017323,47.4305305480957,93.16239166259766,88.28141021728516,5.812644426591188,4.24115489032212,0.002380203795310712,13.67413192265345,50000,5.0,250000.0,920.3851576504331,594.3516736875333,1.1887033473750668,1.8407703153008663
2026-01-02,NLCINDIA,LONG,B_HUGE_GREEN_PULLBACK_HOLD_THEN_BREAK,HUGE,2026-01-02 13:15:00+05:30,2026-01-02 13:55:00+05:30,271.0042022094727,268.9716706929016,275.06926524261473,2026-01-02 14:05:00+05:30,268.9716706929016,SL,-0.8789605197401268,-0.7500000000000037,52.922061920166016,79.28571319580078,90.01534271240234,4.955740297345703,3.84588271363319,0.0036897929803040978,11.777084365367882,50000,5.0,250000.0,-1875.0000000000093,-2197.401299350317,-4.394802598700634,-3.7500000000000187
2026-01-02,NSLNISP,LONG,B_HUGE_GREEN_PULLBACK_HOLD_THEN_BREAK,HUGE,2026-01-02 13:35:00+05:30,2026-01-02 14:00:00+05:30,45.50999908447265,45.16867409133911,46.19264907073974,2026-01-02 14:30:00+05:30,45.652630912780765,BE,0.18306541238831242,0.3134076712314756,27.69562339782715,70.5882339477539,84.68387603759766,4.561819182299725,2.632271568349173,0.0029866702602951707,9.714303404542525,50000,5.0,250000.0,783.519178078689,457.66353097078104,0.9153270619415621,1.567038356157378
2026-01-02,PNBGILTS,LONG,B_HUGE_GREEN_PULLBACK_HOLD_THEN_BREAK,HUGE,2026-01-02 09:30:00+05:30,2026-01-02 09:55:00+05:30,84.05,83.419625,85.31074999999998,2026-01-02 10:05:00+05:30,84.745,BE,0.6958793060341038,0.8268887566924538,52.0982780456543,84.98942565917969,84.92848205566406,1.098177987426698,5.5894383808469055,0.0057665693354643196,8.485561951943078,50000,5.0,250000.0,2067.2218917311343,1739.6982650852594,3.479396530170519,4.1344437834622685
2026-01-02,TATVA,LONG,B_HUGE_GREEN_PULLBACK_HOLD_THEN_BREAK,HUGE,2026-01-02 11:20:00+05:30,2026-01-02 13:00:00+05:30,1367.4733911621095,1357.2173407283938,1387.9854920295409,2026-01-02 13:30:00+05:30,1373.4671756591797,BE,0.3078063166294527,0.4383108684825366,39.55299758911133,92.00863647460938,93.33333587646484,1.2412186044232292,6.00908387734616,0.0035298548133898947,9.091658321227772,50000,5.0,250000.0,1095.7771712063416,769.5157915736318,1.5390315831472636,2.191554342412683
2026-01-02,TORNTPOWER,LONG,B_HUGE_GREEN_PULLBACK_HOLD_THEN_BREAK,HUGE,2026-01-02 10:50:00+05:30,2026-01-02 13:00:00+05:30,1377.4753911621094,1367.1443257283936,1398.1375220295408,2026-01-02 13:05:00+05:30,1383.3375,BE,0.295081047108698,0.42556904286653685,66.32181549072266,81.0204086303711,84.95524597167969,3.2097523305409688,4.421493482650898,0.0039061281258016612,10.828165466070661,50000,5.0,250000.0,1063.922607166342,737.7026177717449,1.47540523554349,2.127845214332684
2026-01-02,TVSHLTD,LONG,B_HUGE_GREEN_PULLBACK_HOLD_THEN_BREAK,HUGE,2026-01-02 09:45:00+05:30,2026-01-02 10:05:00+05:30,14312.862,14205.515535,14527.554929999998,2026-01-02 10:10:00+05:30,14456.5,BE,0.8723198898234876,1.0035588968858977,34.62247085571289,80.57142639160156,88.483642578125,261.99594617533864,4.5376778464562655,0.004501885205825214,320.6911499562481,50000,5.0,250000.0,2508.8972422147444,2180.7997245587194,4.361599449117439,5.017794484429489
2026-01-05,ESCORTS,LONG,B_HUGE_GREEN_PULLBACK_HOLD_THEN_BREAK,HUGE,2026-01-05 09:45:00+05:30,2026-01-05 10:10:00+05:30,3917.2833,3887.90367525,3976.0425494999995,2026-01-05 10:15:00+05:30,3933.165,BE,0.2749645597399272,0.4054263831262832,37.04766082763672,85.63968658447266,94.69327545166016,1.9474197313639736,3.864354182970767,0.0035130006436983165,8.022583648769242,50000,5.0,250000.0,1013.565957815708,687.4113993498179,1.3748227986996358,2.027131915631416
2026-01-05,GANDHAR,LONG,B_HUGE_GREEN_PULLBACK_HOLD_THEN_BREAK,HUGE,2026-01-05 10:00:00+05:30,2026-01-05 10:25:00+05:30,162.9499938964844,161.72786894226076,165.39424380493165,2026-01-05 10:30:00+05:30,164.45514695739746,BE,0.7925549313694358,0.9236901609638828,39.10042953491211,83.02325439453125,81.38773345947266,1.4607176507629969,3.4799720509292396,0.009272900551544309,6.797490677127739,50000,5.0,250000.0,2309.225402409707,1981.3873284235895,3.962774656847179,4.618450804819414
2026-01-05,JKCEMENT,LONG,B_HUGE_GREEN_PULLBACK_HOLD_THEN_BREAK,HUGE,2026-01-05 10:20:00+05:30,2026-01-05 10:55:00+05:30,5761.152,5717.94336,5847.56928,2026-01-05 12:55:00+05:30,5787.585,BE,0.3282832938659809,0.4588144871025794,43.93306350708008,81.74603271484375,94.26548767089844,3.0071087103362397,3.6459853699755325,0.00529607026386734,9.594537040620242,50000,5.0,250000.0,1147.0362177564484,820.7082346649521,1.6414164693299043,2.2940724355128967
2026-01-05,LYKALABS,LONG,B_HUGE_GREEN_PULLBACK_HOLD_THEN_BREAK,HUGE,2026-01-05 11:00:00+05:30,2026-01-05 13:00:00+05:30,82.88000183105468,82.25840181732178,84.1232018585205,2026-01-05 14:10:00+05:30,83.25947212982177,BE,0.32732513346513586,0.45785508009593623,31.792930603027344,74.32432556152344,59.79751968383789,1.700277206727898,2.8536366805207622,0.005255411249218565,6.607002215878759,50000,5.0,250000.0,1144.6377002398406,818.3128336628397,1.6366256673256794,2.289275400479681
2026-01-06,ICICIBANK,LONG,B_HUGE_GREEN_PULLBACK_HOLD_THEN_BREAK,HUGE,2026-01-06 09:35:00+05:30,2026-01-06 10:30:00+05:30,1411.1822044189453,1400.5983378858032,1432.3499374852292,2026-01-06 14:30:00+05:30,1410.4000244140625,EOD,-0.18529029962028326,-0.055427286599382695,34.860862731933594,92.32505798339844,90.3183822631836,2.622024532120518,4.823193246277457,0.0040425510227114925,9.869238567426939,50000,5.0,250000.0,-138.56821649845674,-463.2257490507082,-0.9264514981014164,-0.2771364329969135
2026-01-06,ICICIGI,LONG,B_HUGE_GREEN_PULLBACK_HOLD_THEN_BREAK,HUGE,2026-01-06 10:50:00+05:30,2026-01-06 13:00:00+05:30,2004.1006911621093,1989.0699359783937,2034.1622015295409,2026-01-06 14:30:00+05:30,2010.0999755859375,EOD,0.1690264557331464,0.29935044932045696,41.98623275756836,76.02523803710938,93.2908706665039,4.89792553312368,3.3857893407799873,0.00209957799973581,10.933534232733734,50000,5.0,250000.0,748.3761233011425,422.566139332866,0.845132278665732,1.496752246602285
2026-01-07,CANTABIL,LONG,B_HUGE_GREEN_PULLBACK_HOLD_THEN_BREAK,HUGE,2026-01-07 13:20:00+05:30,2026-01-07 14:05:00+05:30,299.95997389526366,297.7102740910492,304.4593735036926,2026-01-07 14:10:00+05:30,301.094,BE,0.24763287860836133,0.37805914236154087,40.297332763671875,67.28395080566406,51.960784912109375,3.532252533687935,3.929294671384457,0.002863425425083219,9.856870833197151,50000,5.0,250000.0,945.1478559038521,619.0821965209034,1.238164393041807,1.8902957118077042
2026-01-07,KROSS,LONG,B_HUGE_GREEN_PULLBACK_HOLD_THEN_BREAK,HUGE,2026-01-07 11:10:00+05:30,2026-01-07 13:05:00+05:30,209.9300048828125,208.35552984619142,213.07895495605467,2026-01-07 13:10:00+05:30,210.87546452331543,BE,0.3198487693786971,0.45036898895452987,47.166160583496094,70.6821517944336,62.42089080810547,3.7474894244617962,2.598214333249057,0.004471995983587212,9.229012755445588,50000,5.0,250000.0,1125.9224723863247,799.6219234467427,1.5992438468934853,2.2518449447726496
2026-01-07,PNGJL,LONG,B_HUGE_GREEN_PULLBACK_HOLD_THEN_BREAK,HUGE,2026-01-07 09:35:00+05:30,2026-01-07 09:55:00+05:30,632.1264,627.385452,641.6082959999999,2026-01-07 10:10:00+05:30,634.8895878295898,BE,0.30662282692315207,0.43712583900780133,33.05291748046875,83.06451416015625,81.22738647460938,1.2022939838445175,4.473688492197194,0.006448570444875037,7.297845542144613,50000,5.0,250000.0,1092.8145975195034,766.5570673078802,1.5331141346157604,2.1856291950390068
2026-01-07,TATACHEM,LONG,B_HUGE_GREEN_PULLBACK_HOLD_THEN_BREAK,HUGE,2026-01-07 10:55:00+05:30,2026-01-07 13:00:00+05:30,771.8543522094726,766.0654445679016,783.4321674926147,2026-01-07 14:15:00+05:30,774.3699121704102,BE,0.19555271790513123,0.32591122324265903,45.8002815246582,80.46511840820312,85.85964965820312,4.218173995717593,3.27460140377102,0.0022405506807908994,10.177489673737302,50000,5.0,250000.0,814.7780581066476,488.88179476282806,0.9777635895256561,1.6295561162132952
2026-01-07,THANGAMAYL,LONG,B_HUGE_GREEN_PULLBACK_HOLD_THEN_BREAK,HUGE,2026-01-07 09:45:00+05:30,2026-01-07 10:20:00+05:30,3680.736,3653.1304800000003,3735.9470399999996,2026-01-07 10:25:00+05:30,3694.782202636719,BE,0.2511830835332755,0.3816139662480288,30.135208129882812,83.08051300048828,92.06339263916016,1.9900566292333304,4.534070257308548,0.007430739761416867,8.680873858802812,50000,5.0,250000.0,954.034915620072,627.9577088331888,1.2559154176663776,1.9080698312401438
2026-01-08,CEATLTD,LONG,B_HUGE_GREEN_PULLBACK_HOLD_THEN_BREAK,HUGE,2026-01-08 09:45:00+05:30,2026-01-08 10:40:00+05:30,3860.5720088378907,3831.6177187716066,3918.480588970459,2026-01-08 10:45:00+05:30,3884.312,BE,0.48420050345768073,0.6149345513504714,32.153865814208984,82.70079803466797,86.9268569946289,1.2048738235068752,3.335311739417676,0.004085610413501763,6.672066577154501,50000,5.0,250000.0,1537.3363783761786,1210.501258644202,2.421002517288404,3.0746727567523573
2026-01-12,ENTERO,LONG,B_HUGE_GREEN_PULLBACK_HOLD_THEN_BREAK,HUGE,2026-01-12 13:35:00+05:30,2026-01-12 14:10:00+05:30,1208.2416,1199.1797880000001,1226.365224,2026-01-12 14:15:00+05:30,1218.2343243408204,BE,0.6960372143915589,0.8270468704951359,28.548452377319336,79.68441772460938,91.64572143554688,5.074688642225336,4.2223010598851936,0.004380193936288027,12.184963022411566,50000,5.0,250000.0,2067.61717623784,1740.0930359788972,3.480186071957794,4.13523435247568
2026-01-12,JTLIND,LONG,B_HUGE_GREEN_PULLBACK_HOLD_THEN_BREAK,HUGE,2026-01-12 13:15:00+05:30,2026-01-12 13:35:00+05:30,59.55,59.103375,60.44324999999999,2026-01-12 13:40:00+05:30,60.10913091278076,BE,0.8077717783434996,0.9389268056771893,46.58214569091797,89.80891418457031,82.55862426757812,4.712467711330024,4.0862613312947,0.008546071014831222,11.783011151151321,50000,5.0,250000.0,2347.3170141929736,2019.429445858749,4.0388588917174975,4.694634028385948
2026-01-12,MEDPLUS,LONG,B_HUGE_GREEN_PULLBACK_HOLD_THEN_BREAK,HUGE,2026-01-12 13:05:00+05:30,2026-01-12 13:45:00+05:30,833.6667,827.4141997500001,846.1717004999999,2026-01-12 13:50:00+05:30,842.465,BE,0.9240674754774155,1.0553738082617479,44.735076904296875,83.7662353515625,84.68992614746094,7.642952346059015,3.913960457310733,0.0020117092258826828,14.791529845670187,50000,5.0,250000.0,2638.43452065437,2310.168688693539,4.620337377387078,5.27686904130874
2026-01-12,THANGAMAYL,LONG,B_HUGE_GREEN_PULLBACK_HOLD_THEN_BREAK,HUGE,2026-01-12 13:15:00+05:30,2026-01-12 13:50:00+05:30,3670.8341176757813,3643.302861793213,3725.8966294409174,2026-01-12 13:55:00+05:30,3686.5072973632814,BE,0.2964752665000968,0.42696507619428264,37.073524475097656,75.88438415527344,79.26702880859375,2.931965889169776,2.684726167244222,0.007354345957958645,8.201016557195594,50000,5.0,250000.0,1067.4126904857067,741.188166250242,1.4823763325004842,2.1348253809714133
2026-01-13,ASAL,LONG,B_HUGE_GREEN_PULLBACK_HOLD_THEN_BREAK,HUGE,2026-01-13 10:45:00+05:30,2026-01-13 11:15:00+05:30,452.0904,448.699722,458.87175599999995,2026-01-13 12:55:00+05:30,448.699722,SL,-0.8789605197401178,-0.7499999999999956,46.900001525878906,71.27659606933594,74.46923828125,3.994040194971937,2.9306774203808335,0.003255372817537426,9.682747531110834,50000,5.0,250000.0,-1874.9999999999889,-2197.4012993502943,-4.394802598700589,-3.749999999999978
2026-01-13,NEOGEN,LONG,B_HUGE_GREEN_PULLBACK_HOLD_THEN_BREAK,HUGE,2026-01-13 10:30:00+05:30,2026-01-13 10:50:00+05:30,1245.1490044189454,1235.8103868858034,1263.8262394852295,2026-01-13 10:55:00+05:30,1253.229,BE,0.5181397607766375,0.6489179650290275,33.121337890625,61.01694869995117,74.21929168701172,2.940058915456958,4.1188207543486515,0.00870029576630573,8.568655713892506,50000,5.0,250000.0,1622.2949125725688,1295.3494019415937,2.5906988038831873,3.2445898251451375
2026-01-14,MAXIND,LONG,A_MOD_BREAK_C1_HIGH,MODERATE,2026-01-14 11:20:00+05:30,2026-01-14 11:25:00+05:30,171.97999267578126,170.69014273071292,174.55969256591797,2026-01-14 12:15:00+05:30,170.69014273071292,SL,-0.8789605197400984,-0.7499999999999889,26.130022048950195,70.5882339477539,65.56289672851562,1.6682257370596179,1.5373148939001715,0.0027004346029887985,4.555683828644413,50000,5.0,250000.0,-1874.9999999999723,-2197.401299350246,-4.394802598700492,-3.7499999999999445
2026-01-14,TEXRAIL,LONG,B_HUGE_GREEN_PULLBACK_HOLD_THEN_BREAK,HUGE,2026-01-14 11:30:00+05:30,2026-01-14 13:00:00+05:30,127.25999908447265,126.30554909133912,129.16889907073974,2026-01-14 14:15:00+05:30,127.83534121704102,BE,0.3215772775235197,0.452099745959031,25.565614700317383,85.20899963378906,84.50106048583984,0.9711101394836125,2.9438433581805827,0.003971696877309721,5.865402734051754,50000,5.0,250000.0,1130.2493648975774,803.9431938087993,1.6078863876175984,2.260498729795155
2026-01-16,AWHCL,LONG,B_HUGE_GREEN_PULLBACK_HOLD_THEN_BREAK,HUGE,2026-01-16 09:45:00+05:30,2026-01-16 10:05:00+05:30,492.0984,488.4076620000001,499.479876,2026-01-16 10:15:00+05:30,493.7144121704101,BE,0.1980303509581794,0.32839207979747576,25.698055267333984,78.4122543334961,89.86756134033203,1.7095418426380604,4.556618201795128,0.008251282077450553,8.268634039569548,50000,5.0,250000.0,820.9801994936894,495.0758773954485,0.990151754790897,1.6419603989873788
2026-01-16,GENUSPOWER,LONG,B_HUGE_GREEN_PULLBACK_HOLD_THEN_BREAK,HUGE,2026-01-16 10:15:00+05:30,2026-01-16 10:35:00+05:30,283.25664,281.1322152,287.5054896,2026-01-16 10:40:00+05:30,287.58465,BE,1.396026159035228,1.5279465293382022,35.17621635209717,64.88764044433469,68.85529331349798,3.793977674679924,3.4175637294654324,0.006436840096679815,9.509278744396141,50000,5.0,250000.0,3819.866323345506,3490.06539758807,6.98013079517614,7.639732646691012
2026-01-16,JKIL,LONG,A_MOD_BREAK_C1_HIGH,MODERATE,2026-01-16 09:50:00+05:30,2026-01-16 09:55:00+05:30,564.6129,560.37830325,573.0820934999999,2026-01-16 10:00:00+05:30,571.3308378295899,BE,1.058349697618732,1.1898307370571792,32.68292999267578,76.49667358398438,68.51851654052734,1.9686562108484347,2.1419832651026143,0.00633303817127319,6.129426976477166,50000,5.0,250000.0,2974.576842642948,2645.8742440468304,5.291748488093661,5.949153685285896
2026-01-16,MANBA,LONG,B_HUGE_GREEN_PULLBACK_HOLD_THEN_BREAK,HUGE,2026-01-16 10:05:00+05:30,2026-01-16 10:35:00+05:30,137.16000061035157,136.13130060577393,139.21740061950683,2026-01-16 10:45:00+05:30,138.84221452331542,BE,1.0949323634725152,1.2264609984529904,27.958709716796875,66.19937896728516,80.98472595214844,3.677734173921598,2.618846257921815,0.004100538799220421,8.355812162382236,50000,5.0,250000.0,3066.1524961324762,2737.330908681288,5.474661817362576,6.132304992264952
2026-01-19,SINDHUTRAD,LONG,A_MOD_BREAK_C1_HIGH,MODERATE,2026-01-19 13:50:00+05:30,2026-01-19 13:55:00+05:30,19.349999237060548,19.204874242782594,19.640249225616454,2026-01-19 14:00:00+05:30,19.740599239349365,BE,1.8860468353699107,2.0186047425816493,45.09357833862305,70.0,68.65248107910156,3.5161185717664516,2.3720172129287254,0.005810510770565914,8.83048083673616,50000,5.0,250000.0,5046.511856454123,4715.117088424777,9.430234176849552,10.093023712908247
2026-01-21,WINDMACHIN,LONG,B_HUGE_GREEN_PULLBACK_HOLD_THEN_BREAK,HUGE,2026-01-21 11:15:00+05:30,2026-01-21 13:10:00+05:30,250.4000761047363,248.5220755339508,254.15607724630735,2026-01-21 13:15:00+05:30,253.18814695739746,BE,0.9820646981906214,1.1134464877298866,33.36175537109375,74.91165924072266,87.3814697265625,0.7440694327980966,2.5885901392650745,0.01431451593675921,5.095555357527588,50000,5.0,250000.0,2783.6162193247164,2455.1617454765533,4.910323490953107,5.567232438649433
2026-01-22,APARINDS,LONG,B_HUGE_GREEN_PULLBACK_HOLD_THEN_BREAK,HUGE,2026-01-22 09:35:00+05:30,2026-01-22 13:00:00+05:30,7239.9477,7185.64809225,7348.546915499999,2026-01-22 14:30:00+05:30,7213.0,EOD,-0.5016598931101749,-0.3722084898486175,31.3759822845459,88.96434783935547,88.88626098632812,4.014961265707619,4.7360784288218145,0.005054191405669038,11.472876976628275,50000,5.0,250000.0,-930.5212246215438,-1254.1497327754373,-2.5082994655508744,-1.8610424492430875
2026-01-22,CHENNPETRO,LONG,B_HUGE_GREEN_PULLBACK_HOLD_THEN_BREAK,HUGE,2026-01-22 09:35:00+05:30,2026-01-22 09:55:00+05:30,859.1718,852.7280115,872.0593769999999,2026-01-22 10:30:00+05:30,852.7280115,SL,-0.8789605197401265,-0.749999999999998,25.414793014526367,73.5983657836914,90.14794921875,1.5128524199162818,3.4290932672261603,0.006625585468731371,6.8000401385300755,50000,5.0,250000.0,-1874.999999999995,-2197.401299350316,-4.394802598700632,-3.7499999999999902
2026-01-22,CONCORDBIO,LONG,B_HUGE_GREEN_PULLBACK_HOLD_THEN_BREAK,HUGE,2026-01-22 09:40:00+05:30,2026-01-22 10:40:00+05:30,1255.251,1245.8366175,1274.079765,2026-01-22 14:00:00+05:30,1260.1083243408202,BE,0.2565225743901005,0.3869604040004941,38.973628997802734,70.05347442626953,76.8335952758789,1.9765452319959158,2.2326565206037534,0.0041576119018994495,6.4129245632374765,50000,5.0,250000.0,967.4010100012352,641.3064359752512,1.2826128719505023,1.9348020200024705
2026-01-22,KABRAEXTRU,LONG,B_HUGE_GREEN_PULLBACK_HOLD_THEN_BREAK,HUGE,2026-01-22 11:00:00+05:30,2026-01-22 13:00:00+05:30,212.41000061035157,210.81692560577395,215.59615061950683,2026-01-22 13:05:00+05:30,218.14360304260254,BE,2.5658666988915524,2.6993090795045838,27.89134407043457,83.54537963867188,87.58220672607422,5.2939624024185585,4.54777656647465,0.008142134463221528,11.930540039890586,50000,5.0,250000.0,6748.27269876146,6414.666747228881,12.829333494457762,13.496545397522919
2026-01-22,LMW,LONG,B_HUGE_GREEN_PULLBACK_HOLD_THEN_BREAK,HUGE,2026-01-22 10:55:00+05:30,2026-01-22 13:20:00+05:30,14227.845,14121.1361625,14441.262674999998,2026-01-22 14:30:00+05:30,14234.0,EOD,-0.08673100194537892,0.04326024074623146,43.027671813964844,68.75,93.8947982788086,976.2967883784845,4.774133052039864,0.0030328897432618904,1178.010817180872,50000,5.0,250000.0,108.15060186557864,-216.8275048634473,-0.43365500972689464,0.2163012037311573
2026-01-22,PARAGMILK,LONG,B_HUGE_GREEN_PULLBACK_HOLD_THEN_BREAK,HUGE,2026-01-22 09:30:00+05:30,2026-01-22 09:50:00+05:30,265.053,263.0651025,269.02879499999995,2026-01-22 09:55:00+05:30,265.8999121704102,BE,0.1891753849823701,0.31952559314936185,27.358564376831055,80.55555725097656,86.55146789550781,1.4124969463420236,3.2496919793881527,0.0054664720483903135,6.648867655937357,50000,5.0,250000.0,798.8139828734046,472.9384624559253,0.9458769249118506,1.5976279657468093
2026-01-23,AAVAS,LONG,B_HUGE_GREEN_PULLBACK_HOLD_THEN_BREAK,HUGE,2026-01-23 10:30:00+05:30,2026-01-23 11:25:00+05:30,1494.1988044189452,1482.992313385803,1516.6117864852292,2026-01-23 12:00:00+05:30,1504.9715,BE,0.5900962005579717,0.7209680230766965,62.45698547363281,81.47058868408203,70.56155395507812,3.1187908665588298,5.2654284810547844,0.0027140640599143885,11.005445566169502,50000,5.0,250000.0,1802.4200576917412,1475.2405013949294,2.950481002789859,3.6048401153834826
2026-01-23,EKC,LONG,B_HUGE_GREEN_PULLBACK_HOLD_THEN_BREAK,HUGE,2026-01-23 10:50:00+05:30,2026-01-23 11:10:00+05:30,113.71000366210937,112.85717863464356,115.415653717041,2026-01-23 11:15:00+05:30,117.08768243408203,BE,2.8366377186585914,2.9704323834246518,54.87202453613281,91.2311782836914,88.77980041503906,2.2014934241272868,4.802735213221612,0.012376737805594385,9.84312746580933,50000,5.0,250000.0,7426.080958561629,7091.594296646479,14.18318859329296,14.852161917123258
2026-01-23,SOBHA,LONG,B_HUGE_GREEN_PULLBACK_HOLD_THEN_BREAK,HUGE,2026-01-23 13:35:00+05:30,2026-01-23 14:10:00+05:30,1369.1738044189453,1358.9050008858032,1389.7114114852293,2026-01-23 14:30:00+05:30,1370.5,EOD,-0.03319987847182672,0.09686101039725031,49.16978454589844,79.22534942626953,79.4197006225586,5.354409870514634,3.958425438522559,0.0026691042744917235,12.412906066285217,50000,5.0,250000.0,242.15252599312578,-82.9996961795668,-0.1659993923591336,0.48430505198625157
2026-01-28,CRISIL,LONG,B_HUGE_GREEN_PULLBACK_HOLD_THEN_BREAK,HUGE,2026-01-28 10:10:00+05:30,2026-01-28 11:30:00+05:30,4625.925,4591.230562500001,4695.313875,2026-01-28 13:30:00+05:30,4591.230562500001,SL,-0.8789605197401107,-0.7499999999999862,31.74760627746582,82.2568359375,70.49578094482422,3.7370188335115233,3.446824869762776,0.0069879991851735605,9.63077554717151,50000,5.0,250000.0,-1874.9999999999657,-2197.4012993502765,-4.394802598700553,-3.749999999999931
2026-01-28,GREAVESCOT,LONG,B_HUGE_GREEN_PULLBACK_HOLD_THEN_BREAK,HUGE,2026-01-28 11:30:00+05:30,2026-01-28 13:05:00+05:30,165.8,164.55650000000003,168.287,2026-01-28 13:50:00+05:30,166.499,BE,0.2911094513057163,0.4215922798552375,54.95860290527344,81.25,91.93946838378906,4.924991194570471,3.575703707868806,0.003721677360454576,11.616336854125313,50000,5.0,250000.0,1053.9806996380937,727.7736282642908,1.4555472565285816,2.107961399276187
2026-01-28,IDEAFORGE,LONG,B_HUGE_GREEN_PULLBACK_HOLD_THEN_BREAK,HUGE,2026-01-28 11:30:00+05:30,2026-01-28 13:00:00+05:30,426.0852,422.889561,432.47647799999993,2026-01-28 13:05:00+05:30,432.47647799999993,TARGET,1.3681159420289846,1.4999999999999867,45.15508270263672,83.76383972167969,81.73284912109375,3.11203519172765,3.539207330599976,0.004344537678886862,9.264635304025816,50000,5.0,250000.0,3749.999999999967,3420.2898550724617,6.840579710144922,7.499999999999933
2026-01-28,INDIAGLYCO,LONG,B_HUGE_GREEN_PULLBACK_HOLD_THEN_BREAK,HUGE,2026-01-28 10:55:00+05:30,2026-01-28 13:00:00+05:30,833.5667044189453,827.3149541358032,846.0702049852293,2026-01-28 13:05:00+05:30,840.7700878295899,BE,0.7331061199438526,0.864164004207184,26.279163360595703,72.52396392822266,52.169403076171875,4.590539319736623,4.462078802242025,0.0038337613752610247,11.093918440809597,50000,5.0,250000.0,2160.41001051796,1832.7652998596313,3.6655305997192626,4.32082002103592
2026-01-28,MANORAMA,LONG,B_HUGE_GREEN_PULLBACK_HOLD_THEN_BREAK,HUGE,2026-01-28 11:20:00+05:30,2026-01-28 13:00:00+05:30,1248.5497088378906,1239.1855860216065,1267.2779544704588,2026-01-28 13:05:00+05:30,1259.9088513183594,BE,0.7786697987612972,0.9097869632312445,67.84111022949219,77.6119384765625,77.58295440673828,5.277870110908768,2.794991048584698,0.005475863536630017,11.772249166782498,50000,5.0,250000.0,2274.4674080781115,1946.674496903243,3.8933489938064856,4.548934816156223
2026-01-28,NAVINFLUOR,LONG,B_HUGE_GREEN_PULLBACK_HOLD_THEN_BREAK,HUGE,2026-01-28 10:55:00+05:30,2026-01-28 13:00:00+05:30,5940.6879,5896.13274075,6029.798218499999,2026-01-28 13:20:00+05:30,5971.033,BE,0.38020237238577975,0.5108011144635365,38.2777214050293,78.13953399658203,93.06405639648438,3.3823659631631466,3.8396170420234075,0.002812338201003255,9.500627851670362,50000,5.0,250000.0,1277.0027861588412,950.5059309644494,1.9010118619288987,2.554005572317682
2026-01-28,POLYPLEX,LONG,B_HUGE_GREEN_PULLBACK_HOLD_THEN_BREAK,HUGE,2026-01-28 11:10:00+05:30,2026-01-28 11:30:00+05:30,845.8191544189453,839.4755107608033,858.5064417352295,2026-01-28 14:30:00+05:30,845.0,EOD,-0.22665665980927227,-0.0968474661120771,25.019901275634766,78.0141830444336,85.5949935913086,2.4429949641593223,4.438811730425107,0.0038220810405604276,9.101122803001195,50000,5.0,250000.0,-242.11866528019277,-566.6416495231807,-1.1332832990463615,-0.48423733056038554
2026-01-28,RALLIS,LONG,B_HUGE_GREEN_PULLBACK_HOLD_THEN_BREAK,HUGE,2026-01-28 10:10:00+05:30,2026-01-28 10:30:00+05:30,272.95457389526365,270.9074145910492,277.04889250369257,2026-01-28 11:50:00+05:30,274.92275,BE,0.5901916634805153,0.7210636102004188,26.487873077392578,75.34246826171875,67.94623565673828,2.3023035487251566,2.2607895482683995,0.005571692796379273,6.6347583238427195,50000,5.0,250000.0,1802.659025501047,1475.4791587012883,2.9509583174025766,3.605318051002094
2026-01-28,SHANTIGEAR,LONG,B_HUGE_GREEN_PULLBACK_HOLD_THEN_BREAK,HUGE,2026-01-28 09:40:00+05:30,2026-01-28 10:15:00+05:30,455.5911,452.17416675,462.4249664999999,2026-01-28 10:20:00+05:30,457.57316217041017,BE,0.30455255458395913,0.43505287315976726,25.350618362426758,68.6182632446289,75.46520233154297,2.0615376026992616,3.4551352829794175,0.005025484632328823,6.967591258558195,50000,5.0,250000.0,1087.632182899418,761.3813864598978,1.5227627729197957,2.175264365798836
2026-01-28,UTIAMC,LONG,B_HUGE_GREEN_PULLBACK_HOLD_THEN_BREAK,HUGE,2026-01-28 11:25:00+05:30,2026-01-28 13:05:00+05:30,987.4974477905273,980.0912169320984,1002.3099095073851,2026-01-28 14:30:00+05:30,988.5999755859375,EOD,-0.018431430320037176,0.11164867290310912,51.82072448730469,73.4375,93.814697265625,4.175356954848317,4.267716692415136,0.002954466329744032,11.094774124066495,50000,5.0,250000.0,279.1216822577728,-46.078575800092935,-0.09215715160018587,0.5582433645155457
2026-01-30,CRISIL,LONG,B_HUGE_GREEN_PULLBACK_HOLD_THEN_BREAK,HUGE,2026-01-30 11:30:00+05:30,2026-01-30 13:30:00+05:30,4663.832482324219,4628.853738706788,4733.789969559082,2026-01-30 14:30:00+05:30,4672.89990234375,EOD,0.06423228160190395,0.19441993368964347,36.775569915771484,81.78670501708984,91.76810455322266,6.523248720797244,4.097381418145191,0.003410876221688245,13.370750346299017,50000,5.0,250000.0,486.0498342241087,160.58070400475987,0.3211614080095197,0.9720996684482173
2026-01-30,GENESYS,LONG,B_HUGE_GREEN_PULLBACK_HOLD_THEN_BREAK,HUGE,2026-01-30 13:40:00+05:30,2026-01-30 14:00:00+05:30,318.01360220947265,315.62850019290164,322.78380624261473,2026-01-30 14:30:00+05:30,316.0,EOD,-0.7622934664676738,-0.6331811581274155,57.055755615234375,84.5,80.7707290649414,2.6942835529043747,2.554037015810336,0.009831270833653727,8.41296945499094,50000,5.0,250000.0,-1582.9528953185388,-1905.7336661691847,-3.8114673323383697,-3.1659057906370776
2026-01-30,JINDALPOLY,LONG,B_HUGE_GREEN_PULLBACK_HOLD_THEN_BREAK,HUGE,2026-01-30 10:35:00+05:30,2026-01-30 13:00:00+05:30,396.0792,393.108606,402.02038799999997,2026-01-30 14:15:00+05:30,393.108606,SL,-0.8789605197401148,-0.7500000000000013,28.858875274658203,97.12460327148438,94.5054931640625,5.994182434619342,3.1718555015094694,0.005339105321903422,11.33717919555352,50000,5.0,250000.0,-1875.0000000000034,-2197.401299350287,-4.394802598700574,-3.7500000000000067
2026-01-30,KDDL,LONG,B_HUGE_GREEN_PULLBACK_HOLD_THEN_BREAK,HUGE,2026-01-30 10:00:00+05:30,2026-01-30 10:40:00+05:30,2208.0416176757813,2191.481305543213,2241.1622419409177,2026-01-30 11:05:00+05:30,2220.219202636719,BE,0.4208590247752001,0.5515106628178449,31.118438720703125,78.29698944091797,87.387939453125,3.1431928223215646,2.56950072467037,0.006948177585623417,8.35987016842647,50000,5.0,250000.0,1378.7766570446122,1052.1475619380003,2.1042951238760006,2.7575533140892245
2026-01-30,QUESS,LONG,B_HUGE_GREEN_PULLBACK_HOLD_THEN_BREAK,HUGE,2026-01-30 10:35:00+05:30,2026-01-30 11:30:00+05:30,209.58999328613282,208.01806833648683,212.7338431854248,2026-01-30 12:00:00+05:30,208.01806833648683,SL,-0.8789605197401082,-0.7499999999999969,29.881393432617188,87.7572021484375,90.06387329101562,2.942074494095175,3.0774371643030802,0.005402991971440125,8.391844489346909,50000,5.0,250000.0,-1874.999999999992,-2197.4012993502706,-4.394802598700541,-3.749999999999984
2026-01-30,VIPIND,LONG,B_HUGE_GREEN_PULLBACK_HOLD_THEN_BREAK,HUGE,2026-01-30 10:40:00+05:30,2026-01-30 11:05:00+05:30,370.12399779052737,367.34806780709846,375.67585775738524,2026-01-30 11:35:00+05:30,371.881,BE,0.34415453170443466,0.4747063740695308,40.300079345703125,94.9852523803711,94.35694122314453,4.890438622449863,3.0030202792592977,0.005600154440227036,10.658901707310164,50000,5.0,250000.0,1186.765935173827,860.3863292610866,1.7207726585221732,2.3735318703476542
2026-02-01,EIHOTEL,LONG,B_HUGE_GREEN_PULLBACK_HOLD_THEN_BREAK,HUGE,2026-02-01 10:35:00+05:30,2026-02-01 10:55:00+05:30,317.7135238952637,315.33067246604924,322.4792267536926,2026-02-01 11:40:00+05:30,319.04,BE,0.28702944902050237,0.4175069693204577,26.5251522064209,63.589744567871094,88.54462432861328,4.18395569275195,3.0986727930267657,0.003620336843239177,9.401636207081175,50000,5.0,250000.0,1043.7674233011442,717.5736225512559,1.4351472451025118,2.087534846602288
2026-02-01,NIITLTD,LONG,B_HUGE_GREEN_PULLBACK_HOLD_THEN_BREAK,HUGE,2026-02-01 09:55:00+05:30,2026-02-01 10:15:00+05:30,79.49999694824218,78.90374697113037,80.6924969024658,2026-02-01 10:20:00+05:30,80.31831756591797,BE,0.8980616516512776,1.0293341497969384,30.71417236328125,72.0558853149414,70.49707794189453,1.6522891655755074,2.5675882397893783,0.013057319260047667,6.323039819526018,50000,5.0,250000.0,2573.335374492346,2245.1541291281937,4.490308258256388,5.146670748984692
2026-02-01,PGIL,LONG,B_HUGE_GREEN_PULLBACK_HOLD_THEN_BREAK,HUGE,2026-02-01 09:55:00+05:30,2026-02-01 10:20:00+05:30,1629.3258,1617.1058565,1653.7656869999998,2026-02-01 10:30:00+05:30,1639.2673513183593,BE,0.4794356508028317,0.6101634994277503,31.748573303222656,75.28271484375,80.92121887207031,1.5208608466385396,2.8760725567187215,0.010085436335867374,6.8102951293343885,50000,5.0,250000.0,1525.4087485693758,1198.5891270070792,2.3971782540141584,3.0508174971387514
2026-02-01,RPTECH,LONG,B_HUGE_GREEN_PULLBACK_HOLD_THEN_BREAK,HUGE,2026-02-01 10:05:00+05:30,2026-02-01 11:05:00+05:30,369.0738,366.3057465,374.60990699999996,2026-02-01 11:15:00+05:30,372.878,BE,0.8994680331075474,1.030742361012887,48.031063079833984,80.06134796142578,89.68254089355469,2.319508999032169,3.1625881235214814,0.006012179433877778,8.162140813036647,50000,5.0,250000.0,2576.8559025322174,2248.6700827688687,4.497340165537738,5.153711805064435
2026-02-02,SYMPHONY,LONG,B_HUGE_GREEN_PULLBACK_HOLD_THEN_BREAK,HUGE,2026-02-02 11:30:00+05:30,2026-02-02 13:00:00+05:30,919.1838,912.2899215000001,932.971557,2026-02-02 13:05:00+05:30,931.198,BE,1.1754175363199304,1.307050885796721,25.075490951538086,75.84906005859375,85.92417907714844,6.042278063470561,3.565558932258307,0.003853106611261855,11.802529195384405,50000,5.0,250000.0,3267.627214491802,2938.5438407998263,5.877087681599653,6.535254428983604
2026-02-03,ANUP,LONG,B_HUGE_GREEN_PULLBACK_HOLD_THEN_BREAK,HUGE,2026-02-03 10:55:00+05:30,2026-02-03 13:00:00+05:30,2059.4118,2043.9662114999999,2090.302977,2026-02-03 13:05:00+05:30,2085.8237973632813,BE,1.1509005403690407,1.2825019922329979,57.43279266357422,80.3895263671875,94.42277526855469,0.7226613616052048,5.072086466385912,0.008897967444369301,7.838228285550601,50000,5.0,250000.0,3206.2549805824947,2877.251350922602,5.754502701845204,6.4125099611649885
2026-02-03,ASHAPURMIN,LONG,B_HUGE_GREEN_PULLBACK_HOLD_THEN_BREAK,HUGE,2026-02-03 11:20:00+05:30,2026-02-03 13:00:00+05:30,675.3350522094727,670.2700393179017,685.4650779926147,2026-02-03 14:10:00+05:30,679.9041621704101,BE,0.5457552151194737,0.6765693482055816,55.577518463134766,70.06237030029297,82.70928955078125,1.997369034775657,3.7435179339320577,0.004069687469871324,8.240641411288543,50000,5.0,250000.0,1691.423370513954,1364.388037798684,2.7287760755973682,3.382846741027908
2026-02-03,EPIGRAL,LONG,B_HUGE_GREEN_PULLBACK_HOLD_THEN_BREAK,HUGE,2026-02-03 10:45:00+05:30,2026-02-03 11:05:00+05:30,975.2949955810546,967.9802831141968,989.9244205147704,2026-02-03 11:20:00+05:30,982.045,BE,0.5612644332219742,0.6920987444341224,43.20573425292969,75.0,70.63313293457031,3.154282102734234,4.711382369741908,0.0035873973212979565,9.92313922498281,50000,5.0,250000.0,1730.2468610853061,1403.1610830549353,2.8063221661098705,3.4604937221706122
2026-02-03,FEDFINA,LONG,B_HUGE_GREEN_PULLBACK_HOLD_THEN_BREAK,HUGE,2026-02-03 13:00:00+05:30,2026-02-03 13:20:00+05:30,147.40000610351564,146.29450605773928,149.61100619506837,2026-02-03 14:00:00+05:30,146.29450605773928,SL,-0.8789605197401006,-0.7499999999999901,64.9748764038086,75.35545349121094,91.90863800048828,6.564178814086983,3.9499457489697796,0.0033203314595661878,14.161149337701296,50000,5.0,250000.0,-1874.9999999999752,-2197.4012993502515,-4.394802598700503,-3.7499999999999507
2026-02-03,JINDWORLD,LONG,B_HUGE_GREEN_PULLBACK_HOLD_THEN_BREAK,HUGE,2026-02-03 13:00:00+05:30,2026-02-03 14:10:00+05:30,28.000000762939454,27.79000075721741,28.420000774383542,2026-02-03 14:15:00+05:30,28.514200380325317,BE,1.7041059602068274,1.8364271549108417,28.92452049255371,70.5521469116211,78.90660858154297,3.130840448535255,2.7691138391678605,0.006768536222576216,7.945004611407649,50000,5.0,250000.0,4591.067887277104,4260.264900517069,8.520529801034138,9.182135774554208
2026-02-03,LLOYDSENT,LONG,A_MOD_BREAK_C1_HIGH,MODERATE,2026-02-03 09:50:00+05:30,2026-02-03 09:55:00+05:30,59.4500015258789,59.004126514434816,60.34175154876708,2026-02-03 10:00:00+05:30,59.80005954360962,BE,0.45812747510000906,0.5888276009182859,49.13832473754883,77.68923950195312,57.83597183227539,1.1511137777077443,3.013141208098701,0.011742178061844404,6.290404034640364,50000,5.0,250000.0,1472.0690022957147,1145.3186877500227,2.2906373755000455,2.944138004591429
2026-02-03,PRECWIRE,LONG,B_HUGE_GREEN_PULLBACK_HOLD_THEN_BREAK,HUGE,2026-02-03 11:30:00+05:30,2026-02-03 13:10:00+05:30,249.27000122070314,247.40047621154787,253.00905123901367,2026-02-03 13:25:00+05:30,251.244,BE,0.6609478871164619,0.7919118905724597,29.92836570739746,73.69791412353516,74.93132019042969,2.8202397612014316,4.697972772212328,0.004897926423807178,9.450654136167635,50000,5.0,250000.0,1979.7797264311494,1652.3697177911547,3.3047394355823094,3.9595594528622993
2026-02-03,SOUTHBANK,LONG,B_HUGE_GREEN_PULLBACK_HOLD_THEN_BREAK,HUGE,2026-02-03 10:45:00+05:30,2026-02-03 13:00:00+05:30,38.75000076293945,38.45937575721741,39.33125077438354,2026-02-03 13:15:00+05:30,39.03255152130127,BE,0.5982807620615889,0.7291632330290269,40.19922637939453,59.58904266357422,73.90967559814453,5.29683655125151,2.943094375768154,0.004768089040533289,10.952709086237428,50000,5.0,250000.0,1822.908082572567,1495.7019051539721,2.9914038103079443,3.645816165145134
2026-02-03,SPLPETRO,LONG,B_HUGE_GREEN_PULLBACK_HOLD_THEN_BREAK,HUGE,2026-02-03 11:20:00+05:30,2026-02-03 13:00:00+05:30,624.1747977905274,619.4934868070984,633.5374197573852,2026-02-03 13:15:00+05:30,626.6643378295898,BE,0.2683997389945644,0.3988530212810639,50.45915985107422,73.56321716308594,87.59728240966797,3.818972973221003,3.889502258552189,0.004690161943924563,10.390345021679611,50000,5.0,250000.0,997.1325532026599,670.999347486411,1.341998694972822,1.9942651064053198
2026-02-03,VRLLOG,LONG,B_HUGE_GREEN_PULLBACK_HOLD_THEN_BREAK,HUGE,2026-02-03 09:40:00+05:30,2026-02-03 13:10:00+05:30,282.10639779052735,279.9905998070984,286.3379937573852,2026-02-03 14:30:00+05:30,282.5,EOD,0.009406288873236603,0.13952261010574757,28.75536346435547,85.77405548095703,92.46282196044922,4.9540617765681905,4.293877711576809,0.005559777114408236,11.95623682970773,50000,5.0,250000.0,348.8065252643689,23.51572218309151,0.04703144436618301,0.6976130505287378
2026-02-04,BLKASHYAP,LONG,B_HUGE_GREEN_PULLBACK_HOLD_THEN_BREAK,HUGE,2026-02-04 09:40:00+05:30,2026-02-04 10:15:00+05:30,49.25000076293945,48.88062575721741,49.98875077438354,2026-02-04 10:20:00+05:30,49.56086908721924,BE,0.500449521043568,0.6312047095717326,32.0641975402832,76.78571319580078,92.54301452636719,3.1802325934739764,4.320006189856138,0.004907084658850156,9.564136938809542,50000,5.0,250000.0,1578.0117739293314,1251.12380260892,2.50224760521784,3.1560235478586627
2026-02-04,DBREALTY,LONG,B_HUGE_GREEN_PULLBACK_HOLD_THEN_BREAK,HUGE,2026-02-04 13:30:00+05:30,2026-02-04 13:55:00+05:30,119.23000030517578,118.33577530288697,121.0184503097534,2026-02-04 14:00:00+05:30,121.634,BE,1.88371593698256,2.016270811600312,31.993305206298828,65.6424560546875,60.639549255371094,4.69672961831129,3.2939381492617303,0.00384463133795842,10.251641100445433,50000,5.0,250000.0,5040.67702900078,4709.2898424564,9.418579684912801,10.08135405800156
2026-02-04,DEEPINDS,LONG,B_HUGE_GREEN_PULLBACK_HOLD_THEN_BREAK,HUGE,2026-02-04 09:30:00+05:30,2026-02-04 10:10:00+05:30,407.73152389526365,404.6735374660492,413.84749675369255,2026-02-04 10:15:00+05:30,410.3652060852051,BE,0.5151610564829002,0.6459353853193804,48.604740142822266,83.53141021728516,82.48928833007812,2.0859779657781696,4.829749400904771,0.008497506870044151,9.783587001776763,50000,5.0,250000.0,1614.8384632984512,1287.9026412072506,2.5758052824145015,3.229676926596902
2026-02-04,GIPCL,LONG,B_HUGE_GREEN_PULLBACK_HOLD_THEN_BREAK,HUGE,2026-02-04 09:35:00+05:30,2026-02-04 10:00:00+05:30,145.6999938964844,144.60724394226077,147.88549380493163,2026-02-04 10:15:00+05:30,146.559,BE,0.4588707256451702,0.5895718184627448,28.3974552154541,84.55538177490234,90.66293334960938,1.5387722862714641,4.078316638730004,0.006255515372942302,7.323629746282221,50000,5.0,250000.0,1473.9295461568618,1147.1768141129255,2.294353628225851,2.9478590923137236
2026-02-04,GULFOILLUB,LONG,B_HUGE_GREEN_PULLBACK_HOLD_THEN_BREAK,HUGE,2026-02-04 09:50:00+05:30,2026-02-04 10:15:00+05:30,1153.4305911621093,1144.7798617283936,1170.732050029541,2026-02-04 10:25:00+05:30,1144.7798617283936,SL,-0.8789605197401013,-0.7499999999999893,28.520389556884766,61.61616134643555,74.05205535888672,1.3711503962661216,2.160340793975197,0.007404331877112643,5.109175800518839,50000,5.0,250000.0,-1874.9999999999732,-2197.4012993502533,-4.394802598700507,-3.7499999999999463
2026-02-04,IDBI,LONG,B_HUGE_GREEN_PULLBACK_HOLD_THEN_BREAK,HUGE,2026-02-04 10:25:00+05:30,2026-02-04 13:00:00+05:30,106.60000305175781,105.80050302886963,108.19900309753416,2026-02-04 13:05:00+05:30,108.19900309753416,TARGET,1.3681159420289908,1.499999999999984,29.59306526184082,85.30612182617188,90.3680419921875,1.0721906399203192,3.9515669546646226,0.0061089337902789816,6.866256126191745,50000,5.0,250000.0,3749.99999999996,3420.2898550724767,6.8405797101449535,7.499999999999921
2026-02-04,OLECTRA,LONG,B_HUGE_GREEN_PULLBACK_HOLD_THEN_BREAK,HUGE,2026-02-04 09:30:00+05:30,2026-02-04 09:50:00+05:30,1078.7157,1070.62533225,1094.8964354999998,2026-02-04 10:20:00+05:30,1070.62533225,SL,-0.8789605197401256,-0.7500000000000039,26.500629425048828,65.86666870117188,70.70706939697266,1.1895115198947108,0.6157740310408343,0.005754023503063437,3.637523206787375,50000,5.0,250000.0,-1875.0000000000098,-2197.401299350314,-4.394802598700628,-3.750000000000019
2026-02-04,PVRINOX,LONG,B_HUGE_GREEN_PULLBACK_HOLD_THEN_BREAK,HUGE,2026-02-04 13:20:00+05:30,2026-02-04 13:45:00+05:30,1018.0535455810547,1010.4181439891968,1033.3243487647703,2026-02-04 14:10:00+05:30,1021.3766013183593,BE,0.19605351086529788,0.3264126677549214,38.06430435180664,89.76377868652344,92.40270233154297,5.487028006993495,4.921175196903961,0.0023645321136624943,13.25234666630599,50000,5.0,250000.0,816.0316693873034,490.1337771632447,0.9802675543264894,1.6320633387746069
2026-02-04,VENUSPIPES,LONG,B_HUGE_GREEN_PULLBACK_HOLD_THEN_BREAK,HUGE,2026-02-04 13:25:00+05:30,2026-02-04 14:00:00+05:30,1161.0322088378907,1152.3244672716066,1178.447691970459,2026-02-04 14:30:00+05:30,1166.0,EOD,0.29738612392199637,0.4278771186788761,36.12984848022461,73.66071319580078,82.1031723022461,5.45638228506856,3.650070199663827,0.0041259944278922486,11.525636196979349,50000,5.0,250000.0,1069.6927966971903,743.465309804991,1.4869306196099819,2.1393855933943806
2026-02-05,PRECAM,LONG,B_HUGE_GREEN_PULLBACK_HOLD_THEN_BREAK,HUGE,2026-02-05 10:55:00+05:30,2026-02-05 11:25:00+05:30,151.72999267578126,150.5920177307129,154.00594256591796,2026-02-05 11:45:00+05:30,150.5920177307129,SL,-0.8789605197401141,-0.7499999999999941,37.76386260986328,64.09978485107422,61.64785385131836,1.2617298908514503,1.508095740715557,0.006343241898672099,5.011723726242623,50000,5.0,250000.0,-1874.9999999999852,-2197.401299350285,-4.39480259870057,-3.7499999999999707
2026-02-06,APOLLOPIPE,LONG,B_HUGE_GREEN_PULLBACK_HOLD_THEN_BREAK,HUGE,2026-02-06 13:30:00+05:30,2026-02-06 13:50:00+05:30,312.76255220947263,310.4168330679016,317.4539904926147,2026-02-06 13:55:00+05:30,313.90545608520506,BE,0.23501238054471874,0.3654222245145799,68.40083312988281,92.18524169921875,85.03385925292969,2.5776572760227654,3.759412278710252,0.017246126841349775,9.256812609371302,50000,5.0,250000.0,913.5555612864498,587.5309513617968,1.1750619027235936,1.8271111225728998
2026-02-06,IXIGO,LONG,B_HUGE_GREEN_PULLBACK_HOLD_THEN_BREAK,HUGE,2026-02-06 11:10:00+05:30,2026-02-06 13:00:00+05:30,215.05,213.437125,218.27575,2026-02-06 14:30:00+05:30,215.52999877929688,EOD,0.0929782866174326,0.22320333843146414,34.7912712097168,77.79527282714844,82.0182876586914,4.182434722021144,4.3621661427156555,0.003370816516056805,10.575568643097897,50000,5.0,250000.0,558.0083460786603,232.44571654358148,0.464891433087163,1.1160166921573207
2026-02-06,LICI,LONG,B_HUGE_GREEN_PULLBACK_HOLD_THEN_BREAK,HUGE,2026-02-06 09:35:00+05:30,2026-02-06 10:20:00+05:30,897.9795477905274,891.2447011820984,911.4492410073852,2026-02-06 10:30:00+05:30,901.7865,BE,0.2934605397470013,0.4239464271585766,37.77960205078125,95.46178436279297,94.06644439697266,1.2670147711873485,6.460130182133839,0.007110826637712829,9.773089284461967,50000,5.0,250000.0,1059.8660678964416,733.6513493675034,1.4673026987350066,2.119732135792883
2026-02-06,NIACL,LONG,A_MOD_BREAK_C1_HIGH,MODERATE,2026-02-06 09:35:00+05:30,2026-02-06 09:40:00+05:30,149.38999633789064,148.26957136535646,151.63084628295897,2026-02-06 09:45:00+05:30,151.4742026977539,BE,1.2633967144055145,1.3951445283854191,37.115596771240234,81.75182342529297,60.58201217651367,1.0723674154915341,2.359950522384418,0.00422900831350274,5.654989457366516,50000,5.0,250000.0,3487.8613209635478,3158.4917860137866,6.316983572027573,6.975722641927096
2026-02-09,FORTIS,LONG,B_HUGE_GREEN_PULLBACK_HOLD_THEN_BREAK,HUGE,2026-02-09 11:10:00+05:30,2026-02-09 13:00:00+05:30,888.1776,881.5162680000001,901.5002639999999,2026-02-09 13:20:00+05:30,891.8165,BE,0.27923671358405266,0.4097040952169966,46.16654968261719,87.73234558105469,93.3843002319336,6.71171106626213,5.265951276155739,0.003685414491653974,15.009123718163757,50000,5.0,250000.0,1024.2602380424914,698.0917839601317,1.3961835679202634,2.048520476084983
2026-02-09,GLAND,LONG,B_HUGE_GREEN_PULLBACK_HOLD_THEN_BREAK,HUGE,2026-02-09 10:40:00+05:30,2026-02-09 11:05:00+05:30,1875.375,1861.3096875,1903.5056249999998,2026-02-09 11:50:00+05:30,1861.3096875,SL,-0.8789605197401049,-0.7499999999999941,42.12099075317383,78.66972351074219,88.71092987060547,4.04456581701442,3.1967401626066114,0.0035051814324472256,9.736464677397123,50000,5.0,250000.0,-1874.9999999999852,-2197.4012993502624,-4.394802598700525,-3.7499999999999707
2026-02-09,JKTYRE,LONG,B_HUGE_GREEN_PULLBACK_HOLD_THEN_BREAK,HUGE,2026-02-09 09:35:00+05:30,2026-02-09 10:25:00+05:30,572.1144,567.8235420000001,580.696116,2026-02-09 10:30:00+05:30,578.1603243408204,BE,0.9254602812968791,1.056768426178454,42.898597717285156,86.65835571289062,70.61079406738281,1.6008359834845338,4.856247801611564,0.009266954228365737,8.947083422203114,50000,5.0,250000.0,2641.921065446135,2313.6507032421973,4.627301406484395,5.283842130892269
2026-02-09,KAMATHOTEL,LONG,B_HUGE_GREEN_PULLBACK_HOLD_THEN_BREAK,HUGE,2026-02-09 13:05:00+05:30,2026-02-09 13:30:00+05:30,191.55,190.11337500000002,194.42325,2026-02-09 14:00:00+05:30,192.78988513183594,BE,0.5165145037663739,0.647290593493048,30.89153289794922,66.50326538085938,66.86700439453125,5.235724935084978,2.4533712443512514,0.0033639828038203663,9.98770825974606,50000,5.0,250000.0,1618.22648373262,1291.2862594159346,2.5825725188318693,3.23645296746524
2026-02-09,OMINFRAL,LONG,B_HUGE_GREEN_PULLBACK_HOLD_THEN_BREAK,HUGE,2026-02-09 13:10:00+05:30,2026-02-09 13:55:00+05:30,97.64999847412109,96.91762348556519,99.1147484512329,2026-02-09 14:00:00+05:30,99.60030152130128,BE,1.8647080302076398,1.9972381747625407,49.616458892822266,81.37651824951172,81.82814025878906,5.199171356947401,4.900794290273934,0.00516686169111317,12.734677223886106,50000,5.0,250000.0,4993.095436906352,4661.7700755191,9.3235401510382,9.986190873812705
2026-02-09,PATELENG,LONG,B_HUGE_GREEN_PULLBACK_HOLD_THEN_BREAK,HUGE,2026-02-09 10:15:00+05:30,2026-02-09 10:40:00+05:30,29.8,29.576500000000003,30.246999999999996,2026-02-09 10:45:00+05:30,30.358650760650633,BE,1.7422961004132753,1.874666982049102,37.0324592590332,79.4117660522461,80.24320983886719,4.039376687715589,2.773947004288576,0.004753778739285485,9.413490927517692,50000,5.0,250000.0,4686.667455122755,4355.7402510331885,8.711480502066376,9.37333491024551
2026-02-09,RPSGVENT,LONG,B_HUGE_GREEN_PULLBACK_HOLD_THEN_BREAK,HUGE,2026-02-09 10:25:00+05:30,2026-02-09 10:55:00+05:30,764.6029022094726,758.8683804429016,776.0719457426146,2026-02-09 11:00:00+05:30,758.8683804429016,SL,-0.8789605197401107,-0.7499999999999931,56.799190521240234,91.07835388183594,92.38030242919922,2.590636671471071,3.3286799484039022,0.01052227327900548,8.999653978892704,50000,5.0,250000.0,-1874.9999999999827,-2197.4012993502765,-4.394802598700553,-3.7499999999999654
2026-02-09,SDBL,LONG,B_HUGE_GREEN_PULLBACK_HOLD_THEN_BREAK,HUGE,2026-02-09 10:00:00+05:30,2026-02-09 13:00:00+05:30,91.68999938964843,91.00232439422608,93.06534938049315,2026-02-09 13:10:00+05:30,92.47175,BE,0.7215589664683444,0.8526018274134955,42.513370513916016,86.61538696289062,87.57061767578125,11.041403687619185,5.016576018164477,0.006970938600855039,19.812587421071086,50000,5.0,250000.0,2131.504568533739,1803.897416170861,3.6077948323417224,4.2630091370674785
2026-02-09,SWSOLAR,LONG,B_HUGE_GREEN_PULLBACK_HOLD_THEN_BREAK,HUGE,2026-02-09 13:10:00+05:30,2026-02-09 13:50:00+05:30,203.77000122070314,202.24172621154787,206.82655123901367,2026-02-09 14:30:00+05:30,203.9199981689453,EOD,-0.056419770786062376,0.0736109080549666,29.74509620666504,74.39252471923828,93.60014343261719,5.774541852507182,3.382247610649299,0.003306910996811555,11.450715154179427,50000,5.0,250000.0,184.0272701374165,-141.04942696515593,-0.28209885393031187,0.36805454027483303
2026-02-09,TMB,LONG,B_HUGE_GREEN_PULLBACK_HOLD_THEN_BREAK,HUGE,2026-02-09 11:20:00+05:30,2026-02-09 14:05:00+05:30,657.4814455810547,652.5503347391968,667.3436672647705,2026-02-09 14:30:00+05:30,658.7999877929688,EOD,0.07034878883366372,0.20054439874706903,57.87263870239258,79.25311279296875,85.42526245117188,4.039189756017027,3.2425455189950894,0.004440730252626841,10.79607739756299,50000,5.0,250000.0,501.36099686767255,175.8719720841593,0.3517439441683186,1.002721993735345
2026-02-10,DBCORP,LONG,B_HUGE_GREEN_PULLBACK_HOLD_THEN_BREAK,HUGE,2026-02-10 09:30:00+05:30,2026-02-10 10:00:00+05:30,242.55,240.73087500000003,246.18824999999998,2026-02-10 10:05:00+05:30,244.88313513183593,BE,0.8307343437044485,0.9619192462733115,38.98222351074219,91.74433898925781,90.58927154541016,1.7585084270666083,6.0298048143332394,0.0033269877210467484,10.292992715167225,50000,5.0,250000.0,2404.7981156832784,2076.8358592611216,4.153671718522244,4.809596231366556
2026-02-10,EIMCOELECO,LONG,A_MOD_BREAK_C1_HIGH,MODERATE,2026-02-10 09:35:00+05:30,2026-02-10 09:40:00+05:30,1724.2448044189453,1711.3129683858033,1750.1084764852292,2026-02-10 09:45:00+05:30,1754.72,BE,1.635220213904453,1.7674517854397502,46.05454635620117,77.85547637939453,69.69281005859375,1.6757836214707351,2.550513529332288,0.004976258018498407,6.438100894572509,50000,5.0,250000.0,4418.629463599375,4088.0505347611324,8.176101069522264,8.83725892719875
2026-02-10,FORCEMOT,LONG,B_HUGE_GREEN_PULLBACK_HOLD_THEN_BREAK,HUGE,2026-02-10 10:05:00+05:30,2026-02-10 13:25:00+05:30,23584.716,23407.83063,23938.486739999997,2026-02-10 14:30:00+05:30,23460.0,EOD,-0.6580480283107297,-0.5288000923988245,50.946407318115234,89.07330322265625,94.65422058105469,651.2526089411823,4.768204497255077,0.00759425986185258,788.648511740553,50000,5.0,250000.0,-1322.0002309970614,-1645.1200707768244,-3.2902401415536486,-2.644000461994123
2026-02-10,GPPL,LONG,B_HUGE_GREEN_PULLBACK_HOLD_THEN_BREAK,HUGE,2026-02-10 09:35:00+05:30,2026-02-10 10:00:00+05:30,181.7600067138672,180.39680666351322,184.4864068145752,2026-02-10 11:55:00+05:30,182.89964695739747,BE,0.49625302295652113,0.6270027516693079,26.053071975708008,61.99158477783203,47.089473724365234,1.9572818262540226,1.5863418546318602,0.005368968730892303,5.840016493935902,50000,5.0,250000.0,1567.5068791732695,1240.6325573913027,2.4812651147826057,3.1350137583465387
2026-02-10,HITECH,LONG,B_HUGE_GREEN_PULLBACK_HOLD_THEN_BREAK,HUGE,2026-02-10 09:50:00+05:30,2026-02-10 10:15:00+05:30,91.05,90.367125,92.41574999999999,2026-02-10 10:45:00+05:30,91.724,BE,0.609355728505893,0.7402526084568991,42.762855529785156,91.51103210449219,88.22571563720703,1.8664186881812268,4.5100504297852595,0.008693922571503481,9.128655702995289,50000,5.0,250000.0,1850.6315211422477,1523.3893212647326,3.0467786425294654,3.701263042284495
2026-02-10,NH,LONG,B_HUGE_GREEN_PULLBACK_HOLD_THEN_BREAK,HUGE,2026-02-10 09:40:00+05:30,2026-02-10 10:30:00+05:30,1798.0594911621095,1784.5740449783937,1825.0303835295408,2026-02-10 11:40:00+05:30,1804.57,BE,0.2316797771527652,0.3620852852695467,34.29952621459961,90.85072326660156,55.07913589477539,1.0944095885049563,2.5631081949980317,0.008433341493072531,6.74893354926492,50000,5.0,250000.0,905.2132131738667,579.199442881913,1.158398885763826,1.8104264263477337
2026-02-10,NIACL,LONG,B_HUGE_GREEN_PULLBACK_HOLD_THEN_BREAK,HUGE,2026-02-10 10:35:00+05:30,2026-02-10 11:15:00+05:30,156.35000305175782,155.17737802886964,158.69525309753416,2026-02-10 11:20:00+05:30,158.42329391479493,BE,1.194399404014658,1.3260574496763924,36.17057418823242,74.15730285644531,76.5674819946289,2.385873407932318,2.9697036129207253,0.004291963828895811,7.890080739987197,50000,5.0,250000.0,3315.143624190981,2985.998510036645,5.97199702007329,6.630287248381962
2026-02-10,SAREGAMA,LONG,A_MOD_BREAK_C1_HIGH,MODERATE,2026-02-10 09:30:00+05:30,2026-02-10 09:35:00+05:30,354.0708,351.415269,359.381862,2026-02-10 09:40:00+05:30,355.7794560852051,BE,0.35201262949960455,0.48257469557079086,32.563873291015625,66.31578826904297,77.98741912841797,1.4869204945522299,2.130504195469864,0.004176755409456242,5.389268176278997,50000,5.0,250000.0,1206.4367389269771,880.0315737490114,1.7600631474980228,2.412873477853954
