trade_date,ticker,side,setup,impulse_type,signal_time_ist,entry_time_ist,entry_price,sl_price,target_price,exit_time_ist,exit_price,outcome,pnl_pct,pnl_pct_gross,adx_signal,rsi_signal,stochk_signal,avwap_dist_atr_signal,ema20_gap_atr_signal,atr_pct_signal,quality_score,pnl_pct_price,pnl_pct_gross_price,position_size_rs,leverage,notional_exposure_rs,pnl_rs,pnl_rs_gross
2025-08-26,GODIGIT,SHORT,A_MOD_BREAK_C1_LOW,MODERATE,2025-08-26 10:00:00+05:30,2025-08-26 10:15:00+05:30,362.12756,364.84351670000007,357.78202928,2025-08-26 10:45:00+05:30,361.08,BE,0.7979524957867747,1.4463964024169174,29.621336182573003,12.91666666515981,4.94720276170187,1.36381465623676,3.313014669985629,0.0052067954093584605,0.542987607580028,0.15959049915735496,0.28927928048338347,50000.0,5.0,250000.0,398.9762478933874,723.1982012084587
2025-09-01,UBL,SHORT,A_MOD_BREAK_C1_LOW,MODERATE,2025-09-01 10:00:00+05:30,2025-09-01 10:15:00+05:30,1813.33726,1826.9372894500002,1791.57721288,2025-09-01 10:30:00+05:30,1805.5002999999997,BE,1.5134072322884777,2.160921791239297,29.276032606472384,8.085106382817969,7.107796312286287,0.9443100115489869,2.943791482400234,0.005790868276420598,0.4643947411181584,0.30268144645769557,0.4321843582478594,50000.0,5.0,250000.0,756.7036161442389,1080.4608956196485
2025-09-04,NAZARA,SHORT,A_PULLBACK_C2_THEN_BREAK_C2_LOW,MODERATE,2025-09-04 10:45:00+05:30,2025-09-04 11:15:00+05:30,278.9442,281.03628150000003,275.59686960000005,2025-09-04 11:45:00+05:30,277.6304,BE,1.7076890825567408,2.354951276993776,57.600096778656315,22.65624999752187,21.96256626636351,1.3176051021724513,2.8255609086999423,0.006861239119303624,0.840580892880179,0.3415378165113482,0.4709902553987552,50000.0,5.0,250000.0,853.8445412783705,1177.475638496888
2025-09-04,ZUARI,SHORT,A_MOD_BREAK_C1_LOW,MODERATE,2025-09-04 10:15:00+05:30,2025-09-04 10:30:00+05:30,312.03758000000005,314.37786185000004,308.29312904000005,2025-09-04 10:45:00+05:30,307.5198,BE,6.59825055709026,7.239160103728648,42.80166082976173,34.595162985311575,19.519179177206166,1.1434403968064208,2.3939559381139106,0.015737338232944546,0.7021269818875495,1.319650111418052,1.4478320207457296,50000.0,5.0,250000.0,3299.12527854513,3619.580051864324
2025-09-05,UPL,SHORT,A_MOD_BREAK_C1_LOW,MODERATE,2025-09-05 11:00:00+05:30,2025-09-05 11:15:00+05:30,692.41149,697.604576175,684.1025521199999,2025-09-05 12:00:00+05:30,688.5595,BE,2.13486843093218,2.7815757361276603,39.748596043073896,28.1306715049228,21.244975476638608,1.1998350473504664,2.423704196458743,0.0049227311621769295,0.6662000739324401,0.42697368618643605,0.5563151472255321,50000.0,5.0,250000.0,1067.43421546609,1390.7878680638303
2025-09-08,APOLLOHOSP,SHORT,A_MOD_BREAK_C1_LOW,MODERATE,2025-09-08 10:45:00+05:30,2025-09-08 11:00:00+05:30,7765.9465,7824.1910987500005,7672.755142,2025-09-08 14:30:00+05:30,7800.0,EOD,-2.8456655306772225,-2.192488706946409,39.35455197720549,31.93069306908562,19.475655430711587,1.3198463915170862,2.346119237646709,0.0033010887156098277,0.6812913981735724,-0.5691331061354445,-0.4384977413892818,50000.0,5.0,250000.0,-1422.8327653386114,-1096.2443534732047
2025-09-08,ELGIEQUIP,SHORT,A_MOD_BREAK_C1_LOW,MODERATE,2025-09-08 10:15:00+05:30,2025-09-08 10:30:00+05:30,474.4051,477.96313825000004,468.7122388,2025-09-08 14:30:00+05:30,474.2,EOD,-0.43387853987235003,0.21616546702387454,31.364059050821684,46.36871508017224,45.9119496855346,0.8439115672667592,1.222591380724402,0.005283757338551837,0.4392749790702282,-0.08677570797447001,0.04323309340477491,50000.0,5.0,250000.0,-216.93926993617504,108.08273351193726
2025-09-08,ERIS,SHORT,A_MOD_BREAK_C1_LOW,MODERATE,2025-09-08 11:00:00+05:30,2025-09-08 11:15:00+05:30,1707.95834,1720.76802755,1687.4628399199999,2025-09-08 12:30:00+05:30,1720.76802755,SL,-4.40520260130063,-3.7500000000000098,52.99856896284895,27.32447817764239,36.88888888888908,1.1381237741626822,1.997722655616289,0.005702087841394252,0.809057793259284,-0.881040520260126,-0.750000000000002,50000.0,5.0,250000.0,-2202.6013006503154,-1875.000000000005
2025-09-08,GRINFRA,SHORT,A_MOD_BREAK_C1_LOW,MODERATE,2025-09-08 10:15:00+05:30,2025-09-08 10:30:00+05:30,1269.8459799999998,1279.36982485,1254.60782824,2025-09-08 10:45:00+05:30,1279.36982485,SL,-4.405202601300639,-3.750000000000063,26.003751029855596,8.943089430385484,9.699697256424162,1.6127196732212432,3.753625093449542,0.0031471282454760157,0.5322822082615515,-0.8810405202601277,-0.7500000000000127,50000.0,5.0,250000.0,-2202.601300650319,-1875.0000000000316
2025-09-08,PARADEEP,SHORT,A_MOD_BREAK_C1_LOW,MODERATE,2025-09-08 11:15:00+05:30,2025-09-08 11:30:00+05:30,188.16,189.5712,185.90207999999998,2025-09-08 11:45:00+05:30,186.95919999999998,BE,2.5447264448551667,3.190901360544258,42.8513545135184,4.925469863454538,3.7679894764049866,2.59957590042767,4.255801254298055,0.010629590050248954,0.8527703177027759,0.5089452889710333,0.6381802721088516,50000.0,5.0,250000.0,1272.3632224275832,1595.4506802721291
2025-09-08,SHK,SHORT,A_MOD_BREAK_C1_LOW,MODERATE,2025-09-08 11:00:00+05:30,2025-09-08 11:15:00+05:30,254.99899000000002,256.91148242500003,251.93900212000003,2025-09-08 12:00:00+05:30,256.91148242500003,SL,-4.405202601300566,-3.7500000000000204,33.61727255193017,23.344103389929018,13.917931380707634,1.6249587139219905,3.4354528442269046,0.0075859291084855,0.6486268632153009,-0.8810405202601133,-0.7500000000000041,50000.0,5.0,250000.0,-2202.601300650283,-1875.0000000000102
2025-09-09,BAJAJCON,SHORT,A_MOD_BREAK_C1_LOW,MODERATE,2025-09-09 10:15:00+05:30,2025-09-09 10:30:00+05:30,220.23,221.88172500000002,217.58723999999998,2025-09-09 11:15:00+05:30,221.88172500000002,SL,-4.405202601300632,-3.750000000000062,38.86562940523602,20.49306625135749,16.27461341108606,1.2148114929734264,3.1585421990114564,0.005090930301891161,0.6555764523488898,-0.8810405202601262,-0.7500000000000124,50000.0,5.0,250000.0,-2202.601300650316,-1875.0000000000312
2025-09-09,GSFC,SHORT,A_MOD_BREAK_C1_LOW,MODERATE,2025-09-09 10:15:00+05:30,2025-09-09 10:30:00+05:30,204.06,205.59045,201.61128,2025-09-09 14:30:00+05:30,204.39,EOD,-1.4599625599331514,-0.8085857100852301,25.637423587467644,13.043478258979121,4.027268196074304,1.6834080542184646,4.132989851047269,0.005869595634531982,0.539157763300246,-0.2919925119866303,-0.161717142017046,50000.0,5.0,250000.0,-729.9812799665757,-404.29285504261503
2025-09-10,RALLIS,SHORT,A_MOD_BREAK_C1_LOW,MODERATE,2025-09-10 11:15:00+05:30,2025-09-10 11:30:00+05:30,341.18175,343.74061312500004,337.08756900000003,2025-09-10 12:00:00+05:30,338.96385,BE,2.604222761444941,3.250320393749142,42.843362651535465,16.35220125642192,7.1621457169629865,1.187242298710968,2.8393569871407043,0.0076239280485254106,0.7104178420474514,0.5208445522889882,0.6500640787498284,50000.0,5.0,250000.0,1302.1113807224704,1625.160196874571
2025-09-11,ANGELONE,SHORT,B_HUGE_RED_FAILED_BOUNCE,HUGE,2025-09-11 10:15:00+05:30,2025-09-11 13:00:00+05:30,2308.5382,2325.8522365,2280.8357416,2025-09-11 13:15:00+05:30,2238.3950999999997,BE,14.561537401751323,15.192102950689799,31.032473926204403,37.13826366475891,38.43494688778941,0.6895467305318853,1.254854302173587,0.005208011374173194,0.44890050184482533,2.9123074803502647,3.0384205901379597,50000.0,5.0,250000.0,7280.768700875661,7596.051475344899
2025-09-11,MINDACORP,SHORT,A_MOD_BREAK_C1_LOW,MODERATE,2025-09-11 13:00:00+05:30,2025-09-11 13:15:00+05:30,504.59906,508.38355295,498.54387128,2025-09-11 14:15:00+05:30,508.38355295,SL,-4.405202601300563,-3.750000000000014,41.95351002893283,29.081632648906663,22.557399027987703,1.6154701867675998,2.0280338704664627,0.0031676895664224953,0.7720099331183223,-0.8810405202601126,-0.7500000000000029,50000.0,5.0,250000.0,-2202.6013006502812,-1875.0000000000073
2025-09-12,METROPOLIS,SHORT,A_MOD_BREAK_C1_LOW,MODERATE,2025-09-12 10:30:00+05:30,2025-09-12 10:45:00+05:30,2091.5816,2107.268462,2066.4826208,2025-09-12 12:15:00+05:30,2086.3403,BE,0.6042558440955907,1.2529513550894065,33.61208451461906,10.434782608377574,19.214876033058207,0.9552244355167965,3.3024647336735735,0.00381043430756622,0.5313455439347252,0.12085116881911816,0.2505902710178813,50000.0,5.0,250000.0,302.1279220477954,626.4756775447032
2025-09-12,ORIENTHOT,SHORT,A_MOD_BREAK_C1_LOW,MODERATE,2025-09-12 11:00:00+05:30,2025-09-12 11:15:00+05:30,142.33999999999997,143.40755,140.63191999999998,2025-09-12 12:00:00+05:30,141.68377999999998,BE,1.6577874999042919,2.3051145145426113,41.2446199275729,28.809788649573576,17.55003450655622,1.7748516829970267,3.153659228161114,0.006797226932067883,0.7892683434380732,0.3315574999808584,0.46102290290852227,50000.0,5.0,250000.0,828.8937499521459,1152.5572572713056
2025-09-12,SRHHYPOLTD,SHORT,A_MOD_BREAK_C1_LOW,MODERATE,2025-09-12 13:15:00+05:30,2025-09-12 13:30:00+05:30,607.07856,611.6316492000001,599.79361728,2025-09-12 14:00:00+05:30,604.809,BE,1.221353441874902,1.8692473672600705,27.43515193973846,33.333333330628236,13.715913715913723,1.4962259244919516,1.8965206192736872,0.003786008230452694,0.5281928468458528,0.2442706883749804,0.3738494734520141,50000.0,5.0,250000.0,610.676720937451,934.6236836300352
2025-09-15,JBCHEPHARM,SHORT,A_MOD_BREAK_C1_LOW,MODERATE,2025-09-15 11:15:00+05:30,2025-09-15 11:30:00+05:30,1673.2652799999998,1685.8147695999999,1653.1860966399997,2025-09-15 12:45:00+05:30,1685.8147695999999,SL,-4.405202601300571,-3.750000000000005,35.000703777859556,12.760416666201138,8.390867099600053,1.5969069008923449,2.618698047927258,0.003814416274842806,0.6644692643240537,-0.8810405202601143,-0.750000000000001,50000.0,5.0,250000.0,-2202.601300650286,-1875.0000000000025
2025-09-15,KRBL,SHORT,A_MOD_BREAK_C1_LOW,MODERATE,2025-09-15 11:00:00+05:30,2025-09-15 11:15:00+05:30,395.62086,398.58801645,390.87340968,2025-09-15 11:45:00+05:30,398.58801645,SL,-4.4052026013006245,-3.750000000000006,49.55704844117253,14.482200646921086,23.85398981324276,0.7796005909571381,3.4577225530497047,0.018860454234603877,0.739785830035087,-0.8810405202601248,-0.7500000000000012,50000.0,5.0,250000.0,-2202.601300650312,-1875.000000000003
2025-09-16,SPIC,SHORT,A_MOD_BREAK_C1_LOW,MODERATE,2025-09-16 10:30:00+05:30,2025-09-16 10:45:00+05:30,104.86,105.64645,103.60168,2025-09-16 12:15:00+05:30,105.64645,SL,-4.405202601300618,-3.7500000000000098,28.82404582663947,27.529411755637156,40.45803050077628,0.6552887942169212,1.9876988615689186,0.006415576993727289,0.40642116946599915,-0.8810405202601237,-0.750000000000002,50000.0,5.0,250000.0,-2202.601300650309,-1875.000000000005
2025-09-17,BRITANNIA,SHORT,A_MOD_BREAK_C1_LOW,MODERATE,2025-09-17 10:00:00+05:30,2025-09-17 10:15:00+05:30,6079.2839,6124.878529250001,6006.3324932000005,2025-09-17 11:15:00+05:30,6053.105,BE,1.5055989582513503,2.153123659844278,31.147348452990578,21.689497716756335,9.73169048460672,1.487804728380651,3.9430451572901823,0.003966949908455002,0.5875760542614725,0.30111979165027003,0.4306247319688556,50000.0,5.0,250000.0,752.799479125675,1076.561829922139
2025-09-19,BAJAJHLDNG,SHORT,A_PULLBACK_C2_THEN_BREAK_C2_LOW,MODERATE,2025-09-19 10:30:00+05:30,2025-09-19 11:00:00+05:30,13277.344,13376.92408,13118.015871999998,2025-09-19 14:00:00+05:30,13240.603,BE,0.7350719165935137,1.3835975026330563,41.383917723385565,20.63037249275392,9.116379494094723,1.810482845921999,3.1860609245044946,0.004066265060240964,0.7975932638871333,0.14701438331870273,0.27671950052661126,50000.0,5.0,250000.0,367.53595829675686,691.7987513165282
2025-09-19,GOODLUCK,SHORT,A_MOD_BREAK_C1_LOW,MODERATE,2025-09-19 11:15:00+05:30,2025-09-19 11:30:00+05:30,1079.784,1087.8823800000002,1066.8265920000001,2025-09-19 12:45:00+05:30,1076.2189999999998,BE,1.0026150636164919,1.6507931215874108,28.41645361053751,35.89743589600411,45.76923076923083,0.31876889314564705,1.259513836927879,0.005077954536438333,0.30500705230494485,0.2005230127232984,0.33015862431748216,50000.0,5.0,250000.0,501.307531808246,825.3965607937054
2025-09-22,GUJGASLTD,SHORT,A_MOD_BREAK_C1_LOW,MODERATE,2025-09-22 10:15:00+05:30,2025-09-22 10:30:00+05:30,434.31311999999997,437.5704684,429.10136256,2025-09-22 11:30:00+05:30,433.34614999999997,BE,0.4643403232840818,1.113217579059094,34.82906266369655,33.836858003179856,45.30938123752478,0.7132327604150513,1.9344675681353776,0.004948216340621398,0.5039750514348511,0.09286806465681637,0.2226435158118188,50000.0,5.0,250000.0,232.1701616420409,556.608789529547
2025-09-22,HONDAPOWER,SHORT,A_MOD_BREAK_C1_LOW,MODERATE,2025-09-22 10:45:00+05:30,2025-09-22 11:00:00+05:30,2859.52798,2880.97443985,2825.2136442399997,2025-09-22 13:15:00+05:30,2880.97443985,SL,-4.405202601300577,-3.7500000000000595,28.2692758623192,23.89127324701778,17.64246682279469,1.1474754975140478,2.046836089306426,0.004092691087971636,0.4848473499997464,-0.8810405202601155,-0.7500000000000119,50000.0,5.0,250000.0,-2202.6013006502885,-1875.0000000000296
2025-09-22,LTIM,SHORT,A_MOD_BREAK_C1_LOW,MODERATE,2025-09-22 11:00:00+05:30,2025-09-22 11:15:00+05:30,5274.9448,5314.506886,5211.6454624,2025-09-22 12:30:00+05:30,5314.506886,SL,-4.405202601300609,-3.749999999999991,39.85596373506048,17.410071942375893,33.33333333333332,0.5000781419566261,3.0331578991825627,0.008038672165506052,0.5453531308683168,-0.8810405202601219,-0.7499999999999982,50000.0,5.0,250000.0,-2202.601300650305,-1874.9999999999957
2025-09-22,NUVAMA,SHORT,A_MOD_BREAK_C1_LOW,MODERATE,2025-09-22 11:00:00+05:30,2025-09-22 11:15:00+05:30,1256.2487,1265.6705652500002,1241.1737156000002,2025-09-22 14:30:00+05:30,1253.5,EOD,0.44510884564848374,1.0940110823597664,36.68308919428798,4.687499999794923,2.4265644955300076,2.0984158941878883,3.5505669658348578,0.003581376840429765,0.7602463379143196,0.08902176912969675,0.21880221647195328,50000.0,5.0,250000.0,222.5544228242419,547.0055411798832
2025-09-22,RELAXO,SHORT,A_MOD_BREAK_C1_LOW,MODERATE,2025-09-22 10:45:00+05:30,2025-09-22 11:00:00+05:30,463.9072,467.386504,458.3403136,2025-09-22 11:30:00+05:30,462.43314999999996,BE,0.9404749194306481,1.5887336950149014,49.32950300898776,24.154025670155974,20.290135396518394,1.1766366878852192,3.6110246107259876,0.008701996927803367,0.8058539655147297,0.1880949838861296,0.3177467390029803,50000.0,5.0,250000.0,470.237459715324,794.3668475074508
2025-09-22,SBICARD,SHORT,A_MOD_BREAK_C1_LOW,MODERATE,2025-09-22 10:45:00+05:30,2025-09-22 11:00:00+05:30,865.8767899999999,872.370865925,855.48626852,2025-09-22 14:30:00+05:30,867.1,EOD,-1.3575857004716028,-0.7063418341540881,37.46192686889674,37.959183672023336,40.931372549019656,1.083456410467082,2.151538407749734,0.004803097709672101,0.6115337748651903,-0.27151714009432054,-0.14126836683081762,50000.0,5.0,250000.0,-678.7928502358013,-353.17091707704407
2025-09-23,DBL,SHORT,A_MOD_BREAK_C1_LOW,MODERATE,2025-09-23 11:00:00+05:30,2025-09-23 11:15:00+05:30,551.03977,555.172568275,544.42729276,2025-09-23 11:30:00+05:30,544.6289999999999,BE,5.174216476296424,5.816975787428257,33.83121226777214,13.747645950310783,10.263157894736887,1.2450968551208605,2.625659966018072,0.007296432135405201,0.5853601336627325,1.0348432952592848,1.1633951574856514,50000.0,5.0,250000.0,2587.108238148212,2908.4878937141284
2025-09-23,INDHOTEL,SHORT,A_MOD_BREAK_C1_LOW,MODERATE,2025-09-23 10:15:00+05:30,2025-09-23 10:30:00+05:30,753.8492,759.5030690000001,744.8030096,2025-09-23 11:00:00+05:30,750.3443,BE,1.6773675970083193,2.3246691778674173,33.739117395591876,9.596928982209391,3.223733250926612,1.8327780054314624,4.720050809829635,0.00401794587841102,0.686822911884384,0.33547351940166387,0.4649338355734835,50000.0,5.0,250000.0,838.6837985041598,1162.3345889337088
2025-09-23,IRCON,SHORT,A_MOD_BREAK_C1_LOW,MODERATE,2025-09-23 11:15:00+05:30,2025-09-23 11:30:00+05:30,178.75,180.09062500000002,176.605,2025-09-23 11:45:00+05:30,178.27321999999998,BE,0.6850597998300966,1.3336503496504037,45.30765651689166,27.526595739556186,6.202967999684294,1.9440176755812277,2.8306082199422375,0.004957099717193665,0.8798179409800897,0.1370119599660193,0.26673006993008075,50000.0,5.0,250000.0,342.5298999150483,666.8251748252019
2025-09-23,KEI,SHORT,A_MOD_BREAK_C1_LOW,MODERATE,2025-09-23 10:30:00+05:30,2025-09-23 10:45:00+05:30,4089.182,4119.850865,4040.1118159999996,2025-09-23 11:00:00+05:30,4074.3865999999994,BE,1.1611182559094657,1.809090424441909,35.40603275032004,6.352087114256875,21.161835543063884,0.9188378211120012,2.7095998574012023,0.005208296958480275,0.5518871099494007,0.23222365118189314,0.3618180848883818,50000.0,5.0,250000.0,580.5591279547328,904.5452122209545
2025-09-23,KRN,SHORT,A_MOD_BREAK_C1_LOW,MODERATE,2025-09-23 11:15:00+05:30,2025-09-23 11:30:00+05:30,862.4774699999999,868.946051025,852.12774036,2025-09-23 12:00:00+05:30,852.55,BE,5.112365755642713,5.755205408438073,26.112946673138776,26.086956520226806,5.842203365062248,2.1604880770340777,2.3802652848239,0.00479997351738749,0.6016942000970815,1.0224731511285428,1.1510410816876147,50000.0,5.0,250000.0,2556.182877821357,2877.6027042190367
2025-09-23,LAURUSLABS,SHORT,A_MOD_BREAK_C1_LOW,MODERATE,2025-09-23 11:15:00+05:30,2025-09-23 11:30:00+05:30,892.02156,898.7117217000001,881.31730128,2025-09-23 12:00:00+05:30,898.7117217000001,SL,-4.4052026013006325,-3.7500000000000497,53.891567349157235,28.542510119839392,12.616787537746136,1.5272386027989415,2.6413628844799106,0.005043193089105757,0.8772667554898148,-0.8810405202601265,-0.75000000000001,50000.0,5.0,250000.0,-2202.6013006503163,-1875.000000000025
2025-09-23,SJVN,SHORT,A_MOD_BREAK_C1_LOW,MODERATE,2025-09-23 11:00:00+05:30,2025-09-23 11:15:00+05:30,92.85000000000001,93.54637500000001,91.73580000000001,2025-09-23 11:30:00+05:30,92.55684,BE,0.9304034246526638,1.5786752827141328,25.10824095897658,32.37410070312097,14.431239388794113,1.4612284153852975,2.2728767868965267,0.003913578348454551,0.49233858707707573,0.18608068493053276,0.3157350565428266,50000.0,5.0,250000.0,465.2017123263319,789.3376413570664
2025-09-24,ANUP,SHORT,A_MOD_BREAK_C1_LOW,MODERATE,2025-09-24 11:15:00+05:30,2025-09-24 11:30:00+05:30,2412.5174,2430.6112805000002,2383.5671912000003,2025-09-24 11:45:00+05:30,2397.1699999999996,BE,2.534597275864345,3.1807853489472366,32.5879276245605,39.84575835403844,5.80282337435569,1.236106738683147,1.1314483898624583,0.00739518070863581,0.5217100131310811,0.506919455172869,0.6361570697894473,50000.0,5.0,250000.0,1267.2986379321724,1590.3926744736182
2025-09-24,APEX,SHORT,A_MOD_BREAK_C1_LOW,MODERATE,2025-09-24 11:00:00+05:30,2025-09-24 11:15:00+05:30,233.45,235.200875,230.6486,2025-09-24 12:00:00+05:30,232.70602999999997,BE,0.9451720420074481,1.593424716213362,38.61852919796194,35.02170766294792,22.91149710504557,1.3105872812219614,1.847558010087458,0.005004374239096543,0.6610086126876453,0.1890344084014896,0.3186849432426724,50000.0,5.0,250000.0,472.58602100372406,796.7123581066809
2025-09-24,DBREALTY,SHORT,A_MOD_BREAK_C1_LOW,MODERATE,2025-09-24 11:15:00+05:30,2025-09-24 11:30:00+05:30,172.79999999999998,174.096,170.72639999999998,2025-09-24 14:30:00+05:30,172.15,EOD,1.232908120727049,1.8807870370369715,27.08497114414942,21.962616819556402,6.9841269841269495,1.2846543458764847,2.6880845013640378,0.006384561345510129,0.4910890776906261,0.2465816241454098,0.3761574074073943,50000.0,5.0,250000.0,616.4540603635245,940.3935185184857
2025-09-24,GODREJPROP,SHORT,A_MOD_BREAK_C1_LOW,MODERATE,2025-09-24 10:30:00+05:30,2025-09-24 10:45:00+05:30,2075.18488,2090.7487665999997,2050.2826614399996,2025-09-24 11:15:00+05:30,2067.183,BE,1.2801745545870105,1.927992073650759,25.86074105282063,26.20817843798008,8.575309958174055,1.3872821724839541,2.422301341022369,0.004147465437788031,0.49068549597700145,0.2560349109174021,0.3855984147301518,50000.0,5.0,250000.0,640.0872772935053,963.9960368253794
2025-09-24,MGL,SHORT,A_MOD_BREAK_C1_LOW,MODERATE,2025-09-24 10:45:00+05:30,2025-09-24 11:00:00+05:30,1296.44066,1306.16396495,1280.88337208,2025-09-24 11:30:00+05:30,1289.2562,BE,2.124119010681212,2.7708402789526616,35.182973164496204,16.262135921777585,9.77328404966652,1.1082264629683027,2.5215114837300208,0.0047659405853411625,0.5816842284868959,0.4248238021362424,0.5541680557905323,50000.0,5.0,250000.0,1062.059505340606,1385.4201394763306
2025-09-24,NAVKARCORP,SHORT,B_HUGE_RED_FAILED_BOUNCE,HUGE,2025-09-24 10:00:00+05:30,2025-09-24 11:30:00+05:30,124.28,125.2121,122.78864,2025-09-24 12:45:00+05:30,123.2687,BE,3.42360204885197,4.068635339555865,27.4172140257209,5.555555553676939,9.331145647099548,0.9218542769550752,3.8770564688452263,0.005378813102030969,0.4725827088529516,0.684720409770394,0.8137270679111729,50000.0,5.0,250000.0,1711.801024425985,2034.3176697779322
2025-09-24,NESCO,SHORT,A_MOD_BREAK_C1_LOW,MODERATE,2025-09-24 11:15:00+05:30,2025-09-24 11:30:00+05:30,1444.81098,1455.6470623500002,1427.47324824,2025-09-24 14:30:00+05:30,1441.4112999999998,BE,0.5277188314150028,1.1765137609904575,32.31527104520424,33.83458646557183,34.754797441364616,0.736174781374944,1.7515144168258923,0.008231893779470074,0.4611353732599734,0.10554376628300055,0.2353027521980915,50000.0,5.0,250000.0,263.8594157075014,588.2568804952288
2025-09-24,SRHHYPOLTD,SHORT,A_MOD_BREAK_C1_LOW,MODERATE,2025-09-24 11:00:00+05:30,2025-09-24 11:15:00+05:30,603.8792,608.408294,596.6326495999999,2025-09-24 11:45:00+05:30,602.2011999999999,BE,0.7408326147074378,1.3893507178257765,27.9920102571018,24.611398961945355,18.505324446487396,0.4376162407035289,1.6112114495699714,0.004464285714285728,0.33702356845814313,0.14816652294148755,0.27787014356515527,50000.0,5.0,250000.0,370.4163073537189,694.6753589128882
2025-09-25,ENGINERSIN,SHORT,A_MOD_BREAK_C1_LOW,MODERATE,2025-09-25 10:45:00+05:30,2025-09-25 11:00:00+05:30,201.63,203.142225,199.21044,2025-09-25 11:45:00+05:30,199.04534999999996,BE,5.767399694491068,6.409388483856667,31.107554073428545,25.3303964679598,26.118373275235957,1.052291883156165,1.9618513750826416,0.0041504355832566045,0.5088569594078891,1.1534799388982138,1.2818776967713332,50000.0,5.0,250000.0,2883.699847245535,3204.6942419283328
2025-09-25,GALAXYSURF,SHORT,A_PULLBACK_C2_THEN_BREAK_C2_LOW,MODERATE,2025-09-25 10:45:00+05:30,2025-09-25 11:15:00+05:30,2282.64338,2299.76320535,2255.25165944,2025-09-25 12:00:00+05:30,2267.783,BE,2.6089899561209684,3.255081396026058,36.34225846723974,17.397660818357892,26.971179989124412,1.2768086004929506,2.5476215633909907,0.004722111105555275,0.6285753820948623,0.5217979912241937,0.6510162792052115,50000.0,5.0,250000.0,1304.494978060484,1627.540698013029
2025-09-25,KSCL,SHORT,A_MOD_BREAK_C1_LOW,MODERATE,2025-09-25 10:45:00+05:30,2025-09-25 11:00:00+05:30,1119.776,1128.17432,1106.338688,2025-09-25 11:15:00+05:30,1111.0230999999999,BE,3.26308451142113,3.9083263081188475,26.371054555662052,21.882352940455647,11.900890848874381,1.0939698164038374,2.5142920682757395,0.0052954895938213285,0.4470105362056023,0.652616902284226,0.7816652616237695,50000.0,5.0,250000.0,1631.5422557105649,1954.1631540594237
2025-09-25,SJS,SHORT,A_MOD_BREAK_C1_LOW,MODERATE,2025-09-25 10:30:00+05:30,2025-09-25 10:45:00+05:30,1493.30128,1504.5010396,1475.3816646399998,2025-09-25 11:00:00+05:30,1489.5552999999998,BE,0.6055674896052017,1.254261296822884,29.35059341058831,19.736842104744014,19.39102564102572,0.7871362127217146,3.0053625723585706,0.004992062429470376,0.4380077383851247,0.12111349792104033,0.2508522593645768,50000.0,5.0,250000.0,302.78374480260084,627.1306484114419
2025-09-26,AARTIIND,SHORT,A_MOD_BREAK_C1_LOW,MODERATE,2025-09-26 11:15:00+05:30,2025-09-26 11:30:00+05:30,373.4253,376.22598975,368.9441964,2025-09-26 14:30:00+05:30,372.0,EOD,1.2605708277392025,1.908413811276302,26.348140923600756,25.352112673556718,17.12204007285973,1.1027648958282852,2.3575252899090158,0.005130703966980044,0.4482059706239612,0.2521141655478405,0.38168276225526043,50000.0,5.0,250000.0,630.2854138696013,954.206905638151
2025-09-26,BOMDYEING,SHORT,A_MOD_BREAK_C1_LOW,MODERATE,2025-09-26 11:15:00+05:30,2025-09-26 11:30:00+05:30,169.35,170.620125,167.3178,2025-09-26 12:45:00+05:30,168.91522999999998,BE,0.6349877507399249,1.2836433421907723,36.93345868740473,20.106382975728735,12.567198170973889,1.4411954480569478,3.194047791726257,0.006378529691992489,0.6662110837210367,0.12699755014798497,0.25672866843815445,50000.0,5.0,250000.0,317.4938753699624,641.8216710953861
2025-09-26,CONCORDBIO,SHORT,A_MOD_BREAK_C1_LOW,MODERATE,2025-09-26 11:15:00+05:30,2025-09-26 11:30:00+05:30,1537.39246,1548.9229034500001,1518.94375048,2025-09-26 11:45:00+05:30,1529.6752999999997,BE,1.8627603141953764,2.5098210771764733,36.591937780491364,17.71620486964899,16.991059706158232,0.9709884383869753,3.211579310146977,0.008575883575883562,0.5788020434250911,0.37255206283907527,0.5019642154352947,50000.0,5.0,250000.0,931.3801570976882,1254.9105385882367
2025-09-26,FORCEMOT,SHORT,A_MOD_BREAK_C1_LOW,MODERATE,2025-09-26 11:00:00+05:30,2025-09-26 11:15:00+05:30,17706.458,17839.256435,17493.980504,2025-09-26 14:00:00+05:30,17572.559999999998,BE,3.1356424904987446,3.781049829389962,27.71067395863572,35.61253561246458,39.77072310405644,0.6783372388656645,1.3380190705459662,0.006654084397986837,0.3612700797083254,0.6271284980997489,0.7562099658779924,50000.0,5.0,250000.0,1567.8212452493724,1890.524914694981
2025-09-26,GALAXYSURF,SHORT,A_MOD_BREAK_C1_LOW,MODERATE,2025-09-26 11:15:00+05:30,2025-09-26 11:30:00+05:30,2194.561,2211.0202075,2168.2262680000003,2025-09-26 12:45:00+05:30,2187.9442,BE,0.8591808714437711,1.5075452448121145,71.95329177086505,12.711864406528264,4.689073050951634,1.288623397845707,4.4005008830980525,0.003801156279874346,0.8355090946229986,0.17183617428875422,0.3015090489624229,50000.0,5.0,250000.0,429.5904357218855,753.7726224060574
2025-09-26,HLEGLAS,SHORT,A_MOD_BREAK_C1_LOW,MODERATE,2025-09-26 10:45:00+05:30,2025-09-26 11:00:00+05:30,489.902,493.57626500000003,484.023176,2025-09-26 11:15:00+05:30,487.45799999999997,BE,1.8472955752344578,2.4943764263056862,28.137425197839114,21.25550660727403,26.787408018351147,1.1798282976617898,3.138755534811419,0.01073829409539327,0.48853133005839994,0.36945911504689155,0.4988752852611373,50000.0,5.0,250000.0,923.6477876172289,1247.1882131528432
2025-09-26,NEULANDLAB,SHORT,A_MOD_BREAK_C1_LOW,MODERATE,2025-09-26 11:00:00+05:30,2025-09-26 11:15:00+05:30,14181.1632,14287.521924000002,14010.9892416,2025-09-26 11:30:00+05:30,14126.251999999999,BE,1.288254187176807,1.9360612111142717,34.430576193190255,13.238289205683785,5.306568706403186,1.622146482715519,3.543620070161771,0.008656178599108213,0.6603342773730696,0.2576508374353614,0.38721224222285433,50000.0,5.0,250000.0,644.1270935884035,968.0306055571358
2025-09-26,PNCINFRA,SHORT,A_MOD_BREAK_C1_LOW,MODERATE,2025-09-26 11:15:00+05:30,2025-09-26 11:30:00+05:30,294.4411,296.64940825,290.9078068,2025-09-26 11:45:00+05:30,292.4748,BE,2.6930556846143117,3.3390379264307697,42.75466710874351,9.43396226248963,3.878320427616267,2.0344832633524352,3.296702598856449,0.004243761670344565,0.8513200066311526,0.5386111369228623,0.6678075852861539,50000.0,5.0,250000.0,1346.5278423071559,1669.518963215385
2025-09-26,PPLPHARMA,SHORT,A_MOD_BREAK_C1_LOW,MODERATE,2025-09-26 11:15:00+05:30,2025-09-26 11:30:00+05:30,189.25,190.669375,186.97899999999998,2025-09-26 11:45:00+05:30,187.97222999999997,BE,2.7299441424809667,3.375878467635488,41.31961077426079,26.002673794357975,38.14363001745196,0.872771147431062,2.5862488267008046,0.00881354653793937,0.6325291124143477,0.5459888284961933,0.6751756935270976,50000.0,5.0,250000.0,1364.9720712404835,1687.939233817744
2025-09-26,VASCONEQ,SHORT,A_MOD_BREAK_C1_LOW,MODERATE,2025-09-26 11:15:00+05:30,2025-09-26 11:30:00+05:30,58.95,59.39212500000001,58.2426,2025-09-26 11:45:00+05:30,58.43477999999999,BE,3.725333200951809,4.369974554707494,25.623527513975358,26.692456472462368,32.78236914600548,0.2295074256995658,1.9832823450587258,0.010811138014527853,0.2836808294599907,0.7450666401903618,0.8739949109414988,50000.0,5.0,250000.0,1862.6666004759047,2184.987277353747
2025-09-29,COROMANDEL,SHORT,A_MOD_BREAK_C1_LOW,MODERATE,2025-09-29 13:00:00+05:30,2025-09-29 13:15:00+05:30,2151.3696400000003,2167.5049123000003,2125.5532043200005,2025-09-29 13:45:00+05:30,2167.5049123000003,SL,-4.4052026013005445,-3.7499999999999982,53.97804801086393,26.61934338919899,11.379804420333349,1.9115990343808502,3.1176256025680025,0.006457307442162978,0.9445298310166488,-0.8810405202601089,-0.7499999999999997,50000.0,5.0,250000.0,-2202.601300650272,-1874.999999999999
2025-09-29,GRSE,SHORT,A_MOD_BREAK_C1_LOW,MODERATE,2025-09-29 11:15:00+05:30,2025-09-29 11:30:00+05:30,2533.4932,2552.494399,2503.0912816,2025-09-29 11:45:00+05:30,2527.56,BE,0.5221502595965898,1.1709524225286931,36.79987162145878,25.17985611489641,4.666145182085758,2.938276493375026,3.576748031754263,0.009030712876866735,0.7619980743218815,0.10443005191931795,0.23419048450573865,50000.0,5.0,250000.0,261.0751297982949,585.4762112643466
2025-09-29,SUDARSCHEM,SHORT,A_MOD_BREAK_C1_LOW,MODERATE,2025-09-29 10:45:00+05:30,2025-09-29 11:00:00+05:30,1354.82898,1364.99019735,1338.57103224,2025-09-29 14:30:00+05:30,1360.4,EOD,-2.7089857135883393,-2.055986431586402,46.00386934093676,6.521739130254275,8.029302274254889,2.326403462077313,4.2313139620337115,0.00600505689001269,0.9000580401140512,-0.5417971427176679,-0.4111972863172804,50000.0,5.0,250000.0,-1354.4928567941697,-1027.993215793201
2025-09-29,TANLA,SHORT,A_MOD_BREAK_C1_LOW,MODERATE,2025-09-29 10:30:00+05:30,2025-09-29 10:45:00+05:30,670.8658,675.8972935,662.8154104,2025-09-29 11:00:00+05:30,668.24875,BE,1.3027136321624357,1.9505018738472455,69.8571338181868,6.451612902972357,2.8998455312424967,2.387511598261024,4.599604882150615,0.008001488649050951,0.96,0.26054272643248716,0.3901003747694491,50000.0,5.0,250000.0,651.3568160812179,975.2509369236228
2025-09-30,BAYERCROP,SHORT,A_MOD_BREAK_C1_LOW,MODERATE,2025-09-30 10:30:00+05:30,2025-09-30 10:45:00+05:30,4844.031,4880.3612325,4785.902628,2025-09-30 13:45:00+05:30,4833.456999999999,BE,0.4425407869284928,1.091446359447382,26.36274127256986,7.349081364775387,3.6810443607791594,1.17941343487025,4.047780597835666,0.005115202618040302,0.4618384701908416,0.08850815738569856,0.21828927188947642,50000.0,5.0,250000.0,221.2703934642464,545.723179723691
2025-09-30,CRISIL,SHORT,A_MOD_BREAK_C1_LOW,MODERATE,2025-09-30 13:15:00+05:30,2025-09-30 13:30:00+05:30,4478.1042,4511.6899815,4424.366949599999,2025-09-30 14:00:00+05:30,4460.240699999999,BE,1.346807258665731,1.994538224456723,61.24236349741109,14.235807860088102,6.915911933803305,2.353012718535099,4.293323814137189,0.0037698899970338372,0.96,0.2693614517331462,0.39890764489134456,50000.0,5.0,250000.0,673.4036293328655,997.2691122283615
2025-09-30,DMART,SHORT,A_MOD_BREAK_C1_LOW,MODERATE,2025-09-30 13:00:00+05:30,2025-09-30 13:15:00+05:30,4443.511119999999,4476.8374533999995,4390.188986559999,2025-09-30 14:30:00+05:30,4476.8374533999995,SL,-4.405202601300674,-3.7500000000000338,25.504548973363175,7.770270270178898,4.5381212631052135,2.607671083692301,2.513481565913841,0.00414162428725537,0.5925682346004475,-0.8810405202601349,-0.7500000000000068,50000.0,5.0,250000.0,-2202.601300650337,-1875.0000000000168
2025-09-30,FACT,SHORT,A_MOD_BREAK_C1_LOW,MODERATE,2025-09-30 10:30:00+05:30,2025-09-30 10:45:00+05:30,899.6200399999999,906.3671903,888.8245995199999,2025-09-30 11:45:00+05:30,893.6729999999999,BE,2.6592804235225165,3.305306538080241,31.548378470821696,27.526881720015695,20.72612921669528,0.8657123620053381,2.868128546937346,0.01108839008306384,0.4847253404132596,0.5318560847045033,0.6610613076160482,50000.0,5.0,250000.0,1329.6402117612583,1652.6532690401204
2025-09-30,GARFIBRES,SHORT,A_MOD_BREAK_C1_LOW,MODERATE,2025-09-30 10:30:00+05:30,2025-09-30 10:45:00+05:30,757.1485399999999,762.82715405,748.0627575199999,2025-09-30 11:30:00+05:30,762.82715405,SL,-4.405202601300592,-3.7500000000000524,33.797514433242796,15.006640105683843,22.66201974939841,0.9805441432895399,2.9249824094692047,0.007399407670106187,0.5385579415743114,-0.8810405202601183,-0.7500000000000104,50000.0,5.0,250000.0,-2202.601300650296,-1875.0000000000261
2025-10-01,NAVA,SHORT,A_MOD_BREAK_C1_LOW,MODERATE,2025-10-01 11:00:00+05:30,2025-10-01 11:15:00+05:30,639.97198,644.77176985,632.29231624,2025-10-01 13:30:00+05:30,644.77176985,SL,-4.405202601300602,-3.7500000000000187,34.366919800121025,35.11293634295018,15.30758226037176,1.6867614797472628,2.393199481442228,0.005774767335460964,0.6706870559575864,-0.8810405202601205,-0.7500000000000038,50000.0,5.0,250000.0,-2202.6013006503013,-1875.0000000000095
2025-10-07,CMSINFO,SHORT,A_MOD_BREAK_C1_LOW,MODERATE,2025-10-07 10:30:00+05:30,2025-10-07 10:45:00+05:30,365.27693000000005,368.0165069750001,360.89360684,2025-10-07 12:30:00+05:30,364.03884999999997,BE,1.0465932674365894,1.6947141994432573,32.560061655926994,14.847161570236949,6.787740121073555,1.2962529198636543,4.237840619953552,0.0045052088423274544,0.5752451858150445,0.20931865348731787,0.3389428398886515,50000.0,5.0,250000.0,523.2966337182946,847.3570997216287
2025-10-07,DIAMINESQ,SHORT,A_MOD_BREAK_C1_LOW,MODERATE,2025-10-07 10:45:00+05:30,2025-10-07 11:00:00+05:30,305.83882,308.13261115,302.16875416,2025-10-07 11:15:00+05:30,299.44565,BE,9.81513059388446,10.451861539355923,34.57331930830877,32.31578947273171,34.73210587748026,0.6176861631576394,2.141901179640529,0.014909167328258527,0.48669486817721835,1.9630261187768918,2.0903723078711844,50000.0,5.0,250000.0,4907.56529694223,5225.9307696779615
2025-10-07,JAMNAAUTO,SHORT,A_MOD_BREAK_C1_LOW,MODERATE,2025-10-07 11:15:00+05:30,2025-10-07 11:30:00+05:30,98.45,99.18837500000001,97.2686,2025-10-07 14:30:00+05:30,98.59,EOD,-1.362270774798182,-0.7110208227526692,50.868459938335214,23.671497568531706,4.584375868780124,1.6002792266694814,2.603588524630483,0.0032846556549734,0.8900488646671592,-0.2724541549596364,-0.14220416455053383,50000.0,5.0,250000.0,-681.135387399091,-355.5104113763346
2025-10-08,DLINKINDIA,SHORT,A_MOD_BREAK_C1_LOW,MODERATE,2025-10-08 11:15:00+05:30,2025-10-08 11:30:00+05:30,474.4051,477.96313825000004,468.7122388,2025-10-08 14:30:00+05:30,476.8,EOD,-3.1777167604621197,-2.5241086151898524,37.208644714886276,28.31050227948529,21.99074074074078,0.9485721730279623,1.4869277370867462,0.0049268865086051095,0.5584761878575248,-0.635543352092424,-0.5048217230379705,50000.0,5.0,250000.0,-1588.8583802310598,-1262.0543075949263
2025-10-08,JAGSNPHARM,SHORT,A_MOD_BREAK_C1_LOW,MODERATE,2025-10-08 11:15:00+05:30,2025-10-08 11:30:00+05:30,213.14999999999998,214.748625,210.59219999999996,2025-10-08 12:30:00+05:30,212.50561,BE,0.8632289684603163,1.5115880835092357,25.51605714429734,36.476043268768755,14.63974390267859,1.671130325890252,2.125145146462368,0.004741826456513743,0.5351886641952541,0.17264579369206326,0.30231761670184715,50000.0,5.0,250000.0,431.61448423015815,755.7940417546179
2025-10-08,RKSWAMY,SHORT,A_MOD_BREAK_C1_LOW,MODERATE,2025-10-08 10:15:00+05:30,2025-10-08 10:30:00+05:30,143.66,144.73745,141.93608,2025-10-08 12:30:00+05:30,142.65668999999997,BE,2.8461768403345773,3.491960183767324,37.11683797156377,40.36281177856956,72.93729372937285,0.3664249435778832,1.6192610524550495,0.005108778758601497,0.4618399873223386,0.5692353680669154,0.6983920367534648,50000.0,5.0,250000.0,1423.0884201672886,1745.9800918836622
2025-10-09,GAEL,SHORT,A_PULLBACK_C2_THEN_BREAK_C2_LOW,MODERATE,2025-10-09 10:15:00+05:30,2025-10-09 10:45:00+05:30,104.75,105.53562500000001,103.493,2025-10-09 11:00:00+05:30,103.67007999999998,BE,4.511128767247695,5.154749403341363,29.71999606855287,47.40259738105081,30.03773584905646,0.3346780124210623,0.321606709302545,0.004355234460196293,0.28044892866710625,0.9022257534495389,1.0309498806682726,50000.0,5.0,250000.0,2255.5643836238473,2577.3747016706816
2025-10-09,SHALBY,SHORT,A_MOD_BREAK_C1_LOW,MODERATE,2025-10-09 11:00:00+05:30,2025-10-09 11:15:00+05:30,250.89981,252.78155857500002,247.88901228,2025-10-09 11:30:00+05:30,250.14819999999997,BE,0.8494519432502695,1.4978289541152459,32.736583082680745,27.542372878088344,11.857051981097692,1.2282986614616473,2.3084811741494873,0.006081445906391195,0.5660010119959995,0.1698903886500539,0.2995657908230492,50000.0,5.0,250000.0,424.7259716251348,748.9144770576229
2025-10-09,VINCOFE,SHORT,A_MOD_BREAK_C1_LOW,MODERATE,2025-10-09 11:15:00+05:30,2025-10-09 11:30:00+05:30,137.61999999999998,138.65214999999998,135.96855999999997,2025-10-09 11:45:00+05:30,138.65214999999998,SL,-4.4052026013005765,-3.750000000000006,51.01897084579872,17.20243266515341,10.848119890025151,1.6889083934742437,3.48668364298636,0.0093025667617319,0.9055589688579926,-0.8810405202601154,-0.7500000000000012,50000.0,5.0,250000.0,-2202.6013006502885,-1875.000000000003
2025-10-10,DEEPAKFERT,SHORT,A_MOD_BREAK_C1_LOW,MODERATE,2025-10-10 10:30:00+05:30,2025-10-10 10:45:00+05:30,1497.80038,1509.03388285,1479.82677544,2025-10-10 11:00:00+05:30,1494.4699999999998,BE,0.4628778063718602,1.1117569618990566,47.8693364724365,26.60550458601648,10.978043912175577,1.4453265575757275,2.85782775621818,0.003595029895009885,0.8309721946622997,0.09257556127437204,0.2223513923798113,50000.0,5.0,250000.0,231.4389031859301,555.8784809495282
2025-10-10,MUTHOOTFIN,SHORT,A_MOD_BREAK_C1_LOW,MODERATE,2025-10-10 10:45:00+05:30,2025-10-10 11:00:00+05:30,3177.3644,3201.194633,3139.2360272,2025-10-10 12:45:00+05:30,3170.4829999999997,BE,0.43396191118783567,1.0828786273302824,27.005071503561485,26.629570746921402,7.557740077162788,1.2916310994452462,2.7041274742429824,0.004803091231775001,0.49111151495634037,0.08679238223756713,0.21657572546605647,50000.0,5.0,250000.0,216.98095559391783,541.4393136651412
2025-10-13,KNRCON,SHORT,A_MOD_BREAK_C1_LOW,MODERATE,2025-10-13 10:45:00+05:30,2025-10-13 11:00:00+05:30,190.45,191.878375,188.16459999999998,2025-10-13 14:30:00+05:30,190.49,EOD,-0.7554761891316137,-0.10501443948548297,38.47444494287326,14.669926645345114,15.566676401975615,1.2306152303296807,2.882528260309125,0.0033972582215896514,0.652474339450793,-0.15109523782632275,-0.021002887897096596,50000.0,5.0,250000.0,-377.7380945658069,-52.50721974274149
2025-10-13,LTTS,SHORT,A_MOD_BREAK_C1_LOW,MODERATE,2025-10-13 11:00:00+05:30,2025-10-13 11:15:00+05:30,4221.1556,4252.814267000001,4170.5017328,2025-10-13 14:30:00+05:30,4232.9,EOD,-2.043270184280815,-1.3911356406761677,40.46505383214594,15.603382013667215,4.346182917611532,1.8428273880591657,3.327893542720738,0.00349294307094817,0.7894706003925431,-0.408654036856163,-0.27822712813523354,50000.0,5.0,250000.0,-1021.6350921404077,-695.5678203380838
2025-10-13,MINDACORP,SHORT,A_MOD_BREAK_C1_LOW,MODERATE,2025-10-13 11:15:00+05:30,2025-10-13 11:30:00+05:30,564.5870600000001,568.8214629500001,557.8120152800001,2025-10-13 11:45:00+05:30,558.8214499999999,BE,4.46235758516135,5.106041573110222,27.6462775335948,21.22699386430152,13.317967994240071,2.1217485080323444,3.3380506132816548,0.008249051833122658,0.624694163003922,0.89247151703227,1.0212083146220443,50000.0,5.0,250000.0,2231.1787925806752,2553.0207865551106
2025-10-13,SIEMENS,SHORT,A_MOD_BREAK_C1_LOW,MODERATE,2025-10-13 10:45:00+05:30,2025-10-13 11:00:00+05:30,3041.3916,3064.202037,3004.8949008,2025-10-13 12:00:00+05:30,3064.202037,SL,-4.405202601300628,-3.7500000000000155,40.94980244259559,7.025411061211756,2.4819415971286936,2.0232687783320595,5.3619058657358964,0.004754867464227076,0.8242470366389338,-0.8810405202601256,-0.7500000000000031,50000.0,5.0,250000.0,-2202.601300650314,-1875.0000000000077
2025-10-14,BRIGADE,SHORT,A_MOD_BREAK_C1_LOW,MODERATE,2025-10-14 11:00:00+05:30,2025-10-14 11:15:00+05:30,922.71542,929.63578565,911.64283496,2025-10-14 11:30:00+05:30,915.7389999999999,BE,3.1349664514581472,3.7803746684975073,29.040119801055884,36.542239683648006,33.20105820105804,1.3187481773159582,1.7111479714052091,0.004130920793074895,0.5119401266163914,0.6269932902916294,0.7560749336995014,50000.0,5.0,250000.0,1567.4832257290736,1890.1873342487534
2025-10-14,CANBK,SHORT,A_MOD_BREAK_C1_LOW,MODERATE,2025-10-14 11:15:00+05:30,2025-10-14 11:30:00+05:30,125.5,126.44125000000001,123.994,2025-10-14 12:15:00+05:30,125.19445999999998,BE,0.5685489437947531,1.2172908366534738,30.20302890709229,32.99232735391573,11.620795107033663,1.6087997325969472,1.9547928895836029,0.004380724810832348,0.5923250312900303,0.11370978875895062,0.24345816733069475,50000.0,5.0,250000.0,284.27447189737654,608.6454183267368
2025-10-14,CHALET,SHORT,A_MOD_BREAK_C1_LOW,MODERATE,2025-10-14 10:00:00+05:30,2025-10-14 10:15:00+05:30,916.51666,923.3905349500001,905.51846008,2025-10-14 10:30:00+05:30,914.3348,BE,0.541523241417514,1.1903002396050437,30.527783498176234,27.682119204271388,10.125408912817415,1.0616209160620858,2.8265843254509795,0.005886798921597661,0.5037004127835085,0.10830464828350278,0.23806004792100874,50000.0,5.0,250000.0,270.761620708757,595.1501198025219
2025-10-14,DEEPINDS,SHORT,A_MOD_BREAK_C1_LOW,MODERATE,2025-10-14 10:45:00+05:30,2025-10-14 11:00:00+05:30,467.70644,471.21423830000003,462.09396272,2025-10-14 11:15:00+05:30,463.53644999999995,BE,3.813386838957043,4.4579138144859,51.24342719047216,18.74999999857333,11.288604898828815,1.5442849891463668,3.0601983160184045,0.005977829353203441,0.8802498731006141,0.7626773677914086,0.89158276289718,50000.0,5.0,250000.0,1906.6934194785215,2228.95690724295
2025-10-14,EMCURE,SHORT,A_MOD_BREAK_C1_LOW,MODERATE,2025-10-14 11:00:00+05:30,2025-10-14 11:15:00+05:30,1352.42946,1362.5726809500002,1336.20030648,2025-10-14 11:30:00+05:30,1346.0259999999998,BE,1.7201454800545115,2.3673914941191176,25.329875435584228,31.416549789004378,9.98718459357107,1.4773101352247626,2.39723314629606,0.007214101007968761,0.49847740519809686,0.3440290960109023,0.47347829882382353,50000.0,5.0,250000.0,860.0727400272558,1183.6957470595587
2025-10-14,GATEWAY,SHORT,A_MOD_BREAK_C1_LOW,MODERATE,2025-10-14 10:15:00+05:30,2025-10-14 10:30:00+05:30,61.1,61.55825000000001,60.3668,2025-10-14 11:30:00+05:30,60.83194999999999,BE,1.5460630478906803,2.1935351882161167,45.54452761749105,22.499999973749752,17.26809276289504,1.8725062263935999,2.686997619410203,0.003280181168725035,0.8708565038812457,0.30921260957813607,0.43870703764322333,50000.0,5.0,250000.0,773.0315239453403,1096.7675941080583
2025-10-14,PNBHOUSING,SHORT,A_MOD_BREAK_C1_LOW,MODERATE,2025-10-14 11:15:00+05:30,2025-10-14 11:30:00+05:30,841.98157,848.2964317750001,831.87779116,2025-10-14 11:45:00+05:30,839.7116,BE,0.6994207927956111,1.347992688248543,28.569552597260156,40.17857142606011,9.53549462684911,1.738358267051728,1.9069037563703255,0.003971786328916491,0.588101173511471,0.13988415855912223,0.2695985376497086,50000.0,5.0,250000.0,349.7103963978056,673.9963441242714
2025-10-14,SCHAEFFLER,SHORT,A_MOD_BREAK_C1_LOW,MODERATE,2025-10-14 11:00:00+05:30,2025-10-14 11:15:00+05:30,3945.2108,3974.799881,3897.8682704,2025-10-14 11:45:00+05:30,3911.6999999999994,BE,3.6022214735728135,4.24702274464022,57.33466013133585,9.497816593741547,7.540091099438787,2.0550139486265393,3.7550128142621375,0.004180523423944472,0.96,0.7204442947145627,0.849404548928044,50000.0,5.0,250000.0,1801.110736786407,2123.51137232011
2025-10-15,LAOPALA,SHORT,A_MOD_BREAK_C1_LOW,MODERATE,2025-10-15 10:00:00+05:30,2025-10-15 10:15:00+05:30,228.44,230.1533,225.69872,2025-10-15 10:30:00+05:30,227.32994999999997,BE,1.7824663513687629,2.429631413062576,40.90529116259717,30.215827332042664,9.77058010856925,1.1387649209023765,2.9357157037874195,0.0043018344496650865,0.6728632285968734,0.35649327027375255,0.48592628261251514,50000.0,5.0,250000.0,891.2331756843814,1214.8157065312878
2025-10-16,RALLIS,SHORT,A_MOD_BREAK_C1_LOW,MODERATE,2025-10-16 10:00:00+05:30,2025-10-16 10:15:00+05:30,290.79183,292.97276872500004,287.30232804,2025-10-16 10:30:00+05:30,288.864,BE,2.6687801794023747,3.314793954149311,34.697536639480305,47.2222222130403,32.312925170067786,1.211702953180393,0.22817192680064577,0.004565537555228226,0.5039196627388056,0.5337560358804749,0.6629587908298622,50000.0,5.0,250000.0,1334.3900897011874,1657.3969770746555
2025-10-17,IRCON,SHORT,A_MOD_BREAK_C1_LOW,MODERATE,2025-10-17 10:15:00+05:30,2025-10-17 10:30:00+05:30,169.7,170.97275,167.66359999999997,2025-10-17 13:15:00+05:30,169.00549999999998,BE,1.3985944062190911,2.046258102533898,30.075403767099306,11.59090908722142,12.731412731412581,1.5931613694445814,4.144651627487426,0.003700744354262169,0.5899342961592913,0.2797188812438182,0.4092516205067796,50000.0,5.0,250000.0,699.2972031095455,1023.129051266949
2025-10-17,KCP,SHORT,A_MOD_BREAK_C1_LOW,MODERATE,2025-10-17 13:00:00+05:30,2025-10-17 13:15:00+05:30,193.23,194.679225,190.91124,2025-10-17 14:30:00+05:30,193.76,EOD,-2.0235315608432165,-1.3714226569373316,28.090663258773752,36.57957243439176,42.58056969058933,0.8111296669231913,0.8223786083896714,0.0025742354853006346,0.3644265710126483,-0.40470631216864333,-0.27428453138746633,50000.0,5.0,250000.0,-1011.7657804216084,-685.7113284686659
2025-10-17,VEDL,SHORT,A_MOD_BREAK_C1_LOW,MODERATE,2025-10-17 13:00:00+05:30,2025-10-17 13:15:00+05:30,472.00558,475.54562185000003,466.34151304,2025-10-17 13:45:00+05:30,468.95264999999995,BE,2.587878922206544,3.233997784517781,40.38838238273406,10.243902437625323,8.341482365092931,2.554673024772462,2.5313238922684898,0.003212396069538918,0.8158257357410108,0.5175757844413088,0.6467995569035562,50000.0,5.0,250000.0,1293.939461103272,1616.9988922588905
2025-10-20,AVANTEL,SHORT,A_MOD_BREAK_C1_LOW,MODERATE,2025-10-20 10:00:00+05:30,2025-10-20 10:15:00+05:30,163.07,164.293025,161.11316,2025-10-20 10:30:00+05:30,160.98149999999998,BE,5.761695467222255,6.403691666155671,42.80385502552257,5.1305683561541,4.787879219023358,1.372047907118314,6.836675216451677,0.019581393324920596,0.7421662091285435,1.152339093444451,1.2807383332311342,50000.0,5.0,250000.0,2880.8477336111278,3201.8458330778353
2025-10-20,JSFB,SHORT,A_MOD_BREAK_C1_LOW,MODERATE,2025-10-20 10:00:00+05:30,2025-10-20 10:15:00+05:30,421.71564,424.8785073,416.65505232,2025-10-20 10:30:00+05:30,419.6551999999999,BE,1.795777988769793,2.4429257591680558,30.02570391133468,8.142857142531355,6.45688513737175,1.3490910736526673,5.269367180913087,0.010172647257955308,0.546476496559237,0.3591555977539586,0.4885851518336112,50000.0,5.0,250000.0,897.8889943848965,1221.462879584028
2025-10-20,RICOAUTO,SHORT,A_MOD_BREAK_C1_LOW,MODERATE,2025-10-20 10:00:00+05:30,2025-10-20 10:15:00+05:30,84.31,84.94232500000001,83.29828,2025-10-20 13:15:00+05:30,84.94232500000001,SL,-4.405202601300599,-3.7500000000000515,37.99912155253131,15.019762837538764,6.642242131999349,1.2235049245349157,3.580516572927553,0.004314136834269505,0.6441001850815797,-0.8810405202601197,-0.7500000000000103,50000.0,5.0,250000.0,-2202.601300650299,-1875.0000000000257
2025-10-23,FORTIS,SHORT,A_MOD_BREAK_C1_LOW,MODERATE,2025-10-23 10:45:00+05:30,2025-10-23 11:00:00+05:30,1082.88338,1091.0050053500001,1069.88877944,2025-10-23 11:30:00+05:30,1080.4316,BE,0.4832082140481231,1.1320609611720605,26.39656209332993,38.05031446373385,22.72727272727271,1.161325689900659,1.3326593308524457,0.0054341736694678055,0.42581339367518656,0.09664164280962462,0.22641219223441209,50000.0,5.0,250000.0,241.60410702406153,566.0304805860302
2025-10-24,AEGISLOG,SHORT,A_MOD_BREAK_C1_LOW,MODERATE,2025-10-24 10:30:00+05:30,2025-10-24 10:45:00+05:30,794.44108,800.3993881000001,784.90778704,2025-10-24 13:45:00+05:30,791.1162499999999,BE,1.4449557368032524,2.0925592115655283,38.012075960963315,35.17915309125431,43.494805108861584,0.7810702016928386,1.431160899724224,0.0037220620852527566,0.5384264696969077,0.28899114736065046,0.4185118423131056,50000.0,5.0,250000.0,722.4778684016261,1046.279605782764
2025-10-24,EICHERMOT,SHORT,A_MOD_BREAK_C1_LOW,MODERATE,2025-10-24 10:15:00+05:30,2025-10-24 10:30:00+05:30,6839.1319,6890.425389250001,6757.0623172000005,2025-10-24 14:30:00+05:30,6812.375999999999,BE,1.3083079257816854,1.9560889006981295,43.508678759381986,25.135135134944917,11.854508237580978,1.8576728541351777,4.025459376447353,0.0030953772915187703,0.8377229308643859,0.2616615851563371,0.3912177801396259,50000.0,5.0,250000.0,654.1539628908426,978.0444503490646
2025-10-24,PNBGILTS,SHORT,A_MOD_BREAK_C1_LOW,MODERATE,2025-10-24 10:30:00+05:30,2025-10-24 10:45:00+05:30,90.07000000000001,90.74552500000001,88.98916000000001,2025-10-24 14:30:00+05:30,89.78855999999999,BE,0.9140472978802522,1.5623404019097236,30.988397023796818,10.232558132871802,11.736631363311533,1.5622755866804747,3.366194405776855,0.0041271249544511,0.5982241830260353,0.18280945957605044,0.31246808038194474,50000.0,5.0,250000.0,457.0236489401261,781.1702009548619
2025-10-27,BLS,SHORT,A_MOD_BREAK_C1_LOW,MODERATE,2025-10-27 10:00:00+05:30,2025-10-27 10:15:00+05:30,314.03718000000003,316.3924588500001,310.26873384000004,2025-10-27 14:30:00+05:30,314.55,EOD,-1.4678828153084065,-0.81649567735893,36.03233431541911,11.475409834309843,4.6788892761704775,1.234288309640796,3.510318468859372,0.004793711377680823,0.6164854689184258,-0.2935765630616813,-0.163299135471786,50000.0,5.0,250000.0,-733.9414076542032,-408.2478386794651
2025-10-27,INDIGOPNTS,SHORT,A_MOD_BREAK_C1_LOW,MODERATE,2025-10-27 10:15:00+05:30,2025-10-27 10:30:00+05:30,1020.99576,1028.6532282,1008.74381088,2025-10-27 11:45:00+05:30,1018.7470999999999,BE,0.45231639998526596,1.101209274365687,26.32584186368419,28.464419474162767,4.545214312139666,1.0951549882827012,2.702979476508443,0.003560237255889412,0.4465397509047356,0.0904632799970532,0.2202418548731374,50000.0,5.0,250000.0,226.15819999263297,550.6046371828435
2025-10-28,ADANIENSOL,SHORT,A_MOD_BREAK_C1_LOW,MODERATE,2025-10-28 11:15:00+05:30,2025-10-28 11:30:00+05:30,924.3151,931.2474632500001,913.2233188,2025-10-28 13:45:00+05:30,922.0077499999999,BE,0.5994386114434144,1.248140379833758,29.81382755464615,25.343320848052883,9.2399805460259,1.7623042336595585,2.4817827633971437,0.005400376752516825,0.615610654210115,0.11988772228868287,0.2496280759667516,50000.0,5.0,250000.0,299.71930572170714,624.070189916879
2025-10-28,BSE,SHORT,A_MOD_BREAK_C1_LOW,MODERATE,2025-10-28 11:00:00+05:30,2025-10-28 11:15:00+05:30,2429.514,2447.7353550000003,2400.359832,2025-10-28 12:15:00+05:30,2417.2299999999996,BE,1.8810406144002967,2.5280776319874176,28.062148992881223,17.295308187449862,2.259187826198158,2.7380677665567594,3.4855443961245833,0.0051263962375073515,0.6309322348932183,0.37620812288005934,0.5056155263974835,50000.0,5.0,250000.0,940.5203072001484,1264.0388159937088
2025-10-28,KSB,SHORT,A_MOD_BREAK_C1_LOW,MODERATE,2025-10-28 10:00:00+05:30,2025-10-28 10:15:00+05:30,789.842,795.7658150000001,780.363896,2025-10-28 11:30:00+05:30,783.8444999999999,BE,3.151258350529793,3.7966454050304104,26.453653803032616,37.83102143624306,28.205007313918255,1.07262591071848,1.9685351151572839,0.005363915477695511,0.4429410971790874,0.6302516701059586,0.7593290810060821,50000.0,5.0,250000.0,1575.6291752648965,1898.3227025152053
2025-10-29,MOTILALOFS,SHORT,A_MOD_BREAK_C1_LOW,MODERATE,2025-10-29 10:30:00+05:30,2025-10-29 10:45:00+05:30,1004.2991,1011.83134325,992.2475108,2025-10-29 11:00:00+05:30,1000.1414499999998,BE,1.422293267936424,2.0699261803580744,45.30942857588738,5.982490272292125,6.246312049962774,1.525221120304254,4.478962698542706,0.011612293614481826,0.806555124691555,0.2844586535872848,0.4139852360716149,50000.0,5.0,250000.0,711.146633968212,1034.9630901790372
2025-10-30,AIIL,SHORT,A_MOD_BREAK_C1_LOW,MODERATE,2025-10-30 10:15:00+05:30,2025-10-30 10:30:00+05:30,589.48208,593.9031956,582.40829504,2025-10-30 10:45:00+05:30,586.9556,BE,1.4954279933362133,2.142965906614152,26.743264299152845,10.294117645999691,4.135874877810319,1.0075297297685355,2.8130681426412645,0.004188861985472172,0.43746666719678634,0.29908559866724266,0.4285931813228304,50000.0,5.0,250000.0,747.7139966681067,1071.482953307076
2025-10-30,DCMSRIND,SHORT,B_HUGE_RED_FAILED_BOUNCE,HUGE,2025-10-30 11:30:00+05:30,2025-10-30 13:00:00+05:30,171.04999999999998,172.332875,168.99739999999997,2025-10-30 14:30:00+05:30,171.37,EOD,-1.5869407957413284,-0.9353990061386191,31.578388903522338,28.16091953456541,40.46743196775764,0.2812338326316921,1.700649927034188,0.008372747560203836,0.40792425061509063,-0.3173881591482657,-0.18707980122772383,50000.0,5.0,250000.0,-793.4703978706641,-467.69950306930957
2025-10-30,UBL,SHORT,A_MOD_BREAK_C1_LOW,MODERATE,2025-10-30 10:45:00+05:30,2025-10-30 11:00:00+05:30,1785.84276,1799.2365807,1764.41264688,2025-10-30 11:45:00+05:30,1780.8265,BE,0.7559532939274713,1.404451755875781,34.06937764139029,9.63302752272952,47.61363636363649,0.7106748108809775,2.690682731437903,0.007110084409771064,0.4954087565250254,0.15119065878549426,0.2808903511751562,50000.0,5.0,250000.0,377.9766469637357,702.2258779378905
2025-10-31,BANDHANBNK,SHORT,A_MOD_BREAK_C1_LOW,MODERATE,2025-10-31 11:00:00+05:30,2025-10-31 11:15:00+05:30,159.97,161.16977500000002,158.05035999999998,2025-10-31 11:30:00+05:30,159.17609999999996,BE,1.8343050377475145,2.4814027630181794,45.217607047955994,8.150470218541429,6.389910733659274,1.159175773173785,3.9608930208138324,0.01000597504748825,0.7411198660247522,0.3668610075495029,0.49628055260363585,50000.0,5.0,250000.0,917.1525188737573,1240.7013815090895
2025-10-31,CHAMBLFERT,SHORT,A_MOD_BREAK_C1_LOW,MODERATE,2025-10-31 10:30:00+05:30,2025-10-31 10:45:00+05:30,477.4045,480.98503375,471.675646,2025-10-31 12:15:00+05:30,480.98503375,SL,-4.4052026013005925,-3.7500000000000306,42.91816983391446,23.175965662450906,7.500375857243607,1.3390436870776277,3.6040473335974847,0.0032593257083052846,0.7381051927473017,-0.8810405202601186,-0.7500000000000061,50000.0,5.0,250000.0,-2202.6013006502967,-1875.0000000000152
2025-10-31,NH,SHORT,A_MOD_BREAK_C1_LOW,MODERATE,2025-10-31 11:15:00+05:30,2025-10-31 11:30:00+05:30,1745.6508,1758.743181,1724.7029903999999,2025-10-31 11:45:00+05:30,1737.196,BE,1.7745002201268067,2.421675629513067,29.661424394998733,24.03718459450674,3.416152130124754,2.239982737506749,2.5037229139701465,0.0059039986916346425,0.6549213659249808,0.35490004402536135,0.4843351259026134,50000.0,5.0,250000.0,887.2501100634034,1210.8378147565336
2025-10-31,TECHM,SHORT,A_MOD_BREAK_C1_LOW,MODERATE,2025-10-31 10:45:00+05:30,2025-10-31 11:00:00+05:30,1430.41386,1441.1419639500002,1413.24889368,2025-10-31 13:15:00+05:30,1424.5608999999997,BE,1.3982332365688572,2.045897402028946,44.04501335511484,36.36363636106541,65.6703419786581,0.5296154558437038,1.4518051773731206,0.0027203753618847844,0.5859481639680268,0.2796466473137714,0.4091794804057892,50000.0,5.0,250000.0,699.1166182844286,1022.9487010144732
2025-11-03,OLAELEC,SHORT,A_MOD_BREAK_C1_LOW,MODERATE,2025-11-03 10:45:00+05:30,2025-11-03 11:00:00+05:30,49.400000000000006,49.770500000000006,48.8072,2025-11-03 11:15:00+05:30,49.14699999999999,BE,1.913734195032959,2.560728744939416,46.70817195873914,27.12933752745073,47.6303143685118,0.1714070991213744,1.7785046036404712,0.009841269841269831,0.5795440519093513,0.3827468390065918,0.5121457489878832,50000.0,5.0,250000.0,956.8670975164795,1280.364372469708
2025-11-03,SHARDACROP,SHORT,A_MOD_BREAK_C1_LOW,MODERATE,2025-11-03 11:15:00+05:30,2025-11-03 11:30:00+05:30,835.8328,842.1015460000001,825.8028064,2025-11-03 11:45:00+05:30,829.4809999999999,BE,3.1543002784971,3.7996833816524904,28.974410158224423,14.744645798671527,4.790201393531951,1.6450834816606414,3.7091981377356626,0.008969107356204133,0.5825057616639786,0.63086005569942,0.7599366763304981,50000.0,5.0,250000.0,1577.1501392485502,1899.8416908262454
2025-11-04,AFFLE,SHORT,A_MOD_BREAK_C1_LOW,MODERATE,2025-11-04 10:15:00+05:30,2025-11-04 10:30:00+05:30,1825.6348,1839.3270610000002,1803.7271824,2025-11-04 10:45:00+05:30,1807.4059999999997,BE,4.348623503013772,4.992455227080553,25.695803223367868,16.85214626372347,9.902840059790812,1.3789822148248756,4.278155002934825,0.007600697512570096,0.48675893594487124,0.8697247006027544,0.9984910454161106,50000.0,5.0,250000.0,2174.311751506886,2496.2276135402763
2025-11-04,AHLUCONT,SHORT,A_MOD_BREAK_C1_LOW,MODERATE,2025-11-04 11:00:00+05:30,2025-11-04 11:15:00+05:30,929.56405,936.5357803750001,918.4092813999999,2025-11-04 12:00:00+05:30,920.5032499999999,BE,4.229696247705842,4.873682453619031,31.8932199378799,35.23985239670344,11.41025641025623,1.538600415453843,1.906492440195405,0.004640264279952375,0.6029779937823914,0.8459392495411684,0.9747364907238061,50000.0,5.0,250000.0,2114.8481238529207,2436.8412268095153
2025-11-04,MANORAMA,SHORT,A_MOD_BREAK_C1_LOW,MODERATE,2025-11-04 13:00:00+05:30,2025-11-04 13:15:00+05:30,1348.7302,1358.8456765,1332.5454376,2025-11-04 14:15:00+05:30,1343.2176,BE,1.3959588032492216,2.0436259231090177,29.551629582416354,7.328605200702896,3.412598204264873,2.6010494746117576,2.7866793600809903,0.004267711532351989,0.6532744437362452,0.2791917606498443,0.40872518462180357,50000.0,5.0,250000.0,697.9794016246108,1021.812961554509
2025-11-04,NTPC,SHORT,A_MOD_BREAK_C1_LOW,MODERATE,2025-11-04 10:30:00+05:30,2025-11-04 10:45:00+05:30,330.68385,333.16397887500005,326.7156438,2025-11-04 14:30:00+05:30,330.2,EOD,0.08221638678662367,0.7315900065878906,42.636431046516876,15.671641787770156,8.562691131498363,1.195905167287392,3.486538593584763,0.0030103582218385695,0.7088298699730466,0.016443277357324735,0.14631800131757813,50000.0,5.0,250000.0,41.108193393311836,365.79500329394534
2025-11-04,TATAPOWER,SHORT,A_MOD_BREAK_C1_LOW,MODERATE,2025-11-04 10:15:00+05:30,2025-11-04 10:30:00+05:30,400.56987,403.574144025,395.76303156,2025-11-04 12:00:00+05:30,399.74564999999996,BE,0.37982223968228945,1.0288092811374272,27.389568590192237,22.891566262485938,7.3210922787192745,1.2439167142567509,2.9460625123132,0.0038855716959272915,0.488528953847815,0.07596444793645789,0.20576185622748544,50000.0,5.0,250000.0,189.91111984114474,514.4046405687136
2025-11-04,WIPRO,SHORT,A_MOD_BREAK_C1_LOW,MODERATE,2025-11-04 11:15:00+05:30,2025-11-04 11:30:00+05:30,232.85,234.596375,230.0558,2025-11-04 13:45:00+05:30,232.24464999999998,BE,0.651236676959987,1.29987116169211,35.32544529450096,33.720930221579536,15.93095642331631,1.4375360803676127,1.9804497488684085,0.00228436513046945,0.6404729809252672,0.1302473353919974,0.259974232338422,50000.0,5.0,250000.0,325.6183384799935,649.935580846055
2025-11-06,BAJAJHIND,SHORT,A_MOD_BREAK_C1_LOW,MODERATE,2025-11-06 10:00:00+05:30,2025-11-06 10:15:00+05:30,21.46,21.62095,21.20248,2025-11-06 10:30:00+05:30,21.373929999999998,BE,1.3576419150862646,2.005358807083014,49.87323432924086,12.857142831428561,5.528360528360522,1.2344481440747241,4.562855580010801,0.004711034436998203,0.8241269401516895,0.2715283830172529,0.40107176141660283,50000.0,5.0,250000.0,678.8209575431323,1002.6794035415071
2025-11-06,CAMS,SHORT,A_MOD_BREAK_C1_LOW,MODERATE,2025-11-06 10:15:00+05:30,2025-11-06 10:30:00+05:30,748.0503600000001,753.6607377000001,739.0737556800001,2025-11-06 14:30:00+05:30,749.7,EOD,-1.7543855929527927,-1.1026262991170652,68.95655746192256,14.999999999045684,7.2677796123034675,1.5780718257048552,4.334218001291784,0.0038473288272806963,0.8861625694983495,-0.35087711859055853,-0.22052525982341303,50000.0,5.0,250000.0,-877.1927964763963,-551.3131495585326
2025-11-06,CONCOR,SHORT,A_MOD_BREAK_C1_LOW,MODERATE,2025-11-06 10:30:00+05:30,2025-11-06 10:45:00+05:30,525.19494,529.13390205,518.89260072,2025-11-06 11:30:00+05:30,523.0645,BE,1.3805502276870376,2.028237362682913,46.62628455623707,11.607142856417525,3.278870949348726,2.349467185353003,4.725160119898667,0.004915090619858866,0.9093942683435559,0.27611004553740753,0.4056474725365826,50000.0,5.0,250000.0,690.2751138435189,1014.1186813414566
2025-11-06,EMSLIMITED,SHORT,A_MOD_BREAK_C1_LOW,MODERATE,2025-11-06 11:00:00+05:30,2025-11-06 11:15:00+05:30,476.10476,479.67554570000004,470.39150288,2025-11-06 11:30:00+05:30,472.41299999999995,BE,3.2317634021754444,3.877045883767309,68.61288255985156,7.642487046354788,4.400790278214512,1.527886749574196,4.11164160747242,0.011052907281299111,0.8773801811754842,0.6463526804350889,0.7754091767534618,50000.0,5.0,250000.0,1615.8817010877221,1938.5229418836545
2025-11-06,HUDCO,SHORT,A_MOD_BREAK_C1_LOW,MODERATE,2025-11-06 10:15:00+05:30,2025-11-06 10:30:00+05:30,228.64999999999998,230.36487499999998,225.90619999999998,2025-11-06 12:15:00+05:30,227.17949999999996,BE,2.5694706089105344,3.2156133828996625,41.94340830292482,21.238938049338273,3.41672996969614,1.9204990322406579,3.8228444408845115,0.004563058279717681,0.8252384551859875,0.5138941217821069,0.6431226765799325,50000.0,5.0,250000.0,1284.7353044552674,1607.8066914498313
2025-11-06,JTLIND,SHORT,A_MOD_BREAK_C1_LOW,MODERATE,2025-11-06 10:30:00+05:30,2025-11-06 10:45:00+05:30,61.92,62.38440000000001,61.17696,2025-11-06 11:00:00+05:30,60.91218999999999,BE,7.498260176600149,8.138000645994941,53.242585130406226,1.9950124681313781,4.2276013526013925,1.8990714990673567,6.021623594027836,0.006963307398370237,0.9423375123367874,1.4996520353200298,1.627600129198988,50000.0,5.0,250000.0,3749.1300883000745,4069.0003229974704
2025-11-06,MGL,SHORT,A_MOD_BREAK_C1_LOW,MODERATE,2025-11-06 11:00:00+05:30,2025-11-06 11:15:00+05:30,1242.45146,1251.76984595,1227.54204248,2025-11-06 13:00:00+05:30,1235.696,BE,2.0718119626975753,2.7186011757755453,42.71320238706072,10.397553516374046,4.64519474787558,2.121786929031702,3.741619477031273,0.003516554236528497,0.8506980358059106,0.414362392539515,0.543720235155109,50000.0,5.0,250000.0,1035.9059813487875,1359.3005878877727
2025-11-06,NETWEB,SHORT,A_MOD_BREAK_C1_LOW,MODERATE,2025-11-06 10:00:00+05:30,2025-11-06 10:15:00+05:30,3424.315,3449.9973625000002,3383.22322,2025-11-06 10:30:00+05:30,3414.8137999999994,BE,0.7387932069131647,1.387313959142282,49.039263672969994,9.237057220673236,4.640665417865074,1.8672605168825347,5.721033255894863,0.012397710550560078,0.9223595455489935,0.14775864138263295,0.2774627918284564,50000.0,5.0,250000.0,369.39660345658234,693.6569795711409
2025-11-06,RAILTEL,SHORT,A_MOD_BREAK_C1_LOW,MODERATE,2025-11-06 10:30:00+05:30,2025-11-06 10:45:00+05:30,356.52868,359.20264510000004,352.25033584,2025-11-06 14:30:00+05:30,356.3,EOD,-0.3292045269056753,0.32070351254771023,43.18298506636694,5.504587155256473,2.1155660894946293,1.813590079944348,4.3763098878576985,0.004206393718452012,0.825123039985765,-0.06584090538113506,0.06414070250954204,50000.0,5.0,250000.0,-164.60226345283763,160.3517562738551
2025-11-06,TATAELXSI,SHORT,A_MOD_BREAK_C1_LOW,MODERATE,2025-11-06 10:30:00+05:30,2025-11-06 10:45:00+05:30,5253.949,5293.3536175,5190.901612,2025-11-06 11:45:00+05:30,5237.665999999999,BE,0.9012866335405955,1.5495963131732302,41.952497236958564,17.927170868206744,1.9125683060109289,2.150634001353082,4.257308758359754,0.004002990349327171,0.8392874585543784,0.1802573267081191,0.30991926263464603,50000.0,5.0,250000.0,450.64331677029776,774.798156586615
2025-11-07,ABREL,SHORT,A_MOD_BREAK_C1_LOW,MODERATE,2025-11-07 10:00:00+05:30,2025-11-07 10:15:00+05:30,1775.3448600000002,1788.6599464500002,1754.0407216800002,2025-11-07 10:45:00+05:30,1788.6599464500002,SL,-4.405202601300581,-3.750000000000022,33.2085886272765,12.636165576956941,11.405644660066725,0.9956976954378459,3.631060955179567,0.004910463342166553,0.5323759261107706,-0.8810405202601161,-0.7500000000000044,50000.0,5.0,250000.0,-2202.6013006502903,-1875.0000000000111
2025-11-07,SUPREMEIND,SHORT,A_MOD_BREAK_C1_LOW,MODERATE,2025-11-07 10:00:00+05:30,2025-11-07 10:15:00+05:30,3803.2392,3831.7634940000003,3757.6003296,2025-11-07 10:45:00+05:30,3783.5165999999995,BE,1.945915984452542,2.5928687314750687,27.233984851734448,21.88328912426209,12.955675630260929,0.6687700758839022,3.0131790208110125,0.0031677181913774936,0.38554453605569966,0.3891831968905084,0.5185737462950137,50000.0,5.0,250000.0,972.957992226271,1296.4343657375343
2025-11-07,ZYDUSWELL,SHORT,A_MOD_BREAK_C1_LOW,MODERATE,2025-11-07 10:00:00+05:30,2025-11-07 10:15:00+05:30,438.46229,441.75075717500005,433.20074252,2025-11-07 11:15:00+05:30,441.75075717500005,SL,-4.405202601300661,-3.7500000000000577,25.517481390500247,21.658986173717963,20.056497175141093,0.8105509925164156,2.455188425367677,0.009688817964208367,0.3846086445478764,-0.8810405202601321,-0.7500000000000115,50000.0,5.0,250000.0,-2202.6013006503304,-1875.0000000000289
2025-11-10,GANECOS,SHORT,A_MOD_BREAK_C1_LOW,MODERATE,2025-11-10 10:30:00+05:30,2025-11-10 10:45:00+05:30,1078.98416,1087.0765412,1066.03635008,2025-11-10 11:00:00+05:30,1057.2622999999999,BE,9.428651596573541,10.065884563124683,61.98768612081492,8.316430020165924,20.84156209584402,1.5926362100101803,4.341591330767139,0.012952204911539495,0.8887113367517816,1.8857303193147081,2.0131769126249366,50000.0,5.0,250000.0,4714.32579828677,5032.942281562341
2025-11-10,KAMATHOTEL,SHORT,A_MOD_BREAK_C1_LOW,MODERATE,2025-11-10 10:30:00+05:30,2025-11-10 10:45:00+05:30,230.04999999999998,231.775375,227.28939999999997,2025-11-10 11:00:00+05:30,225.87559999999996,BE,8.434285649671306,9.07281025863947,43.30786629166493,4.0579710143829,8.273513443383736,1.3856761905755355,5.4888961882682,0.024410930175178872,0.7521113277256926,1.6868571299342612,1.814562051727894,50000.0,5.0,250000.0,4217.142824835653,4536.405129319735
2025-11-10,MEDANTA,SHORT,A_MOD_BREAK_C1_LOW,MODERATE,2025-11-10 10:00:00+05:30,2025-11-10 10:15:00+05:30,1192.7614,1201.7071105000002,1178.4482632000002,2025-11-10 10:30:00+05:30,1185.9472,BE,2.2098708881318343,2.856480768073157,29.748041171198388,13.65360303389231,6.877127544640854,2.0728112394101195,5.5632733935770355,0.007226679439588077,0.6562206175679759,0.4419741776263668,0.5712961536146314,50000.0,5.0,250000.0,1104.9354440659172,1428.2403840365785
2025-11-10,SHK,SHORT,A_MOD_BREAK_C1_LOW,MODERATE,2025-11-10 10:00:00+05:30,2025-11-10 10:15:00+05:30,192.98,194.42735,190.66423999999998,2025-11-10 10:30:00+05:30,191.57299999999998,BE,2.9998717878994734,3.645455487615325,28.41570897148301,7.796610169121635,3.627987188884125,1.5668288198144382,6.323075103573702,0.014663557333254619,0.5604306780397719,0.5999743575798947,0.729091097523065,50000.0,5.0,250000.0,1499.9358939497367,1822.7277438076626
2025-11-11,ORIENTCEM,SHORT,A_MOD_BREAK_C1_LOW,MODERATE,2025-11-11 11:15:00+05:30,2025-11-11 11:30:00+05:30,192.04999999999998,193.490375,189.7454,2025-11-11 11:45:00+05:30,191.32224999999997,BE,1.2468280482340792,1.8946888831033966,49.14107075737571,10.705882351177863,5.35534480739964,2.027573467562318,3.6019238793965895,0.005629215404864778,0.9471160613606355,0.24936560964681584,0.3789377766206793,50000.0,5.0,250000.0,623.4140241170396,947.3444415516982
2025-11-11,POWERGRID,SHORT,A_MOD_BREAK_C1_LOW,MODERATE,2025-11-11 10:30:00+05:30,2025-11-11 10:45:00+05:30,265.04698,267.03483235000004,261.86641624000004,2025-11-11 11:45:00+05:30,267.03483235000004,SL,-4.40520260130061,-3.750000000000048,44.09182441493466,15.107913666021503,9.533239038189064,1.316919876583043,3.427077794918592,0.0035545980880570555,0.7518383446260524,-0.8810405202601221,-0.7500000000000095,50000.0,5.0,250000.0,-2202.6013006503053,-1875.0000000000239
2025-11-11,SUBROS,SHORT,A_MOD_BREAK_C1_LOW,MODERATE,2025-11-11 10:15:00+05:30,2025-11-11 10:30:00+05:30,909.818,916.6416350000001,898.900184,2025-11-11 10:45:00+05:30,900.8946,BE,4.260000981280307,4.903947822531547,37.9262231077574,18.131101812933167,3.5134468574581383,1.321405328325689,4.6439031542529845,0.015853849772620342,0.6601392790733567,0.8520001962560614,0.9807895645063095,50000.0,5.0,250000.0,2130.0004906401537,2451.973911265774
2025-11-11,UTIAMC,SHORT,A_MOD_BREAK_C1_LOW,MODERATE,2025-11-11 10:30:00+05:30,2025-11-11 10:45:00+05:30,1178.16432,1187.0005524,1164.02634816,2025-11-11 14:30:00+05:30,1182.0,EOD,-2.280262860252689,-1.6278204724447565,25.57683869453084,16.66666666601853,5.062319097406692,1.5147602166818845,3.3449668167851523,0.00396825396825394,0.5087356183372924,-0.4560525720505378,-0.3255640944889513,50000.0,5.0,250000.0,-1140.1314301263444,-813.9102362223782
2025-11-12,SURYAROSNI,SHORT,A_MOD_BREAK_C1_LOW,MODERATE,2025-11-12 11:15:00+05:30,2025-11-12 11:30:00+05:30,278.4443,280.53263225,275.1029684,2025-11-12 11:45:00+05:30,280.53263225,SL,-4.405202601300563,-3.7500000000000138,26.416028240802756,27.13178294500024,3.280060882800608,1.6876006584654994,2.2674549916601756,0.021579783689579152,0.5515705388435037,-0.8810405202601127,-0.7500000000000028,50000.0,5.0,250000.0,-2202.6013006502817,-1875.0000000000068
2025-11-14,AGARIND,SHORT,A_MOD_BREAK_C1_LOW,MODERATE,2025-11-14 10:00:00+05:30,2025-11-14 10:15:00+05:30,811.6376399999999,817.7249223,801.89798832,2025-11-14 10:45:00+05:30,817.7249223,SL,-4.405202601300592,-3.7500000000000524,35.346551284168434,31.014304290722748,9.42432683379759,0.5470315818889678,2.738191149792707,0.010285784676028588,0.48592879609309586,-0.8810405202601183,-0.7500000000000104,50000.0,5.0,250000.0,-2202.601300650296,-1875.0000000000261
2025-11-14,BBL,SHORT,A_MOD_BREAK_C1_LOW,MODERATE,2025-11-14 10:30:00+05:30,2025-11-14 10:45:00+05:30,2918.4162,2940.3043215000002,2883.3952056000003,2025-11-14 11:15:00+05:30,2940.3043215000002,SL,-4.405202601300539,-3.7500000000000213,44.698835687182054,26.19372441969115,0.0,1.4574535226811127,2.5392367177573907,0.003335290950912755,0.7855369017769256,-0.8810405202601078,-0.7500000000000042,50000.0,5.0,250000.0,-2202.6013006502694,-1875.0000000000105
2025-11-14,ESCORTS,SHORT,A_MOD_BREAK_C1_LOW,MODERATE,2025-11-14 10:00:00+05:30,2025-11-14 10:15:00+05:30,3549.38998,3576.01040485,3506.79730024,2025-11-14 14:30:00+05:30,3543.4,EOD,0.19457648294527385,0.8438041513826318,25.74489527219581,21.977124182755418,6.5312259137561,1.1184365732864503,3.2009897958434723,0.004053298358967362,0.4418998294080659,0.03891529658905477,0.16876083027652636,50000.0,5.0,250000.0,97.28824147263693,421.9020756913159
2025-11-17,BODALCHEM,SHORT,B_HUGE_RED_FAILED_BOUNCE,HUGE,2025-11-17 11:15:00+05:30,2025-11-17 13:00:00+05:30,57.080000000000005,57.508100000000006,56.39504,2025-11-17 14:00:00+05:30,56.880129999999994,BE,1.1027403680818706,1.7507883672040234,34.27366134528944,37.599999957888045,52.5,0.9269992673303844,1.2698187510275,0.004565077159728063,0.5398207295135339,0.22054807361637413,0.3501576734408047,50000.0,5.0,250000.0,551.3701840409353,875.3941836020117
2025-11-17,GENESYS,SHORT,A_MOD_BREAK_C1_LOW,MODERATE,2025-11-17 10:45:00+05:30,2025-11-17 11:00:00+05:30,460.9078,464.36460850000003,455.3769064,2025-11-17 11:15:00+05:30,455.06109999999995,BE,5.700516060171083,6.342591728757959,29.801927206914783,15.548281505015652,6.850177985022576,1.5243676273593265,3.3157803342057943,0.009833024118738407,0.5737932428916039,1.1401032120342165,1.2685183457515918,50000.0,5.0,250000.0,2850.258030085541,3171.29586437898
2025-11-17,GMMPFAUDLR,SHORT,A_MOD_BREAK_C1_LOW,MODERATE,2025-11-17 11:00:00+05:30,2025-11-17 11:15:00+05:30,1202.55944,1211.5786358,1188.12872672,2025-11-17 12:15:00+05:30,1198.7856,BE,0.9208023511752826,1.5690866806550798,48.96333974587835,28.29373650022457,7.436007436007355,1.950948521178998,2.7039903481489223,0.00556478405315613,0.9358660873945,0.18416047023505652,0.313817336131016,50000.0,5.0,250000.0,460.4011755876413,784.54334032754
2025-11-17,INDNIPPON,SHORT,A_MOD_BREAK_C1_LOW,MODERATE,2025-11-17 10:00:00+05:30,2025-11-17 10:15:00+05:30,902.76941,909.540180575,891.93617708,2025-11-17 10:45:00+05:30,900.6939999999998,BE,0.5006383944867737,1.1494685004890381,43.08882008169672,23.64818617362694,10.671237594314567,0.7733568486780089,2.6317508305262263,0.0191540303272147,0.6416697497441022,0.10012767889735474,0.22989370009780763,50000.0,5.0,250000.0,250.31919724338687,574.734250244519
2025-11-17,VIPIND,SHORT,A_MOD_BREAK_C1_LOW,MODERATE,2025-11-17 10:00:00+05:30,2025-11-17 10:15:00+05:30,388.9222,391.8391165,384.25513359999997,2025-11-17 14:30:00+05:30,387.3,EOD,1.4378944285831319,2.0855070757081546,25.848272731125366,15.415019761140087,7.89473684210532,1.3457930247596075,2.531750738385885,0.006068674256334937,0.48323787029981174,0.2875788857166264,0.4171014151416309,50000.0,5.0,250000.0,718.947214291566,1042.7535378540772
2025-11-18,DBREALTY,SHORT,A_MOD_BREAK_C1_LOW,MODERATE,2025-11-18 10:00:00+05:30,2025-11-18 10:15:00+05:30,137.95,138.984625,136.29459999999997,2025-11-18 10:30:00+05:30,137.14018999999996,BE,2.2886501170122813,2.9351576658210488,41.13582779656808,14.213197967018274,1.7133655394523857,1.3860488099021606,5.443957321192872,0.006940993788819919,0.7195959586813994,0.4577300234024563,0.5870315331642098,50000.0,5.0,250000.0,1144.3250585061407,1467.5788329105244
2025-11-18,HIRECT,SHORT,A_MOD_BREAK_C1_LOW,MODERATE,2025-11-18 10:00:00+05:30,2025-11-18 10:15:00+05:30,1522.7953799999998,1534.21634535,1504.5218354399997,2025-11-18 10:45:00+05:30,1518.8428999999999,BE,0.649133992068035,1.2977712081054262,26.234686018517998,20.554272516656567,6.871388400404197,1.1324519922221292,3.4102316107551918,0.004429715185719932,0.4516993889166426,0.129826798413607,0.25955424162108526,50000.0,5.0,250000.0,324.5669960340175,648.8856040527131
2025-11-18,IGL,SHORT,A_MOD_BREAK_C1_LOW,MODERATE,2025-11-18 10:00:00+05:30,2025-11-18 10:15:00+05:30,209.54999999999998,211.121625,207.03539999999998,2025-11-18 14:30:00+05:30,209.51,EOD,-0.554758409985165,0.09544261512763552,25.79889105554099,35.25179854931602,18.732026143790716,1.0891609087164777,2.071785704745973,0.0041041116045884155,0.4375865248584985,-0.110951681997033,0.019088523025527104,50000.0,5.0,250000.0,-277.3792049925825,47.72130756381776
2025-11-18,NATIONALUM,SHORT,A_MOD_BREAK_C1_LOW,MODERATE,2025-11-18 10:15:00+05:30,2025-11-18 10:30:00+05:30,255.528884,257.44535063,252.462537392,2025-11-18 11:30:00+05:30,257.44535063,SL,-4.405202601300565,-3.7500000000000044,32.07446064550106,24.32216905629582,17.734617379000138,1.0926454820783904,3.3423829817312694,0.005652620760534425,0.5323298690462344,-0.881040520260113,-0.7500000000000009,50000.0,5.0,250000.0,-2202.6013006502826,-1875.0000000000023
2025-11-18,VASCONEQ,SHORT,A_MOD_BREAK_C1_LOW,MODERATE,2025-11-18 10:00:00+05:30,2025-11-18 10:15:00+05:30,55.650000000000006,56.06737500000001,54.982200000000006,2025-11-18 11:00:00+05:30,55.52607999999999,BE,0.4645102065859236,1.1133872416892405,28.766332691377308,4.195804193750234,5.305569583344881,1.4405858327326377,4.417324815486087,0.006364288275367486,0.5435975110988711,0.09290204131718473,0.22267744833784808,50000.0,5.0,250000.0,232.25510329296182,556.6936208446202
2025-11-19,COHANCE,SHORT,A_MOD_BREAK_C1_LOW,MODERATE,2025-11-19 10:45:00+05:30,2025-11-19 11:00:00+05:30,575.98478,580.30466585,569.07296264,2025-11-19 11:15:00+05:30,580.30466585,SL,-4.4052026013006085,-3.749999999999992,26.744087959162584,16.041397153364684,2.595722738048622,2.0118899662525176,4.538746002830284,0.007175048906718193,0.6111613193874388,-0.8810405202601217,-0.7499999999999984,50000.0,5.0,250000.0,-2202.6013006503044,-1874.9999999999961
2025-11-19,DLF,SHORT,A_MOD_BREAK_C1_LOW,MODERATE,2025-11-19 11:00:00+05:30,2025-11-19 11:15:00+05:30,741.6516399999999,747.2140273,732.75182032,2025-11-19 14:30:00+05:30,744.3,EOD,-2.438094815659283,-1.785447410323279,44.88297293448956,10.948905108743162,14.859379198755981,1.3190835336548556,3.197947229306308,0.004149297700076089,0.7640842124069431,-0.48761896313185665,-0.3570894820646558,50000.0,5.0,250000.0,-1219.0474078296415,-892.7237051616395
2025-11-19,FINPIPE,SHORT,A_MOD_BREAK_C1_LOW,MODERATE,2025-11-19 10:30:00+05:30,2025-11-19 10:45:00+05:30,181.2,182.559,179.0256,2025-11-19 13:15:00+05:30,180.27921999999998,BE,1.8937631729772932,2.5407836644591826,43.732164172756676,4.6403712281914125,8.105747256690945,2.2724724920957087,4.815471106764451,0.0031921182266009605,0.8659824625913501,0.37875263459545866,0.5081567328918365,50000.0,5.0,250000.0,946.8815864886466,1270.3918322295913
2025-11-19,JKTYRE,SHORT,A_MOD_BREAK_C1_LOW,MODERATE,2025-11-19 11:00:00+05:30,2025-11-19 11:15:00+05:30,447.4105,450.76607875,442.041574,2025-11-19 13:30:00+05:30,446.335,BE,0.5531544712502913,1.201916360925854,60.34789404058583,24.27884615221204,18.93802893802891,1.664065237550552,2.9932698505410036,0.005881226359385237,0.9012114165713465,0.11063089425005825,0.2403832721851708,50000.0,5.0,250000.0,276.5772356251456,600.958180462927
2025-11-19,LICHSGFIN,SHORT,A_MOD_BREAK_C1_LOW,MODERATE,2025-11-19 11:00:00+05:30,2025-11-19 11:15:00+05:30,563.18734,567.4112450499999,556.4290919199999,2025-11-19 14:30:00+05:30,562.45,EOD,0.005139697043158162,0.6546134364454143,28.939132143040826,26.984126980129048,13.510832260832315,1.2456686992112926,2.1802705074754183,0.002409058058299205,0.5120790045075887,0.0010279394086316325,0.13092268728908285,50000.0,5.0,250000.0,2.569848521579081,327.30671822270716
2025-11-19,VAIBHAVGBL,SHORT,A_MOD_BREAK_C1_LOW,MODERATE,2025-11-19 10:00:00+05:30,2025-11-19 10:15:00+05:30,249.99999000000003,251.87498992500005,246.99999012000004,2025-11-19 10:30:00+05:30,251.87498992500005,SL,-4.405202601300659,-3.750000000000051,64.39635046766043,10.416666665451771,6.415343915343947,1.4752048724825406,4.897644428428616,0.00609878024395124,0.8681608526844447,-0.8810405202601318,-0.7500000000000102,50000.0,5.0,250000.0,-2202.6013006503294,-1875.0000000000255
2025-11-20,SWARAJENG,SHORT,A_MOD_BREAK_C1_LOW,MODERATE,2025-11-20 11:15:00+05:30,2025-11-20 11:30:00+05:30,3681.3635799999997,3708.97380685,3637.1872170399997,2025-11-20 11:45:00+05:30,3629.7567,BE,6.367998534918419,7.00920716991499,30.74755793235187,28.596338273583115,10.443620038330225,1.6660735785245244,3.3825718301665417,0.007259616130583858,0.6127762452270697,1.2735997069836837,1.4018414339829979,50000.0,5.0,250000.0,3183.999267459209,3504.6035849574946
2025-11-20,WCIL,SHORT,A_MOD_BREAK_C1_LOW,MODERATE,2025-11-20 10:15:00+05:30,2025-11-20 10:30:00+05:30,116.15,117.02112500000001,114.7562,2025-11-20 11:00:00+05:30,115.74619999999999,BE,1.0902051973039275,1.738269479121903,33.82671739695981,10.851063826555105,2.0664813877567614,1.4806608780592774,3.3054566346639978,0.007825178264076735,0.6265164146147706,0.21804103946078549,0.3476538958243806,50000.0,5.0,250000.0,545.1025986519637,869.1347395609515
2025-11-21,GABRIEL,SHORT,A_MOD_BREAK_C1_LOW,MODERATE,2025-11-21 10:15:00+05:30,2025-11-21 10:30:00+05:30,1023.99516,1031.6751237,1011.7072180800001,2025-11-21 12:00:00+05:30,1031.6751237,SL,-4.405202601300615,-3.750000000000014,29.980039551822404,10.990990990713627,9.055724129143437,1.1504919487445417,4.248636243686016,0.007087162350320274,0.5110366843076308,-0.8810405202601229,-0.7500000000000029,50000.0,5.0,250000.0,-2202.601300650307,-1875.0000000000073
2025-11-21,HINDZINC,SHORT,A_MOD_BREAK_C1_LOW,MODERATE,2025-11-21 10:15:00+05:30,2025-11-21 10:30:00+05:30,464.907,468.3938025,459.32811599999997,2025-11-21 14:30:00+05:30,462.25,EOD,2.2109522842134828,2.857560759463702,33.403732989541474,11.59999999870071,4.285205911222097,1.5135420175639658,4.329195372378074,0.0033238658171489775,0.6259258479168162,0.44219045684269653,0.5715121518927404,50000.0,5.0,250000.0,1105.4761421067412,1428.7803797318509
2025-11-21,MANINFRA,SHORT,A_MOD_BREAK_C1_LOW,MODERATE,2025-11-21 10:45:00+05:30,2025-11-21 11:00:00+05:30,122.89,123.81167500000001,121.41532,2025-11-21 14:30:00+05:30,122.51,EOD,0.8977839070076599,1.546098136544859,44.461067354470266,12.37373736936243,3.6386393046705883,1.7466567158172535,4.360170613734785,0.004465011496388507,0.8325809355850733,0.17955678140153197,0.3092196273089718,50000.0,5.0,250000.0,448.89195350382994,773.0490682724294
2025-11-21,NIACL,SHORT,A_MOD_BREAK_C1_LOW,MODERATE,2025-11-21 10:00:00+05:30,2025-11-21 10:15:00+05:30,175.5,176.81625000000003,173.394,2025-11-21 14:30:00+05:30,175.09,EOD,0.5192852836675367,1.1680911680911583,27.51504907962268,26.14379084169896,3.469023720041079,1.2484749424791028,3.006639135713322,0.00334751519194317,0.4912088511281832,0.10385705673350734,0.23361823361823167,50000.0,5.0,250000.0,259.6426418337683,584.0455840455792
2025-11-21,PNB,SHORT,A_MOD_BREAK_C1_LOW,MODERATE,2025-11-21 10:45:00+05:30,2025-11-21 11:00:00+05:30,122.28,123.1971,120.81264,2025-11-21 14:00:00+05:30,123.1971,SL,-4.405202601300586,-3.75000000000002,33.04683400910068,14.417177907918955,3.7464245835691155,1.6849507676786784,3.483077871509269,0.0034269367738922157,0.6505688944802788,-0.8810405202601173,-0.750000000000004,50000.0,5.0,250000.0,-2202.601300650293,-1875.00000000001
2025-11-21,PRAKASH,SHORT,A_MOD_BREAK_C1_LOW,MODERATE,2025-11-21 10:00:00+05:30,2025-11-21 10:15:00+05:30,135.67,136.687525,134.04196,2025-11-21 10:30:00+05:30,134.68284,BE,2.9924991536823944,3.6380924301613797,34.41692033050172,9.497206701434493,1.6756246600762454,0.9418349651149868,4.711406622706166,0.004639175257731955,0.5410749238526484,0.5984998307364788,0.727618486032276,50000.0,5.0,250000.0,1496.249576841197,1819.04621508069
2025-11-21,SANDHAR,SHORT,A_MOD_BREAK_C1_LOW,MODERATE,2025-11-21 10:00:00+05:30,2025-11-21 10:15:00+05:30,533.4432899999999,537.4441146749999,527.04197052,2025-11-21 10:30:00+05:30,530.587,BE,2.030376880289367,2.677219915916409,30.7003714060017,36.28571428281173,38.000000000000284,1.019905700692583,1.7508606823207302,0.005776327753115494,0.48653210282726406,0.40607537605787347,0.5354439831832818,50000.0,5.0,250000.0,1015.1884401446837,1338.6099579582044
2025-11-21,SONATSOFTW,SHORT,A_MOD_BREAK_C1_LOW,MODERATE,2025-11-21 10:00:00+05:30,2025-11-21 10:15:00+05:30,358.37831,361.06614732500003,354.07777028,2025-11-21 13:45:00+05:30,357.31874999999997,BE,0.829867817092385,1.478270266970165,32.07511070068603,22.222222219661845,12.471973197696505,1.3615402831826788,3.7420216143005467,0.004559482329517168,0.5793962100672592,0.165973563418477,0.295654053394033,50000.0,5.0,250000.0,414.93390854619247,739.1351334850825
2025-11-21,XPROINDIA,SHORT,A_MOD_BREAK_C1_LOW,MODERATE,2025-11-21 10:45:00+05:30,2025-11-21 11:00:00+05:30,1006.39868,1013.9466701000001,994.32189584,2025-11-21 13:00:00+05:30,1013.9466701000001,SL,-4.405202601300601,-3.750000000000053,27.434029577826223,27.83018867832638,15.606060606060714,0.794142608667898,2.426483036843776,0.005066560699384072,0.41048540018427543,-0.8810405202601204,-0.7500000000000105,50000.0,5.0,250000.0,-2202.601300650301,-1875.0000000000264
2025-11-24,APOLLO,SHORT,A_MOD_BREAK_C1_LOW,MODERATE,2025-11-24 10:00:00+05:30,2025-11-24 10:15:00+05:30,264.4471,266.43045324999997,261.2737348,2025-11-24 10:30:00+05:30,262.8863,BE,2.3045759405647144,2.951062802352478,50.99495732426698,16.01423487384909,6.785464709992944,1.3106210024284124,4.352548631761172,0.006955490254225837,0.8393586754249722,0.46091518811294285,0.5902125604704956,50000.0,5.0,250000.0,1152.2879702823573,1475.5314011762391
2025-11-24,BAJAJCON,SHORT,B_HUGE_RED_FAILED_BOUNCE,HUGE,2025-11-24 10:00:00+05:30,2025-11-24 11:30:00+05:30,257.49849,259.42972867500004,254.40850812,2025-11-24 11:45:00+05:30,256.768,BE,0.7699552282980306,1.4184355022820359,45.036659816039084,16.37630661861124,13.863320732200762,1.7724268993979124,5.542412100507729,0.006614526998918369,0.8857246046352208,0.15399104565960614,0.28368710045640716,50000.0,5.0,250000.0,384.9776141490153,709.217751141018
2025-11-24,CERA,SHORT,A_MOD_BREAK_C1_LOW,MODERATE,2025-11-24 10:45:00+05:30,2025-11-24 11:00:00+05:30,5449.9098,5490.7841235000005,5384.5108824,2025-11-24 11:15:00+05:30,5436.259999999999,BE,0.6035995919908306,1.2522959554304045,53.606261915162186,5.141388174770185,2.41445249597422,2.0919877370167166,4.984258181181688,0.004327615555846536,0.96,0.1207199183981661,0.2504591910860809,50000.0,5.0,250000.0,301.79979599541525,626.1479777152023
2025-11-24,DEEPAKNTR,SHORT,A_MOD_BREAK_C1_LOW,MODERATE,2025-11-24 11:15:00+05:30,2025-11-24 11:30:00+05:30,1662.76738,1675.23813535,1642.8141714399999,2025-11-24 11:45:00+05:30,1643.917,BE,5.025422984726221,5.668375572775576,54.41820845354677,7.299270072744079,3.218957484028845,2.5058653238348825,4.7229781607684735,0.002876203068522328,0.96,1.0050845969452442,1.1336751145551152,50000.0,5.0,250000.0,2512.7114923631107,2834.187786387788
2025-11-24,NCC,SHORT,A_MOD_BREAK_C1_LOW,MODERATE,2025-11-24 11:00:00+05:30,2025-11-24 11:15:00+05:30,173.7,175.00275,171.6156,2025-11-24 13:45:00+05:30,172.91719999999998,BE,1.605915911323583,2.253310305123802,61.31376859872869,18.346253223336987,7.606372122501029,1.9137730560554278,3.399985662296843,0.0034939451984972157,0.9449102848096997,0.3211831822647166,0.4506620610247604,50000.0,5.0,250000.0,802.9579556617914,1126.655152561901
2025-11-24,NHPC,SHORT,A_MOD_BREAK_C1_LOW,MODERATE,2025-11-24 11:15:00+05:30,2025-11-24 11:30:00+05:30,77.35000000000001,77.93012500000002,76.4218,2025-11-24 12:00:00+05:30,77.15075999999999,BE,0.6392620486069288,1.2879120879122001,59.154205153326636,10.526315781716974,8.609305953947784,1.9264604859438563,3.571623661912234,0.0036875875802050294,0.9471305850401748,0.12785240972138576,0.25758241758244005,50000.0,5.0,250000.0,319.63102430346436,643.9560439561002
2025-11-24,PATELENG,SHORT,A_MOD_BREAK_C1_LOW,MODERATE,2025-11-24 10:00:00+05:30,2025-11-24 10:15:00+05:30,32.410000000000004,32.65307500000001,32.021080000000005,2025-11-24 10:30:00+05:30,32.18627,BE,2.80572226872469,3.4515581610614516,60.15617466770391,6.666666656296499,4.403327596098955,1.651247854642892,5.285453523126995,0.003605504990546527,0.8989683745625061,0.5611444537449379,0.6903116322122903,50000.0,5.0,250000.0,1402.861134362345,1725.7790805307257
2025-11-24,PREMEXPLN,SHORT,A_MOD_BREAK_C1_LOW,MODERATE,2025-11-24 10:00:00+05:30,2025-11-24 10:15:00+05:30,538.3923,542.43024225,531.9315924,2025-11-24 10:30:00+05:30,532.24195,BE,5.068877596008875,5.711773738220256,44.78178150971782,8.314087759277399,5.074293228139101,1.9221737810843005,5.187276253635493,0.005752458712191499,0.8681071343355198,1.013775519201775,1.1423547476440512,50000.0,5.0,250000.0,2534.4387980044376,2855.886869110128
2025-11-24,RITCO,SHORT,A_MOD_BREAK_C1_LOW,MODERATE,2025-11-24 10:30:00+05:30,2025-11-24 10:45:00+05:30,265.29693000000003,267.286656975,262.11336684,2025-11-24 11:00:00+05:30,264.59139999999996,BE,0.6811030748732292,1.3296987643243119,47.80028141699935,24.411764703871924,7.004734461305989,1.1295938395193952,3.653459028909585,0.006519167697187991,0.7746831431708843,0.13622061497464583,0.2659397528648624,50000.0,5.0,250000.0,340.5515374366146,664.849382162156
2025-11-24,TCIEXP,SHORT,B_HUGE_RED_FAILED_BOUNCE,HUGE,2025-11-24 11:15:00+05:30,2025-11-24 13:00:00+05:30,595.78082,600.24917615,588.63145016,2025-11-24 14:00:00+05:30,592.7729999999999,BE,1.877225256095513,2.5242672296835926,48.9375732902476,14.983713353682589,16.38323597763948,1.4656336648513102,2.6818157198491637,0.004502473691079281,0.8905494907026932,0.3754450512191026,0.5048534459367185,50000.0,5.0,250000.0,938.6126280477565,1262.1336148417963
2025-11-25,MGL,SHORT,A_MOD_BREAK_C1_LOW,MODERATE,2025-11-25 10:15:00+05:30,2025-11-25 10:30:00+05:30,1199.85998,1208.85892985,1185.46166024,2025-11-25 10:45:00+05:30,1195.7766,BE,1.053494915460242,1.7016068824964201,28.315918311474164,21.86836517981702,16.714770368119876,1.3129836203632854,3.392686882475286,0.004924057709004811,0.5145109082356873,0.2106989830920484,0.340321376499284,50000.0,5.0,250000.0,526.747457730121,850.8034412482101
2025-11-27,AVANTIFEED,SHORT,A_MOD_BREAK_C1_LOW,MODERATE,2025-11-27 10:45:00+05:30,2025-11-27 11:00:00+05:30,814.58705,820.696452875,804.8120054,2025-11-27 11:15:00+05:30,810.4239999999999,BE,1.9083115554566308,2.555313149159511,26.879604824464206,5.629139072586867,4.338090544962674,2.1666074202927854,3.5404871204733435,0.005916952287449945,0.6131940723669631,0.38166231109132615,0.5110626298319022,50000.0,5.0,250000.0,954.1557777283153,1277.6565745797557
2025-11-28,KAYNES,SHORT,A_MOD_BREAK_C1_LOW,MODERATE,2025-11-28 11:15:00+05:30,2025-11-28 11:30:00+05:30,5488.902,5530.068765,5423.035176,2025-11-28 14:30:00+05:30,5484.0,EOD,-0.20320697866261175,0.4465373949106801,30.012733825481824,28.52852852828866,3.99294805641553,2.4427074432493563,3.2833621067103818,0.004474854957462862,0.6601910073822272,-0.04064139573252235,0.08930747898213602,50000.0,5.0,250000.0,-101.60348933130588,223.26869745534006
2025-11-28,SKFINDIA,SHORT,A_MOD_BREAK_C1_LOW,MODERATE,2025-11-28 10:30:00+05:30,2025-11-28 10:45:00+05:30,1923.6152,1938.042314,1900.5318175999998,2025-11-28 14:00:00+05:30,1918.7389999999998,BE,0.6187805897323374,1.267457233650512,29.723290329309737,38.688524588387914,9.587061894108833,0.9873486119620544,1.1306161473844396,0.0037523661062242647,0.4351661694022276,0.12375611794646747,0.25349144673010243,50000.0,5.0,250000.0,309.3902948661687,633.728616825256
2025-11-28,TITAGARH,SHORT,A_MOD_BREAK_C1_LOW,MODERATE,2025-11-28 10:15:00+05:30,2025-11-28 10:30:00+05:30,826.8346,833.0358595000001,816.9125848,2025-11-28 12:30:00+05:30,824.7167499999999,BE,0.632038070821916,1.2806974937914362,25.28673151934735,11.44278606885456,3.8288288288288754,1.6255668953524804,3.318122108889943,0.003998963551563326,0.5237751794768943,0.1264076141643832,0.25613949875828723,50000.0,5.0,250000.0,316.01903541095805,640.3487468957181
2025-12-01,ZUARI,SHORT,A_MOD_BREAK_C1_LOW,MODERATE,2025-12-01 10:30:00+05:30,2025-12-01 10:45:00+05:30,273.89520999999996,275.94942407499997,270.60846747999994,2025-12-01 11:00:00+05:30,271.813,BE,3.1557257484835315,3.8011070000091918,26.17338122554929,53.815261038125115,35.33346470485191,1.5244715858456528,0.046244496298805615,0.006153364795452789,0.4216954707211688,0.6311451496967063,0.7602214000018384,50000.0,5.0,250000.0,1577.8628742417657,1900.553500004596
2025-12-02,IRCTC,SHORT,A_MOD_BREAK_C1_LOW,MODERATE,2025-12-02 10:00:00+05:30,2025-12-02 10:15:00+05:30,680.5638600000001,685.6680889500001,672.3970936800001,2025-12-02 14:30:00+05:30,680.1,EOD,-0.30909096917285933,0.34079094355676465,32.674673736614174,35.27508090295261,17.484669320581542,1.1847737267887197,2.4475562078069224,0.002481506741514072,0.5574555082372386,-0.06181819383457187,0.06815818871135293,50000.0,5.0,250000.0,-154.54548458642967,170.39547177838233
2025-12-02,NUCLEUS,SHORT,A_MOD_BREAK_C1_LOW,MODERATE,2025-12-02 13:15:00+05:30,2025-12-02 13:30:00+05:30,913.8172,920.670829,902.8513935999999,2025-12-02 14:30:00+05:30,913.2,EOD,-0.31218162502217744,0.33770430234838633,25.322370382140416,40.23904382245684,21.494708994708716,1.089769983307241,1.3541154939295068,0.004729360306178253,0.3982510775073487,-0.06243632500443549,0.06754086046967726,50000.0,5.0,250000.0,-156.09081251108873,168.85215117419315
2025-12-02,PCBL,SHORT,A_MOD_BREAK_C1_LOW,MODERATE,2025-12-02 11:15:00+05:30,2025-12-02 11:30:00+05:30,318.53628000000003,320.92530210000007,314.71384464000005,2025-12-02 13:00:00+05:30,317.75039999999996,BE,0.5848593430543401,1.2335800493433227,29.51889824429075,24.043715843315653,5.710155857214898,1.600467926275737,2.7358113708785523,0.0036078431372549074,0.5828653607626153,0.11697186861086802,0.24671600986866452,50000.0,5.0,250000.0,292.42967152717006,616.7900246716613
2025-12-03,BAJAJFINSV,SHORT,A_MOD_BREAK_C1_LOW,MODERATE,2025-12-03 10:30:00+05:30,2025-12-03 10:45:00+05:30,2038.79216,2054.0831012,2014.32665408,2025-12-03 14:30:00+05:30,2040.4,EOD,-1.0451499194163916,-0.3943118949408075,35.94259707556021,19.599999999450276,8.506318638157014,1.4422115925175603,2.9375635592752016,0.003479368813094207,0.6515259848239761,-0.20902998388327831,-0.0788623789881615,50000.0,5.0,250000.0,-522.5749597081958,-197.15594747040376
2025-12-03,BANKINDIA,SHORT,A_MOD_BREAK_C1_LOW,MODERATE,2025-12-03 10:15:00+05:30,2025-12-03 10:30:00+05:30,142.29999999999998,143.36724999999998,140.59239999999997,2025-12-03 10:45:00+05:30,141.89441,BE,0.7766514037060948,1.4251229796204832,35.57417036503312,5.653710245951288,4.427258213341155,1.4258692009540115,4.5937987869506784,0.0054366888810943636,0.6431396656424488,0.15533028074121896,0.2850245959240966,50000.0,5.0,250000.0,388.3257018530474,712.5614898102415
2025-12-03,BHEL,SHORT,A_MOD_BREAK_C1_LOW,MODERATE,2025-12-03 10:15:00+05:30,2025-12-03 10:30:00+05:30,281.69365,283.806352375,278.3133262,2025-12-03 11:15:00+05:30,281.09074999999996,BE,0.42120087657706856,1.0701341688036519,36.57248338204517,16.58767772291725,4.608100233100293,1.7562728961977494,3.7376038913952225,0.005044104227922532,0.7159350075652837,0.08424017531541371,0.2140268337607304,50000.0,5.0,250000.0,210.6004382885343,535.067084401826
2025-12-03,CANBK,SHORT,A_MOD_BREAK_C1_LOW,MODERATE,2025-12-03 10:30:00+05:30,2025-12-03 10:45:00+05:30,148.23,149.341725,146.45123999999998,2025-12-03 11:15:00+05:30,147.44099999999997,BE,2.0145409681163002,2.6614045739729333,36.28933262047826,10.060060057945194,3.4287106526045252,2.368747099728365,4.199058996370012,0.005468584522365348,0.7543399893071738,0.40290819362326,0.5322809147945866,50000.0,5.0,250000.0,1007.2704840581501,1330.7022869864666
2025-12-03,CENTRALBK,SHORT,A_MOD_BREAK_C1_LOW,MODERATE,2025-12-03 10:30:00+05:30,2025-12-03 10:45:00+05:30,37.36,37.6402,36.91168,2025-12-03 11:15:00+05:30,37.211299999999994,BE,1.3423596166393017,1.9900963597431096,57.74204577462479,13.013698617657923,4.2494991524119605,2.108184021462005,4.379038946469996,0.0043723985183487845,0.96,0.26847192332786035,0.3980192719486219,50000.0,5.0,250000.0,671.1798083196509,995.0481798715548
2025-12-03,KTKBANK,SHORT,A_MOD_BREAK_C1_LOW,MODERATE,2025-12-03 10:45:00+05:30,2025-12-03 11:00:00+05:30,205.53,207.07147500000002,203.06364,2025-12-03 11:15:00+05:30,205.01319999999998,BE,0.6085474499037604,1.2572373862696873,26.938137473189478,10.647737354489536,5.101632568145644,2.4642785339892153,3.986394071040553,0.006704562017198646,0.6140720620978422,0.1217094899807521,0.25144747725393746,50000.0,5.0,250000.0,304.27372495188024,628.6186931348436
2025-12-03,MAXHEALTH,SHORT,A_MOD_BREAK_C1_LOW,MODERATE,2025-12-03 10:00:00+05:30,2025-12-03 10:15:00+05:30,1094.48106,1102.68966795,1081.34728728,2025-12-03 11:45:00+05:30,1090.3612999999998,BE,1.2341836324744986,1.8820608919446578,50.723476146564536,18.15718157112653,4.898464132086251,0.9511059158178647,4.583876132508538,0.004220482713633402,0.7764435352681263,0.2468367264948997,0.37641217838893154,50000.0,5.0,250000.0,617.0918162372493,941.0304459723288
2025-12-03,PARACABLES,SHORT,A_MOD_BREAK_C1_LOW,MODERATE,2025-12-03 10:30:00+05:30,2025-12-03 10:45:00+05:30,38.11,38.395825,37.65268,2025-12-03 12:15:00+05:30,38.395825,SL,-4.405202601300559,-3.750000000000035,44.912004159538064,21.917808198160742,12.967160229773839,0.9240701053259596,2.381303485562382,0.006787584143605103,0.695392330825114,-0.8810405202601118,-0.750000000000007,50000.0,5.0,250000.0,-2202.6013006502794,-1875.0000000000175
2025-12-03,SBFC,SHORT,A_MOD_BREAK_C1_LOW,MODERATE,2025-12-03 10:15:00+05:30,2025-12-03 10:30:00+05:30,105.45,106.240875,104.1846,2025-12-03 14:30:00+05:30,105.6,EOD,-1.362487787278996,-0.7112375533427762,45.97531788665573,28.217821762621227,31.25000000000019,1.0119787965516402,1.8997599938223888,0.004549763033175345,0.7217140573874925,-0.2724975574557992,-0.14224751066855523,50000.0,5.0,250000.0,-681.2438936394979,-355.6187766713881
2025-12-03,SULA,SHORT,A_MOD_BREAK_C1_LOW,MODERATE,2025-12-03 11:15:00+05:30,2025-12-03 11:30:00+05:30,224.45,226.133375,221.7566,2025-12-03 14:30:00+05:30,224.3,EOD,-0.315740405288385,0.33415014479834537,54.612545750570426,11.544011541679538,7.831715210356176,1.5899347810019968,3.337465795442898,0.004272987591473144,0.8882385866753493,-0.063148081057677,0.06683002895966908,50000.0,5.0,250000.0,-157.8702026441925,167.0750723991727
2025-12-04,PRINCEPIPE,SHORT,A_MOD_BREAK_C1_LOW,MODERATE,2025-12-04 11:15:00+05:30,2025-12-04 11:30:00+05:30,263.64726,265.62461445,260.48349288000003,2025-12-04 11:45:00+05:30,261.83315,BE,2.7945608619528635,3.440411252519802,31.33522433514917,34.451219509254074,23.99267399267367,1.2429974475763403,2.2350697319970965,0.008350024359876567,0.5475529183530972,0.5589121723905727,0.6880822505039604,50000.0,5.0,250000.0,1397.2804309764317,1720.2056262599012
2025-12-05,GODREJAGRO,SHORT,A_MOD_BREAK_C1_LOW,MODERATE,2025-12-05 10:00:00+05:30,2025-12-05 10:15:00+05:30,579.884,584.2331300000001,572.925392,2025-12-05 14:30:00+05:30,580.6,EOD,-1.2684929906579416,-0.617364852280808,33.510183051619805,30.718954245554997,3.291666666666515,1.1787723532106604,2.9484578853500176,0.003374384236453213,0.5689379075861627,-0.25369859813158835,-0.1234729704561616,50000.0,5.0,250000.0,-634.2464953289708,-308.682426140404
2025-12-05,MEDANTA,SHORT,A_MOD_BREAK_C1_LOW,MODERATE,2025-12-05 10:15:00+05:30,2025-12-05 10:30:00+05:30,1160.96776,1169.6750182,1147.03614688,2025-12-05 14:30:00+05:30,1160.0,EOD,-0.23299285123492736,0.41679021302021274,25.502714597143942,23.14189189134447,3.2085425712313485,1.940199653847978,3.5466937484701595,0.0063229631816560375,0.5820756583805553,-0.04659857024698547,0.08335804260404255,50000.0,5.0,250000.0,-116.49642561746369,208.39510651010636
2025-12-05,MPSLTD,SHORT,A_MOD_BREAK_C1_LOW,MODERATE,2025-12-05 11:00:00+05:30,2025-12-05 11:15:00+05:30,2116.0767,2131.94727525,2090.6837796,2025-12-05 11:30:00+05:30,2100.1817,BE,3.1103310170644516,3.7557712345681944,38.61901262965144,23.076923076358014,5.022043319915693,1.4841927428588917,2.148598521393117,0.005325503695454106,0.6990189194450775,0.6220662034128903,0.7511542469136389,50000.0,5.0,250000.0,1555.1655085322257,1877.8856172840972
2025-12-05,SUNTECK,SHORT,A_MOD_BREAK_C1_LOW,MODERATE,2025-12-05 10:15:00+05:30,2025-12-05 10:30:00+05:30,407.66845,410.72596337500005,402.7764286,2025-12-05 11:00:00+05:30,406.36544999999995,BE,0.9498658104677347,1.5981123876523362,25.773947632832314,21.238938050465862,10.384993541456977,0.7574703833012346,2.663209581437991,0.00462354857353017,0.37916653157020075,0.18997316209354692,0.31962247753046724,50000.0,5.0,250000.0,474.9329052338673,799.0561938261682
2025-12-08,CREDITACC,SHORT,A_PULLBACK_C2_THEN_BREAK_C2_LOW,MODERATE,2025-12-08 10:15:00+05:30,2025-12-08 10:45:00+05:30,1252.44946,1261.8428309500002,1237.42006648,2025-12-08 11:00:00+05:30,1249.6377,BE,0.473639199445143,1.1225043763442755,34.88137836046306,10.291858678734172,5.3181672238275475,2.1625422569042625,4.911855706450971,0.006557208941959308,0.7332206754069459,0.0947278398890286,0.2245008752688551,50000.0,5.0,250000.0,236.8195997225715,561.2521881721377
2025-12-08,DLF,SHORT,A_MOD_BREAK_C1_LOW,MODERATE,2025-12-08 10:45:00+05:30,2025-12-08 11:00:00+05:30,697.96038,703.1950828500001,689.58485544,2025-12-08 11:15:00+05:30,696.1321499999999,BE,0.6610729771986662,1.3096946849619717,32.85835718577493,15.035460992310789,1.0025427634080992,2.3325601557731743,3.925580062734122,0.005294605129884093,0.7028753577866238,0.13221459543973324,0.26193893699239434,50000.0,5.0,250000.0,330.5364885993331,654.847342480986
2025-12-08,GOKULAGRO,SHORT,A_PULLBACK_C2_THEN_BREAK_C2_LOW,MODERATE,2025-12-08 10:15:00+05:30,2025-12-08 10:45:00+05:30,195.47,196.936025,193.12436,2025-12-08 11:15:00+05:30,194.58199999999997,BE,1.6240775014817013,2.2714483040876696,39.87401952527985,15.241635683765992,11.769793579605222,2.0405758408914174,3.5903015951747177,0.004877015967116641,0.8081102928791977,0.32481550029634026,0.4542896608175339,50000.0,5.0,250000.0,812.0387507408507,1135.724152043835
2025-12-08,ICIL,SHORT,A_MOD_BREAK_C1_LOW,MODERATE,2025-12-08 10:15:00+05:30,2025-12-08 10:30:00+05:30,287.19255,289.346494125,283.7462394,2025-12-08 10:45:00+05:30,285.40364999999997,BE,2.468186674454037,3.1144610123069216,35.199794580168046,20.79002078881041,8.059721747924696,1.7974522787939622,3.9244644805045517,0.010937499999999992,0.7025510674914641,0.4936373348908074,0.6228922024613843,50000.0,5.0,250000.0,1234.0933372270185,1557.230506153461
2025-12-08,MANYAVAR,SHORT,A_PULLBACK_C2_THEN_BREAK_C2_LOW,MODERATE,2025-12-08 10:15:00+05:30,2025-12-08 10:45:00+05:30,587.03257,591.435314275,579.98817916,2025-12-08 11:15:00+05:30,585.1501999999999,BE,0.955052802352329,1.6032926418376048,39.610217632707766,8.833922260609413,17.151870587147954,1.270291280701687,3.074841475614859,0.005332668523270409,0.6764542386134118,0.1910105604704658,0.32065852836752096,50000.0,5.0,250000.0,477.5264011761645,801.6463209188024
2025-12-08,MOL,SHORT,A_MOD_BREAK_C1_LOW,MODERATE,2025-12-08 11:15:00+05:30,2025-12-08 11:30:00+05:30,63.7,64.17775,62.9356,2025-12-08 12:15:00+05:30,63.15890999999999,BE,3.6023731803108845,4.247174254317199,36.28708031182989,20.141342746220005,5.020080321285204,1.8872169593580161,3.3946323951274726,0.0055014005602241015,0.7345691725651011,0.7204746360621769,0.8494348508634397,50000.0,5.0,250000.0,1801.1865901554422,2123.5871271585993
2025-12-08,PENIND,SHORT,A_MOD_BREAK_C1_LOW,MODERATE,2025-12-08 10:00:00+05:30,2025-12-08 10:15:00+05:30,199.95,201.449625,197.55059999999997,2025-12-08 11:00:00+05:30,198.89489999999998,BE,1.9915160881266667,2.6384096024006256,42.44486266220522,16.799204769033736,2.4671983772853583,1.2047216226802813,4.349775008772167,0.006748033012575865,0.7074992239021274,0.39830321762533333,0.5276819204801251,50000.0,5.0,250000.0,995.7580440633333,1319.2048012003127
2025-12-08,SJVN,SHORT,A_MOD_BREAK_C1_LOW,MODERATE,2025-12-08 10:00:00+05:30,2025-12-08 10:15:00+05:30,72.4,72.94300000000001,71.5312,2025-12-08 11:30:00+05:30,72.216,BE,0.6220458295447642,1.2707182320442798,47.87836396439539,15.420560737574789,6.444901922812388,2.0149053846746017,5.58047018437373,0.0034876847290640175,0.9281754594659308,0.12440916590895285,0.25414364640885595,50000.0,5.0,250000.0,311.02291477238214,635.3591160221399
2025-12-08,TEXRAIL,SHORT,A_MOD_BREAK_C1_LOW,MODERATE,2025-12-08 10:00:00+05:30,2025-12-08 10:15:00+05:30,119.99000000000001,120.88992500000002,118.55012,2025-12-08 11:30:00+05:30,119.45729999999998,BE,1.5723302938245332,2.21976831402631,47.1489967982064,13.404825732234428,6.676827995156025,2.030788412180093,4.828342968008011,0.004256584031864912,0.9172349519730958,0.31446605876490663,0.44395366280526205,50000.0,5.0,250000.0,786.1651469122666,1109.8841570131551
2025-12-08,VPRPL,SHORT,A_MOD_BREAK_C1_LOW,MODERATE,2025-12-08 10:45:00+05:30,2025-12-08 11:00:00+05:30,74.95,75.51212500000001,74.0506,2025-12-08 11:15:00+05:30,74.73353,BE,0.7956491654766727,1.4440960640427019,46.432377415230405,20.31249999259441,2.568406613240842,1.709462405760642,3.883079302869131,0.005613808064853776,0.8556415822365684,0.15912983309533454,0.2888192128085404,50000.0,5.0,250000.0,397.82458273833635,722.048032021351
2025-12-12,VLSFINANCE,SHORT,A_MOD_BREAK_C1_LOW,MODERATE,2025-12-12 10:45:00+05:30,2025-12-12 11:00:00+05:30,301.08977,303.34794327500003,297.47669276,2025-12-12 11:15:00+05:30,295.885,BE,8.004136239068027,8.643219595272194,43.91930024669694,6.733524355030667,4.1277048936822,1.8098354720607739,5.251772977910178,0.011334863579355871,0.8355107113110896,1.6008272478136052,1.728643919054439,50000.0,5.0,250000.0,4002.068119534013,4321.609797636098
2025-12-15,ACUTAAS,SHORT,A_MOD_BREAK_C1_LOW,MODERATE,2025-12-15 10:45:00+05:30,2025-12-15 11:00:00+05:30,1631.47364,1643.7096923000001,1611.8959563199999,2025-12-15 14:30:00+05:30,1624.4,EOD,1.5203627843493561,2.1678683083104677,25.36467807019601,26.254826254116722,4.215595193856169,1.4285324120841356,2.4188630738101544,0.005480363489923507,0.4904633431676639,0.3040725568698712,0.43357366166209355,50000.0,5.0,250000.0,760.1813921746781,1083.934154155234
2025-12-16,JUBLFOOD,SHORT,A_MOD_BREAK_C1_LOW,MODERATE,2025-12-16 10:45:00+05:30,2025-12-16 11:00:00+05:30,565.8868,570.130951,559.0961584,2025-12-16 11:30:00+05:30,570.130951,SL,-4.405202601300586,-3.7499999999999893,49.16459365304943,16.624040919525683,5.729632330017033,1.3706526909424126,3.64112902020249,0.004358246609902219,0.8373331257106635,-0.8810405202601173,-0.7499999999999979,50000.0,5.0,250000.0,-2202.601300650293,-1874.9999999999948
2025-12-16,MHRIL,SHORT,A_MOD_BREAK_C1_LOW,MODERATE,2025-12-16 11:15:00+05:30,2025-12-16 11:30:00+05:30,301.4397,303.70049775,297.82242360000004,2025-12-16 11:45:00+05:30,300.1979,BE,1.4121356671864007,2.059781773933579,51.07713725854656,17.09677419200402,11.612304087551797,1.3853007165605384,3.0963953129210853,0.00633420946697922,0.8524276253980942,0.28242713343728015,0.41195635478671583,50000.0,5.0,250000.0,706.0678335932005,1029.8908869667896
2025-12-16,NCC,SHORT,A_PULLBACK_C2_THEN_BREAK_C2_LOW,MODERATE,2025-12-16 10:30:00+05:30,2025-12-16 11:00:00+05:30,158.76,159.9507,156.85487999999998,2025-12-16 13:30:00+05:30,157.98252999999997,BE,1.8014297398133352,2.448570168808334,27.02969699386293,16.230366486197823,9.121245828698642,1.1270960142228208,2.324413746898494,0.0038903863432165303,0.46268725739693756,0.36028594796266705,0.48971403376166683,50000.0,5.0,250000.0,900.7148699066676,1224.285084404167
2025-12-17,ANDHRSUGAR,SHORT,A_MOD_BREAK_C1_LOW,MODERATE,2025-12-17 10:15:00+05:30,2025-12-17 10:30:00+05:30,75.25,75.814375,74.347,2025-12-17 11:15:00+05:30,75.01437,BE,0.9173590383232942,1.5656478405315644,35.93971132573305,22.97297295124247,20.848309765836095,1.0215592704291319,2.59606508871423,0.003158793397837262,0.5778685422110938,0.18347180766465884,0.31312956810631287,50000.0,5.0,250000.0,458.6795191616471,782.8239202657821
2025-12-17,BDL,SHORT,A_MOD_BREAK_C1_LOW,MODERATE,2025-12-17 10:30:00+05:30,2025-12-17 10:45:00+05:30,1331.5336399999999,1341.5201422999999,1315.55523632,2025-12-17 14:30:00+05:30,1328.8,EOD,0.3775104953128689,1.0265005396333522,48.23988819051647,22.08333333268915,13.65629673373076,1.6887179046996934,3.4252589286041215,0.005335847681906341,0.8791239561801933,0.07550209906257378,0.20530010792667044,50000.0,5.0,250000.0,188.75524765643445,513.2502698166761
2025-12-17,COROMANDEL,SHORT,A_MOD_BREAK_C1_LOW,MODERATE,2025-12-17 10:30:00+05:30,2025-12-17 10:45:00+05:30,2274.545,2291.6040875000003,2247.25046,2025-12-17 11:45:00+05:30,2253.9415999999997,BE,3.8846912514511005,4.5291256053409406,28.80977413425201,13.458528951191767,7.684223645164409,1.0180069548825221,2.616209307311857,0.005035442735965732,0.47029782911822154,0.7769382502902201,0.9058251210681881,50000.0,5.0,250000.0,1942.3456257255502,2264.5628026704703
2025-12-17,GULPOLY,SHORT,A_MOD_BREAK_C1_LOW,MODERATE,2025-12-17 11:00:00+05:30,2025-12-17 11:15:00+05:30,133.51,134.511325,131.90787999999998,2025-12-17 14:30:00+05:30,133.2,EOD,0.5121465683781894,1.1609617257134381,26.019037001617843,19.638242886952455,6.4471879286690905,0.9563734855617061,2.77354379858371,0.004069866940486909,0.4176509149975662,0.10242931367563787,0.23219234514268763,50000.0,5.0,250000.0,256.0732841890947,580.4808628567191
2025-12-17,IDEAFORGE,SHORT,A_PULLBACK_C2_THEN_BREAK_C2_LOW,MODERATE,2025-12-17 10:30:00+05:30,2025-12-17 11:00:00+05:30,414.46709,417.575593175,409.49348491999996,2025-12-17 14:30:00+05:30,413.0,EOD,1.1218278099087997,1.7698510151915616,31.88244561285269,24.647887321513608,13.872832369942309,0.9956539389734244,2.3317986651136167,0.005453546093199814,0.5124761235131396,0.22436556198175994,0.35397020303831234,50000.0,5.0,250000.0,560.9139049543999,884.9255075957809
2025-12-17,IREDA,SHORT,A_MOD_BREAK_C1_LOW,MODERATE,2025-12-17 10:30:00+05:30,2025-12-17 10:45:00+05:30,132.64999999999998,133.64487499999998,131.05819999999997,2025-12-17 13:00:00+05:30,132.16531,BE,1.1790016832765604,1.8269506219373244,30.613584040683094,30.74433655565005,13.269698671158444,1.230582028918726,1.977785262398429,0.003834116647487149,0.5334448787909449,0.23580033665531208,0.3653901243874649,50000.0,5.0,250000.0,589.5008416382802,913.4753109686623
2025-12-17,QUICKHEAL,SHORT,A_MOD_BREAK_C1_LOW,MODERATE,2025-12-17 10:30:00+05:30,2025-12-17 10:45:00+05:30,270.04598000000004,272.07132485000005,266.80542824,2025-12-17 12:15:00+05:30,268.30249999999995,BE,2.58199041906346,3.2281169303095907,39.25798174362459,23.243243239725246,18.320895522387808,1.2384147532873546,2.5907062762768573,0.005978777320240729,0.665592307979656,0.516398083812692,0.6456233860619182,50000.0,5.0,250000.0,1290.99520953173,1614.0584651547954
2025-12-17,ROLEXRINGS,SHORT,A_MOD_BREAK_C1_LOW,MODERATE,2025-12-17 10:00:00+05:30,2025-12-17 10:15:00+05:30,129.07999999999998,130.0481,127.53103999999998,2025-12-17 10:30:00+05:30,128.50436,BE,1.5823549828835282,2.229779981406852,25.973700067997,19.15322580104531,2.245533101448912,1.5745512852932764,2.9045366667214223,0.006266246335932769,0.5251519759462784,0.31647099657670563,0.4459559962813704,50000.0,5.0,250000.0,791.1774914417641,1114.889990703426
2025-12-17,SCI,SHORT,A_MOD_BREAK_C1_LOW,MODERATE,2025-12-17 10:45:00+05:30,2025-12-17 11:00:00+05:30,210.35,211.927625,207.8258,2025-12-17 11:45:00+05:30,209.52669999999998,BE,1.309196647289828,1.9569764677918169,53.8172232052722,10.47120418694685,10.88249765174205,1.6070424404959258,3.78781083331445,0.006936063461929607,0.8912324270867868,0.2618393294579656,0.3913952935583634,50000.0,5.0,250000.0,654.5983236449141,978.4882338959085
2025-12-17,SYRMA,SHORT,A_PULLBACK_C2_THEN_BREAK_C2_LOW,MODERATE,2025-12-17 10:30:00+05:30,2025-12-17 11:00:00+05:30,710.60785,715.9374088750001,702.0805558,2025-12-17 11:15:00+05:30,715.9374088750001,SL,-4.405202601300627,-3.7500000000000626,28.468226769875535,8.960573475803216,13.747101388539825,1.7254055966990762,2.9528491718238765,0.00463763164241504,0.5889693809704712,-0.8810405202601254,-0.7500000000000125,50000.0,5.0,250000.0,-2202.6013006503135,-1875.0000000000314
2025-12-18,SUNTECK,SHORT,A_MOD_BREAK_C1_LOW,MODERATE,2025-12-18 11:00:00+05:30,2025-12-18 11:15:00+05:30,390.17195,393.098239625,385.4898866,2025-12-18 11:45:00+05:30,388.66249999999997,BE,1.2865301990526805,1.9343394623832075,34.83595705255438,16.874999997046572,12.436753693584324,1.4630115281253864,2.0767506958285735,0.004472288275105164,0.6385663732102582,0.2573060398105361,0.3868678924766415,50000.0,5.0,250000.0,643.2650995263404,967.1697311916038
2025-12-23,WEL,SHORT,A_MOD_BREAK_C1_LOW,MODERATE,2025-12-23 11:00:00+05:30,2025-12-23 11:15:00+05:30,141.85,142.913875,140.1478,2025-12-23 11:45:00+05:30,141.42299999999997,BE,0.8567434933541346,1.5051110327811807,28.07304312247783,47.49596121704449,18.582046883933934,0.812722612861382,0.4479019970265201,0.007178093224604876,0.3457172039392353,0.17134869867082692,0.3010222065562361,50000.0,5.0,250000.0,428.3717466770673,752.5555163905904
2025-12-26,AUTOAXLES,SHORT,B_HUGE_RED_FAILED_BOUNCE,HUGE,2025-12-26 10:15:00+05:30,2025-12-26 11:15:00+05:30,1814.1371,1827.74312825,1792.3674548,2025-12-26 14:30:00+05:30,1810.8,EOD,0.2706196767586837,0.9197485680657663,27.362684895990213,32.596685082032465,13.83563080513109,0.4851313305819552,2.9142813877393743,0.0035633657680902006,0.3953382562916954,0.05412393535173674,0.18394971361315327,50000.0,5.0,250000.0,135.30983837934184,459.87428403288317
2025-12-26,OFSS,SHORT,A_MOD_BREAK_C1_LOW,MODERATE,2025-12-26 10:00:00+05:30,2025-12-26 10:15:00+05:30,7739.9517,7798.00133775,7647.072279599999,2025-12-26 14:30:00+05:30,7759.5,EOD,-1.9147856050638457,-1.2628179578950331,26.555258276874277,26.52173913011191,24.23415225962997,1.2232908914437957,2.412268084734689,0.00272152774574473,0.4724047801557784,-0.38295712101276913,-0.25256359157900665,50000.0,5.0,250000.0,-957.3928025319228,-631.4089789475166
2025-12-29,APLLTD,SHORT,A_MOD_BREAK_C1_LOW,MODERATE,2025-12-29 11:15:00+05:30,2025-12-29 11:30:00+05:30,840.03196,846.3321997,829.95157648,2025-12-29 14:30:00+05:30,837.5,EOD,0.8586967052280383,1.5070617075093344,32.7591840536955,8.96739130366592,2.759956776782785,1.814043287680475,3.1285793530727983,0.0030985676031793008,0.6688453361495157,0.17173934104560767,0.3014123415018669,50000.0,5.0,250000.0,429.3483526140192,753.5308537546673
2025-12-29,ARE&M,SHORT,A_MOD_BREAK_C1_LOW,MODERATE,2025-12-29 11:00:00+05:30,2025-12-29 11:15:00+05:30,911.71762,918.55550215,900.77700856,2025-12-29 13:45:00+05:30,909.7209999999999,BE,0.4460762124697095,1.0949771926093306,61.298967598473475,16.666666665326417,5.558524806125899,1.167093979536337,3.1930918723835084,0.0024938339271033446,0.814241446418859,0.0892152424939419,0.21899543852186612,50000.0,5.0,250000.0,223.03810623485475,547.4885963046653
2025-12-29,ASAHIINDIA,SHORT,A_MOD_BREAK_C1_LOW,MODERATE,2025-12-29 10:00:00+05:30,2025-12-29 10:15:00+05:30,953.70922,960.86203915,942.26470936,2025-12-29 10:30:00+05:30,949.8409999999999,BE,1.3802996444227884,2.027987104916562,37.693589049195495,27.968749999388137,8.339115298471203,1.2934119300321612,3.270581980357059,0.00808526551982046,0.6517509234935606,0.27605992888455766,0.4055974209833124,50000.0,5.0,250000.0,690.1498222113942,1013.9935524582811
2025-12-29,FINCABLES,SHORT,A_MOD_BREAK_C1_LOW,MODERATE,2025-12-29 10:15:00+05:30,2025-12-29 10:30:00+05:30,752.8494,758.4957705,743.8152071999999,2025-12-29 11:30:00+05:30,749.59205,BE,1.5158362724526273,2.163347676175324,58.48391259920365,4.545454545150747,2.3440622510398694,1.3699652970721432,4.861664426678258,0.0035166876783226087,0.849743926987625,0.30316725449052545,0.4326695352350648,50000.0,5.0,250000.0,757.9181362263137,1081.673838087662
2025-12-29,IRB,SHORT,A_PULLBACK_C2_THEN_BREAK_C2_LOW,MODERATE,2025-12-29 10:45:00+05:30,2025-12-29 11:15:00+05:30,41.86,42.173950000000005,41.35768,2025-12-29 11:30:00+05:30,41.77495,BE,0.36688243787453173,1.015886287625448,30.706782770674625,22.22222218765407,7.4051627384959255,1.4199909405013689,2.5531872350077527,0.0034589694656488564,0.5691001561478588,0.07337648757490635,0.2031772575250896,50000.0,5.0,250000.0,183.44121893726586,507.94314381272403
2025-12-29,POWERGRID,SHORT,A_MOD_BREAK_C1_LOW,MODERATE,2025-12-29 10:00:00+05:30,2025-12-29 10:15:00+05:30,262.99739,264.969870425,259.84142132,2025-12-29 12:45:00+05:30,261.03074999999995,BE,3.0934342544904085,3.7388964202269093,32.545538095651494,5.88235293979271,0.9292311179102123,1.1012487250480523,4.106563694415193,0.003244285171309144,0.5409015983181815,0.6186868508980817,0.7477792840453819,50000.0,5.0,250000.0,1546.7171272452044,1869.4482101134545
2025-12-29,RITCO,SHORT,A_PULLBACK_C2_THEN_BREAK_C2_LOW,MODERATE,2025-12-29 10:45:00+05:30,2025-12-29 11:15:00+05:30,265.24694,267.23629205000003,262.06397671999997,2025-12-29 11:30:00+05:30,267.23629205000003,SL,-4.405202601300632,-3.7500000000000684,29.547857166225512,26.405867968852647,1.9723865877712343,2.3436378218310976,3.6561408775262727,0.0067713101071563125,0.6532178574933827,-0.8810405202601262,-0.7500000000000137,50000.0,5.0,250000.0,-2202.601300650316,-1875.000000000034
2025-12-29,SWSOLAR,SHORT,A_MOD_BREAK_C1_LOW,MODERATE,2025-12-29 10:45:00+05:30,2025-12-29 11:00:00+05:30,212.58999999999997,214.18442499999998,210.03891999999996,2025-12-29 11:30:00+05:30,212.13449999999997,BE,0.42237921256133715,1.071310974175645,46.43562978609604,17.921146950407447,16.42721205871662,1.210526690513376,2.8964236062863566,0.005881326118190459,0.7683766176312814,0.08447584251226743,0.21426219483512898,50000.0,5.0,250000.0,211.18960628066858,535.6554870878224
2025-12-29,TATATECH,SHORT,A_MOD_BREAK_C1_LOW,MODERATE,2025-12-29 10:30:00+05:30,2025-12-29 10:45:00+05:30,650.61985,655.4994988750001,642.8124118000001,2025-12-29 13:45:00+05:30,649.0413,BE,0.5643650605736003,1.2131123881326888,33.14754816646711,24.100719422032796,18.49732873469971,1.0885157373403118,2.713779330193877,0.0028847841347841422,0.5477034765315612,0.11287301211472005,0.24262247762653777,50000.0,5.0,250000.0,282.1825302868001,606.5561940663445
2025-12-29,TRACXN,SHORT,A_MOD_BREAK_C1_LOW,MODERATE,2025-12-29 10:15:00+05:30,2025-12-29 10:30:00+05:30,39.400000000000006,39.69550000000001,38.927200000000006,2025-12-29 11:30:00+05:30,39.247389999999996,BE,1.2888689014559815,1.9366751269036786,43.11093288621045,38.28124995812966,8.530602143023597,1.5138108524473017,2.628084970980673,0.004451844076875735,0.7715808924714345,0.2577737802911963,0.3873350253807357,50000.0,5.0,250000.0,644.4344507279908,968.3375634518393
2025-12-30,APARINDS,SHORT,A_MOD_BREAK_C1_LOW,MODERATE,2025-12-30 11:00:00+05:30,2025-12-30 11:15:00+05:30,8429.3138,8492.5336535,8328.1620344,2025-12-30 13:45:00+05:30,8408.6505,BE,0.5769500474047139,1.2256810275588603,42.999587512907695,23.899371069042104,7.789713691104699,1.2802639718881668,2.704999709277794,0.003730426903110524,0.7290400077740447,0.11539000948094279,0.24513620551177207,50000.0,5.0,250000.0,288.47502370235696,612.8405137794301
2025-12-30,COROMANDEL,SHORT,A_MOD_BREAK_C1_LOW,MODERATE,2025-12-30 13:00:00+05:30,2025-12-30 13:15:00+05:30,2221.5556,2238.2172670000004,2194.8969328000003,2025-12-30 13:30:00+05:30,2210.4114,BE,1.8611345342532548,2.5081974090588104,37.38220657680816,4.71923536435699,3.1587075803547915,2.2905431242941243,3.308431979117848,0.010833119218910605,0.7707330986521224,0.37222690685065096,0.5016394818117621,50000.0,5.0,250000.0,930.5672671266275,1254.0987045294053
2025-12-30,CRISIL,SHORT,A_MOD_BREAK_C1_LOW,MODERATE,2025-12-30 11:00:00+05:30,2025-12-30 11:15:00+05:30,4224.254980000001,4255.936892350001,4173.563920240001,2025-12-30 11:30:00+05:30,4213.602999999999,BE,0.6121263882544046,1.260811675719615,30.50777990284884,23.974982626590986,9.044422721841975,1.3632125673710827,2.449052499824529,0.004564558066250318,0.556178897832672,0.12242527765088092,0.252162335143923,50000.0,5.0,250000.0,306.0631941272023,630.4058378598074
2025-12-30,KRN,SHORT,A_MOD_BREAK_C1_LOW,MODERATE,2025-12-30 11:00:00+05:30,2025-12-30 11:15:00+05:30,710.90779,716.239598425,702.37689652,2025-12-30 11:30:00+05:30,707.9173999999999,BE,1.4556297121894644,2.1032193218758004,46.869592902412265,28.59350849953519,16.71525753158412,0.7950422740770458,2.4665711468945855,0.005208490139996987,0.702176291499667,0.29112594243789286,0.42064386437516005,50000.0,5.0,250000.0,727.8148560947321,1051.6096609379001
2025-12-30,MOTILALOFS,SHORT,A_MOD_BREAK_C1_LOW,MODERATE,2025-12-30 11:00:00+05:30,2025-12-30 11:15:00+05:30,838.8322,845.1234415,828.7662135999999,2025-12-30 11:30:00+05:30,836.1509499999999,BE,0.9499575689856626,1.5982040269794666,27.227823684554032,26.369863012855802,12.166053659510098,1.2905822460552994,2.5304319258135157,0.007521258503401355,0.49426924832798785,0.18999151379713253,0.31964080539589335,50000.0,5.0,250000.0,474.9787844928313,799.1020134897334
2025-12-30,PGEL,SHORT,A_MOD_BREAK_C1_LOW,MODERATE,2025-12-30 11:15:00+05:30,2025-12-30 11:30:00+05:30,562.1875399999999,566.4039465499999,555.4412895199999,2025-12-30 13:15:00+05:30,566.4039465499999,SL,-4.405202601300563,-3.7499999999999902,38.6717684378793,27.253218882482656,13.699176760066871,1.9213809092832894,2.5023230084157517,0.005942857142857166,0.776318185692765,-0.8810405202601126,-0.749999999999998,50000.0,5.0,250000.0,-2202.6013006502812,-1874.999999999995
2025-12-30,TRITURBINE,SHORT,A_MOD_BREAK_C1_LOW,MODERATE,2025-12-30 10:30:00+05:30,2025-12-30 10:45:00+05:30,533.8932,537.8973990000001,527.4864815999999,2025-12-30 11:15:00+05:30,530.6872999999999,BE,2.3559593854121634,3.002379502117692,31.056123202289804,11.864406778253965,2.2648083623691417,1.7028436266643239,3.627760868607452,0.00339085072231143,0.6238394827006037,0.4711918770824327,0.6004759004235384,50000.0,5.0,250000.0,1177.9796927060818,1501.189751058846
2025-12-30,WENDT,SHORT,A_MOD_BREAK_C1_LOW,MODERATE,2025-12-30 10:00:00+05:30,2025-12-30 10:15:00+05:30,7813.437,7872.037777500001,7719.675756,2025-12-30 11:45:00+05:30,7793.3099999999995,BE,0.639323566210908,1.2879735256072589,42.76607491516843,33.13069908786393,13.1512605042017,1.093969436196781,3.0258288092737304,0.0029274753379612715,0.6929357750619631,0.1278647132421816,0.2575947051214518,50000.0,5.0,250000.0,319.661783105454,643.9867628036294
2025-12-30,ZENSARTECH,SHORT,A_MOD_BREAK_C1_LOW,MODERATE,2025-12-30 10:30:00+05:30,2025-12-30 10:45:00+05:30,704.05916,709.3396037000001,695.61045008,2025-12-30 11:30:00+05:30,701.1972999999999,BE,1.3847185112627183,2.0324002318214935,45.788405731068046,22.029702968770394,1.477832512315069,1.6318680651742656,3.44420726158351,0.0036667748610378407,0.832402997371517,0.27694370225254367,0.40648004636429874,50000.0,5.0,250000.0,692.3592556313592,1016.2001159107468
2026-01-02,ABBOTINDIA,SHORT,A_PULLBACK_C2_THEN_BREAK_C2_LOW,MODERATE,2026-01-02 10:45:00+05:30,2026-01-02 11:15:00+05:30,28054.388,28264.79591,27717.735343999997,2026-01-02 14:30:00+05:30,28125.0,EOD,-1.9104460663193465,-1.258484056041447,28.121386265851477,11.851851851827263,6.060606060606061,1.6732877669326849,3.7745422738172816,0.0035383362183077083,0.5746461532009921,-0.3820892132638693,-0.2516968112082894,50000.0,5.0,250000.0,-955.2230331596732,-629.2420280207235
2026-01-05,DBL,SHORT,A_MOD_BREAK_C1_LOW,MODERATE,2026-01-05 10:30:00+05:30,2026-01-05 10:45:00+05:30,465.00698,468.49453235000004,459.42689624,2026-01-05 13:30:00+05:30,468.49453235000004,SL,-4.405202601300679,-3.750000000000048,29.96855073301254,27.985074623941784,15.399669386231364,1.0534367401601648,2.2425564726869696,0.004475801498587402,0.49387969052321695,-0.8810405202601358,-0.7500000000000095,50000.0,5.0,250000.0,-2202.6013006503395,-1875.0000000000239
2026-01-05,LXCHEM,SHORT,A_MOD_BREAK_C1_LOW,MODERATE,2026-01-05 10:45:00+05:30,2026-01-05 11:00:00+05:30,163.35,164.575125,161.38979999999998,2026-01-05 11:15:00+05:30,162.18509999999998,BE,2.9199690754469447,3.565656565656618,27.800967647387647,26.421800943484357,13.056873161939114,1.3696535301959514,2.345016618826384,0.007680022341883149,0.5167038824951062,0.583993815089389,0.7131313131313236,50000.0,5.0,250000.0,1459.9845377234724,1782.8282828283088
2026-01-06,HSCL,SHORT,A_MOD_BREAK_C1_LOW,MODERATE,2026-01-06 10:15:00+05:30,2026-01-06 10:30:00+05:30,481.35371,484.96386282500004,475.57746548,2026-01-06 14:30:00+05:30,480.5,EOD,0.23760855479792603,0.8867803262594343,27.747799934682345,22.941176468698714,4.259948600823711,1.1714056636350882,2.599178805380217,0.005330269108162187,0.4812129901563756,0.047521710959585205,0.17735606525188685,50000.0,5.0,250000.0,118.80427739896301,443.39016312971717
2026-01-06,KNRCON,SHORT,A_MOD_BREAK_C1_LOW,MODERATE,2026-01-06 11:00:00+05:30,2026-01-06 11:15:00+05:30,154.45,155.608375,152.5966,2026-01-06 11:30:00+05:30,153.18818999999996,BE,3.4398372640514117,4.084849465846634,35.327784670504826,28.688524584677012,10.760489668085581,1.51834941837387,2.2213586502102154,0.007131771487694936,0.6556279182729996,0.6879674528102824,0.8169698931693269,50000.0,5.0,250000.0,1719.918632025706,2042.4247329233172
2026-01-06,PARAGMILK,SHORT,A_MOD_BREAK_C1_LOW,MODERATE,2026-01-06 10:30:00+05:30,2026-01-06 10:45:00+05:30,294.49109,296.699773175,290.95719692,2026-01-06 11:15:00+05:30,293.5279499999999,BE,0.9870634394886656,1.635261698410072,26.743720659508895,23.791821558861855,12.062883353206052,1.3662539997775645,2.923772023361831,0.005317473776012012,0.5002502598537071,0.1974126878977331,0.3270523396820144,50000.0,5.0,250000.0,493.5317197443328,817.630849205036
2026-01-06,SONATSOFTW,SHORT,A_MOD_BREAK_C1_LOW,MODERATE,2026-01-06 10:30:00+05:30,2026-01-06 10:45:00+05:30,352.57946999999996,355.22381602499996,348.34851635999996,2026-01-06 12:15:00+05:30,350.9998499999999,BE,1.592679135523122,2.2400907233765404,30.672716647692344,14.335664334260912,4.469913462005213,1.6409375546905776,3.8100050142132194,0.004979857891860186,0.6072548217862361,0.3185358271046244,0.44801814467530804,50000.0,5.0,250000.0,796.339567761561,1120.04536168827
2026-01-06,SRF,SHORT,A_MOD_BREAK_C1_LOW,MODERATE,2026-01-06 10:45:00+05:30,2026-01-06 11:00:00+05:30,3015.9966799999997,3038.6166551,2979.8047198399995,2026-01-06 11:15:00+05:30,2973.9952999999996,BE,6.321832563493395,6.9631011662784985,30.538142991225808,22.019867549413576,10.821411756456582,2.0584086933763484,2.9561123814598274,0.00484357705733774,0.6680721448683871,1.264366512698679,1.3926202332556996,50000.0,5.0,250000.0,3160.916281746697,3481.550583139249
2026-01-07,CIPLA,SHORT,A_MOD_BREAK_C1_LOW,MODERATE,2026-01-07 11:15:00+05:30,2026-01-07 11:30:00+05:30,1478.00434,1489.08937255,1460.26828792,2026-01-07 11:45:00+05:30,1462.4742999999999,BE,4.610227438900298,5.2537193497009955,41.27907655072832,18.483412321968373,10.130114507407837,1.360732856140907,2.6997521351899954,0.007084463404982287,0.7173143980855836,0.9220454877800597,1.0507438699401992,50000.0,5.0,250000.0,2305.1137194501493,2626.859674850498
2026-01-07,DCMSRIND,SHORT,A_MOD_BREAK_C1_LOW,MODERATE,2026-01-07 13:15:00+05:30,2026-01-07 13:30:00+05:30,51.56,51.94670000000001,50.94128,2026-01-07 13:45:00+05:30,51.94670000000001,SL,-4.405202601300659,-3.7500000000000453,51.702432248876555,31.510416660922573,19.681369681369628,1.1127725291726795,1.523033495381145,0.017314341031669216,0.7808868673742762,-0.8810405202601318,-0.7500000000000091,50000.0,5.0,250000.0,-2202.6013006503294,-1875.0000000000227
2026-01-07,JLHL,SHORT,A_MOD_BREAK_C1_LOW,MODERATE,2026-01-07 10:45:00+05:30,2026-01-07 11:00:00+05:30,1361.1277200000002,1371.3361779000002,1344.7941873600003,2026-01-07 12:00:00+05:30,1357.5604999999998,BE,0.661770555318501,1.3103913569552317,34.56344514562296,24.45923460841547,7.318388955063907,1.954094936977974,3.049148382114851,0.00526867627785059,0.7204182911554897,0.1323541110637002,0.26207827139104634,50000.0,5.0,250000.0,330.8852776592505,655.1956784776158
2026-01-07,RGL,SHORT,A_MOD_BREAK_C1_LOW,MODERATE,2026-01-07 10:45:00+05:30,2026-01-07 11:00:00+05:30,122.05,122.96537500000001,120.58539999999999,2026-01-07 13:00:00+05:30,122.96537500000001,SL,-4.405202601300618,-3.750000000000048,28.432503423648896,54.43037973806641,61.701600180301995,0.8450344163376404,0.03161858101645809,0.008451494500099365,0.3359495032646434,-0.8810405202601237,-0.7500000000000095,50000.0,5.0,250000.0,-2202.601300650309,-1875.0000000000239
2026-01-08,AARTIDRUGS,SHORT,A_MOD_BREAK_C1_LOW,MODERATE,2026-01-08 11:15:00+05:30,2026-01-08 11:30:00+05:30,396.07077,399.041300775,391.31792076,2026-01-08 12:00:00+05:30,394.3795999999999,BE,1.487385758134398,2.134934117960859,28.47644263875607,24.99999999730747,5.425371887013249,1.9663057081219184,2.4078071615133165,0.0049167927382753425,0.6312501385026767,0.2974771516268796,0.4269868235921718,50000.0,5.0,250000.0,743.692879067199,1067.4670589804296
2026-01-08,CHEMCON,SHORT,A_MOD_BREAK_C1_LOW,MODERATE,2026-01-08 11:15:00+05:30,2026-01-08 11:30:00+05:30,198.39999999999998,199.88799999999998,196.01919999999998,2026-01-08 12:00:00+05:30,197.70132999999998,BE,1.1127260606109832,1.7607610887096594,34.453647951280885,22.519083963448466,16.606498194945733,1.4753672975572318,2.2928553282824824,0.004380376489220033,0.6349939963417288,0.22254521212219663,0.3521522177419319,50000.0,5.0,250000.0,556.3630303054915,880.3805443548297
2026-01-08,HINDALCO,SHORT,A_MOD_BREAK_C1_LOW,MODERATE,2026-01-08 11:00:00+05:30,2026-01-08 11:15:00+05:30,907.41848,914.2241186000001,896.52945824,2026-01-08 11:30:00+05:30,904.7059999999999,BE,0.8462324058706211,1.4946135987885882,48.808056923105205,9.94694960175265,5.666955258174711,2.0104401900491418,4.281716754031067,0.0053795576808129,0.942120853846578,0.16924648117412422,0.29892271975771767,50000.0,5.0,250000.0,423.1162029353106,747.3067993942941
2026-01-08,IGARASHI,SHORT,A_MOD_BREAK_C1_LOW,MODERATE,2026-01-08 11:15:00+05:30,2026-01-08 11:30:00+05:30,444.911,448.2478325,439.572068,2026-01-08 11:45:00+05:30,441.31999999999994,BE,3.3905623804529075,4.035638588391908,31.87986754568998,28.994082837834725,4.235785080855529,2.0538879949407374,2.681963148883189,0.005609951845906882,0.6881980131853496,0.6781124760905815,0.8071277176783817,50000.0,5.0,250000.0,1695.2811902264536,2017.8192941959542
2026-01-08,KIOCL,SHORT,A_MOD_BREAK_C1_LOW,MODERATE,2026-01-08 10:45:00+05:30,2026-01-08 11:00:00+05:30,379.924,382.77343,375.36491199999995,2026-01-08 11:15:00+05:30,376.62649999999996,BE,3.69500297468735,4.339683726218946,37.661238955108644,34.04669260514915,7.034323700990387,1.8258845622482058,3.108564148408106,0.007949021153593487,0.7444483827200656,0.7390005949374701,0.8679367452437893,50000.0,5.0,250000.0,1847.501487343675,2169.8418631094733
2026-01-08,LXCHEM,SHORT,A_MOD_BREAK_C1_LOW,MODERATE,2026-01-08 10:45:00+05:30,2026-01-08 11:00:00+05:30,159.47,160.66602500000002,157.55635999999998,2026-01-08 11:15:00+05:30,158.91531999999998,BE,1.09107273270434,1.7391358876278264,40.88917246660153,36.01036268123954,9.016546454464917,1.68807534253612,2.2953542949853434,0.0035371761692829856,0.7687507719428439,0.21821454654086797,0.3478271775255653,50000.0,5.0,250000.0,545.5363663521699,869.5679438139132
2026-01-08,MOIL,SHORT,A_MOD_BREAK_C1_LOW,MODERATE,2026-01-08 11:15:00+05:30,2026-01-08 11:30:00+05:30,353.12935999999996,355.7778302,348.89180767999994,2026-01-08 12:00:00+05:30,351.5515,BE,1.5866911026793182,2.2341104687528492,43.34592021964466,2.559055117969322,1.9423652020722537,3.1146982293514633,5.183356100578018,0.00799038325555082,0.8601888032946698,0.31733822053586364,0.4468220937505698,50000.0,5.0,250000.0,793.3455513396591,1117.0552343764246
2026-01-08,RALLIS,SHORT,A_MOD_BREAK_C1_LOW,MODERATE,2026-01-08 11:15:00+05:30,2026-01-08 11:30:00+05:30,261.4477,263.40855775,258.3103276,2026-01-08 12:30:00+05:30,260.8803,BE,0.43619804836025144,1.0851118598481084,46.49727071768502,19.999999997200007,2.3926715887337617,1.992710088054109,3.0400666303823676,0.004588910133843216,0.9061833261747443,0.08723960967205029,0.21702237196962168,50000.0,5.0,250000.0,218.0990241801257,542.5559299240542
2026-01-08,TATVA,SHORT,A_MOD_BREAK_C1_LOW,MODERATE,2026-01-08 11:00:00+05:30,2026-01-08 11:15:00+05:30,1299.83998,1309.58877985,1284.24190024,2026-01-08 11:30:00+05:30,1293.9702999999997,BE,1.610458661440291,2.257847154385974,36.06161490959521,30.90909090830398,11.364149240258916,1.8333482681344275,2.7881924802996725,0.005753815746129348,0.7217601705674528,0.3220917322880582,0.45156943087719487,50000.0,5.0,250000.0,805.2293307201454,1128.9235771929873
2026-01-08,YATHARTH,SHORT,A_MOD_BREAK_C1_LOW,MODERATE,2026-01-08 11:15:00+05:30,2026-01-08 11:30:00+05:30,673.8652,678.919189,665.7788175999999,2026-01-08 13:30:00+05:30,672.0099999999999,BE,0.7280016648638655,1.3765364348834765,30.658995559236164,19.444444443364432,3.0203305543367684,2.1089139684260765,3.2270201028493166,0.005139469644842012,0.6698849333885424,0.1456003329727731,0.2753072869766953,50000.0,5.0,250000.0,364.0008324319328,688.2682174417383
2026-01-12,ASHOKA,SHORT,A_MOD_BREAK_C1_LOW,MODERATE,2026-01-12 11:15:00+05:30,2026-01-12 11:30:00+05:30,155.75,156.918125,153.881,2026-01-12 12:30:00+05:30,156.918125,SL,-4.4052026013005445,-3.750000000000011,46.52129701382798,26.0579064560891,10.848400556328093,1.0036288720857263,2.9180090254469087,0.008600770218228493,0.7334545078224217,-0.8810405202601089,-0.7500000000000022,50000.0,5.0,250000.0,-2202.601300650272,-1875.0000000000055
2026-01-12,BBTC,SHORT,A_MOD_BREAK_C1_LOW,MODERATE,2026-01-12 11:15:00+05:30,2026-01-12 11:30:00+05:30,1781.7435799999998,1795.10665685,1760.36265704,2026-01-12 13:45:00+05:30,1795.10665685,SL,-4.405202601300614,-3.750000000000056,50.67298112635128,30.589680589154455,14.905038040255079,1.0042492118226989,2.3347825631211725,0.005930024905303802,0.7857436120689723,-0.8810405202601228,-0.7500000000000112,50000.0,5.0,250000.0,-2202.601300650307,-1875.0000000000282
2026-01-12,GODREJPROP,SHORT,A_MOD_BREAK_C1_LOW,MODERATE,2026-01-12 11:00:00+05:30,2026-01-12 11:15:00+05:30,1936.6126,1951.1371945,1913.3732487999998,2026-01-12 11:30:00+05:30,1920.3437999999996,BE,3.555461792437632,4.200323802499344,58.206960233592426,28.97526501738116,11.294261294261355,1.0535763247538343,2.9714281532861544,0.008440887971089325,0.794375856831921,0.7110923584875264,0.8400647604998689,50000.0,5.0,250000.0,1777.7308962188158,2100.161901249672
2026-01-12,HINDWAREAP,SHORT,A_MOD_BREAK_C1_LOW,MODERATE,2026-01-12 11:00:00+05:30,2026-01-12 11:15:00+05:30,241.85,243.66387500000002,238.9478,2026-01-12 11:30:00+05:30,241.02089999999998,BE,1.0659832293654448,1.714078974571038,50.21173456046091,25.73363430988583,11.228460316114555,0.8119548279260868,2.7329397649457476,0.009900551834036628,0.7520920948870651,0.21319664587308895,0.3428157949142076,50000.0,5.0,250000.0,532.9916146827223,857.039487285519
2026-01-12,ICRA,SHORT,A_MOD_BREAK_C1_LOW,MODERATE,2026-01-12 11:15:00+05:30,2026-01-12 11:30:00+05:30,5993.801,6038.754507500001,5921.875388,2026-01-12 12:15:00+05:30,5972.865,BE,1.0984174479266156,1.7464710623526374,68.96659396944078,25.58139534868579,16.159730002628066,0.7575358071105174,2.633241140307007,0.005224591921839629,0.7425687662443405,0.2196834895853231,0.3492942124705275,50000.0,5.0,250000.0,549.2087239633078,873.2355311763188
2026-01-12,NBCC,SHORT,A_MOD_BREAK_C1_LOW,MODERATE,2026-01-12 11:00:00+05:30,2026-01-12 11:15:00+05:30,105.05,105.837875,103.7894,2026-01-12 11:30:00+05:30,104.31199999999998,BE,2.8668565601221867,3.5126130414089185,48.48178872511408,20.0700116653327,4.51017745491642,1.4632597600755894,3.1389817865790075,0.010064286393845904,0.8432972888899393,0.5733713120244374,0.7025226082817837,50000.0,5.0,250000.0,1433.4282800610936,1756.3065207044592
2026-01-12,PGHL,SHORT,A_MOD_BREAK_C1_LOW,MODERATE,2026-01-12 10:15:00+05:30,2026-01-12 10:30:00+05:30,5456.4085,5497.33156375,5390.931597999999,2026-01-12 11:00:00+05:30,5441.275,BE,0.7382423715115207,1.3867638392543293,54.80848037661112,11.608961303396129,4.340253259897369,1.0671511763335408,4.401414936464412,0.005198728763683446,0.7967514558583697,0.14764847430230416,0.2773527678508659,50000.0,5.0,250000.0,369.1211857557604,693.3819196271646
2026-01-12,RADICO,SHORT,A_PULLBACK_C2_THEN_BREAK_C2_LOW,MODERATE,2026-01-12 10:30:00+05:30,2026-01-12 11:00:00+05:30,2830.4338,2851.6620535,2796.4685944,2026-01-12 11:15:00+05:30,2813.6155999999996,BE,2.324497035574158,2.970958020639833,72.86694172959082,10.628961482131317,0.8869234580045581,1.7244846778236682,5.119167949080926,0.008325596415452295,0.911784818619142,0.4648994071148316,0.5941916041279666,50000.0,5.0,250000.0,1162.248517787079,1485.4790103199164
2026-01-12,SUDARSCHEM,SHORT,A_MOD_BREAK_C1_LOW,MODERATE,2026-01-12 11:00:00+05:30,2026-01-12 11:15:00+05:30,913.2673100000001,920.1168148250001,902.3081022800001,2026-01-12 11:30:00+05:30,909.9215999999999,BE,1.1837827498106375,1.831725478053171,56.62210950834076,24.72885032487899,21.733532208794575,0.6763742596075442,3.162893607696357,0.008271951133780665,0.7283654954313201,0.23675654996212747,0.3663450956106342,50000.0,5.0,250000.0,591.8913749053187,915.8627390265855
2026-01-12,VINCOFE,SHORT,A_MOD_BREAK_C1_LOW,MODERATE,2026-01-12 11:15:00+05:30,2026-01-12 11:30:00+05:30,158.14999999999998,159.33612499999998,156.2522,2026-01-12 11:45:00+05:30,157.0698,BE,2.769228939477715,3.4151122352196994,44.790402995044936,24.4013682990785,4.0282702880352765,1.2435962746176512,3.1934079728669995,0.012475584399218725,0.749485392983763,0.5538457878955431,0.6830224470439399,50000.0,5.0,250000.0,1384.6144697388575,1707.5561176098497
2026-01-14,CESC,SHORT,A_MOD_BREAK_C1_LOW,MODERATE,2026-01-14 10:00:00+05:30,2026-01-14 10:15:00+05:30,157.47,158.651025,155.58035999999998,2026-01-14 10:30:00+05:30,156.22727999999998,BE,3.300701522413112,3.9458944560869362,43.911462554661895,15.116279065666532,8.225868813150935,0.9916577385068525,3.841042706465669,0.0045625481400933185,0.6922120425586276,0.6601403044826224,0.7891788912173873,50000.0,5.0,250000.0,1650.350761206556,1972.9472280434684
2026-01-14,ICICIGI,SHORT,A_MOD_BREAK_C1_LOW,MODERATE,2026-01-14 11:00:00+05:30,2026-01-14 11:15:00+05:30,1852.1295,1866.0204712500001,1829.903946,2026-01-14 11:30:00+05:30,1835.5902999999996,BE,3.8203967053709147,4.464914575357822,25.795009146536316,34.91124260297188,10.492678725236841,1.9149289349383884,1.8601024759568738,0.006605197886336677,0.5750428246101065,0.764079341074183,0.8929829150715645,50000.0,5.0,250000.0,1910.1983526854574,2232.457287678911
2026-01-14,SHK,SHORT,A_MOD_BREAK_C1_LOW,MODERATE,2026-01-14 10:00:00+05:30,2026-01-14 10:15:00+05:30,164.17999999999998,165.41135,162.20983999999999,2026-01-14 13:15:00+05:30,165.41135,SL,-4.405202601300624,-3.7500000000000626,47.32904113743344,18.571428566785684,8.543812621046627,1.3031095449140606,4.735379797317292,0.004756108164507421,0.7979797874214622,-0.8810405202601247,-0.7500000000000125,50000.0,5.0,250000.0,-2202.6013006503117,-1875.0000000000314
2026-01-14,TANLA,SHORT,A_MOD_BREAK_C1_LOW,MODERATE,2026-01-14 10:00:00+05:30,2026-01-14 10:15:00+05:30,486.55267,490.20181502500003,480.71403796,2026-01-14 10:30:00+05:30,485.1009499999999,BE,0.8434578024676764,1.4918425994867934,39.22508407614286,16.20253164442103,4.004549900072359,1.3096564253645118,4.370499886574127,0.004821593694500304,0.6775661355809324,0.1686915604935353,0.2983685198973587,50000.0,5.0,250000.0,421.7289012338382,745.9212997433967
2026-01-16,AURIONPRO,SHORT,A_MOD_BREAK_C1_LOW,MODERATE,2026-01-16 11:15:00+05:30,2026-01-16 11:30:00+05:30,996.8006,1004.2766045000001,984.8389928,2026-01-16 14:00:00+05:30,993.4714999999999,BE,1.0217394384020002,1.6698926545590729,40.43722861910196,29.60725075403468,9.244227994227993,1.6047153548657829,2.3013996617344215,0.0056283566058002,0.7473836163880414,0.20434788768040002,0.33397853091181456,50000.0,5.0,250000.0,510.869719201,834.9463272795364
2026-01-16,IGARASHI,SHORT,A_MOD_BREAK_C1_LOW,MODERATE,2026-01-16 11:15:00+05:30,2026-01-16 11:30:00+05:30,395.4209,398.38655675000007,390.6758492,2026-01-16 11:45:00+05:30,393.17599999999993,BE,2.1919877120228097,2.8386208215095436,35.73514733911612,25.39682539521293,12.400109203140909,1.5897486758328094,2.824439901929548,0.008374695424600674,0.6742332283574834,0.4383975424045619,0.5677241643019088,50000.0,5.0,250000.0,1095.9938560114047,1419.3104107547717
2026-01-16,POWERINDIA,SHORT,A_MOD_BREAK_C1_LOW,MODERATE,2026-01-16 11:00:00+05:30,2026-01-16 11:15:00+05:30,16558.6876,16682.877757000002,16359.9833488,2026-01-16 11:45:00+05:30,16518.407,BE,0.5675548998304761,1.2162980839134216,40.816695861490885,30.694444444384757,15.414707603415968,1.1893590120872868,2.005521084124069,0.006919804333597438,0.6803882650376385,0.11351097996609523,0.24325961678268432,50000.0,5.0,250000.0,283.7774499152381,608.1490419567108
2026-01-16,RADIANTCMS,SHORT,A_MOD_BREAK_C1_LOW,MODERATE,2026-01-16 13:00:00+05:30,2026-01-16 13:15:00+05:30,49.35,49.720125,48.7578,2026-01-16 13:30:00+05:30,48.906279999999995,BE,3.8511654611502077,4.495643363728532,58.01629028698799,29.896907173344616,25.00000000000004,1.7376971773273928,2.296879634365162,0.0030653556969346407,0.9140970060322937,0.7702330922300415,0.8991286727457064,50000.0,5.0,250000.0,1925.5827305751038,2247.8216818642663
2026-01-19,CAPACITE,SHORT,A_MOD_BREAK_C1_LOW,MODERATE,2026-01-19 11:15:00+05:30,2026-01-19 11:30:00+05:30,232.6,234.3445,229.8088,2026-01-19 13:30:00+05:30,234.3445,SL,-4.405202601300612,-3.7500000000000355,42.30797117397529,16.66666666407407,5.464480874316965,0.7764764418126625,2.4554252845103623,0.005986920880537901,0.6305029449268453,-0.8810405202601225,-0.7500000000000071,50000.0,5.0,250000.0,-2202.6013006503063,-1875.0000000000177
2026-01-19,KIRLOSENG,SHORT,A_MOD_BREAK_C1_LOW,MODERATE,2026-01-19 10:45:00+05:30,2026-01-19 11:00:00+05:30,1129.2741,1137.7436557500002,1115.7228108000002,2026-01-19 11:45:00+05:30,1126.8704999999998,BE,0.4152824888835737,1.064223468863903,37.594113358840666,9.147286821506995,5.21865659902479,1.544861180120094,3.796292482398116,0.007367355972933706,0.6942624069036263,0.08305649777671474,0.2128446937727806,50000.0,5.0,250000.0,207.64124444178685,532.1117344319515
2026-01-19,SPENCERS,SHORT,A_MOD_BREAK_C1_LOW,MODERATE,2026-01-19 11:00:00+05:30,2026-01-19 11:15:00+05:30,37.470000000000006,37.751025000000006,37.020360000000004,2026-01-19 11:45:00+05:30,37.3116,BE,1.4661149630061157,2.1136909527623087,27.220094269919095,36.39999997961589,35.185185185185325,1.8352256550022288,2.153364878186477,0.0072151995126408346,0.5894659036741765,0.29322299260122314,0.4227381905524617,50000.0,5.0,250000.0,733.0574815030578,1056.8454763811542
2026-01-20,AWFIS,SHORT,A_PULLBACK_C2_THEN_BREAK_C2_LOW,MODERATE,2026-01-20 10:30:00+05:30,2026-01-20 11:00:00+05:30,429.914,433.138355,424.75503199999997,2026-01-20 11:15:00+05:30,424.26899999999995,BE,5.923480495161479,6.565266541680474,51.03952281694987,3.2154340833114503,5.207350849614404,0.896739678019944,3.970998575201064,0.005343245440817737,0.7669294436534901,1.1846960990322957,1.313053308336095,50000.0,5.0,250000.0,2961.7402475807394,3282.6332708402374
2026-01-20,BSOFT,SHORT,A_MOD_BREAK_C1_LOW,MODERATE,2026-01-20 11:00:00+05:30,2026-01-20 11:15:00+05:30,406.11876,409.16465070000004,401.24533488000003,2026-01-20 14:00:00+05:30,405.26214999999996,BE,0.40567647358442727,1.0546299314023884,36.596103874268614,9.243697478447984,3.0828616963919835,2.0632236524086083,4.035715024766006,0.0071402223744533025,0.7589415581140291,0.08113529471688545,0.21092598628047768,50000.0,5.0,250000.0,202.83823679221362,527.3149657011942
2026-01-20,FACT,SHORT,A_PULLBACK_C2_THEN_BREAK_C2_LOW,MODERATE,2026-01-20 10:30:00+05:30,2026-01-20 11:00:00+05:30,813.38729,819.4876946750001,803.62664252,2026-01-20 12:15:00+05:30,811.4771499999998,BE,0.5253905436553391,1.1741884975853158,30.385095711866995,21.77589851879526,8.964096989461439,1.2886423897248314,2.8376443800109166,0.004654097972706448,0.5412888538798504,0.10507810873106782,0.23483769951706318,50000.0,5.0,250000.0,262.69527182766956,587.0942487926579
2026-01-20,GRANULES,SHORT,A_MOD_BREAK_C1_LOW,MODERATE,2026-01-20 11:00:00+05:30,2026-01-20 11:15:00+05:30,566.13675,570.382775625,559.343109,2026-01-20 13:30:00+05:30,561.62985,BE,3.3352506730719105,3.9803987287523497,34.40784041633949,23.371647508324628,4.617473343494926,1.3501084048182066,2.347311398263944,0.006634545041749693,0.6123865770882784,0.6670501346143821,0.7960797457504699,50000.0,5.0,250000.0,1667.6253365359553,1990.1993643761748
2026-01-20,HBLENGINE,SHORT,A_MOD_BREAK_C1_LOW,MODERATE,2026-01-20 10:45:00+05:30,2026-01-20 11:00:00+05:30,738.8522,744.3935915000001,729.9859736000001,2026-01-20 11:15:00+05:30,737.3053,BE,0.3978628078870717,1.0468264153507634,49.30929751401972,24.8054474701415,14.670981661272998,0.7729802411640924,2.860352052022635,0.009297450808033018,0.734911004914012,0.07957256157741434,0.20936528307015267,50000.0,5.0,250000.0,198.93140394353586,523.4132076753817
2026-01-20,QUICKHEAL,SHORT,A_MOD_BREAK_C1_LOW,MODERATE,2026-01-20 10:15:00+05:30,2026-01-20 10:30:00+05:30,208.54999999999998,210.114125,206.04739999999998,2026-01-20 10:45:00+05:30,208.12249999999997,BE,0.37594198681699476,1.0249340685687105,55.43955153110257,18.380062303692583,8.908450704225347,1.1625326761256065,3.3039549246595006,0.009737930091912364,0.8134432183219811,0.07518839736339895,0.2049868137137421,50000.0,5.0,250000.0,187.9709934084974,512.4670342843552
2026-01-20,RUPA,SHORT,A_MOD_BREAK_C1_LOW,MODERATE,2026-01-20 11:00:00+05:30,2026-01-20 11:15:00+05:30,152.95999999999998,154.10719999999998,151.12447999999998,2026-01-20 12:15:00+05:30,152.456,BE,0.9993071849731952,1.6474895397489235,31.906536823289308,30.939226511360133,12.115713003965283,1.5067366316720776,2.2486717166715016,0.0050413578057023276,0.6022769628919531,0.19986143699463904,0.32949790794978473,50000.0,5.0,250000.0,499.65359248659763,823.7447698744619
2026-01-20,SUNTECK,SHORT,B_HUGE_RED_FAILED_BOUNCE,HUGE,2026-01-20 10:00:00+05:30,2026-01-20 11:00:00+05:30,395.72084,398.68874630000005,390.97218992,2026-01-20 11:15:00+05:30,392.02254999999997,BE,4.028604789769926,4.672852205610453,41.88669083830903,23.208191124061898,12.52002790952659,0.45286505200411653,3.614798038664397,0.0050448732936457805,0.6075517466753558,0.8057209579539852,0.9345704411220906,50000.0,5.0,250000.0,2014.3023948849632,2336.4261028052265
2026-01-20,TVTODAY,SHORT,A_MOD_BREAK_C1_LOW,MODERATE,2026-01-20 10:15:00+05:30,2026-01-20 10:30:00+05:30,127.95,128.909625,126.41460000000001,2026-01-20 10:45:00+05:30,127.48129999999998,BE,1.1836319097416599,1.8315748339196043,38.66022930742652,14.604462470497666,21.371191220088345,0.8995795089640926,3.269682323389515,0.007016351051616662,0.5973298536801139,0.23672638194833198,0.36631496678392084,50000.0,5.0,250000.0,591.81595487083,915.7874169598022
2026-01-20,VASCONEQ,SHORT,A_MOD_BREAK_C1_LOW,MODERATE,2026-01-20 10:45:00+05:30,2026-01-20 11:00:00+05:30,41.95,42.264625,41.446600000000004,2026-01-20 11:15:00+05:30,41.15309,BE,8.860360192015058,9.498331346841525,46.10605900732988,16.165413525326656,11.048635515640527,1.1600015546395281,3.4100976554610183,0.008673469387755154,0.7545911571718655,1.7720720384030115,1.8996662693683048,50000.0,5.0,250000.0,4430.180096007529,4749.165673420763
2026-01-21,BIKAJI,SHORT,A_MOD_BREAK_C1_LOW,MODERATE,2026-01-21 10:30:00+05:30,2026-01-21 10:45:00+05:30,671.71563,676.753497225,663.65504244,2026-01-21 11:00:00+05:30,663.4844999999999,BE,5.484589266841169,6.1269454158749594,58.566708602644134,14.333333332664353,4.230341572674129,1.7781136554134849,3.1964360905248355,0.0062065593980487575,0.9211698896973597,1.0969178533682338,1.2253890831749918,50000.0,5.0,250000.0,2742.2946334205844,3063.4727079374798
2026-01-21,EUREKAFORB,SHORT,A_MOD_BREAK_C1_LOW,MODERATE,2026-01-21 10:45:00+05:30,2026-01-21 11:00:00+05:30,521.74563,525.658722225,515.48468244,2026-01-21 12:15:00+05:30,525.658722225,SL,-4.405202601300539,-3.7500000000000133,56.25032667422825,13.407821228351182,3.9015970986395487,1.2470901600529534,3.3049256229700124,0.007179746420373806,0.8282407780092669,-0.8810405202601078,-0.7500000000000027,50000.0,5.0,250000.0,-2202.6013006502694,-1875.0000000000066
2026-01-21,LUMAXIND,SHORT,A_MOD_BREAK_C1_LOW,MODERATE,2026-01-21 10:00:00+05:30,2026-01-21 10:15:00+05:30,5028.994,5066.711455,4968.646072,2026-01-21 10:30:00+05:30,4985.411499999999,BE,3.688433801219145,4.333123085849818,53.97002381324406,11.264367816019444,19.161994831929615,1.617131532205297,4.749761243596218,0.00673052398900445,0.8929980181359269,0.7376867602438291,0.8666246171699636,50000.0,5.0,250000.0,1844.2169006095726,2166.561542924909
2026-01-21,MTNL,SHORT,A_MOD_BREAK_C1_LOW,MODERATE,2026-01-21 10:30:00+05:30,2026-01-21 10:45:00+05:30,30.259999999999998,30.48695,29.89688,2026-01-21 11:00:00+05:30,29.859309999999997,BE,5.979072682408707,6.620786516853948,74.84443092615297,7.142857136904809,19.34655443001854,1.4450637738432797,3.404349006026145,0.010769665834001022,0.8628861604225739,1.1958145364817414,1.3241573033707896,50000.0,5.0,250000.0,2989.5363412043534,3310.393258426974
2026-01-21,NELCO,SHORT,A_MOD_BREAK_C1_LOW,MODERATE,2026-01-21 10:45:00+05:30,2026-01-21 11:00:00+05:30,611.4776800000001,616.0637626000001,604.1399478400001,2026-01-21 11:15:00+05:30,616.0637626000001,SL,-4.405202601300618,-3.750000000000044,45.163850064730255,21.014492753090224,3.6608295664602934,1.7147733203318214,3.2724456204950516,0.011210317460317467,0.8375430820290226,-0.8810405202601237,-0.7500000000000088,50000.0,5.0,250000.0,-2202.601300650309,-1875.0000000000218
2026-01-21,PARACABLES,SHORT,A_MOD_BREAK_C1_LOW,MODERATE,2026-01-21 10:45:00+05:30,2026-01-21 11:00:00+05:30,31.58,31.81685,31.20104,2026-01-21 11:15:00+05:30,31.81685,SL,-4.405202601300578,-3.750000000000007,57.23552351931472,13.220338976776617,6.240457395648158,1.6950766419980994,3.5460893897023453,0.013567816507133845,0.9066384123496674,-0.8810405202601157,-0.7500000000000014,50000.0,5.0,250000.0,-2202.601300650289,-1875.0000000000036
2026-01-21,PGEL,SHORT,A_MOD_BREAK_C1_LOW,MODERATE,2026-01-21 10:45:00+05:30,2026-01-21 11:00:00+05:30,535.49288,539.5090766000001,529.06696544,2026-01-21 11:15:00+05:30,530.9881999999999,BE,3.5612518554987376,4.206106344495301,46.09547588747251,21.704394140336063,4.538285458523933,1.9091604563304683,3.551216223426601,0.008112792480501318,0.8855352181699194,0.7122503710997475,0.8412212688990601,50000.0,5.0,250000.0,1780.6259277493687,2103.0531722476503
2026-01-21,RIIL,SHORT,A_MOD_BREAK_C1_LOW,MODERATE,2026-01-21 10:45:00+05:30,2026-01-21 11:00:00+05:30,693.3613,698.56150975,685.0409644,2026-01-21 11:15:00+05:30,689.4120499999999,BE,2.2012809144357925,2.847901952416525,76.89581603883913,9.797297296833875,4.761474814645037,2.1729247774605707,4.004201436169728,0.006466360509895198,0.96,0.4402561828871585,0.569580390483305,50000.0,5.0,250000.0,1100.6404572178963,1423.9509762082625
2026-01-21,SPIC,SHORT,A_MOD_BREAK_C1_LOW,MODERATE,2026-01-21 10:45:00+05:30,2026-01-21 11:00:00+05:30,73.92,74.4744,73.03296,2026-01-21 11:30:00+05:30,73.219,BE,4.097454571441709,4.7416125541126055,47.17407245886346,9.446254067353294,7.8859840232388345,1.7818743888726938,3.5398139670243607,0.006737451737451741,0.8794391049356733,0.8194909142883418,0.9483225108225212,50000.0,5.0,250000.0,2048.727285720854,2370.806277056303
2026-01-21,SURYAROSNI,SHORT,A_MOD_BREAK_C1_LOW,MODERATE,2026-01-21 10:45:00+05:30,2026-01-21 11:00:00+05:30,243.45,245.275875,240.52859999999998,2026-01-21 11:15:00+05:30,242.87644999999998,BE,0.5291695755456965,1.1779626206613505,67.68603024792888,17.254901958889604,22.467265299755283,1.4376819768611664,2.8901510065092366,0.00925301346159484,0.861594345950704,0.10583391510913931,0.2355925241322701,50000.0,5.0,250000.0,264.58478777284824,588.9813103306752
2026-01-22,KEI,SHORT,A_MOD_BREAK_C1_LOW,MODERATE,2026-01-22 10:00:00+05:30,2026-01-22 10:15:00+05:30,3765.2468,3793.486151,3720.0638384,2026-01-22 10:30:00+05:30,3752.7245,BE,1.0147167057986792,1.6628790442103405,45.860719997225104,27.819732034009903,10.621831061908303,1.4240495910136337,3.168233682619429,0.012837427964816505,0.7971194783857625,0.20294334115973583,0.3325758088420681,50000.0,5.0,250000.0,507.3583528993396,831.4395221051703
2026-01-22,TITAN,SHORT,A_MOD_BREAK_C1_LOW,MODERATE,2026-01-22 13:15:00+05:30,2026-01-22 13:30:00+05:30,3999.2,4029.194,3951.2095999999997,2026-01-22 14:30:00+05:30,4002.1,EOD,-1.0133692571430002,-0.36257251450291195,28.79090552552049,4.996156802405878,4.1021434508400825,2.805422200600327,3.3111055426445364,0.004093926420019349,0.6418635828828074,-0.20267385142860003,-0.0725145029005824,50000.0,5.0,250000.0,-506.68462857150007,-181.286257251456
2026-01-23,ENGINERSIN,SHORT,A_MOD_BREAK_C1_LOW,MODERATE,2026-01-23 11:15:00+05:30,2026-01-23 11:30:00+05:30,170.6,171.8795,168.5528,2026-01-23 11:45:00+05:30,170.24921999999998,BE,0.37908938056380453,1.0280773739742513,35.24615228580629,12.419974389578982,0.4393528783771911,2.862296642885225,4.3230924135540185,0.00592273240969403,0.7386922842870942,0.0758178761127609,0.20561547479485026,50000.0,5.0,250000.0,189.54469028190226,514.0386869871257
2026-01-23,HGINFRA,SHORT,A_MOD_BREAK_C1_LOW,MODERATE,2026-01-23 10:30:00+05:30,2026-01-23 10:45:00+05:30,626.9745800000001,631.6768893500001,619.45088504,2026-01-23 11:00:00+05:30,604.9092999999999,BE,16.96919237320695,17.59663047264224,25.44378237045397,18.502673796237303,5.858619173262941,1.8704378975196811,3.5483146487165724,0.009437821743923084,0.5689833676227538,3.39383847464139,3.519326094528448,50000.0,5.0,250000.0,8484.596186603474,8798.31523632112
2026-01-23,IDEAFORGE,SHORT,A_MOD_BREAK_C1_LOW,MODERATE,2026-01-23 10:30:00+05:30,2026-01-23 10:45:00+05:30,416.26673,419.38873047500005,411.27152924,2026-01-23 11:45:00+05:30,415.24199999999996,BE,0.5821331885914953,1.2308574360483164,25.981016818796753,29.761904760251255,49.67574578469516,0.5806553915074701,1.6267582508430902,0.011298031624209812,0.33266785833791307,0.11642663771829907,0.2461714872096633,50000.0,5.0,250000.0,291.0665942957477,615.4287180241582
2026-01-23,INDIGO,SHORT,A_MOD_BREAK_C1_LOW,MODERATE,2026-01-23 11:00:00+05:30,2026-01-23 11:15:00+05:30,4770.0458,4805.8211435,4712.8052504,2026-01-23 11:45:00+05:30,4805.8211435,SL,-4.40520260130069,-3.750000000000044,38.76468041922483,19.12442396301026,31.41486810551559,1.275032530691954,2.424198765919103,0.007303749158123175,0.6646008991594643,-0.881040520260138,-0.7500000000000088,50000.0,5.0,250000.0,-2202.601300650345,-1875.0000000000218
2026-01-23,KKCL,SHORT,A_PULLBACK_C2_THEN_BREAK_C2_LOW,MODERATE,2026-01-23 13:00:00+05:30,2026-01-23 13:30:00+05:30,450.80982,454.19089365,445.40010216,2026-01-23 14:15:00+05:30,448.39115,BE,2.0357474743480353,2.682583533783736,26.832649913395457,13.707865167676673,0.0,2.5768760392446204,3.343896140472279,0.0054561292366170225,0.6124897487009318,0.40714949486960705,0.5365167067567472,50000.0,5.0,250000.0,1017.8737371740176,1341.291766891868
2026-01-23,RPEL,SHORT,A_MOD_BREAK_C1_LOW,MODERATE,2026-01-23 11:15:00+05:30,2026-01-23 11:30:00+05:30,709.20813,714.527190975,700.69763244,2026-01-23 11:45:00+05:30,706.8140999999999,BE,1.0396891607867094,1.687819060957496,34.20632971571665,26.523297489708455,35.56701030927828,0.9588949113714981,1.725252219314161,0.008319576421323893,0.5271641661914699,0.20793783215734188,0.33756381219149917,50000.0,5.0,250000.0,519.8445803933547,843.9095304787479
2026-01-23,TATVA,SHORT,A_MOD_BREAK_C1_LOW,MODERATE,2026-01-23 13:00:00+05:30,2026-01-23 13:15:00+05:30,1164.767,1173.5027525,1150.789796,2026-01-23 13:30:00+05:30,1156.9605,BE,2.7051328503791,3.351099404430303,26.91500745775921,10.43276661503397,2.601432587554155,3.4421523828514697,4.335987932814376,0.013579808903950335,0.6137251118663882,0.54102657007582,0.6702198808860607,50000.0,5.0,250000.0,1352.56642518955,1675.5497022151517
2026-01-27,ADFFOODS,SHORT,A_MOD_BREAK_C1_LOW,MODERATE,2026-01-27 10:45:00+05:30,2026-01-27 11:00:00+05:30,172.47,173.76352500000002,170.40036,2026-01-27 11:30:00+05:30,171.45281999999997,BE,2.302370945431128,2.948860671421188,50.91852468484843,25.733855182384957,21.952876423146872,1.0225844593493232,2.808542276800013,0.00797009042429862,0.7889522803861315,0.46047418908622556,0.5897721342842376,50000.0,5.0,250000.0,1151.185472715564,1474.430335710594
2026-01-27,AIIL,SHORT,A_MOD_BREAK_C1_LOW,MODERATE,2026-01-27 10:45:00+05:30,2026-01-27 11:00:00+05:30,500.8998,504.65654850000004,494.88900240000004,2026-01-27 11:45:00+05:30,504.65654850000004,SL,-4.4052026013005925,-3.750000000000014,44.014357008558505,6.793478260611096,7.301106416150694,1.6421563963163184,3.724625821593105,0.011985327570518609,0.8075927244837333,-0.8810405202601186,-0.7500000000000029,50000.0,5.0,250000.0,-2202.6013006502967,-1875.0000000000073
2026-01-27,EIHOTEL,SHORT,A_MOD_BREAK_C1_LOW,MODERATE,2026-01-27 10:45:00+05:30,2026-01-27 11:00:00+05:30,311.38770999999997,313.723117825,307.65105747999996,2026-01-27 11:15:00+05:30,307.5198,BE,5.568515006799879,6.210762139584755,45.29174076796746,7.999999999472905,2.427611366972919,1.4362119835521292,4.687288725165333,0.007485613407616278,0.7907132086411346,1.1137030013599758,1.2421524279169511,50000.0,5.0,250000.0,2784.257503399939,3105.381069792378
2026-01-27,GMRAIRPORT,SHORT,A_MOD_BREAK_C1_LOW,MODERATE,2026-01-27 10:45:00+05:30,2026-01-27 11:00:00+05:30,89.56,90.2317,88.48528,2026-01-27 12:45:00+05:30,90.2317,SL,-4.405202601300548,-3.750000000000007,61.74737402312727,15.88366889882829,6.536169650339349,1.3804832814325791,4.095596438723472,0.006658595641646488,0.8515845742507013,-0.8810405202601096,-0.7500000000000014,50000.0,5.0,250000.0,-2202.601300650274,-1875.0000000000036
2026-01-27,HLEGLAS,SHORT,A_MOD_BREAK_C1_LOW,MODERATE,2026-01-27 10:45:00+05:30,2026-01-27 11:00:00+05:30,377.9244,380.75883300000004,373.38930719999996,2026-01-27 11:45:00+05:30,380.75883300000004,SL,-4.405202601300658,-3.7500000000000617,46.3547629062459,2.688172042875877,6.235174339274084,1.8463167980190327,4.584039357795485,0.009922728986053498,0.8784268832470192,-0.8810405202601316,-0.7500000000000123,50000.0,5.0,250000.0,-2202.601300650329,-1875.0000000000307
2026-01-27,INDRAMEDCO,SHORT,A_MOD_BREAK_C1_LOW,MODERATE,2026-01-27 10:15:00+05:30,2026-01-27 10:30:00+05:30,349.23014,351.84936605,345.03937832,2026-01-27 10:45:00+05:30,346.1353,BE,3.786384258679494,4.430946309502429,55.66723618836174,16.734693876595003,19.131677530176106,0.8002379959870767,3.2741189957235224,0.011319058515854848,0.7500416492977384,0.7572768517358988,0.8861892619004857,50000.0,5.0,250000.0,1893.192129339747,2215.473154751214
2026-01-27,REDTAPE,SHORT,A_MOD_BREAK_C1_LOW,MODERATE,2026-01-27 10:45:00+05:30,2026-01-27 11:00:00+05:30,109.01,109.82757500000001,107.70188,2026-01-27 11:15:00+05:30,108.42429999999999,BE,2.0396197548367665,2.6864507843317904,61.604951710442286,25.736434102940862,10.290525690266094,1.6126762723949655,3.0702353173053356,0.009165902841429872,0.892218347669119,0.4079239509673533,0.5372901568663581,50000.0,5.0,250000.0,1019.8098774183832,1343.2253921658953
2026-01-27,RPTECH,SHORT,A_MOD_BREAK_C1_LOW,MODERATE,2026-01-27 10:30:00+05:30,2026-01-27 10:45:00+05:30,328.98419,331.45157142500005,325.03637972,2026-01-27 11:00:00+05:30,324.57079999999996,BE,6.066001049232588,6.707601967134119,52.84359223511237,24.215246635251006,28.288198725278928,1.4371558908162712,3.052230517727864,0.010406955315135616,0.8615022808928474,1.2132002098465176,1.3415203934268238,50000.0,5.0,250000.0,3033.000524616294,3353.8009835670596
2026-01-27,SKIPPER,SHORT,A_MOD_BREAK_C1_LOW,MODERATE,2026-01-27 10:45:00+05:30,2026-01-27 11:00:00+05:30,330.08396999999997,332.559599775,326.12296236,2026-01-27 11:15:00+05:30,328.68309999999997,BE,1.4744251578009238,2.1219903529395836,50.19014756135496,30.382293760863703,25.848985845281405,1.8154097201672434,2.7402479897078384,0.01027663712988978,0.9276967010292676,0.29488503156018475,0.42439807058791673,50000.0,5.0,250000.0,737.2125789004618,1060.9951764697919
2026-01-27,SUPRIYA,SHORT,A_MOD_BREAK_C1_LOW,MODERATE,2026-01-27 10:45:00+05:30,2026-01-27 11:00:00+05:30,698.8602,704.1016515,690.4738775999999,2026-01-27 12:15:00+05:30,697.2354499999999,BE,0.513615230372849,1.162428479973579,47.5041838063015,6.249999999739643,10.511846485760918,1.5892541522818544,3.543532902269118,0.008762081670562062,0.8506822337438469,0.10272304607456978,0.2324856959947158,50000.0,5.0,250000.0,256.8076151864244,581.2142399867895
2026-01-28,MARICO,SHORT,A_MOD_BREAK_C1_LOW,MODERATE,2026-01-28 10:30:00+05:30,2026-01-28 10:45:00+05:30,726.10475,731.5505356250001,717.391493,2026-01-28 11:00:00+05:30,723.61435,BE,1.0668094103366967,1.7149040823655417,27.708553603654504,21.664050234526528,15.415356982487644,2.452246152212662,2.640773835971524,0.007256345003095125,0.6256283040548176,0.21336188206733936,0.34298081647310835,50000.0,5.0,250000.0,533.4047051683484,857.4520411827709
2026-01-29,NEWGEN,SHORT,A_MOD_BREAK_C1_LOW,MODERATE,2026-01-29 10:15:00+05:30,2026-01-29 10:30:00+05:30,584.8330100000001,589.2192575750001,577.81501388,2026-01-29 12:30:00+05:30,580.2354999999999,BE,3.285404929737459,3.930617733086039,38.24724219430303,17.066666665392503,2.5023405295884342,2.4258227688577696,3.4334239303685004,0.00551889841567977,0.7837086329145453,0.6570809859474918,0.7861235466172077,50000.0,5.0,250000.0,1642.7024648687295,1965.3088665430193
2026-01-29,SFL,SHORT,A_MOD_BREAK_C1_LOW,MODERATE,2026-01-29 10:00:00+05:30,2026-01-29 10:15:00+05:30,502.3995,506.16749625,496.370706,2026-01-29 10:30:00+05:30,506.16749625,SL,-4.405202601300559,-3.7500000000000098,32.03778990709169,20.98214285626848,24.92153170119272,1.4305491131728436,3.704969444807331,0.008197535771065158,0.5909129434116229,-0.8810405202601118,-0.750000000000002,50000.0,5.0,250000.0,-2202.6013006502794,-1875.000000000005
2026-02-02,ASAL,SHORT,A_MOD_BREAK_C1_LOW,MODERATE,2026-02-02 10:45:00+05:30,2026-02-02 11:00:00+05:30,439.61206,442.90915045,434.33671527999996,2026-02-02 11:15:00+05:30,436.30499999999995,BE,3.1159060557620593,3.761339031508866,31.605142985260898,21.978021976669496,5.604380274813356,1.6378278053644237,3.7579809236800212,0.006441079957113622,0.6206970107176877,0.6231812111524119,0.7522678063017733,50000.0,5.0,250000.0,1557.9530278810296,1880.669515754433
2026-02-02,AXISBANK,SHORT,A_MOD_BREAK_C1_LOW,MODERATE,2026-02-02 10:30:00+05:30,2026-02-02 10:45:00+05:30,1327.93436,1337.8938677,1311.9991476799999,2026-02-02 11:15:00+05:30,1323.6590999999999,BE,0.9615092575739315,1.6097407103767225,42.43215943452125,30.51470588156755,10.867141351612117,0.9559146366954747,2.168050718333588,0.00680681757083715,0.6637674529395268,0.1923018515147863,0.3219481420753445,50000.0,5.0,250000.0,480.7546287869658,804.8703551883613
2026-02-02,DMART,SHORT,A_MOD_BREAK_C1_LOW,MODERATE,2026-02-02 11:15:00+05:30,2026-02-02 11:30:00+05:30,3612.37738,3639.4702103500003,3569.02885144,2026-02-02 13:15:00+05:30,3639.4702103500003,SL,-4.405202601300667,-3.7500000000000613,44.433281463772715,31.90984578858442,46.26580768313036,0.7318612528154151,1.642204977593423,0.007026376056226813,0.6366851900789596,-0.8810405202601334,-0.7500000000000122,50000.0,5.0,250000.0,-2202.6013006503335,-1875.0000000000305
2026-02-02,FEDFINA,SHORT,A_MOD_BREAK_C1_LOW,MODERATE,2026-02-02 11:00:00+05:30,2026-02-02 11:15:00+05:30,134.45,135.458375,132.83659999999998,2026-02-02 11:30:00+05:30,133.82025999999996,BE,1.6946323366222291,2.3419114912607912,34.264456118946875,22.344610540418387,1.4758063504998693,1.6210492522133264,3.48299457404366,0.011153086996200953,0.6576504609215352,0.3389264673244458,0.4683822982521582,50000.0,5.0,250000.0,847.3161683111144,1170.9557456303955
2026-02-02,FINCABLES,SHORT,A_MOD_BREAK_C1_LOW,MODERATE,2026-02-02 11:00:00+05:30,2026-02-02 11:15:00+05:30,705.8588,711.152741,697.3884944,2026-02-02 11:30:00+05:30,703.4540499999999,BE,1.0553118138717164,1.7034214208281,34.772826573501824,18.010075566115475,4.840818047649318,1.168314809730968,2.4193491484076253,0.007494841606991164,0.5860474903054467,0.21106236277434326,0.34068428416562,50000.0,5.0,250000.0,527.6559069358582,851.71071041405
2026-02-02,GLENMARK,SHORT,A_MOD_BREAK_C1_LOW,MODERATE,2026-02-02 11:00:00+05:30,2026-02-02 11:15:00+05:30,1864.92694,1878.9138920500002,1842.5478167200001,2026-02-02 11:30:00+05:30,1855.9512,BE,1.7592636814593923,2.4064588825126005,46.743960090409644,19.53543776040887,8.702232311766922,1.7127677009564954,3.315238426683749,0.011308023986949637,0.8608937490235313,0.35185273629187847,0.4812917765025201,50000.0,5.0,250000.0,879.6318407296961,1203.2294412563003
2026-02-02,LICI,SHORT,A_MOD_BREAK_C1_LOW,MODERATE,2026-02-02 11:00:00+05:30,2026-02-02 11:15:00+05:30,790.8418,796.7731135000001,781.3516984,2026-02-02 14:30:00+05:30,794.85,EOD,-3.187756331895564,-2.534135145613186,56.091749782594775,16.966580975642714,7.69212178861454,1.7313073847172507,3.790000644168988,0.004233272256270948,0.9129787923255188,-0.6375512663791129,-0.5068270291226372,50000.0,5.0,250000.0,-1593.8781659477822,-1267.0675728065933
2026-02-02,ORIENTPPR,SHORT,A_MOD_BREAK_C1_LOW,MODERATE,2026-02-02 10:30:00+05:30,2026-02-02 10:45:00+05:30,19.45,19.595875,19.2166,2026-02-02 11:00:00+05:30,19.207449999999998,BE,5.5930031853974524,6.235218508997464,40.145589069529834,39.568345283888085,60.493827160494,0.6296695216935018,1.408792599414275,0.008571428571428558,0.542815632310024,1.1186006370794905,1.2470437017994929,50000.0,5.0,250000.0,2796.501592698726,3117.6092544987323
2026-02-02,POLYMED,SHORT,A_MOD_BREAK_C1_LOW,MODERATE,2026-02-02 11:00:00+05:30,2026-02-02 11:15:00+05:30,1453.00934,1463.90691005,1435.5732279200001,2026-02-02 11:30:00+05:30,1449.3349999999998,BE,0.6157090363166466,1.2643896700623605,32.77164607683843,24.369747898801137,1.6820740135895713,1.7406154941171326,3.0511768712291327,0.00795232531882934,0.6561824026230747,0.12314180726332932,0.2528779340124721,50000.0,5.0,250000.0,307.8545181583233,632.1948350311802
2026-02-02,SAREGAMA,SHORT,A_MOD_BREAK_C1_LOW,MODERATE,2026-02-02 11:00:00+05:30,2026-02-02 11:15:00+05:30,325.23494,327.67420205,321.33212072,2026-02-02 11:30:00+05:30,324.16959999999995,BE,0.9896057052668541,1.6378006618846808,34.90780998821237,10.46511627821802,1.8259803921568203,1.6956139846110518,3.009144469688518,0.00848667164375738,0.6803495971301197,0.19792114105337083,0.32756013237693615,50000.0,5.0,250000.0,494.8028526334271,818.9003309423404
2026-02-04,LTIM,SHORT,A_MOD_BREAK_C1_LOW,MODERATE,2026-02-04 10:45:00+05:30,2026-02-04 11:00:00+05:30,5629.8738,5672.0978535,5562.3153144,2026-02-04 11:15:00+05:30,5614.793999999999,BE,0.6906830094647574,1.3392662549559584,33.58339167631869,15.479331574280266,17.51737867922041,0.6699077570565076,4.193249546111174,0.010298236941835558,0.4809847326296692,0.13813660189295146,0.26785325099119167,50000.0,5.0,250000.0,345.34150473237867,669.6331274779792
2026-02-05,AIIL,SHORT,A_MOD_BREAK_C1_LOW,MODERATE,2026-02-05 10:45:00+05:30,2026-02-05 11:00:00+05:30,496.05077,499.771150775,490.09816076,2026-02-05 11:15:00+05:30,493.67659999999995,BE,1.7458589669006943,2.3930715801530247,45.49954102886412,25.525525523379358,32.65107212475624,1.1379940331354135,2.8672317907409153,0.0059379858352046995,0.7416420712316592,0.3491717933801389,0.47861431603060495,50000.0,5.0,250000.0,872.9294834503472,1196.5357900765123
2026-02-05,CARTRADE,SHORT,A_MOD_BREAK_C1_LOW,MODERATE,2026-02-05 10:15:00+05:30,2026-02-05 10:30:00+05:30,2164.567,2180.8012525,2138.592196,2026-02-05 10:45:00+05:30,2147.423,BE,3.3149709795975557,3.9601453778054068,58.66147394060515,4.744657732681446,6.675054467045677,2.2372354059052815,5.516708345769538,0.017154572139368947,0.96,0.6629941959195111,0.7920290755610814,50000.0,5.0,250000.0,1657.485489798778,1980.0726889027035
2026-02-05,GENESYS,SHORT,A_MOD_BREAK_C1_LOW,MODERATE,2026-02-05 11:00:00+05:30,2026-02-05 11:15:00+05:30,310.13795999999996,312.4639947,306.41630447999995,2026-02-05 11:45:00+05:30,308.72339999999997,BE,1.6331744901603278,2.28053347613429,25.696122722549646,31.501057080587742,5.048208728498038,1.507027319172822,2.2468966850996517,0.009263734493313986,0.5091716216934885,0.3266348980320656,0.456106695226858,50000.0,5.0,250000.0,816.5872450801639,1140.266738067145
2026-02-06,IEX,SHORT,A_MOD_BREAK_C1_LOW,MODERATE,2026-02-06 10:00:00+05:30,2026-02-06 10:15:00+05:30,121.11,122.018325,119.65668,2026-02-06 10:45:00+05:30,120.52047999999998,BE,1.7866608806014508,2.4338204937660866,25.147773085695356,9.36329587769525,1.829910226465131,1.5937815985916306,5.2110917503505965,0.005018731886619086,0.5161283760389657,0.35733217612029017,0.48676409875321736,50000.0,5.0,250000.0,893.3304403007255,1216.9102468830433
2026-02-06,KFINTECH,SHORT,A_PULLBACK_C2_THEN_BREAK_C2_LOW,MODERATE,2026-02-06 10:15:00+05:30,2026-02-06 10:45:00+05:30,967.10654,974.35983905,955.50126152,2026-02-06 11:00:00+05:30,961.3754999999999,BE,2.3165113966254034,2.962982754723239,28.586723386892825,31.625835188323606,5.844431387909672,1.1527675386607237,3.1967766953755463,0.005534810266704049,0.490535170069019,0.46330227932508067,0.5925965509446478,50000.0,5.0,250000.0,1158.2556983127017,1481.4913773616195
2026-02-06,KHAICHEM,SHORT,A_MOD_BREAK_C1_LOW,MODERATE,2026-02-06 10:00:00+05:30,2026-02-06 10:15:00+05:30,64.72,65.2054,63.94336,2026-02-06 10:30:00+05:30,64.40262999999999,BE,1.8047334544900229,2.451869592089084,30.41629790715275,33.44594593012714,24.333333333333453,1.4609321853545694,2.932915025912591,0.006330091091554758,0.5719076010443409,0.3609466908980046,0.4903739184178168,50000.0,5.0,250000.0,902.3667272450115,1225.934796044542
2026-02-06,NATCOPHARM,SHORT,A_MOD_BREAK_C1_LOW,MODERATE,2026-02-06 10:30:00+05:30,2026-02-06 10:45:00+05:30,814.2871100000001,820.3942633250001,804.5156646800001,2026-02-06 12:30:00+05:30,820.3942633250001,SL,-4.405202601300555,-3.750000000000008,27.020420424289615,10.161662816895031,16.26645977733755,1.3199393573056157,3.469456583113582,0.004520962018662082,0.49629569389282696,-0.881040520260111,-0.7500000000000016,50000.0,5.0,250000.0,-2202.6013006502776,-1875.0000000000039
2026-02-06,POLYMED,SHORT,A_MOD_BREAK_C1_LOW,MODERATE,2026-02-06 10:15:00+05:30,2026-02-06 10:30:00+05:30,1432.7134,1443.4587505000002,1415.5208392000002,2026-02-06 10:45:00+05:30,1419.245,BE,4.056100309128443,4.700312009366354,29.43897904068289,29.1225886742952,3.9845552610106494,1.232521636306169,3.206698847831122,0.013109360980959026,0.5172759719638229,0.8112200618256886,0.9400624018732708,50000.0,5.0,250000.0,2028.0501545642217,2350.156004683177
2026-02-06,PRECWIRE,SHORT,A_MOD_BREAK_C1_LOW,MODERATE,2026-02-06 10:45:00+05:30,2026-02-06 11:00:00+05:30,244.1,245.93075000000002,241.17079999999999,2026-02-06 11:15:00+05:30,245.93075000000002,SL,-4.405202601300618,-3.750000000000048,25.768541372706625,23.789907308619377,4.432840026898194,1.5515234940261946,2.0431743097658597,0.007195169708978467,0.5180447320451835,-0.8810405202601237,-0.7500000000000095,50000.0,5.0,250000.0,-2202.601300650309,-1875.0000000000239
2026-02-06,SOLARINDS,SHORT,A_MOD_BREAK_C1_LOW,MODERATE,2026-02-06 10:45:00+05:30,2026-02-06 11:00:00+05:30,12917.416,13014.29662,12762.407007999998,2026-02-06 11:15:00+05:30,13014.29662,SL,-4.405202601300626,-3.7499999999999964,32.21580680152172,20.61538461534022,4.1615919603340705,2.095884398084908,3.5954198113692315,0.006337786913326482,0.6932371020228258,-0.8810405202601252,-0.7499999999999993,50000.0,5.0,250000.0,-2202.601300650313,-1874.9999999999984
2026-02-06,TATATECH,SHORT,A_MOD_BREAK_C1_LOW,MODERATE,2026-02-06 10:15:00+05:30,2026-02-06 10:30:00+05:30,621.72563,626.3885722250001,614.26492244,2026-02-06 10:45:00+05:30,620.0545999999999,BE,0.6952872305518637,1.3438644953402412,29.912099017915494,11.560693640994842,7.096665246642981,1.7960761127505132,4.877276747083177,0.004974582008881968,0.6229948050000722,0.13905744611037274,0.26877289906804824,50000.0,5.0,250000.0,347.64361527593184,671.9322476701207
2026-02-06,TATVA,SHORT,A_MOD_BREAK_C1_LOW,MODERATE,2026-02-06 10:00:00+05:30,2026-02-06 10:15:00+05:30,1145.7708,1154.3640810000002,1132.0215504,2026-02-06 10:30:00+05:30,1142.0157999999997,BE,0.9904410107107564,1.638634882299469,33.41596483943709,20.17416545677412,5.295745920746007,1.5008452041785525,4.058181629371604,0.006731488406881091,0.6238873833228029,0.19808820214215128,0.3277269764598938,50000.0,5.0,250000.0,495.2205053553782,819.3174411497345
2026-02-06,TIRUMALCHM,SHORT,A_MOD_BREAK_C1_LOW,MODERATE,2026-02-06 10:00:00+05:30,2026-02-06 10:15:00+05:30,192.45,193.893375,190.14059999999998,2026-02-06 11:00:00+05:30,193.893375,SL,-4.405202601300554,-3.7500000000000084,34.3999817943044,12.482468440746658,4.999999999999972,1.6196028706991987,3.9466536561133467,0.005539888682745796,0.6594302292869259,-0.8810405202601108,-0.7500000000000017,50000.0,5.0,250000.0,-2202.601300650277,-1875.0000000000043
2025-08-26,RTNINDIA,LONG,A_MOD_BREAK_C1_HIGH,MODERATE,2025-08-26 10:30:00+05:30,2025-08-26 10:45:00+05:30,54.93,54.518025,55.753949999999996,2025-08-26 11:00:00+05:30,57.67645,BE,24.317386546122588,24.999544875295857,41.41182641669647,88.9733839830558,72.20338983050858,1.9453329123136929,3.2327765490319127,0.00858654297180382,7.573710508343158,4.863477309224518,4.999908975059172,50000.0,5.0,250000.0,12158.693273061293,12499.77243764793
2025-08-28,FIEMIND,LONG,A_MOD_BREAK_C1_HIGH,MODERATE,2025-08-28 10:30:00+05:30,2025-08-28 10:45:00+05:30,2145.429,2129.3382825000003,2177.610435,2025-08-28 11:00:00+05:30,2186.2216000000003,BE,8.844835287924523,9.506863196125394,29.828644369249496,85.22099447431401,94.11538658168742,2.376853381481571,3.79766639709489,0.009272154218280466,7.971482908821907,1.7689670575849046,1.901372639225079,50000.0,5.0,250000.0,4422.4176439622615,4753.431598062697
2025-08-28,PDSL,LONG,A_MOD_BREAK_C1_HIGH,MODERATE,2025-08-28 10:00:00+05:30,2025-08-28 10:15:00+05:30,331.36626,328.88101305000004,336.33675389999996,2025-08-28 10:30:00+05:30,334.34395,BE,3.8375362657020027,4.493049473413491,29.737731865578326,92.21902016546954,85.60649923235945,0.9677238042418667,3.3987201299474163,0.008279073778621023,6.275912358775648,0.7675072531404006,0.8986098946826981,50000.0,5.0,250000.0,1918.7681328510014,2246.5247367067454
2025-09-01,CCL,LONG,B_HUGE_GREEN_PULLBACK_HOLD_THEN_BREAK,HUGE,2025-09-01 10:30:00+05:30,2025-09-01 13:00:00+05:30,902.13039,895.3644120750001,915.66234585,2025-09-01 14:00:00+05:30,906.273,BE,1.6433566122623096,2.296015102650511,39.1718955899196,85.95166162778455,87.70445411781499,2.4827895680093977,4.3352065558010455,0.005039390169999703,9.38259951648188,0.3286713224524619,0.45920302053010215,50000.0,5.0,250000.0,821.6783061311547,1148.0075513252552
2025-09-01,SSWL,LONG,A_MOD_BREAK_C1_HIGH,MODERATE,2025-09-01 10:00:00+05:30,2025-09-01 10:15:00+05:30,217.84,216.20620000000002,221.1076,2025-09-01 10:30:00+05:30,219.51946,BE,3.2001177890673627,3.8548016893132706,34.00641496983224,63.9344262148347,57.68025078369891,0.3864305516362639,2.053347073790884,0.005346646373464884,3.8779693048606383,0.6400235578134725,0.7709603378626542,50000.0,5.0,250000.0,1600.0588945336815,1927.4008446566354
2025-09-02,AJMERA,LONG,A_MOD_BREAK_C1_HIGH,MODERATE,2025-09-02 10:00:00+05:30,2025-09-02 10:15:00+05:30,186.05,184.654625,188.84074999999999,2025-09-02 10:30:00+05:30,186.7381,BE,1.1971561115438374,1.849234076861036,28.898460023878705,80.08658007687269,81.60211210921157,0.6172014886370315,4.607239015533273,0.0065685860254292615,6.487365366475842,0.23943122230876746,0.3698468153722072,50000.0,5.0,250000.0,598.5780557719187,924.6170384305179
2025-09-02,APOLLO,LONG,B_HUGE_GREEN_PULLBACK_HOLD_THEN_BREAK,HUGE,2025-09-02 11:00:00+05:30,2025-09-02 13:00:00+05:30,288.75774,286.59205695,293.0891061,2025-09-02 13:15:00+05:30,293.46695,BE,7.4939872143141,8.154257614012328,34.89284816390649,89.88764044472504,79.19239468635539,1.751916781919504,3.75850454856584,0.014118877462088154,7.8906168210777725,1.4987974428628201,1.6308515228024658,50000.0,5.0,250000.0,3746.9936071570505,4077.128807006164
2025-09-02,FACT,LONG,A_MOD_BREAK_C1_HIGH,MODERATE,2025-09-02 10:00:00+05:30,2025-09-02 10:15:00+05:30,962.89254,955.6708459500001,977.3359280999999,2025-09-02 10:30:00+05:30,976.31225,BE,6.309706356650972,6.968435958596114,32.35044633666233,77.77777777576132,84.09971177711371,1.3542460656609894,2.7766434529742785,0.0073840445269016865,5.674833077391314,1.2619412713301945,1.3936871917192228,50000.0,5.0,250000.0,3154.853178325486,3484.217979298057
2025-09-02,GENESYS,LONG,B_HUGE_GREEN_PULLBACK_HOLD_THEN_BREAK,HUGE,2025-09-02 10:45:00+05:30,2025-09-02 13:15:00+05:30,630.126,625.400055,639.5778899999999,2025-09-02 13:30:00+05:30,645.9562999999999,BE,11.895221330149909,12.561217915147102,33.69108613028627,83.31005586429279,88.29385914000238,3.0899149889067985,4.533176454666308,0.01184012410457635,10.168558225719776,2.3790442660299815,2.5122435830294205,50000.0,5.0,250000.0,5947.610665074954,6280.608957573551
2025-09-02,GNA,LONG,B_HUGE_GREEN_PULLBACK_HOLD_THEN_BREAK,HUGE,2025-09-02 10:00:00+05:30,2025-09-02 11:15:00+05:30,311.5623,309.22558275,316.2357345,2025-09-02 11:30:00+05:30,317.99315,BE,9.657242704350704,10.320327587773008,34.724627298523316,71.27659573760354,88.50405388062103,2.5855961522559983,3.1271697575888133,0.005298786181139119,7.570945157546151,1.931448540870141,2.0640655175546017,50000.0,5.0,250000.0,4828.6213521753525,5160.163793886504
2025-09-02,TVSSCS,LONG,B_HUGE_GREEN_PULLBACK_HOLD_THEN_BREAK,HUGE,2025-09-02 10:30:00+05:30,2025-09-02 11:30:00+05:30,131.81,130.821425,133.78715,2025-09-02 11:45:00+05:30,132.50130000000001,BE,1.9692526849390362,2.622335179424977,35.43198729553475,81.75270106669213,92.83743402004473,1.4592371840035678,4.070892564331193,0.008090246125797637,7.3349471383184035,0.39385053698780725,0.5244670358849954,50000.0,5.0,250000.0,984.6263424695181,1311.1675897124885
2025-09-03,AVANTEL,LONG,B_HUGE_GREEN_PULLBACK_HOLD_THEN_BREAK,HUGE,2025-09-03 10:30:00+05:30,2025-09-03 11:30:00+05:30,161.55,160.338375,163.97325,2025-09-03 13:45:00+05:30,162.3116,BE,1.7044270189263933,2.3571649644072643,49.495591254456656,75.98078461918551,92.81877283328936,1.4294630345545725,3.5611190023179335,0.009452022014836078,7.551481029778391,0.34088540378527865,0.47143299288145285,50000.0,5.0,250000.0,852.2135094631967,1178.582482203632
2025-09-03,CCL,LONG,A_MOD_BREAK_C1_HIGH,MODERATE,2025-09-03 10:45:00+05:30,2025-09-03 11:00:00+05:30,938.6877,931.64754225,952.7680154999998,2025-09-03 11:15:00+05:30,952.2347,BE,6.556873778804969,7.215924955658855,42.46535627431867,78.72093022999519,86.57525457856114,1.7682802165637053,2.5307308746429285,0.006845555724958078,6.324198793753727,1.3113747557609938,1.4431849911317711,50000.0,5.0,250000.0,3278.436889402484,3607.962477829428
2025-09-03,DELTACORP,LONG,B_HUGE_GREEN_PULLBACK_HOLD_THEN_BREAK,HUGE,2025-09-03 11:15:00+05:30,2025-09-03 13:00:00+05:30,90.8,90.119,92.16199999999999,2025-09-03 13:15:00+05:30,93.16965,BE,12.382103441671347,13.048733480176251,36.58042570679763,88.4567126569839,88.59130925441828,2.151181865244057,4.8711941894092,0.009295120061967472,9.313378712917828,2.4764206883342696,2.6097466960352502,50000.0,5.0,250000.0,6191.051720835674,6524.366740088126
2025-09-03,PPLPHARMA,LONG,B_HUGE_GREEN_PULLBACK_HOLD_THEN_BREAK,HUGE,2025-09-03 10:00:00+05:30,2025-09-03 11:00:00+05:30,195.69,194.222325,198.62534999999997,2025-09-03 11:15:00+05:30,199.1009,BE,8.054060455080984,8.715059532934738,30.895190481634668,73.90971690103493,93.21075626145345,1.6683627933729706,4.359293526202538,0.006663236429122757,8.001893754821566,1.610812091016197,1.7430119065869478,50000.0,5.0,250000.0,4027.0302275404924,4357.529766467369
2025-09-03,SCILAL,LONG,B_HUGE_GREEN_PULLBACK_HOLD_THEN_BREAK,HUGE,2025-09-03 11:30:00+05:30,2025-09-03 13:00:00+05:30,51.8,51.4115,52.57699999999999,2025-09-03 13:15:00+05:30,53.08028,BE,11.69218263455157,12.357915057915104,41.398892315281444,82.85714282031734,76.1549250188801,0.4412450625571908,2.2497209510999503,0.008741839105897995,4.9463995233124995,2.338436526910314,2.4715830115830206,50000.0,5.0,250000.0,5846.091317275784,6178.957528957552
2025-09-03,SIYSIL,LONG,A_MOD_BREAK_C1_HIGH,MODERATE,2025-09-03 11:00:00+05:30,2025-09-03 11:15:00+05:30,642.07839,637.2628020750001,651.70956585,2025-09-03 11:30:00+05:30,667.2921,BE,18.95926118390591,19.634448373196296,45.582043715229375,70.02012072040145,89.17514021248446,1.9176597278789098,2.241007370788144,0.005221044654697827,6.531223967666314,3.7918522367811818,3.926889674639259,50000.0,5.0,250000.0,9479.630591952955,9817.224186598149
2025-09-03,SJS,LONG,B_HUGE_GREEN_PULLBACK_HOLD_THEN_BREAK,HUGE,2025-09-03 10:15:00+05:30,2025-09-03 13:00:00+05:30,1409.1817800000001,1398.6129166500002,1430.3195067,2025-09-03 13:15:00+05:30,1416.0391,BE,1.7802490802259288,2.4330856733046335,31.289851500357827,76.29127857657231,88.0897307660249,1.1813044992647048,3.4017411246267275,0.011003584229390686,6.864577538557999,0.35604981604518576,0.4866171346609267,50000.0,5.0,250000.0,890.1245401129644,1216.5428366523167
2025-09-04,GALAXYSURF,LONG,B_HUGE_GREEN_PULLBACK_HOLD_THEN_BREAK,HUGE,2025-09-04 10:00:00+05:30,2025-09-04 11:15:00+05:30,2365.473,2347.7319525000003,2400.955095,2025-09-04 11:30:00+05:30,2379.839,BE,2.3829812097388636,3.0366019819291923,47.10781082874677,89.35309972877224,89.31579776750084,1.7441603787756073,4.655293218898304,0.00403172185350402,9.046773266970868,0.4765962419477727,0.6073203963858385,50000.0,5.0,250000.0,1191.4906048694318,1518.3009909645962
2025-09-05,GMDCLTD,LONG,B_HUGE_GREEN_PULLBACK_HOLD_THEN_BREAK,HUGE,2025-09-05 10:00:00+05:30,2025-09-05 11:15:00+05:30,503.6007,499.82369475,511.15471049999996,2025-09-05 11:30:00+05:30,509.467,BE,5.167113437348245,5.824356479250294,31.866905747578144,73.23340470653005,80.98862680886846,1.9667109148035997,2.782207879577918,0.007894337331106725,6.510352369917963,1.033422687469649,1.1648712958500589,50000.0,5.0,250000.0,2583.5567186741227,2912.178239625147
2025-09-05,JTEKTINDIA,LONG,B_HUGE_GREEN_PULLBACK_HOLD_THEN_BREAK,HUGE,2025-09-05 10:00:00+05:30,2025-09-05 11:00:00+05:30,151.89000000000001,150.75082500000002,154.16835,2025-09-05 11:15:00+05:30,155.86101000000002,BE,12.405332628965137,13.071992889591172,44.5405356904468,82.15053762204192,69.76314696872019,1.6206940502824945,4.031443011871272,0.010037395154888619,7.739134769620128,2.4810665257930276,2.6143985779182346,50000.0,5.0,250000.0,6202.666314482569,6535.996444795586
2025-09-05,KFINTECH,LONG,B_HUGE_GREEN_PULLBACK_HOLD_THEN_BREAK,HUGE,2025-09-05 10:00:00+05:30,2025-09-05 13:30:00+05:30,1092.61848,1084.4238414000001,1109.0077572,2025-09-05 14:30:00+05:30,1092.8,EOD,-0.5667165884758534,0.08306650643501105,27.573260767457796,79.44111776225094,93.09903085663375,1.5616423956512275,3.7866188812611505,0.006035386631716901,6.960839384943935,-0.11334331769517067,0.01661330128700221,50000.0,5.0,250000.0,-283.35829423792666,41.533253217505525
2025-09-08,ABSLAMC,LONG,B_HUGE_GREEN_PULLBACK_HOLD_THEN_BREAK,HUGE,2025-09-08 10:00:00+05:30,2025-09-08 11:30:00+05:30,852.0203700000001,845.6302172250001,864.8006755499999,2025-09-08 13:45:00+05:30,856.0242000000001,BE,1.6968811893906217,2.3496093174392025,25.751568019577086,82.89703315476278,70.64202208620736,1.3168768943368077,3.1997158734792794,0.005431350258936476,6.275280183542827,0.3393762378781243,0.4699218634878405,50000.0,5.0,250000.0,848.4405946953108,1174.8046587196013
2025-09-09,AFFLE,LONG,B_HUGE_GREEN_PULLBACK_HOLD_THEN_BREAK,HUGE,2025-09-09 11:30:00+05:30,2025-09-09 13:00:00+05:30,2010.402,1995.3239850000002,2040.55803,2025-09-09 13:15:00+05:30,2037.868,BE,6.1724211257807955,6.830972114034878,50.24608451986496,71.78423236410269,42.73314203730259,2.803988474621622,2.532215138221794,0.007027533515929084,8.522532357443136,1.2344842251561592,1.3661944228069756,50000.0,5.0,250000.0,3086.2105628903983,3415.486057017439
2025-09-10,INDIANB,LONG,B_HUGE_GREEN_PULLBACK_HOLD_THEN_BREAK,HUGE,2025-09-10 10:15:00+05:30,2025-09-10 11:15:00+05:30,689.83794,684.6641554500001,700.1855091,2025-09-10 12:00:00+05:30,693.86215,BE,2.26331418507157,2.91677926557652,29.98157521103256,87.65743072429649,87.92558486809372,1.8444733740130543,4.629081556151176,0.0032673607854172555,8.091200221991187,0.452662837014314,0.583355853115304,50000.0,5.0,250000.0,1131.6570925357848,1458.38963278826
2025-09-10,VRLLOG,LONG,B_HUGE_GREEN_PULLBACK_HOLD_THEN_BREAK,HUGE,2025-09-10 10:30:00+05:30,2025-09-10 13:00:00+05:30,270.40407000000005,268.3760394750001,274.46013105000003,2025-09-10 13:15:00+05:30,271.73235,BE,1.8032355850979092,2.4561020845580273,37.528228685472726,87.90697673273806,83.78378378378363,1.3737803903588808,3.653254108547716,0.006038264362348689,7.542770626434005,0.36064711701958185,0.49122041691160545,50000.0,5.0,250000.0,901.6177925489546,1228.0510422790137
2025-09-11,FINOPB,LONG,A_MOD_BREAK_C1_HIGH,MODERATE,2025-09-11 11:00:00+05:30,2025-09-11 11:15:00+05:30,279.60591,277.508865675,283.79999864999996,2025-09-11 11:30:00+05:30,285.142,BE,9.237270145103869,9.89980862707802,43.529514533213344,83.47107437372674,86.2205436964057,1.660241158201702,3.0912589195065543,0.008346134152585786,7.234934959376986,1.8474540290207737,1.9799617254156041,50000.0,5.0,250000.0,4618.635072551934,4949.90431353901
2025-09-12,GRSE,LONG,B_HUGE_GREEN_PULLBACK_HOLD_THEN_BREAK,HUGE,2025-09-12 10:45:00+05:30,2025-09-12 13:00:00+05:30,2507.5014,2488.6951395,2545.1139209999997,2025-09-12 13:15:00+05:30,2542.35,BE,6.290165321871664,6.948869500132643,33.22971902824534,91.5111378679825,93.02829246211341,1.109171405284296,4.200537840154539,0.00911100575221493,7.476021307735142,1.258033064374333,1.3897739000265286,50000.0,5.0,250000.0,3145.0826609358323,3474.434750066321
2025-09-12,HAL,LONG,B_HUGE_GREEN_PULLBACK_HOLD_THEN_BREAK,HUGE,2025-09-12 10:30:00+05:30,2025-09-12 13:00:00+05:30,4709.54172,4674.2201571000005,4780.1848457999995,2025-09-12 14:30:00+05:30,4738.9,EOD,2.463168406291013,3.116893505298374,37.95295321866955,86.65413533758607,90.63207955730213,2.214687257829654,4.783252885626913,0.003956067391767965,9.23119646503369,0.4926336812582026,0.6233787010596747,50000.0,5.0,250000.0,1231.5842031455065,1558.446752649187
2025-09-12,MIDHANI,LONG,B_HUGE_GREEN_PULLBACK_HOLD_THEN_BREAK,HUGE,2025-09-12 10:30:00+05:30,2025-09-12 13:00:00+05:30,399.87996000000004,396.88086030000005,405.8781594,2025-09-12 13:15:00+05:30,401.5916,BE,1.4877362497585946,2.1401922717007227,34.27429177720025,79.09604519148398,78.60201941368733,1.0848669638028967,2.922007600118427,0.0064363812635774365,5.967580967360204,0.29754724995171894,0.42803845434014454,50000.0,5.0,250000.0,743.8681248792974,1070.0961358503614
2025-09-12,TRITURBINE,LONG,A_MOD_BREAK_C1_HIGH,MODERATE,2025-09-12 10:30:00+05:30,2025-09-12 10:45:00+05:30,518.6037,514.71417225,526.3827554999999,2025-09-12 11:00:00+05:30,523.3751500000001,BE,3.9446327984507246,4.60028534312431,27.13655973386917,76.71755724370897,79.20792079207902,1.5814928217978792,1.9928355829892637,0.0037140652131970047,4.840584399302956,0.7889265596901449,0.9200570686248619,50000.0,5.0,250000.0,1972.3163992253624,2300.1426715621546
2025-09-15,BANCOINDIA,LONG,B_HUGE_GREEN_PULLBACK_HOLD_THEN_BREAK,HUGE,2025-09-15 10:00:00+05:30,2025-09-15 11:30:00+05:30,662.33244,657.3649467,672.2674265999999,2025-09-15 11:45:00+05:30,706.32465,BE,32.51724076551482,33.21006743984939,26.510830673322204,78.04232804040116,80.17696455003414,2.5070905624501245,4.115396374490078,0.010181391986329896,9.057829989993138,6.503448153102964,6.642013487969878,50000.0,5.0,250000.0,16258.62038275741,16605.033719924693
2025-09-15,WELCORP,LONG,A_MOD_BREAK_C1_HIGH,MODERATE,2025-09-15 10:15:00+05:30,2025-09-15 10:30:00+05:30,899.92995,893.180475375,913.4288992499999,2025-09-15 10:45:00+05:30,912.255,BE,6.189210154310032,6.847782985775746,38.79662393929643,87.43362831425118,91.51989562948467,1.7748891864525476,3.22945437233206,0.00586833955372031,7.189610301068731,1.2378420308620064,1.369556597155149,50000.0,5.0,250000.0,3094.6050771550163,3423.891492887873
2025-09-16,AHLUCONT,LONG,A_MOD_BREAK_C1_HIGH,MODERATE,2025-09-16 10:15:00+05:30,2025-09-16 10:30:00+05:30,943.48866,936.4124950500001,957.6409898999999,2025-09-16 10:45:00+05:30,950.4400999999999,BE,3.0294404107232893,3.6839022527308036,28.788850048341626,66.15969581396885,54.36698717948716,1.1782783432661386,1.3716102652314146,0.006640820220805375,4.972944095515895,0.6058880821446578,0.7367804505461607,50000.0,5.0,250000.0,1514.7202053616445,1841.9511263654017
2025-09-16,JKTYRE,LONG,A_MOD_BREAK_C1_HIGH,MODERATE,2025-09-16 10:00:00+05:30,2025-09-16 10:15:00+05:30,376.0752,373.254636,381.716328,2025-09-16 10:45:00+05:30,378.1621,BE,2.1212977517845046,2.774578063110801,34.30183792442378,84.75609754650455,81.28832354859757,0.7100873064763907,2.5616008383682476,0.004669963857713527,4.850157483568749,0.42425955035690094,0.5549156126221602,50000.0,5.0,250000.0,1060.6488758922524,1387.2890315554002
2025-09-17,JKCEMENT,LONG,A_MOD_BREAK_C1_HIGH,MODERATE,2025-09-17 10:00:00+05:30,2025-09-17 10:15:00+05:30,6770.3538,6719.5761465000005,6871.9091069999995,2025-09-17 10:45:00+05:30,6790.567,BE,0.8411580029037752,1.4927728001452556,52.176490479428054,78.04878048704343,86.52338811630845,0.8900027670711614,3.710207007118325,0.0036126251742933197,6.680923713715384,0.16823160058075504,0.2985545600290511,50000.0,5.0,250000.0,420.57900145188756,746.3864000726278
2025-09-17,PNB,LONG,B_HUGE_GREEN_PULLBACK_HOLD_THEN_BREAK,HUGE,2025-09-17 10:45:00+05:30,2025-09-17 13:15:00+05:30,110.52,109.6911,112.17779999999999,2025-09-17 13:30:00+05:30,110.9661,BE,1.3658892594962835,2.0181867535287785,28.48570439709989,82.28346452157633,70.66642066642042,1.947553794487216,3.5084200200419304,0.0031861629494765262,7.502063289076506,0.2731778518992567,0.40363735070575574,50000.0,5.0,250000.0,682.9446297481418,1009.0933767643894
2025-09-18,ETERNAL,LONG,B_HUGE_GREEN_PULLBACK_HOLD_THEN_BREAK,HUGE,2025-09-18 10:00:00+05:30,2025-09-18 13:00:00+05:30,333.51669,331.015314825,338.51944034999997,2025-09-18 14:30:00+05:30,333.45,EOD,-0.749525257367281,-0.0999800039991914,38.81471539226688,83.85093166243574,83.6658177702319,2.253834018769196,3.5070456765885343,0.0035213542676229173,8.38908769766031,-0.1499050514734562,-0.01999600079983828,50000.0,5.0,250000.0,-374.7626286836405,-49.99000199959569
2025-09-18,KFINTECH,LONG,B_HUGE_GREEN_PULLBACK_HOLD_THEN_BREAK,HUGE,2025-09-18 10:00:00+05:30,2025-09-18 11:15:00+05:30,1144.12878,1135.54781415,1161.2907117,2025-09-18 14:00:00+05:30,1135.54781415,SL,-4.394802598700575,-3.749999999999993,27.63052883396773,80.62953994884029,83.52279635258326,1.3870982760083745,4.794093350432933,0.004355630311170252,7.7785567919087395,-0.878960519740115,-0.7499999999999986,50000.0,5.0,250000.0,-2197.4012993502874,-1874.9999999999964
2025-09-18,SOBHA,LONG,A_MOD_BREAK_C1_HIGH,MODERATE,2025-09-18 10:30:00+05:30,2025-09-18 10:45:00+05:30,1638.3276,1626.0401430000002,1662.9025139999999,2025-09-18 11:00:00+05:30,1646.9443,BE,1.976632264757684,2.6297243603782405,33.50471221658577,80.08048289512844,89.19140499646126,1.6793083966440265,2.7763584173442806,0.004962865880297099,6.406712956986015,0.3953264529515368,0.5259448720756481,50000.0,5.0,250000.0,988.316132378842,1314.8621801891204
2025-09-19,EXICOM,LONG,A_MOD_BREAK_C1_HIGH,MODERATE,2025-09-19 11:00:00+05:30,2025-09-19 11:15:00+05:30,148.44,147.32670000000002,150.6666,2025-09-19 11:30:00+05:30,150.7464,BE,7.109025923578276,7.76879547291834,32.42608649094028,77.37909514690635,80.51595383570957,1.7529730437446442,2.0566197444155208,0.006560896479354581,5.747275710763518,1.4218051847156552,1.553759094583668,50000.0,5.0,250000.0,3554.512961789138,3884.3977364591697
2025-09-19,FLUOROCHEM,LONG,B_HUGE_GREEN_PULLBACK_HOLD_THEN_BREAK,HUGE,2025-09-19 10:15:00+05:30,2025-09-19 11:15:00+05:30,3836.66718,3807.89217615,3894.2171876999996,2025-09-19 11:30:00+05:30,3852.408,BE,1.3990257572711375,2.0513663632402936,25.595373385502015,90.14404852065077,87.42318400404962,1.5697966064986808,3.823251431726603,0.005775323583290787,7.395462912228144,0.2798051514542275,0.4102732726480587,50000.0,5.0,250000.0,699.5128786355688,1025.6831816201468
2025-09-22,ATGL,LONG,B_HUGE_GREEN_PULLBACK_HOLD_THEN_BREAK,HUGE,2025-09-22 11:00:00+05:30,2025-09-22 13:00:00+05:30,765.153,759.4143525000001,776.6302949999999,2025-09-22 13:15:00+05:30,769.5843,BE,2.2422576855904794,2.8956953707297526,45.24040189936313,73.7671786572088,89.28531587305429,2.063425470198945,4.50807364243335,0.01655261788585959,8.566658105889552,0.4484515371180959,0.5791390741459506,50000.0,5.0,250000.0,1121.1288427952397,1447.8476853648763
2025-09-22,FUSION,LONG,A_MOD_BREAK_C1_HIGH,MODERATE,2025-09-22 10:45:00+05:30,2025-09-22 11:00:00+05:30,192.38000000000002,190.93715000000003,195.2657,2025-09-22 11:15:00+05:30,194.415,BE,4.632463890728499,5.289011331739183,34.947330170367636,72.70916332633605,91.26193225558121,1.5996901088131446,1.755707293384246,0.006470868084979864,4.924110150244047,0.9264927781456999,1.0578022663478366,50000.0,5.0,250000.0,2316.23194536425,2644.505665869591
2025-09-23,GMDCLTD,LONG,B_HUGE_GREEN_PULLBACK_HOLD_THEN_BREAK,HUGE,2025-09-23 10:30:00+05:30,2025-09-23 13:00:00+05:30,610.92216,606.3402437999999,620.0859923999999,2025-09-23 13:15:00+05:30,636.7839,BE,20.488972468017682,21.166149874150953,38.777890136819316,60.576923075564075,77.68672593267986,2.1949356778429077,1.8512910989644251,0.012979351032448372,6.163147771024306,4.097794493603536,4.2332299748301905,50000.0,5.0,250000.0,10244.48623400884,10583.074937075477
2025-09-24,IFBIND,LONG,B_HUGE_GREEN_PULLBACK_HOLD_THEN_BREAK,HUGE,2025-09-24 10:30:00+05:30,2025-09-24 13:00:00+05:30,1843.56864,1829.7418752,1871.2221695999997,2025-09-24 13:30:00+05:30,1849.2356,BE,0.8852816899833427,1.5369538939434382,50.91016367837113,75.92295345047464,90.63605906843623,0.40749210397039515,4.027501200764498,0.010898981258262684,6.714040026195408,0.17705633799666853,0.30739077878868765,50000.0,5.0,250000.0,442.6408449916713,768.476946971719
2025-09-24,NSIL,LONG,B_HUGE_GREEN_PULLBACK_HOLD_THEN_BREAK,HUGE,2025-09-24 10:15:00+05:30,2025-09-24 13:15:00+05:30,7634.0265,7576.771301250001,7748.536897499999,2025-09-24 13:30:00+05:30,7706.81,BE,4.111176056504339,4.767045280757177,25.662518814050355,89.85255854271328,88.27156296731073,1.367119243606022,5.5432512272242835,0.008908400569530139,8.570703193115447,0.822235211300868,0.9534090561514355,50000.0,5.0,250000.0,2055.58802825217,2383.5226403785887
2025-09-30,BHEL,LONG,B_HUGE_GREEN_PULLBACK_HOLD_THEN_BREAK,HUGE,2025-09-30 10:00:00+05:30,2025-09-30 11:00:00+05:30,237.29000000000002,235.51032500000002,240.84935,2025-09-30 12:15:00+05:30,238.77153,BE,2.4680393925840978,3.1217708289434705,26.709758317035394,71.63198246437196,61.34158926728606,1.2345626881912015,2.065942919443318,0.005803326355667872,5.2156554969197035,0.4936078785168196,0.6243541657886941,50000.0,5.0,250000.0,1234.019696292049,1560.8854144717352
2025-10-03,ABDL,LONG,B_HUGE_GREEN_PULLBACK_HOLD_THEN_BREAK,HUGE,2025-10-03 10:45:00+05:30,2025-10-03 13:00:00+05:30,550.11,545.984175,558.3616499999999,2025-10-03 13:15:00+05:30,553.6341,BE,2.5492495612912656,3.203086655396171,55.65410958119704,88.7596899192694,84.41361467300679,2.2116101938837724,4.103210389782735,0.010404052241624034,9.417555431678277,0.5098499122582532,0.6406173310792342,50000.0,5.0,250000.0,1274.6247806456329,1601.5433276980857
2025-10-03,ADSL,LONG,B_HUGE_GREEN_PULLBACK_HOLD_THEN_BREAK,HUGE,2025-10-03 11:15:00+05:30,2025-10-03 13:00:00+05:30,189.05,187.63212500000003,191.88575,2025-10-03 13:15:00+05:30,194.86364999999998,BE,14.7063048216701,15.375958741073703,39.558476115193976,78.33474935346908,73.24983273539526,2.8171564041242334,2.4686165247679313,0.009788021380602143,7.828566797291973,2.94126096433402,3.0751917482147406,50000.0,5.0,250000.0,7353.1524108350495,7687.979370536851
2025-10-03,BATAINDIA,LONG,B_HUGE_GREEN_PULLBACK_HOLD_THEN_BREAK,HUGE,2025-10-03 10:00:00+05:30,2025-10-03 11:30:00+05:30,1221.2442,1212.0848685,1239.5628629999999,2025-10-03 11:45:00+05:30,1231.4944,BE,3.5414937288235855,4.196621773106455,40.80628048640001,84.53608247117651,91.48732816464438,2.256622659405942,4.820196532273946,0.004354683049690464,9.381370112965316,0.7082987457647171,0.839324354621291,50000.0,5.0,250000.0,1770.7468644117928,2098.3108865532276
2025-10-03,JPPOWER,LONG,A_MOD_BREAK_C1_HIGH,MODERATE,2025-10-03 10:00:00+05:30,2025-10-03 10:15:00+05:30,17.990000000000002,17.855075000000003,18.25985,2025-10-03 10:30:00+05:30,18.0457,BE,0.8963956043101097,1.5480822679265727,36.76324810175746,81.81818160991807,81.64529914529875,1.2057709264639258,2.930753735516526,0.005298382598996075,6.204550061830229,0.17927912086202194,0.30961645358531453,50000.0,5.0,250000.0,448.19780215505483,774.0411339632864
2025-10-03,MOIL,LONG,A_MOD_BREAK_C1_HIGH,MODERATE,2025-10-03 10:00:00+05:30,2025-10-03 10:15:00+05:30,373.17462,370.37581035,378.77223929999997,2025-10-03 10:30:00+05:30,380.7543,BE,9.492803632534956,10.155674574010414,30.618940996723428,89.16083915211037,78.06292590981586,0.8753340419247542,2.990592541124819,0.0067839871037076675,5.482205862249777,1.8985607265069913,2.0311349148020827,50000.0,5.0,250000.0,4746.401816267478,5077.837287005207
2025-10-06,ANUP,LONG,A_MOD_BREAK_C1_HIGH,MODERATE,2025-10-06 10:30:00+05:30,2025-10-06 10:45:00+05:30,2437.4874,2419.2062445,2474.0497109999997,2025-10-06 11:00:00+05:30,2467.4753,BE,5.493727919868766,6.1513959005490815,41.050248889131844,81.41912206786535,90.42660393045692,1.5116820994101703,3.372136823602572,0.009822894675111438,7.250338248313504,1.0987455839737532,1.2302791801098163,50000.0,5.0,250000.0,2746.863959934383,3075.6979502745407
2025-10-06,AUBANK,LONG,B_HUGE_GREEN_PULLBACK_HOLD_THEN_BREAK,HUGE,2025-10-06 11:00:00+05:30,2025-10-06 13:00:00+05:30,759.80193,754.1034155250001,771.1989589499999,2025-10-06 14:30:00+05:30,763.05,EOD,1.4849927629381046,2.1374452154918746,40.39375691126699,84.55882352505932,85.13299837446415,1.6087969888061797,3.6116894967821302,0.004991484837365104,7.690855254555764,0.2969985525876209,0.42748904309837493,50000.0,5.0,250000.0,742.4963814690524,1068.7226077459375
2025-10-06,GRMOVER,LONG,B_HUGE_GREEN_PULLBACK_HOLD_THEN_BREAK,HUGE,2025-10-06 11:15:00+05:30,2025-10-06 13:00:00+05:30,126.7,125.74975,128.60049999999998,2025-10-06 13:15:00+05:30,127.26705000000001,BE,1.5851835723812133,2.237766377269175,51.72397886583115,84.37499998154296,86.24442462087416,1.2585157834419245,4.177085483046616,0.006293390528870564,7.9735725357414955,0.31703671447624265,0.447553275453835,50000.0,5.0,250000.0,792.5917861906066,1118.8831886345874
2025-10-06,ITDC,LONG,B_HUGE_GREEN_PULLBACK_HOLD_THEN_BREAK,HUGE,2025-10-06 10:00:00+05:30,2025-10-06 13:00:00+05:30,619.17381,614.530006425,628.46141715,2025-10-06 13:15:00+05:30,692.915,BE,58.82100429091572,59.54805323564958,53.32482926126747,80.72289156237477,86.87584930754338,1.1314461910598699,3.2920726918365086,0.007290422317475906,6.88342341148301,11.764200858183143,11.909610647129917,50000.0,5.0,250000.0,29410.50214545786,29774.02661782479
2025-10-06,SONATSOFTW,LONG,A_MOD_BREAK_C1_HIGH,MODERATE,2025-10-06 10:00:00+05:30,2025-10-06 10:15:00+05:30,351.62031,348.98315767500003,356.89461465,2025-10-06 10:30:00+05:30,354.2341,BE,3.062274484509354,3.716779044987467,26.21260504265532,64.25120772077776,68.78376705841794,1.3892293011940247,1.1709730079807568,0.004717172949453072,3.982634726019568,0.6124548969018708,0.7433558089974934,50000.0,5.0,250000.0,1531.1372422546772,1858.3895224937337
2025-10-06,THYROCARE,LONG,A_MOD_BREAK_C1_HIGH,MODERATE,2025-10-06 10:15:00+05:30,2025-10-06 10:30:00+05:30,402.0804,399.064797,408.11160599999994,2025-10-06 10:45:00+05:30,404.8817,BE,2.8293058199110166,3.483507278643806,35.68278824320926,90.69767441122244,85.66763791763793,1.3000491794433133,3.4647496285815356,0.00756470043786265,6.693443371297377,0.5658611639822033,0.6967014557287612,50000.0,5.0,250000.0,1414.6529099555082,1741.753639321903
2025-10-09,MAITHANALL,LONG,B_HUGE_GREEN_PULLBACK_HOLD_THEN_BREAK,HUGE,2025-10-09 11:15:00+05:30,2025-10-09 13:30:00+05:30,1172.1343800000002,1163.3433721500003,1189.7163957,2025-10-09 14:30:00+05:30,1163.3433721500003,SL,-4.394802598700589,-3.7499999999999627,35.31055976815585,84.90066225008145,78.42674499878886,1.0066125624132676,3.6187440401279525,0.008086138396665641,6.6057823143418055,-0.8789605197401178,-0.7499999999999926,50000.0,5.0,250000.0,-2197.4012993502943,-1874.9999999999816
2025-10-10,ANGELONE,LONG,B_HUGE_GREEN_PULLBACK_HOLD_THEN_BREAK,HUGE,2025-10-10 10:15:00+05:30,2025-10-10 11:30:00+05:30,2304.26076,2286.9788043000003,2338.8246713999997,2025-10-10 14:30:00+05:30,2308.6,EOD,0.2906701930905018,0.9415687832135349,40.17267332606588,72.1224920791872,74.41773962804028,1.4980316508981204,2.3828432481243116,0.0062736698329918785,6.186777444711433,0.05813403861810036,0.18831375664270697,50000.0,5.0,250000.0,145.3350965452509,470.78439160676743
2025-10-10,BANKINDIA,LONG,A_MOD_BREAK_C1_HIGH,MODERATE,2025-10-10 10:00:00+05:30,2025-10-10 10:15:00+05:30,126.6,125.6505,128.499,2025-10-10 10:30:00+05:30,127.21719999999999,BE,1.7847562790485192,2.437598736176923,34.10725242959699,72.90836649319857,86.19266055045917,1.3377378700885825,1.7580173914215367,0.0034204436417000555,4.879965972593717,0.3569512558097038,0.48751974723538455,50000.0,5.0,250000.0,892.3781395242595,1218.7993680884615
2025-10-10,SBIN,LONG,A_MOD_BREAK_C1_HIGH,MODERATE,2025-10-10 10:00:00+05:30,2025-10-10 10:15:00+05:30,873.22461,866.6754254250001,886.3229791499999,2025-10-10 10:30:00+05:30,878.80565,BE,2.54182231144606,3.1956497423956187,30.15088100354028,92.99999999131894,93.89105268852086,1.74477193855835,3.4761748983636673,0.0030885156307526164,7.280704024318286,0.508364462289212,0.6391299484791237,50000.0,5.0,250000.0,1270.9111557230299,1597.8248711978092
2025-10-13,CHOICEIN,LONG,B_HUGE_GREEN_PULLBACK_HOLD_THEN_BREAK,HUGE,2025-10-13 11:30:00+05:30,2025-10-13 13:00:00+05:30,821.1642,815.0054685000001,833.481663,2025-10-13 14:30:00+05:30,824.0,EOD,1.0747761119724282,1.726694855913074,25.691609125074116,78.30769230431892,92.64853977844895,2.949212674458196,3.5341772245352576,0.004161566707466362,8.206685160683545,0.2149552223944856,0.3453389711826148,50000.0,5.0,250000.0,537.388055986214,863.3474279565371
2025-10-15,OLAELEC,LONG,A_MOD_BREAK_C1_HIGH,MODERATE,2025-10-15 10:00:00+05:30,2025-10-15 10:15:00+05:30,51.699999999999996,51.31225,52.47549999999999,2025-10-15 10:30:00+05:30,52.58178,BE,7.8670971670839105,8.527852998065825,29.063968235157564,81.7708333035211,85.88110403397013,1.8065521445216284,4.138804198607953,0.009307149771815789,7.707557902843687,1.5734194334167821,1.705570599613165,50000.0,5.0,250000.0,3933.5485835419554,4263.926499032913
2025-10-20,EQUITASBNK,LONG,B_HUGE_GREEN_PULLBACK_HOLD_THEN_BREAK,HUGE,2025-10-20 10:15:00+05:30,2025-10-20 13:00:00+05:30,57.72,57.2871,58.58579999999999,2025-10-20 13:30:00+05:30,58.025400000000005,BE,1.9924175126575276,2.6455301455301967,35.1393966364438,90.71428562357124,73.5324551836004,1.6608968564329853,3.678854127759379,0.005123462961111695,7.574157246746871,0.39848350253150555,0.5291060291060393,50000.0,5.0,250000.0,996.2087563287639,1322.7650727650982
2025-10-23,ELECON,LONG,B_HUGE_GREEN_PULLBACK_HOLD_THEN_BREAK,HUGE,2025-10-23 10:30:00+05:30,2025-10-23 13:00:00+05:30,569.1138,564.8454465,577.650507,2025-10-23 13:15:00+05:30,570.93205,BE,0.9456889425036519,1.59743973876581,25.177875345376208,80.39215685959269,87.86781198065596,2.2407355312543067,3.3601023813757065,0.008446307415379554,7.609362827133674,0.18913778850073037,0.31948794775316197,50000.0,5.0,250000.0,472.84447125182595,798.7198693829049
2025-10-24,GRAVITA,LONG,A_MOD_BREAK_C1_HIGH,MODERATE,2025-10-24 10:00:00+05:30,2025-10-24 10:15:00+05:30,1662.53244,1650.0634467,1687.4704265999999,2025-10-24 10:30:00+05:30,1694.9,BE,9.072090988622552,9.734414565769358,42.14589484144472,68.12227074152507,70.09159697331746,1.3774048801279604,2.8002437372621456,0.008269588587967768,5.965364842387322,1.8144181977245104,1.9468829131538714,50000.0,5.0,250000.0,4536.045494311275,4867.2072828846785
2025-10-24,NOCIL,LONG,B_HUGE_GREEN_PULLBACK_HOLD_THEN_BREAK,HUGE,2025-10-24 10:15:00+05:30,2025-10-24 13:00:00+05:30,188.79000000000002,187.37407500000003,191.62185,2025-10-24 13:15:00+05:30,190.57655,BE,4.075756919993326,4.731580062503249,51.857250837171414,86.95136416112322,91.76012523314692,1.3796991118592925,4.91055363764271,0.005484301329573524,8.372064617356383,0.8151513839986653,0.9463160125006498,50000.0,5.0,250000.0,2037.878459996663,2365.7900312516244
2025-10-27,AXISBANK,LONG,A_MOD_BREAK_C1_HIGH,MODERATE,2025-10-27 11:00:00+05:30,2025-10-27 11:15:00+05:30,1246.2492,1236.902331,1264.942938,2025-10-27 13:15:00+05:30,1254.4254,BE,2.6263856173491047,3.280323068612645,25.87742573095974,61.7924528261084,42.99065420560785,1.1619791759102767,0.16563235187077732,0.0025628970483682605,2.817106777676129,0.5252771234698209,0.656064613722529,50000.0,5.0,250000.0,1313.1928086745525,1640.1615343063224
2025-10-27,CESC,LONG,B_HUGE_GREEN_PULLBACK_HOLD_THEN_BREAK,HUGE,2025-10-27 11:00:00+05:30,2025-10-27 13:00:00+05:30,181.39000000000001,180.02957500000002,184.11085,2025-10-27 14:30:00+05:30,182.60055,BE,2.682859904189836,3.336870830806504,53.61376874246279,79.23076921370414,74.6481037556087,2.2700097694375776,2.278260892968451,0.0063707097436707365,7.141134280418747,0.5365719808379672,0.6673741661613007,50000.0,5.0,250000.0,1341.429952094918,1668.435415403252
2025-10-27,FIEMIND,LONG,B_HUGE_GREEN_PULLBACK_HOLD_THEN_BREAK,HUGE,2025-10-27 10:00:00+05:30,2025-10-27 11:15:00+05:30,2080.416,2064.8128800000004,2111.62224,2025-10-27 11:30:00+05:30,2096.691,BE,3.2567197781755737,3.911477319920543,30.903953475301872,80.81334723552493,79.94475247645566,1.3840817730967176,3.3162427146347233,0.0066721837178028345,7.073838419144305,0.6513439556351147,0.7822954639841087,50000.0,5.0,250000.0,1628.3598890877868,1955.7386599602717
2025-10-29,AJANTPHARM,LONG,B_HUGE_GREEN_PULLBACK_HOLD_THEN_BREAK,HUGE,2025-10-29 11:00:00+05:30,2025-10-29 13:00:00+05:30,2445.18894,2426.85002295,2481.8667741,2025-10-29 13:45:00+05:30,2453.5173,BE,1.0511215340379017,1.7030095024067906,30.179739214376784,77.61904761775388,92.77286135693232,2.5926655875272537,3.5976861950985537,0.0037767838872811463,8.147173811271493,0.2102243068075803,0.34060190048135813,50000.0,5.0,250000.0,525.5607670189507,851.5047512033954
2025-10-30,ASALCBR,LONG,B_HUGE_GREEN_PULLBACK_HOLD_THEN_BREAK,HUGE,2025-10-30 10:15:00+05:30,2025-10-30 13:30:00+05:30,1165.233,1156.4937525,1182.7114949999998,2025-10-30 13:45:00+05:30,1223.319,BE,24.242567821186988,24.924628808143957,35.75530416610065,90.37232042025936,88.56692592814774,2.6051867329750396,6.225810504171119,0.011888790657129281,10.998493729185938,4.848513564237398,4.984925761628792,50000.0,5.0,250000.0,12121.283910593495,12462.31440407198
2025-10-31,LATENTVIEW,LONG,A_MOD_BREAK_C1_HIGH,MODERATE,2025-10-31 11:00:00+05:30,2025-10-31 11:15:00+05:30,433.33665,430.08662512500007,439.83669975,2025-10-31 11:30:00+05:30,435.8884,BE,2.2908035425425597,2.944304387824074,36.8011020078939,72.4719101085594,92.4411437206714,1.7813564510610091,3.0925394035779745,0.006977895084130643,6.940394899802568,0.4581607085085119,0.5888608775648148,50000.0,5.0,250000.0,1145.4017712712798,1472.1521939120369
2025-10-31,MUFIN,LONG,B_HUGE_GREEN_PULLBACK_HOLD_THEN_BREAK,HUGE,2025-10-31 11:15:00+05:30,2025-10-31 13:00:00+05:30,104.55,103.76587500000001,106.11824999999999,2025-10-31 13:15:00+05:30,109.1715,BE,21.423471908235314,22.10186513629841,31.42469296362253,70.5263157746261,70.07936507936515,2.7322009149918975,2.156057309290029,0.009572395621645103,7.002367242661752,4.284694381647062,4.420373027259682,50000.0,5.0,250000.0,10711.735954117656,11050.932568149206
2025-10-31,VISHNU,LONG,B_HUGE_GREEN_PULLBACK_HOLD_THEN_BREAK,HUGE,2025-10-31 11:00:00+05:30,2025-10-31 13:00:00+05:30,513.85275,509.99885437500006,521.5605412499999,2025-10-31 13:15:00+05:30,516.3462999999999,BE,1.7734995748941191,2.4263273865907244,27.911852181488552,88.09523809104307,92.25427350427344,1.1896718748235584,4.540519743729921,0.00784805489411467,7.74795573954048,0.3546999149788238,0.4852654773181449,50000.0,5.0,250000.0,886.7497874470596,1213.1636932953622
2025-11-03,HLEGLAS,LONG,B_HUGE_GREEN_PULLBACK_HOLD_THEN_BREAK,HUGE,2025-11-03 10:30:00+05:30,2025-11-03 11:30:00+05:30,591.21822,586.78408335,600.0864932999999,2025-11-03 11:45:00+05:30,621.131,BE,24.615034050695694,25.297579631426107,25.44257137226327,70.71339173719645,86.7143083771869,2.8999713452803757,2.858551394629164,0.008337871362013699,7.779047214052778,4.923006810139139,5.059515926285221,50000.0,5.0,250000.0,12307.517025347848,12648.789815713053
2025-11-03,VASCONEQ,LONG,B_HUGE_GREEN_PULLBACK_HOLD_THEN_BREAK,HUGE,2025-11-03 10:30:00+05:30,2025-11-03 13:00:00+05:30,69.19,68.671075,70.22784999999999,2025-11-03 13:15:00+05:30,69.69030000000001,BE,2.961034008216475,3.61540685070104,29.882346497146635,78.9571694393779,78.83320561941223,1.2765788573855186,2.597563131769799,0.01057813154587352,5.493775865429108,0.5922068016432951,0.723081370140208,50000.0,5.0,250000.0,1480.5170041082379,1807.70342535052
2025-11-04,DYNAMATECH,LONG,B_HUGE_GREEN_PULLBACK_HOLD_THEN_BREAK,HUGE,2025-11-04 10:45:00+05:30,2025-11-04 13:00:00+05:30,8571.714,8507.426145000001,8700.28971,2025-11-04 13:15:00+05:30,8633.023,BE,2.921917294523601,3.5762392445664477,62.99767657346459,86.78943154504162,91.20786828807825,1.7353617852392313,5.921443111863055,0.00718167701863354,10.388558889926944,0.5843834589047202,0.7152478489132895,50000.0,5.0,250000.0,1460.9586472618007,1788.1196222832239
2025-11-04,SINDHUTRAD,LONG,A_MOD_BREAK_C1_HIGH,MODERATE,2025-11-04 13:00:00+05:30,2025-11-04 13:15:00+05:30,24.7,24.51475,25.070499999999996,2025-11-04 13:30:00+05:30,25.30386,BE,11.558328366181401,12.223886639676135,29.86605885677775,79.57746471027576,88.5876576861466,2.2396364652010488,3.4464418110841706,0.008507549361207886,7.53936000147125,2.31166567323628,2.4447773279352267,50000.0,5.0,250000.0,5779.1641830907,6111.943319838067
2025-11-11,AVANTIFEED,LONG,B_HUGE_GREEN_PULLBACK_HOLD_THEN_BREAK,HUGE,2025-11-11 10:15:00+05:30,2025-11-11 11:15:00+05:30,722.4444599999999,717.02612655,733.2811268999999,2025-11-11 11:30:00+05:30,727.81,BE,3.0589616813450835,3.7134619317310635,31.05788023686416,88.0597014888572,82.9136297711832,1.5183907868181445,4.086700257592744,0.0063293650793650865,7.835039959446469,0.6117923362690167,0.7426923863462127,50000.0,5.0,250000.0,1529.480840672542,1856.7309658655317
2025-11-12,KRBL,LONG,B_HUGE_GREEN_PULLBACK_HOLD_THEN_BREAK,HUGE,2025-11-12 10:30:00+05:30,2025-11-12 13:00:00+05:30,388.0776,385.16701800000004,393.89876399999997,2025-11-12 14:30:00+05:30,387.8,EOD,-1.0068708629047034,-0.3576604266775597,27.719967462931926,85.01628663719715,86.8093753819827,2.053494955277053,3.1767219615773783,0.0053817318041791936,7.643445222109628,-0.20137417258094067,-0.07153208533551195,50000.0,5.0,250000.0,-503.4354314523517,-178.83021333877988
2025-11-12,TITAN,LONG,B_HUGE_GREEN_PULLBACK_HOLD_THEN_BREAK,HUGE,2025-11-12 11:15:00+05:30,2025-11-12 13:00:00+05:30,3870.57396,3841.5446553,3928.6325693999997,2025-11-12 14:30:00+05:30,3864.7,EOD,-1.4074862427380084,-0.7587970234781861,38.87269383425236,85.86538461422822,92.07300874269401,2.15375712110612,3.7767119908966382,0.0033602572870266175,8.21812643455901,-0.28149724854760166,-0.15175940469563723,50000.0,5.0,250000.0,-703.7431213690043,-379.39851173909307
2025-11-17,SAKSOFT,LONG,B_HUGE_GREEN_PULLBACK_HOLD_THEN_BREAK,HUGE,2025-11-17 10:00:00+05:30,2025-11-17 11:00:00+05:30,212.79000000000002,211.19407500000003,215.98185,2025-11-17 11:15:00+05:30,215.352,BE,5.362522460749043,6.0200197377695925,32.11135158016511,94.58668616441682,89.92805325171678,1.658412866355768,5.270872338805429,0.008281671159029655,9.041506788184972,1.0725044921498086,1.2040039475539186,50000.0,5.0,250000.0,2681.2612303745213,3010.0098688847966
2025-11-18,GOKULAGRO,LONG,A_MOD_BREAK_C1_HIGH,MODERATE,2025-11-18 10:15:00+05:30,2025-11-18 10:30:00+05:30,214.95000000000002,213.33787500000003,218.17425,2025-11-18 10:45:00+05:30,216.59825,BE,3.179374257974575,3.8340311700395207,35.26514229476797,85.23639606961066,82.57215012026869,1.2913714736178459,3.737144823141436,0.01446493773991199,7.042266931957234,0.6358748515949151,0.7668062340079042,50000.0,5.0,250000.0,1589.6871289872877,1917.0155850197602
2025-11-19,LINDEINDIA,LONG,B_HUGE_GREEN_PULLBACK_HOLD_THEN_BREAK,HUGE,2025-11-19 11:15:00+05:30,2025-11-19 13:00:00+05:30,5976.195,5931.3735375,6065.837924999999,2025-11-19 13:30:00+05:30,6010.913,BE,2.2512416546716283,2.90469102832152,30.460803725211917,83.83458646572419,94.21635085570627,1.0595384354613764,3.988159861737628,0.005542239040237507,6.672020945934254,0.45024833093432565,0.580938205664304,50000.0,5.0,250000.0,1125.620827335814,1452.34551416076
2025-11-19,LTTS,LONG,B_HUGE_GREEN_PULLBACK_HOLD_THEN_BREAK,HUGE,2025-11-19 10:45:00+05:30,2025-11-19 13:00:00+05:30,4347.76938,4315.16110965,4412.985920699999,2025-11-19 13:15:00+05:30,4404.1478,BE,5.825503229133757,6.483602863038703,30.58481547288937,89.11340206134102,93.07129462921121,1.5344827018123133,6.151835300528986,0.005605227305440544,9.62211035184285,1.1651006458267514,1.2967205726077407,50000.0,5.0,250000.0,2912.7516145668787,3241.801431519352
2025-11-26,JAMNAAUTO,LONG,B_HUGE_GREEN_PULLBACK_HOLD_THEN_BREAK,HUGE,2025-11-26 11:15:00+05:30,2025-11-26 13:30:00+05:30,109.55,108.728375,111.19324999999999,2025-11-26 14:30:00+05:30,109.87,EOD,0.8089474204022075,1.4605203103605997,41.68940253234657,89.41605837131728,94.23773450184875,2.0941303020098614,4.473489807776333,0.006094588005850795,9.2584584378978,0.1617894840804415,0.2921040620721199,50000.0,5.0,250000.0,404.47371020110376,730.2601551802998
2025-11-27,ZFCVINDIA,LONG,A_MOD_BREAK_C1_HIGH,MODERATE,2025-11-27 11:15:00+05:30,2025-11-27 11:30:00+05:30,13052.61,12954.715425,13248.39915,2025-11-27 12:15:00+05:30,13105.565,BE,1.3762105762782961,2.0285214987653784,33.65552842813748,56.923076922954316,68.20367713481058,0.8741495034711945,1.3700606098279209,0.006431308155446087,3.8500311823801274,0.2752421152556592,0.40570429975307565,50000.0,5.0,250000.0,688.105288139148,1014.260749382689
2025-12-10,AFFLE,LONG,A_MOD_BREAK_C1_HIGH,MODERATE,2025-12-10 10:15:00+05:30,2025-12-10 10:30:00+05:30,1655.8311,1643.4123667500003,1680.6685665,2025-12-10 10:45:00+05:30,1671.7695999999999,BE,4.156911181094011,4.812839908611376,39.73563121481108,74.95327102607571,83.89200091863114,1.4082669109859134,2.6805102424720846,0.005376019329507717,5.7416836950215355,0.8313822362188021,0.9625679817222751,50000.0,5.0,250000.0,2078.455590547005,2406.419954305688
2025-12-15,MOLDTECH,LONG,B_HUGE_GREEN_PULLBACK_HOLD_THEN_BREAK,HUGE,2025-12-15 10:00:00+05:30,2025-12-15 11:00:00+05:30,167.33,166.075025,169.83995,2025-12-15 11:15:00+05:30,169.49,BE,5.796250264278086,6.454311838881242,26.681237805870015,76.51282050183414,79.3285561575438,1.1390279841703492,4.267183463333676,0.00700237994999529,6.955504576289851,1.1592500528556173,1.2908623677762485,50000.0,5.0,250000.0,2898.125132139043,3227.1559194406213
2025-12-15,TARC,LONG,B_HUGE_GREEN_PULLBACK_HOLD_THEN_BREAK,HUGE,2025-12-15 10:30:00+05:30,2025-12-15 13:00:00+05:30,150.77,149.639225,153.03154999999998,2025-12-15 14:30:00+05:30,150.44,EOD,-1.742635348108238,-1.0943821715195745,29.162626273201194,80.17241377928067,83.10223231628946,1.4930615951646828,3.4320659864255525,0.006301955049261054,6.665486210209091,-0.3485270696216476,-0.2188764343039149,50000.0,5.0,250000.0,-871.3176740541189,-547.1910857597873
2025-12-16,ONMOBILE,LONG,B_HUGE_GREEN_PULLBACK_HOLD_THEN_BREAK,HUGE,2025-12-16 11:15:00+05:30,2025-12-16 13:15:00+05:30,59.699999999999996,59.25225,60.59549999999999,2025-12-16 13:30:00+05:30,60.517900000000004,BE,6.191507931126737,6.850083752093877,44.62871246056132,59.09090905957307,63.0989150233627,2.2286737786589725,1.821419600864906,0.008785787196811359,6.430694560647719,1.2383015862253475,1.3700167504187752,50000.0,5.0,250000.0,3095.7539655633686,3425.0418760469383
2025-12-18,HINDALCO,LONG,B_HUGE_GREEN_PULLBACK_HOLD_THEN_BREAK,HUGE,2025-12-18 10:30:00+05:30,2025-12-18 13:00:00+05:30,858.9717599999999,852.5294717999999,871.8563363999998,2025-12-18 14:30:00+05:30,854.8,EOD,-3.0748651490422314,-2.428345257823115,33.223933997293315,77.74936060824265,83.26459651741906,2.4566304497410276,3.410242642393079,0.0030798596350845547,8.069110285660845,-0.6149730298084463,-0.485669051564623,50000.0,5.0,250000.0,-1537.4325745211156,-1214.1726289115575
2025-12-19,AEROFLEX,LONG,B_HUGE_GREEN_PULLBACK_HOLD_THEN_BREAK,HUGE,2025-12-19 10:00:00+05:30,2025-12-19 13:00:00+05:30,199.95000000000002,198.45037500000004,202.94925,2025-12-19 13:15:00+05:30,202.91941,BE,6.766058011254463,7.425381345336289,30.4817212258407,84.32293890995084,88.95630542154201,1.08569538013472,6.131892815745677,0.0113197209336304,8.939117354688712,1.3532116022508927,1.4850762690672579,50000.0,5.0,250000.0,3383.029005627232,3712.6906726681445
2025-12-19,APOLLO,LONG,B_HUGE_GREEN_PULLBACK_HOLD_THEN_BREAK,HUGE,2025-12-19 11:30:00+05:30,2025-12-19 13:00:00+05:30,233.75,231.99687500000002,237.25624999999997,2025-12-19 13:15:00+05:30,237.23614999999998,BE,6.7976409228540895,7.457005347593542,30.995040279495154,75.27272726506325,57.480225988700504,2.2870617382933407,2.7394929113610558,0.008223533367980165,6.885026049579853,1.3595281845708178,1.4914010695187083,50000.0,5.0,250000.0,3398.8204614270444,3728.502673796771
2025-12-22,CONFIPET,LONG,B_HUGE_GREEN_PULLBACK_HOLD_THEN_BREAK,HUGE,2025-12-22 10:00:00+05:30,2025-12-22 11:00:00+05:30,35.379999999999995,35.11465,35.91069999999999,2025-12-22 11:15:00+05:30,36.04155,BE,8.687385532784958,9.349208592425175,38.21880479462832,95.55555545646125,86.961257933125,2.1308694817692087,4.451779981734546,0.006010105125906571,9.28001247505342,1.7374771065569918,1.869841718485035,50000.0,5.0,250000.0,4343.69276639248,4674.604296212588
2025-12-22,IREDA,LONG,A_MOD_BREAK_C1_HIGH,MODERATE,2025-12-22 10:00:00+05:30,2025-12-22 10:15:00+05:30,135.42000000000002,134.40435000000002,137.4513,2025-12-22 10:45:00+05:30,136.00077,BE,1.4918673583012474,2.1443287549843912,34.67433244212388,91.11617309167107,91.83192498381352,1.160867661407814,4.457765873959048,0.004357977475859432,7.573678691541259,0.29837347166024947,0.4288657509968783,50000.0,5.0,250000.0,745.9336791506237,1072.1643774921956
2025-12-22,JKPAPER,LONG,B_HUGE_GREEN_PULLBACK_HOLD_THEN_BREAK,HUGE,2025-12-22 10:45:00+05:30,2025-12-22 13:30:00+05:30,365.22303,362.483857275,370.70137544999994,2025-12-22 14:30:00+05:30,367.0,EOD,1.779882871549313,2.4327189881755342,45.69051883243208,79.80456025330805,82.7133162146991,2.4061022788901796,3.5640929262123953,0.0050566303476066304,8.496060060644066,0.35597657430986257,0.48654379763510686,50000.0,5.0,250000.0,889.9414357746564,1216.3594940877672
2025-12-22,MUNJALAU,LONG,A_MOD_BREAK_C1_HIGH,MODERATE,2025-12-22 10:45:00+05:30,2025-12-22 11:00:00+05:30,80.28999999999999,79.68782499999999,81.49434999999998,2025-12-22 12:45:00+05:30,79.68782499999999,SL,-4.394802598700588,-3.750000000000016,43.67259985933078,94.18181813387116,94.68570155836589,1.6096408234065585,2.782407492623625,0.006311172915440991,6.56481942268843,-0.8789605197401176,-0.7500000000000032,50000.0,5.0,250000.0,-2197.401299350294,-1875.000000000008
2025-12-22,SUNTECK,LONG,B_HUGE_GREEN_PULLBACK_HOLD_THEN_BREAK,HUGE,2025-12-22 10:00:00+05:30,2025-12-22 13:15:00+05:30,412.0824,408.991782,418.26363599999996,2025-12-22 14:15:00+05:30,414.65229999999997,BE,2.4644602624383003,3.1181870422031635,40.935824415275036,95.14348785283894,86.48091584735425,1.2526663733862964,5.952609959841916,0.0068243302207871386,9.43313758041769,0.4928920524876601,0.6236374084406326,50000.0,5.0,250000.0,1232.2301312191503,1559.0935211015817
2025-12-23,GSFC,LONG,B_HUGE_GREEN_PULLBACK_HOLD_THEN_BREAK,HUGE,2025-12-23 10:00:00+05:30,2025-12-23 13:00:00+05:30,178.25,176.913125,180.92374999999998,2025-12-23 14:30:00+05:30,178.5,EOD,0.05067592430996361,0.7012622720897616,61.575878819898165,78.32957108134039,93.72179154668119,1.1515202069788242,4.08618441181495,0.003442824239408683,7.696201532895326,0.010135184861992722,0.1402524544179523,50000.0,5.0,250000.0,25.337962154981806,350.63113604488075
2025-12-23,SANDUMA,LONG,A_MOD_BREAK_C1_HIGH,MODERATE,2025-12-23 10:15:00+05:30,2025-12-23 10:30:00+05:30,227.8,226.09150000000002,231.21699999999998,2025-12-23 10:45:00+05:30,232.9989,BE,10.746604046528104,11.411106233538149,35.26016941744631,79.14937758186633,80.42827824921375,2.3394650010733034,2.9436884950133324,0.007686547440754102,7.1944740326106995,2.1493208093056206,2.2822212467076297,50000.0,5.0,250000.0,5373.302023264051,5705.553116769074
2025-12-24,GMBREW,LONG,B_HUGE_GREEN_PULLBACK_HOLD_THEN_BREAK,HUGE,2025-12-24 10:00:00+05:30,2025-12-24 11:00:00+05:30,1099.2198,1090.9756515000001,1115.708097,2025-12-24 11:15:00+05:30,1133.4893000000002,BE,14.918172102542744,15.588101669929939,34.640485255922776,78.80597014760677,80.39588616511695,2.3887667053978348,3.124689883445773,0.009295774647887365,7.758831106814352,2.9836344205085488,3.117620333985988,50000.0,5.0,250000.0,7459.086051271372,7794.05083496497
2025-12-24,RAIN,LONG,B_HUGE_GREEN_PULLBACK_HOLD_THEN_BREAK,HUGE,2025-12-24 10:15:00+05:30,2025-12-24 13:00:00+05:30,128.89000000000001,127.92332500000002,130.82335,2025-12-24 14:00:00+05:30,129.31089999999998,BE,0.9809909228021005,1.6327876483821882,35.4196311741867,70.30201340630484,74.43444373119164,0.8588489351787376,2.244674039188249,0.007336720369008648,5.2971099461880735,0.1961981845604201,0.32655752967643764,50000.0,5.0,250000.0,490.49546140105025,816.393824191094
2025-12-26,HINDCOPPER,LONG,A_MOD_BREAK_C1_HIGH,MODERATE,2025-12-26 10:15:00+05:30,2025-12-26 10:30:00+05:30,455.44107,452.02526197500003,462.27268605,2025-12-26 10:45:00+05:30,460.5143,BE,4.912666961175328,5.569578957822102,59.30393773733137,80.60109289309185,80.81494057724957,1.5307429745795638,4.2071248148233735,0.009870387265234233,8.225042342948202,0.9825333922350658,1.1139157915644204,50000.0,5.0,250000.0,2456.3334805876643,2784.789478911051
2025-12-30,AUTOAXLES,LONG,A_MOD_BREAK_C1_HIGH,MODERATE,2025-12-30 11:15:00+05:30,2025-12-30 11:30:00+05:30,1872.57444,1858.5301317,1900.6630566,2025-12-30 11:45:00+05:30,1878.7468000000001,BE,0.9962780799070864,1.6480946947027713,35.07524422885115,75.46948356683525,94.16529087761353,2.1948642937602765,4.24572267578652,0.005062168320920046,8.372722132418467,0.19925561598141728,0.3296189389405543,50000.0,5.0,250000.0,498.13903995354315,824.0473473513857
2026-01-01,POCL,LONG,A_MOD_BREAK_C1_HIGH,MODERATE,2026-01-01 10:15:00+05:30,2026-01-01 10:30:00+05:30,1523.3046,1511.8798155,1546.1541689999997,2026-01-01 10:45:00+05:30,1549.5374,BE,7.949627433660388,8.610490639889093,25.87852007695127,81.18433619757725,89.68223467432809,2.248551461991439,3.718619091360722,0.008557698637351074,7.902784904069376,1.5899254867320776,1.7220981279778187,50000.0,5.0,250000.0,3974.813716830194,4305.245319944546
2026-01-02,CLSEL,LONG,A_MOD_BREAK_C1_HIGH,MODERATE,2026-01-02 11:00:00+05:30,2026-01-02 11:15:00+05:30,266.20322999999996,264.206705775,270.1962784499999,2026-01-02 11:30:00+05:30,270.9846,BE,8.31933194793333,8.980676154831102,29.368505183378684,64.95327101953879,55.87301587301556,0.8383287396266247,1.7320727791972892,0.005568825313330307,4.3957682921678645,1.663866389586666,1.7961352309662202,50000.0,5.0,250000.0,4159.665973966665,4490.33807741555
2026-01-02,IDBI,LONG,A_MOD_BREAK_C1_HIGH,MODERATE,2026-01-02 11:15:00+05:30,2026-01-02 11:30:00+05:30,106.0,105.205,107.58999999999999,2026-01-02 11:45:00+05:30,109.47059999999999,BE,15.699808209102983,16.370754716981086,43.73971615864586,76.11940295856543,65.13994910941493,2.829302381938677,2.4442695120592624,0.005669469904563918,8.12479277162383,3.1399616418205967,3.2741509433962173,50000.0,5.0,250000.0,7849.904104551492,8185.377358490544
2026-01-02,TORNTPOWER,LONG,A_MOD_BREAK_C1_HIGH,MODERATE,2026-01-02 10:15:00+05:30,2026-01-02 10:30:00+05:30,1350.27,1340.142975,1370.5240499999998,2026-01-02 10:45:00+05:30,1361.902,BE,3.6520148540304005,4.30728669081001,43.53606465373858,81.09890109640554,86.5933675262839,1.5141390832726964,3.7234317432208224,0.004570538825747554,7.3458357474878895,0.7304029708060801,0.8614573381620019,50000.0,5.0,250000.0,1826.0074270152002,2153.6433454050048
2026-01-02,TVSHLTD,LONG,B_HUGE_GREEN_PULLBACK_HOLD_THEN_BREAK,HUGE,2026-01-02 10:00:00+05:30,2026-01-02 11:15:00+05:30,14502.9,14394.12825,14720.443499999998,2026-01-02 11:30:00+05:30,14627.984,BE,3.6571004501817903,4.312378903529664,36.27576959681146,76.8707482991733,92.08327133859052,2.4286978412304396,4.430658274923232,0.005164295732318172,9.044270262301794,0.7314200900363581,0.8624757807059329,50000.0,5.0,250000.0,1828.5502250908953,2156.1894517648325
2026-01-05,CIEINDIA,LONG,B_HUGE_GREEN_PULLBACK_HOLD_THEN_BREAK,HUGE,2026-01-05 10:45:00+05:30,2026-01-05 13:00:00+05:30,436.98738,433.70997465,443.54219069999994,2026-01-05 14:30:00+05:30,438.0,EOD,0.5074569404283306,1.1586375789616932,41.34165792563409,70.80745340999201,75.87301587301543,0.8796033120977562,3.1605093405495577,0.004412924857011368,5.719131128916677,0.10149138808566611,0.23172751579233863,50000.0,5.0,250000.0,253.7284702141653,579.3187894808466
2026-01-05,JKCEMENT,LONG,A_MOD_BREAK_C1_HIGH,MODERATE,2026-01-05 10:15:00+05:30,2026-01-05 10:30:00+05:30,5689.1376,5646.469068,5774.474663999999,2026-01-05 11:00:00+05:30,5754.684,BE,5.103501932811705,5.760662213548867,42.386789951725376,85.02538071005566,91.47805410963304,1.7280453719097932,3.7779569638731423,0.004985432991762106,7.303163771914345,1.020700386562341,1.1521324427097734,50000.0,5.0,250000.0,2551.750966405852,2880.331106774434
2026-01-05,SUMICHEM,LONG,B_HUGE_GREEN_PULLBACK_HOLD_THEN_BREAK,HUGE,2026-01-05 10:30:00+05:30,2026-01-05 13:00:00+05:30,476.69532000000004,473.12010510000005,483.84574979999996,2026-01-05 14:30:00+05:30,476.75,EOD,-0.5923964885645698,0.057353195747717946,26.045956502658747,82.11678831277672,75.79297245963912,1.418275810597428,2.7325733966093035,0.004679777053317906,6.166223388602182,-0.11847929771291396,0.011470639149543589,50000.0,5.0,250000.0,-296.1982442822849,28.676597873858974
2026-01-06,KAJARIACER,LONG,B_HUGE_GREEN_PULLBACK_HOLD_THEN_BREAK,HUGE,2026-01-06 11:30:00+05:30,2026-01-06 13:00:00+05:30,1003.2506099999999,995.726230425,1018.2993691499998,2026-01-06 14:30:00+05:30,1001.95,EOD,-1.2970308874124363,-0.648197961225208,37.89398284324565,92.57731958228435,81.08770030744144,2.0455013120489935,4.0789684534307815,0.004354792764563443,8.044877838323675,-0.2594061774824873,-0.1296395922450416,50000.0,5.0,250000.0,-648.5154437062182,-324.098980612604
2026-01-06,THYROCARE,LONG,A_MOD_BREAK_C1_HIGH,MODERATE,2026-01-06 10:30:00+05:30,2026-01-06 10:45:00+05:30,478.0956,474.509883,485.26703399999997,2026-01-06 11:00:00+05:30,506.476,BE,28.992433986923963,29.680674743712355,37.730815353754366,69.69147005090504,94.80584884014853,2.8395282637300596,2.579020275333167,0.008372579801151222,7.603312195931536,5.7984867973847924,5.936134948742471,50000.0,5.0,250000.0,14496.21699346198,14840.337371856178
2026-01-07,POWERINDIA,LONG,B_HUGE_GREEN_PULLBACK_HOLD_THEN_BREAK,HUGE,2026-01-07 10:15:00+05:30,2026-01-07 13:00:00+05:30,19582.9158,19436.0439315,19876.659536999996,2026-01-07 13:15:00+05:30,19838.306,BE,5.862591990889269,6.520739878787653,26.618895564540825,72.79549718564549,89.10399424253323,3.148115794478402,3.081663641984925,0.00688063229428276,8.002480489541448,1.172518398177854,1.3041479757575307,50000.0,5.0,250000.0,2931.295995444635,3260.369939393827
2026-01-13,DBL,LONG,B_HUGE_GREEN_PULLBACK_HOLD_THEN_BREAK,HUGE,2026-01-13 10:00:00+05:30,2026-01-13 13:15:00+05:30,471.0942,467.56099350000005,478.16061299999996,2026-01-13 14:15:00+05:30,467.56099350000005,SL,-4.394802598700485,-3.749999999999946,29.20654662334747,79.47494032881774,77.64276427642771,0.8183547549005435,3.6261610302287464,0.0066140404659717844,5.6257036445561415,-0.8789605197400969,-0.7499999999999891,50000.0,5.0,250000.0,-2197.4012993502424,-1874.9999999999727
2026-01-16,WOCKPHARMA,LONG,B_HUGE_GREEN_PULLBACK_HOLD_THEN_BREAK,HUGE,2026-01-16 10:15:00+05:30,2026-01-16 13:00:00+05:30,1439.98794,1429.18803045,1461.5877590999999,2026-01-16 14:30:00+05:30,1440.0,EOD,-0.6454930684231353,0.004187535070612987,25.54827392213063,77.23735408349933,80.252530389851,1.214908499692609,3.3418708802409554,0.005649604727301756,6.126589701691587,-0.12909861368462705,0.0008375070141225974,50000.0,5.0,250000.0,-322.7465342115676,2.0937675353064935
2026-01-16,XPROINDIA,LONG,B_HUGE_GREEN_PULLBACK_HOLD_THEN_BREAK,HUGE,2026-01-16 10:15:00+05:30,2026-01-16 11:30:00+05:30,1065.01296,1057.0253628,1080.9881544,2026-01-16 11:45:00+05:30,1104.2772,BE,17.76006418807776,18.43369117311022,75.6895134078119,77.1346254577895,68.45517592702579,1.7667923331972555,3.0328401571295704,0.024181529897721016,8.408325761477258,3.552012837615552,3.6867382346220436,50000.0,5.0,250000.0,8880.032094038881,9216.84558655511
2026-01-19,JINDALSAW,LONG,B_HUGE_GREEN_PULLBACK_HOLD_THEN_BREAK,HUGE,2026-01-19 10:00:00+05:30,2026-01-19 11:15:00+05:30,174.05,172.744625,176.66075,2026-01-19 11:30:00+05:30,178.3633,BE,11.72520421777055,12.390979603562188,45.6738234626434,86.84771032366419,92.18779109281927,1.3803158664129993,4.94622167543483,0.011962103920515582,8.458665453876808,2.34504084355411,2.4781959207124378,50000.0,5.0,250000.0,5862.602108885276,6195.489801781095
2026-01-28,ADVENZYMES,LONG,B_HUGE_GREEN_PULLBACK_HOLD_THEN_BREAK,HUGE,2026-01-28 11:30:00+05:30,2026-01-28 13:00:00+05:30,278.40567000000004,276.31762747500005,282.58175505,2026-01-28 13:15:00+05:30,280.157,BE,2.4915223728102327,3.145284361485775,34.65679236213431,87.49999999287778,90.40496900266369,1.9842730863860973,3.4995476416584763,0.008227913195515772,7.488875504589137,0.4983044745620465,0.629056872297155,50000.0,5.0,250000.0,1245.7611864051164,1572.6421807428876
2026-01-29,ALLDIGI,LONG,A_MOD_BREAK_C1_HIGH,MODERATE,2026-01-29 10:15:00+05:30,2026-01-29 10:30:00+05:30,880.176,873.5746800000001,893.3786399999999,2026-01-29 10:45:00+05:30,911.60695,BE,17.182048370663036,17.854923333515078,28.13697348301195,73.36476134233692,92.84116331096203,1.9710804960727604,3.4513169596702356,0.010035318475216177,6.808833906944244,3.4364096741326073,3.5709846667030156,50000.0,5.0,250000.0,8591.024185331518,8927.46166675754
2026-01-29,DREDGECORP,LONG,B_HUGE_GREEN_PULLBACK_HOLD_THEN_BREAK,HUGE,2026-01-29 11:30:00+05:30,2026-01-29 13:00:00+05:30,1103.62068,1095.3435249000001,1120.1749902,2026-01-29 13:15:00+05:30,1151.18605,BE,20.872015569690184,21.549691330539417,42.63130527138536,77.83505154498746,81.2549911178474,1.456189109278514,3.179810479912719,0.010167706109692615,6.780765795499034,4.174403113938037,4.309938266107883,50000.0,5.0,250000.0,10436.007784845093,10774.845665269708
2026-01-30,KRBL,LONG,B_HUGE_GREEN_PULLBACK_HOLD_THEN_BREAK,HUGE,2026-01-30 10:00:00+05:30,2026-01-30 11:00:00+05:30,338.36766,335.82990255000004,343.4431749,2026-01-30 11:30:00+05:30,339.72775,BE,1.357494740604352,2.00978131302503,29.68781920552779,80.49450548831334,76.47133546350842,1.9955899653785236,3.794736350421739,0.006760641355961052,7.864233429560509,0.2714989481208704,0.401956262605006,50000.0,5.0,250000.0,678.747370302176,1004.890656512515
2026-01-30,SSWL,LONG,B_HUGE_GREEN_PULLBACK_HOLD_THEN_BREAK,HUGE,2026-01-30 10:00:00+05:30,2026-01-30 11:00:00+05:30,200.79000000000002,199.28407500000003,203.80185,2026-01-30 11:15:00+05:30,203.388,BE,5.811364450749405,6.469445689526333,43.297639937779095,84.70839259469457,85.02614379084962,1.529615213348591,3.4373603421163623,0.011320903098502925,7.44632313070684,1.162272890149881,1.2938891379052666,50000.0,5.0,250000.0,2905.682225374703,3234.7228447631664
2026-02-01,HIMATSEIDE,LONG,B_HUGE_GREEN_PULLBACK_HOLD_THEN_BREAK,HUGE,2026-02-01 10:00:00+05:30,2026-02-01 11:30:00+05:30,107.31,106.50517500000001,108.91964999999999,2026-02-01 11:45:00+05:30,107.73582,BE,1.3318117010827333,1.984064858820248,29.780044704588278,72.4782067121458,81.7914566834653,1.0796255864690474,3.35849660614218,0.009245660881174877,6.050671023638913,0.26636234021654664,0.3968129717640496,50000.0,5.0,250000.0,665.9058505413666,992.0324294101241
2026-02-03,DBCORP,LONG,A_MOD_BREAK_C1_HIGH,MODERATE,2026-02-03 11:00:00+05:30,2026-02-03 11:15:00+05:30,245.14000000000001,243.30145000000002,248.81709999999998,2026-02-03 11:45:00+05:30,247.5551,BE,4.269884964509691,4.925960675532339,40.008729435470244,73.04170904871522,73.40752242926152,0.4520438238280561,1.377988501977388,0.012746355685131204,4.16123684016979,0.8539769929019382,0.9851921351064679,50000.0,5.0,250000.0,2134.9424822548453,2462.9803377661697
2026-02-04,UDS,LONG,B_HUGE_GREEN_PULLBACK_HOLD_THEN_BREAK,HUGE,2026-02-04 10:00:00+05:30,2026-02-04 13:00:00+05:30,154.69,153.52982500000002,157.01035,2026-02-04 13:15:00+05:30,156.3296,BE,4.643070280749598,5.299631521106734,27.654372456987883,73.19422149238027,87.92569659442734,1.8832899903161713,2.6578250919129167,0.006549590418672815,6.270402855139038,0.9286140561499194,1.059926304221347,50000.0,5.0,250000.0,2321.5351403747986,2649.8157605533675
2026-02-06,CONCORDBIO,LONG,B_HUGE_GREEN_PULLBACK_HOLD_THEN_BREAK,HUGE,2026-02-06 10:15:00+05:30,2026-02-06 13:00:00+05:30,1264.1527800000001,1254.6716341500003,1283.1150717,2026-02-06 13:15:00+05:30,1278.9515999999999,BE,5.195975530381909,5.8532561230454085,41.76223981295394,82.25806451535506,92.27489695870572,0.9571716907022839,3.6792484703573916,0.01519365590162051,7.202349849585074,1.0391951060763818,1.1706512246090817,50000.0,5.0,250000.0,2597.987765190954,2926.6280615227042
2026-02-06,NYKAA,LONG,A_MOD_BREAK_C1_HIGH,MODERATE,2026-02-06 10:00:00+05:30,2026-02-06 10:15:00+05:30,270.054,268.028595,274.10480999999993,2026-02-06 11:00:00+05:30,268.028595,SL,-4.394802598700494,-3.7499999999999596,34.16802969390537,72.94172062432375,79.78142076502719,1.0687798767524672,3.8119063858444004,0.009082101562830886,6.728092662954294,-0.8789605197400987,-0.7499999999999919,50000.0,5.0,250000.0,-2197.4012993502465,-1874.9999999999798
2026-02-09,AEGISLOG,LONG,B_HUGE_GREEN_PULLBACK_HOLD_THEN_BREAK,HUGE,2026-02-09 10:45:00+05:30,2026-02-09 13:00:00+05:30,711.54228,706.2057129000001,722.2154141999999,2026-02-09 13:15:00+05:30,720.6315999999999,BE,5.729081268685615,6.387055453682899,33.052093305217056,89.88095237595951,69.62676962676943,2.331087469581253,3.2031192196448592,0.005981006263891688,8.245490195208168,1.145816253737123,1.2774110907365799,50000.0,5.0,250000.0,2864.5406343428076,3193.5277268414497
2026-02-09,GULPOLY,LONG,B_HUGE_GREEN_PULLBACK_HOLD_THEN_BREAK,HUGE,2026-02-09 10:00:00+05:30,2026-02-09 11:00:00+05:30,137.52,136.48860000000002,139.5828,2026-02-09 11:15:00+05:30,138.0845,BE,1.400086751272382,2.0524287376380927,29.36879657281431,86.08837968567539,72.5706647986439,3.303577680382636,4.2764605161313165,0.006465239953681894,10.146880695166988,0.2800173502544764,0.41048574752761857,50000.0,5.0,250000.0,700.0433756361911,1026.2143688190463
2026-02-09,HPL,LONG,B_HUGE_GREEN_PULLBACK_HOLD_THEN_BREAK,HUGE,2026-02-09 10:00:00+05:30,2026-02-09 13:00:00+05:30,345.069,342.48098250000004,350.245035,2026-02-09 13:15:00+05:30,348.6509,BE,4.5337024476700165,5.190121396010597,41.942294032385874,96.81020733219987,93.65911508036807,1.301011614120885,5.007458471699123,0.01212223251115412,8.5052735935822,0.9067404895340032,1.0380242792021195,50000.0,5.0,250000.0,2266.851223835008,2595.0606980052985
2026-02-09,TOLINS,LONG,A_MOD_BREAK_C1_HIGH,MODERATE,2026-02-09 10:00:00+05:30,2026-02-09 10:15:00+05:30,129.54000000000002,128.56845,131.4831,2026-02-09 11:00:00+05:30,130.05865,BE,1.3496149871644243,2.0018913077041054,25.13925229547497,90.0144717617916,90.6235671212899,0.4273466526365576,3.980937735193245,0.007402125001382017,5.74196752165026,0.26992299743288484,0.40037826154082107,50000.0,5.0,250000.0,674.8074935822121,1000.9456538520526
2026-02-10,VEDL,LONG,B_HUGE_GREEN_PULLBACK_HOLD_THEN_BREAK,HUGE,2026-02-10 10:30:00+05:30,2026-02-10 13:00:00+05:30,689.08779,683.919631575,699.4241068499999,2026-02-10 14:30:00+05:30,689.15,EOD,-0.6045944279188408,0.045139386376252845,35.293722692947746,75.33632286522587,78.92437137799779,1.6063539035129242,2.806850970869514,0.00503018108651915,6.172176477403539,-0.12091888558376816,0.009027877275250569,50000.0,5.0,250000.0,-302.29721395942045,22.569693188126422
2026-02-10,VLSFINANCE,LONG,B_HUGE_GREEN_PULLBACK_HOLD_THEN_BREAK,HUGE,2026-02-10 10:00:00+05:30,2026-02-10 11:30:00+05:30,277.80555,275.722008375,281.97263324999994,2026-02-10 14:30:00+05:30,278.35,EOD,0.3289636169643989,0.9799120283954736,33.55441843223166,69.73684209241684,74.58026208026244,0.9757869564364727,2.0085803561058855,0.005106658047834504,4.7278758691967315,0.06579272339287978,0.19598240567909472,50000.0,5.0,250000.0,164.48180848219945,489.9560141977368
